{
"type": "FeatureCollection",
"name": "assignments",
"crs": { "type": "name", "properties": { "name": "urn:ogc:def:crs:OGC:1.3:CRS84" } },
"features": [
{ "type": "Feature", "properties": { "id": "a-00001", "start_id": "fd-00018", "end_id": "fd-01520", "specification": "leadin", "source": "fd-00018", "placement": "ug", "length": 24.35, "duct_group": 0, "duct_assignment": "1" }, "geometry": { "type": "LineString", "coordinates": [ [ -119.293834972063422, 35.498497729099846 ], [ -119.293683044611655, 35.49867863291027 ] ] } },
{ "type": "Feature", "properties": { "id": "a-00002", "start_id": "fd-00018", "end_id": "fd-01525", "specification": "leadin", "source": "fd-00018", "placement": "ug", "length": 25.34, "duct_group": 0, "duct_assignment": "2" }, "geometry": { "type": "LineString", "coordinates": [ [ -119.293834972063422, 35.498497729099846 ], [ -119.293999934284088, 35.498682029602918 ] ] } },
{ "type": "Feature", "properties": { "id": "a-00003", "start_id": "fd-00019", "end_id": "fd-01511", "specification": "leadin", "source": "fd-00019", "placement": "ug", "length": 24.37, "duct_group": 0, "duct_assignment": "3" }, "geometry": { "type": "LineString", "coordinates": [ [ -119.293231631476502, 35.498496552255624 ], [ -119.293078357352456, 35.498676933995128 ] ] } },
{ "type": "Feature", "properties": { "id": "a-00004", "start_id": "fd-00019", "end_id": "fd-01512", "specification": "leadin", "source": "fd-00019", "placement": "ug", "length": 24.24, "duct_group": 0, "duct_assignment": "4" }, "geometry": { "type": "LineString", "coordinates": [ [ -119.293231631476502, 35.498496552255624 ], [ -119.293380700990781, 35.498677783874221 ] ] } },
{ "type": "Feature", "properties": { "id": "a-00005", "start_id": "fd-00020", "end_id": "fd-01497", "specification": "leadin", "source": "fd-00020", "placement": "ug", "length": 24.35, "duct_group": 0, "duct_assignment": "5" }, "geometry": { "type": "LineString", "coordinates": [ [ -119.292625591985228, 35.498494331899096 ], [ -119.292473667497759, 35.498675231336286 ] ] } },
{ "type": "Feature", "properties": { "id": "a-00006", "start_id": "fd-00020", "end_id": "fd-01505", "specification": "leadin", "source": "fd-00020", "placement": "ug", "length": 24.35, "duct_group": 0, "duct_assignment": "6" }, "geometry": { "type": "LineString", "coordinates": [ [ -119.292625591985228, 35.498494331899096 ], [ -119.292776012975082, 35.498676083367222 ] ] } },
{ "type": "Feature", "properties": { "id": "a-00007", "start_id": "fd-00021", "end_id": "fd-01506", "specification": "leadin", "source": "fd-00021", "placement": "ug", "length": 24.35, "duct_group": 0, "duct_assignment": "7" }, "geometry": { "type": "LineString", "coordinates": [ [ -119.292626184697568, 35.498351471780367 ], [ -119.292778111388856, 35.498170578114333 ] ] } },
{ "type": "Feature", "properties": { "id": "a-00008", "start_id": "fd-00022", "end_id": "fd-01487", "specification": "leadin", "source": "fd-00022", "placement": "ug", "length": 24.68, "duct_group": 0, "duct_assignment": "8" }, "geometry": { "type": "LineString", "coordinates": [ [ -119.292323836905879, 35.498350620206523 ], [ -119.292177504244776, 35.498163094203804 ] ] } },
{ "type": "Feature", "properties": { "id": "a-00009", "start_id": "fd-00022", "end_id": "fd-01498", "specification": "leadin", "source": "fd-00022", "placement": "ug", "length": 24.35, "duct_group": 0, "duct_assignment": "9" }, "geometry": { "type": "LineString", "coordinates": [ [ -119.292323836905879, 35.498350620206523 ], [ -119.292475763232133, 35.498169727603603 ] ] } },
{ "type": "Feature", "properties": { "id": "a-00010", "start_id": "fd-00023", "end_id": "fd-01480", "specification": "leadin", "source": "fd-00023", "placement": "ug", "length": 22.39, "duct_group": 0, "duct_assignment": "10" }, "geometry": { "type": "LineString", "coordinates": [ [ -119.292020646170585, 35.498553067967372 ], [ -119.291815795517323, 35.49866558329812 ] ] } },
{ "type": "Feature", "properties": { "id": "a-00011", "start_id": "fd-00023", "end_id": "fd-01486", "specification": "leadin", "source": "fd-00023", "placement": "ug", "length": 19.9, "duct_group": 0, "duct_assignment": "11" }, "geometry": { "type": "LineString", "coordinates": [ [ -119.292020646170585, 35.498553067967372 ], [ -119.292175362648337, 35.498680184073237 ] ] } },
{ "type": "Feature", "properties": { "id": "a-00012", "start_id": "fd-00024", "end_id": "fd-01481", "specification": "leadin", "source": "fd-00024", "placement": "ug", "length": 27.15, "duct_group": 0, "duct_assignment": "12" }, "geometry": { "type": "LineString", "coordinates": [ [ -119.291806187399914, 35.498420591501279 ], [ -119.29181970652381, 35.498176168201375 ] ] } },
{ "type": "Feature", "properties": { "id": "a-00013", "start_id": "fd-00025", "end_id": "fd-01524", "specification": "leadin", "source": "fd-00025", "placement": "ug", "length": 24.66, "duct_group": 1, "duct_assignment": "1" }, "geometry": { "type": "LineString", "coordinates": [ [ -119.294039654686543, 35.499366490466777 ], [ -119.294189799357824, 35.499551727924178 ] ] } },
{ "type": "Feature", "properties": { "id": "a-00014", "start_id": "fd-00025", "end_id": "fd-01519", "specification": "leadin", "source": "fd-00025", "placement": "ug", "length": 25.49, "duct_group": 1, "duct_assignment": "2" }, "geometry": { "type": "LineString", "coordinates": [ [ -119.294039654686543, 35.499366490466777 ], [ -119.293875069391291, 35.499552698280375 ] ] } },
{ "type": "Feature", "properties": { "id": "a-00015", "start_id": "fd-00026", "end_id": "fd-01534", "specification": "leadin", "source": "fd-00026", "placement": "ug", "length": 24.34, "duct_group": 1, "duct_assignment": "3" }, "geometry": { "type": "LineString", "coordinates": [ [ -119.294644331391964, 35.49936818831253 ], [ -119.294794600777294, 35.499549924183043 ] ] } },
{ "type": "Feature", "properties": { "id": "a-00016", "start_id": "fd-00026", "end_id": "fd-01529", "specification": "leadin", "source": "fd-00026", "placement": "ug", "length": 24.51, "duct_group": 1, "duct_assignment": "4" }, "geometry": { "type": "LineString", "coordinates": [ [ -119.294644331391964, 35.49936818831253 ], [ -119.294492141364188, 35.499550723561462 ] ] } },
{ "type": "Feature", "properties": { "id": "a-00017", "start_id": "fd-00027", "end_id": "fd-01535", "specification": "leadin", "source": "fd-00027", "placement": "ug", "length": 24.35, "duct_group": 1, "duct_assignment": "5" }, "geometry": { "type": "LineString", "coordinates": [ [ -119.294678496615475, 35.499225418944881 ], [ -119.29483042657057, 35.499044512033151 ] ] } },
{ "type": "Feature", "properties": { "id": "a-00018", "start_id": "fd-00027", "end_id": "fd-01530", "specification": "leadin", "source": "fd-00027", "placement": "ug", "length": 25.34, "duct_group": 1, "duct_assignment": "6" }, "geometry": { "type": "LineString", "coordinates": [ [ -119.294678496615475, 35.499225418944881 ], [ -119.294513539869712, 35.499041116014411 ] ] } },
{ "type": "Feature", "properties": { "id": "a-00019", "start_id": "fd-00028", "end_id": "fd-01544", "specification": "leadin", "source": "fd-00028", "placement": "ug", "length": 24.74, "duct_group": 1, "duct_assignment": "7" }, "geometry": { "type": "LineString", "coordinates": [ [ -119.295249007034499, 35.499369884096438 ], [ -119.295394640059044, 35.49955840098869 ] ] } },
{ "type": "Feature", "properties": { "id": "a-00020", "start_id": "fd-00028", "end_id": "fd-01539", "specification": "leadin", "source": "fd-00028", "placement": "ug", "length": 24.33, "duct_group": 1, "duct_assignment": "8" }, "geometry": { "type": "LineString", "coordinates": [ [ -119.295249007034499, 35.499369884096438 ], [ -119.295097080418842, 35.499550527749648 ] ] } },
{ "type": "Feature", "properties": { "id": "a-00021", "start_id": "fd-00029", "end_id": "fd-01548", "specification": "leadin", "source": "fd-00029", "placement": "ug", "length": 25.01, "duct_group": 1, "duct_assignment": "9" }, "geometry": { "type": "LineString", "coordinates": [ [ -119.295283174500454, 35.499227113624805 ], [ -119.295428993413424, 35.499035877003713 ] ] } },
{ "type": "Feature", "properties": { "id": "a-00022", "start_id": "fd-00029", "end_id": "fd-01540", "specification": "leadin", "source": "fd-00029", "placement": "ug", "length": 24.35, "duct_group": 1, "duct_assignment": "10" }, "geometry": { "type": "LineString", "coordinates": [ [ -119.295283174500454, 35.499227113624805 ], [ -119.295132766620284, 35.499045358686885 ] ] } },
{ "type": "Feature", "properties": { "id": "a-00023", "start_id": "fd-00030", "end_id": "fd-01549", "specification": "leadin", "source": "fd-00030", "placement": "ug", "length": 27.52, "duct_group": 1, "duct_assignment": "11" }, "geometry": { "type": "LineString", "coordinates": [ [ -119.29575317628732, 35.499299863803238 ], [ -119.29575473730101, 35.499051871427724 ] ] } },
{ "type": "Feature", "properties": { "id": "a-00024", "start_id": "fd-00030", "end_id": "fd-01547", "specification": "leadin", "source": "fd-00030", "placement": "ug", "length": 27.11, "duct_group": 1, "duct_assignment": "12" }, "geometry": { "type": "LineString", "coordinates": [ [ -119.29575317628732, 35.499299863803238 ], [ -119.295727093935326, 35.499543232417217 ] ] } },
{ "type": "Feature", "properties": { "id": "a-00025", "start_id": "fd-00031", "end_id": "fd-01514", "specification": "leadin", "source": "fd-00031", "placement": "ug", "length": 24.35, "duct_group": 2, "duct_assignment": "1" }, "geometry": { "type": "LineString", "coordinates": [ [ -119.293227267620466, 35.499221341582448 ], [ -119.293076850792687, 35.499039588208873 ] ] } },
{ "type": "Feature", "properties": { "id": "a-00026", "start_id": "fd-00031", "end_id": "fd-01515", "specification": "leadin", "source": "fd-00031", "placement": "ug", "length": 24.35, "duct_group": 2, "duct_assignment": "2" }, "geometry": { "type": "LineString", "coordinates": [ [ -119.293227267620466, 35.499221341582448 ], [ -119.293379191775955, 35.49904043870977 ] ] } },
{ "type": "Feature", "properties": { "id": "a-00027", "start_id": "fd-00032", "end_id": "fd-01507", "specification": "leadin", "source": "fd-00032", "placement": "ug", "length": 24.35, "duct_group": 2, "duct_assignment": "3" }, "geometry": { "type": "LineString", "coordinates": [ [ -119.292622587616407, 35.499219636811915 ], [ -119.292774509263509, 35.499038736078901 ] ] } },
{ "type": "Feature", "properties": { "id": "a-00028", "start_id": "fd-00033", "end_id": "fd-01483", "specification": "leadin", "source": "fd-00033", "placement": "ug", "length": 24.69, "duct_group": 2, "duct_assignment": "4" }, "geometry": { "type": "LineString", "coordinates": [ [ -119.292320247609567, 35.499218782409955 ], [ -119.292173914393473, 35.499031245129331 ] ] } },
{ "type": "Feature", "properties": { "id": "a-00029", "start_id": "fd-00033", "end_id": "fd-01499", "specification": "leadin", "source": "fd-00033", "placement": "ug", "length": 24.35, "duct_group": 2, "duct_assignment": "5" }, "geometry": { "type": "LineString", "coordinates": [ [ -119.292320247609567, 35.499218782409955 ], [ -119.292472167245663, 35.499037883208004 ] ] } },
{ "type": "Feature", "properties": { "id": "a-00030", "start_id": "fd-00034", "end_id": "fd-01484", "specification": "leadin", "source": "fd-00034", "placement": "ug", "length": 27.24, "duct_group": 2, "duct_assignment": "6" }, "geometry": { "type": "LineString", "coordinates": [ [ -119.291802635571472, 35.499288750510175 ], [ -119.291782872471416, 35.499533700034661 ] ] } },
{ "type": "Feature", "properties": { "id": "a-00031", "start_id": "fd-00034", "end_id": "fd-01482", "specification": "leadin", "source": "fd-00034", "placement": "ug", "length": 27.07, "duct_group": 2, "duct_assignment": "7" }, "geometry": { "type": "LineString", "coordinates": [ [ -119.291802635571472, 35.499288750510175 ], [ -119.291812349961347, 35.499044910782665 ] ] } },
{ "type": "Feature", "properties": { "id": "a-00032", "start_id": "fd-00034", "end_id": "fd-01488", "specification": "leadin", "source": "fd-00034", "placement": "ug", "length": 41.3, "duct_group": 2, "duct_assignment": "8" }, "geometry": { "type": "LineString", "coordinates": [ [ -119.291802635571472, 35.499288750510175 ], [ -119.29211354961167, 35.499560534287703 ] ] } },
{ "type": "Feature", "properties": { "id": "a-00033", "start_id": "fd-00035", "end_id": "fd-01536", "specification": "leadin", "source": "fd-00035", "placement": "ug", "length": 24.35, "duct_group": 3, "duct_assignment": "1" }, "geometry": { "type": "LineString", "coordinates": [ [ -119.294681534413456, 35.498500099018372 ], [ -119.294831946299752, 35.498681851496762 ] ] } },
{ "type": "Feature", "properties": { "id": "a-00034", "start_id": "fd-00035", "end_id": "fd-01531", "specification": "leadin", "source": "fd-00035", "placement": "ug", "length": 25.34, "duct_group": 3, "duct_assignment": "2" }, "geometry": { "type": "LineString", "coordinates": [ [ -119.294681534413456, 35.498500099018372 ], [ -119.294515036564846, 35.498683472615724 ] ] } },
{ "type": "Feature", "properties": { "id": "a-00035", "start_id": "fd-00036", "end_id": "fd-01541", "specification": "leadin", "source": "fd-00036", "placement": "ug", "length": 24.35, "duct_group": 3, "duct_assignment": "3" }, "geometry": { "type": "LineString", "coordinates": [ [ -119.294983877254779, 35.498500943949608 ], [ -119.295134287836234, 35.498682697312944 ] ] } },
{ "type": "Feature", "properties": { "id": "a-00036", "start_id": "fd-00037", "end_id": "fd-01550", "specification": "leadin", "source": "fd-00037", "placement": "ug", "length": 24.35, "duct_group": 3, "duct_assignment": "4" }, "geometry": { "type": "LineString", "coordinates": [ [ -119.29558856078043, 35.498502633406609 ], [ -119.295436628897036, 35.498683542398268 ] ] } },
{ "type": "Feature", "properties": { "id": "a-00037", "start_id": "fd-00037", "end_id": "fd-01551", "specification": "leadin", "source": "fd-00037", "placement": "ug", "length": 25.61, "duct_group": 3, "duct_assignment": "5" }, "geometry": { "type": "LineString", "coordinates": [ [ -119.29558856078043, 35.498502633406609 ], [ -119.295759963202954, 35.498685951275746 ] ] } },
{ "type": "Feature", "properties": { "id": "a-00038", "start_id": "fd-00038", "end_id": "fd-01516", "specification": "leadin", "source": "fd-00038", "placement": "ug", "length": 24.95, "duct_group": 4, "duct_assignment": "1" }, "geometry": { "type": "LineString", "coordinates": [ [ -119.293166232331458, 35.499364032676439 ], [ -119.293014287355291, 35.499551405165846 ] ] } },
{ "type": "Feature", "properties": { "id": "a-00039", "start_id": "fd-00038", "end_id": "fd-01517", "specification": "leadin", "source": "fd-00038", "placement": "ug", "length": 25.59, "duct_group": 4, "duct_assignment": "2" }, "geometry": { "type": "LineString", "coordinates": [ [ -119.293166232331458, 35.499364032676439 ], [ -119.293329033360322, 35.499552312084326 ] ] } },
{ "type": "Feature", "properties": { "id": "a-00040", "start_id": "fd-00039", "end_id": "fd-01501", "specification": "leadin", "source": "fd-00039", "placement": "ug", "length": 24.94, "duct_group": 4, "duct_assignment": "3" }, "geometry": { "type": "LineString", "coordinates": [ [ -119.292561554570938, 35.499362326669718 ], [ -119.292409613996099, 35.499549659032425 ] ] } },
{ "type": "Feature", "properties": { "id": "a-00041", "start_id": "fd-00039", "end_id": "fd-01500", "specification": "leadin", "source": "fd-00039", "placement": "ug", "length": 24.95, "duct_group": 4, "duct_assignment": "4" }, "geometry": { "type": "LineString", "coordinates": [ [ -119.292561554570938, 35.499362326669718 ], [ -119.292711950445096, 35.499550532639056 ] ] } },
{ "type": "Feature", "properties": { "id": "a-00042", "start_id": "fd-00040", "end_id": "fd-01559", "specification": "leadin", "source": "fd-00040", "placement": "ug", "length": 25.34, "duct_group": 5, "duct_assignment": "1" }, "geometry": { "type": "LineString", "coordinates": [ [ -119.293839250172283, 35.497486681794193 ], [ -119.294005779644678, 35.49730332990022 ] ] } },
{ "type": "Feature", "properties": { "id": "a-00043", "start_id": "fd-00040", "end_id": "fd-01560", "specification": "leadin", "source": "fd-00040", "placement": "ug", "length": 24.35, "duct_group": 5, "duct_assignment": "2" }, "geometry": { "type": "LineString", "coordinates": [ [ -119.293839250172283, 35.497486681794193 ], [ -119.293688857128402, 35.497304923856632 ] ] } },
{ "type": "Feature", "properties": { "id": "a-00044", "start_id": "fd-00041", "end_id": "fd-01561", "specification": "leadin", "source": "fd-00041", "placement": "ug", "length": 24.35, "duct_group": 5, "duct_assignment": "3" }, "geometry": { "type": "LineString", "coordinates": [ [ -119.293234552451679, 35.497484935284746 ], [ -119.29338650722292, 35.497304050844484 ] ] } },
{ "type": "Feature", "properties": { "id": "a-00045", "start_id": "fd-00041", "end_id": "fd-01562", "specification": "leadin", "source": "fd-00041", "placement": "ug", "length": 24.35, "duct_group": 5, "duct_assignment": "4" }, "geometry": { "type": "LineString", "coordinates": [ [ -119.293234552451679, 35.497484935284746 ], [ -119.293084156880894, 35.497303176417439 ] ] } },
{ "type": "Feature", "properties": { "id": "a-00046", "start_id": "fd-00042", "end_id": "fd-01502", "specification": "leadin", "source": "fd-00042", "placement": "ug", "length": 24.36, "duct_group": 5, "duct_assignment": "5" }, "geometry": { "type": "LineString", "coordinates": [ [ -119.292629247659747, 35.49762604161247 ], [ -119.292477292232661, 35.497807006158247 ] ] } },
{ "type": "Feature", "properties": { "id": "a-00047", "start_id": "fd-00042", "end_id": "fd-01508", "specification": "leadin", "source": "fd-00042", "placement": "ug", "length": 24.36, "duct_group": 5, "duct_assignment": "6" }, "geometry": { "type": "LineString", "coordinates": [ [ -119.292629247659747, 35.49762604161247 ], [ -119.292779641807897, 35.497807869824143 ] ] } },
{ "type": "Feature", "properties": { "id": "a-00048", "start_id": "fd-00043", "end_id": "fd-01564", "specification": "leadin", "source": "fd-00043", "placement": "ug", "length": 24.35, "duct_group": 5, "duct_assignment": "7" }, "geometry": { "type": "LineString", "coordinates": [ [ -119.292629852510245, 35.497483183119925 ], [ -119.292479455808746, 35.497301423879136 ] ] } },
{ "type": "Feature", "properties": { "id": "a-00049", "start_id": "fd-00043", "end_id": "fd-01563", "specification": "leadin", "source": "fd-00043", "placement": "ug", "length": 24.35, "duct_group": 5, "duct_assignment": "8" }, "geometry": { "type": "LineString", "coordinates": [ [ -119.292629852510245, 35.497483183119925 ], [ -119.292781806418986, 35.497302300351528 ] ] } },
{ "type": "Feature", "properties": { "id": "a-00050", "start_id": "fd-00044", "end_id": "fd-01489", "specification": "leadin", "source": "fd-00044", "placement": "ug", "length": 19.91, "duct_group": 5, "duct_assignment": "9" }, "geometry": { "type": "LineString", "coordinates": [ [ -119.292024287579238, 35.4976847256561 ], [ -119.292178981001882, 35.497811947237942 ] ] } },
{ "type": "Feature", "properties": { "id": "a-00051", "start_id": "fd-00044", "end_id": "fd-01485", "specification": "leadin", "source": "fd-00044", "placement": "ug", "length": 22.16, "duct_group": 5, "duct_assignment": "10" }, "geometry": { "type": "LineString", "coordinates": [ [ -119.292024287579238, 35.4976847256561 ], [ -119.291823191782484, 35.497797969977995 ] ] } },
{ "type": "Feature", "properties": { "id": "a-00052", "start_id": "fd-00045", "end_id": "fd-01565", "specification": "leadin", "source": "fd-00045", "placement": "ug", "length": 19.9, "duct_group": 5, "duct_assignment": "11" }, "geometry": { "type": "LineString", "coordinates": [ [ -119.292025409432327, 35.497420984306061 ], [ -119.292181195908611, 35.497294763537163 ] ] } },
{ "type": "Feature", "properties": { "id": "a-00053", "start_id": "fd-00045", "end_id": "fd-01568", "specification": "leadin", "source": "fd-00045", "placement": "ug", "length": 21.98, "duct_group": 5, "duct_assignment": "12" }, "geometry": { "type": "LineString", "coordinates": [ [ -119.292025409432327, 35.497420984306061 ], [ -119.291827173022213, 35.497307194383851 ] ] } },
{ "type": "Feature", "properties": { "id": "a-00054", "start_id": "fd-00046", "end_id": "fd-01527", "specification": "leadin", "source": "fd-00046", "placement": "ug", "length": 25.34, "duct_group": 6, "duct_assignment": "1" }, "geometry": { "type": "LineString", "coordinates": [ [ -119.293831946533416, 35.499223042488659 ], [ -119.293998441486778, 35.49903967117303 ] ] } },
{ "type": "Feature", "properties": { "id": "a-00055", "start_id": "fd-00046", "end_id": "fd-01522", "specification": "leadin", "source": "fd-00046", "placement": "ug", "length": 24.35, "duct_group": 6, "duct_assignment": "2" }, "geometry": { "type": "LineString", "coordinates": [ [ -119.293831946533416, 35.499223042488659 ], [ -119.293681532759592, 35.499041288907591 ] ] } },
{ "type": "Feature", "properties": { "id": "a-00056", "start_id": "fd-00047", "end_id": "fd-01521", "specification": "leadin", "source": "fd-00047", "placement": "ug", "length": 24.35, "duct_group": 6, "duct_assignment": "3" }, "geometry": { "type": "LineString", "coordinates": [ [ -119.293835568169925, 35.498354868016285 ], [ -119.293685151506594, 35.498173124227066 ] ] } },
{ "type": "Feature", "properties": { "id": "a-00057", "start_id": "fd-00047", "end_id": "fd-01526", "specification": "leadin", "source": "fd-00047", "placement": "ug", "length": 25.34, "duct_group": 6, "duct_assignment": "4" }, "geometry": { "type": "LineString", "coordinates": [ [ -119.293835568169925, 35.498354868016285 ], [ -119.294002065220667, 35.498171503502988 ] ] } },
{ "type": "Feature", "properties": { "id": "a-00058", "start_id": "fd-00048", "end_id": "fd-01532", "specification": "leadin", "source": "fd-00048", "placement": "ug", "length": 25.34, "duct_group": 6, "duct_assignment": "5" }, "geometry": { "type": "LineString", "coordinates": [ [ -119.294682132326471, 35.498357236093547 ], [ -119.294517171793572, 35.498172943359705 ] ] } },
{ "type": "Feature", "properties": { "id": "a-00059", "start_id": "fd-00049", "end_id": "fd-01537", "specification": "leadin", "source": "fd-00049", "placement": "ug", "length": 24.35, "duct_group": 6, "duct_assignment": "6" }, "geometry": { "type": "LineString", "coordinates": [ [ -119.294984475744442, 35.498358081011745 ], [ -119.294834063388805, 35.498176336192955 ] ] } },
{ "type": "Feature", "properties": { "id": "a-00060", "start_id": "fd-00049", "end_id": "fd-01542", "specification": "leadin", "source": "fd-00049", "placement": "ug", "length": 24.35, "duct_group": 6, "duct_assignment": "7" }, "geometry": { "type": "LineString", "coordinates": [ [ -119.294984475744442, 35.498358081011745 ], [ -119.295136407774734, 35.49817717936822 ] ] } },
{ "type": "Feature", "properties": { "id": "a-00061", "start_id": "fd-00050", "end_id": "fd-01513", "specification": "leadin", "source": "fd-00050", "placement": "ug", "length": 24.35, "duct_group": 6, "duct_assignment": "8" }, "geometry": { "type": "LineString", "coordinates": [ [ -119.293230878081417, 35.49835317181897 ], [ -119.293382805361048, 35.498172276373985 ] ] } },
{ "type": "Feature", "properties": { "id": "a-00062", "start_id": "fd-00050", "end_id": "fd-01509", "specification": "leadin", "source": "fd-00050", "placement": "ug", "length": 24.35, "duct_group": 6, "duct_assignment": "9" }, "geometry": { "type": "LineString", "coordinates": [ [ -119.293230878081417, 35.49835317181897 ], [ -119.293080458908094, 35.498171427780832 ] ] } },
{ "type": "Feature", "properties": { "id": "a-00063", "start_id": "fd-00051", "end_id": "fd-01545", "specification": "leadin", "source": "fd-00051", "placement": "ug", "length": 24.35, "duct_group": 6, "duct_assignment": "10" }, "geometry": { "type": "LineString", "coordinates": [ [ -119.295589161496892, 35.498359768628639 ], [ -119.29543875162291, 35.498178022256191 ] ] } },
{ "type": "Feature", "properties": { "id": "a-00064", "start_id": "fd-00051", "end_id": "fd-01552", "specification": "leadin", "source": "fd-00051", "placement": "ug", "length": 26.13, "duct_group": 6, "duct_assignment": "11" }, "geometry": { "type": "LineString", "coordinates": [ [ -119.295589161496892, 35.498359768628639 ], [ -119.295769048676064, 35.498175928715256 ] ] } },
{ "type": "Feature", "properties": { "id": "a-00065", "start_id": "fd-00052", "end_id": "fd-01533", "specification": "leadin", "source": "fd-00052", "placement": "ug", "length": 25.34, "duct_group": 7, "duct_assignment": "1" }, "geometry": { "type": "LineString", "coordinates": [ [ -119.294685218484602, 35.497631981209452 ], [ -119.294518690250811, 35.497815324835038 ] ] } },
{ "type": "Feature", "properties": { "id": "a-00066", "start_id": "fd-00052", "end_id": "fd-01538", "specification": "leadin", "source": "fd-00052", "placement": "ug", "length": 24.35, "duct_group": 7, "duct_assignment": "2" }, "geometry": { "type": "LineString", "coordinates": [ [ -119.294685218484602, 35.497631981209452 ], [ -119.294835605391071, 35.497813714643058 ] ] } },
{ "type": "Feature", "properties": { "id": "a-00067", "start_id": "fd-00053", "end_id": "fd-01557", "specification": "leadin", "source": "fd-00053", "placement": "ug", "length": 24.35, "duct_group": 7, "duct_assignment": "3" }, "geometry": { "type": "LineString", "coordinates": [ [ -119.2946858362359, 35.497489118928023 ], [ -119.294837794501944, 35.497308229023382 ] ] } },
{ "type": "Feature", "properties": { "id": "a-00068", "start_id": "fd-00053", "end_id": "fd-01558", "specification": "leadin", "source": "fd-00053", "placement": "ug", "length": 25.34, "duct_group": 7, "duct_assignment": "4" }, "geometry": { "type": "LineString", "coordinates": [ [ -119.2946858362359, 35.497489118928023 ], [ -119.294520898836481, 35.49730481161432 ] ] } },
{ "type": "Feature", "properties": { "id": "a-00069", "start_id": "fd-00054", "end_id": "fd-01546", "specification": "leadin", "source": "fd-00054", "placement": "ug", "length": 24.68, "duct_group": 7, "duct_assignment": "5" }, "geometry": { "type": "LineString", "coordinates": [ [ -119.295289911764755, 35.497633717936374 ], [ -119.295436204805355, 35.497821206729242 ] ] } },
{ "type": "Feature", "properties": { "id": "a-00070", "start_id": "fd-00054", "end_id": "fd-01543", "specification": "leadin", "source": "fd-00054", "placement": "ug", "length": 24.35, "duct_group": 7, "duct_assignment": "6" }, "geometry": { "type": "LineString", "coordinates": [ [ -119.295289911764755, 35.497633717936374 ], [ -119.295137951264664, 35.497814569948183 ] ] } },
{ "type": "Feature", "properties": { "id": "a-00071", "start_id": "fd-00055", "end_id": "fd-01555", "specification": "leadin", "source": "fd-00055", "placement": "ug", "length": 24.69, "duct_group": 7, "duct_assignment": "7" }, "geometry": { "type": "LineString", "coordinates": [ [ -119.29529053065508, 35.497490854727623 ], [ -119.295438450705959, 35.497304155468619 ] ] } },
{ "type": "Feature", "properties": { "id": "a-00072", "start_id": "fd-00055", "end_id": "fd-01556", "specification": "leadin", "source": "fd-00055", "placement": "ug", "length": 24.35, "duct_group": 7, "duct_assignment": "8" }, "geometry": { "type": "LineString", "coordinates": [ [ -119.29529053065508, 35.497490854727623 ], [ -119.295140143078555, 35.497309095442944 ] ] } },
{ "type": "Feature", "properties": { "id": "a-00073", "start_id": "fd-00056", "end_id": "fd-01554", "specification": "leadin", "source": "fd-00056", "placement": "ug", "length": 27.22, "duct_group": 7, "duct_assignment": "9" }, "geometry": { "type": "LineString", "coordinates": [ [ -119.295807570363365, 35.4975637624161 ], [ -119.295796778744929, 35.497318616138543 ] ] } },
{ "type": "Feature", "properties": { "id": "a-00074", "start_id": "fd-00056", "end_id": "fd-01553", "specification": "leadin", "source": "fd-00056", "placement": "ug", "length": 27.16, "duct_group": 7, "duct_assignment": "10" }, "geometry": { "type": "LineString", "coordinates": [ [ -119.295807570363365, 35.4975637624161 ], [ -119.295792931246112, 35.497808261885758 ] ] } },
{ "type": "Feature", "properties": { "id": "a-00075", "start_id": "fd-00057", "end_id": "fd-02428", "specification": "leadin", "source": "fd-00057", "placement": "ug", "length": 23.68, "duct_group": 0, "duct_assignment": "1" }, "geometry": { "type": "LineString", "coordinates": [ [ -119.292932319409957, 35.495912164664347 ], [ -119.292774809948085, 35.496082255521578 ] ] } },
{ "type": "Feature", "properties": { "id": "a-00076", "start_id": "fd-00057", "end_id": "fd-02429", "specification": "leadin", "source": "fd-00057", "placement": "ug", "length": 24.54, "duct_group": 0, "duct_assignment": "2" }, "geometry": { "type": "LineString", "coordinates": [ [ -119.292932319409957, 35.495912164664347 ], [ -119.293101062979972, 35.496084968569207 ] ] } },
{ "type": "Feature", "properties": { "id": "a-00077", "start_id": "fd-00058", "end_id": "fd-01637", "specification": "leadin", "source": "fd-00058", "placement": "ug", "length": 24.35, "duct_group": 0, "duct_assignment": "3" }, "geometry": { "type": "LineString", "coordinates": [ [ -119.292935943752752, 35.496615918979053 ], [ -119.292785546053892, 35.49643416200437 ] ] } },
{ "type": "Feature", "properties": { "id": "a-00078", "start_id": "fd-00058", "end_id": "fd-01610", "specification": "leadin", "source": "fd-00058", "placement": "ug", "length": 38.5, "duct_group": 0, "duct_assignment": "4" }, "geometry": { "type": "LineString", "coordinates": [ [ -119.292935943752752, 35.496615918979053 ], [ -119.292783364882084, 35.49693965966253 ] ] } },
{ "type": "Feature", "properties": { "id": "a-00079", "start_id": "fd-00058", "end_id": "fd-01636", "specification": "leadin", "source": "fd-00058", "placement": "ug", "length": 25.34, "duct_group": 0, "duct_assignment": "5" }, "geometry": { "type": "LineString", "coordinates": [ [ -119.292935943752752, 35.496615918979053 ], [ -119.293102467334535, 35.49643257102538 ] ] } },
{ "type": "Feature", "properties": { "id": "a-00080", "start_id": "fd-00059", "end_id": "fd-01638", "specification": "leadin", "source": "fd-00059", "placement": "ug", "length": 24.35, "duct_group": 0, "duct_assignment": "6" }, "geometry": { "type": "LineString", "coordinates": [ [ -119.292331239204287, 35.496614166361695 ], [ -119.292483193590911, 35.496433285707148 ] ] } },
{ "type": "Feature", "properties": { "id": "a-00081", "start_id": "fd-00059", "end_id": "fd-01639", "specification": "leadin", "source": "fd-00059", "placement": "ug", "length": 24.68, "duct_group": 0, "duct_assignment": "7" }, "geometry": { "type": "LineString", "coordinates": [ [ -119.292331239204287, 35.496614166361695 ], [ -119.292184932266679, 35.49642662688386 ] ] } },
{ "type": "Feature", "properties": { "id": "a-00082", "start_id": "fd-00060", "end_id": "fd-01609", "specification": "leadin", "source": "fd-00060", "placement": "ug", "length": 24.35, "duct_group": 0, "duct_assignment": "8" }, "geometry": { "type": "LineString", "coordinates": [ [ -119.292330616194448, 35.496757024185783 ], [ -119.292481013220296, 35.496938783216095 ] ] } },
{ "type": "Feature", "properties": { "id": "a-00083", "start_id": "fd-00060", "end_id": "fd-01608", "specification": "leadin", "source": "fd-00060", "placement": "ug", "length": 24.68, "duct_group": 0, "duct_assignment": "9" }, "geometry": { "type": "LineString", "coordinates": [ [ -119.292330616194448, 35.496757024185783 ], [ -119.292182703290933, 35.496943712022961 ] ] } },
{ "type": "Feature", "properties": { "id": "a-00084", "start_id": "fd-00061", "end_id": "fd-01607", "specification": "leadin", "source": "fd-00061", "placement": "ug", "length": 27.37, "duct_group": 0, "duct_assignment": "10" }, "geometry": { "type": "LineString", "coordinates": [ [ -119.291813574428872, 35.496684083026906 ], [ -119.291830684556658, 35.496930382543887 ] ] } },
{ "type": "Feature", "properties": { "id": "a-00085", "start_id": "fd-00061", "end_id": "fd-01659", "specification": "leadin", "source": "fd-00061", "placement": "ug", "length": 27.33, "duct_group": 0, "duct_assignment": "11" }, "geometry": { "type": "LineString", "coordinates": [ [ -119.291813574428872, 35.496684083026906 ], [ -119.291834700649261, 35.496438412094101 ] ] } },
{ "type": "Feature", "properties": { "id": "a-00086", "start_id": "fd-00062", "end_id": "fd-02421", "specification": "leadin", "source": "fd-00062", "placement": "ug", "length": 25.7, "duct_group": 1, "duct_assignment": "1" }, "geometry": { "type": "LineString", "coordinates": [ [ -119.292980908923411, 35.495769561135468 ], [ -119.293117073413228, 35.495566479001667 ] ] } },
{ "type": "Feature", "properties": { "id": "a-00087", "start_id": "fd-00062", "end_id": "fd-02420", "specification": "leadin", "source": "fd-00062", "placement": "ug", "length": 25.69, "duct_group": 1, "duct_assignment": "2" }, "geometry": { "type": "LineString", "coordinates": [ [ -119.292980908923411, 35.495769561135468 ], [ -119.292815028994539, 35.495581929650655 ] ] } },
{ "type": "Feature", "properties": { "id": "a-00088", "start_id": "fd-00063", "end_id": "fd-02422", "specification": "leadin", "source": "fd-00063", "placement": "ug", "length": 25.78, "duct_group": 1, "duct_assignment": "3" }, "geometry": { "type": "LineString", "coordinates": [ [ -119.29337526654399, 35.495779696859657 ], [ -119.293423925810501, 35.495550827125598 ] ] } },
{ "type": "Feature", "properties": { "id": "a-00089", "start_id": "fd-00063", "end_id": "fd-02423", "specification": "leadin", "source": "fd-00063", "placement": "ug", "length": 32.71, "duct_group": 1, "duct_assignment": "4" }, "geometry": { "type": "LineString", "coordinates": [ [ -119.29337526654399, 35.495779696859657 ], [ -119.293682075477292, 35.495625001230756 ] ] } },
{ "type": "Feature", "properties": { "id": "a-00090", "start_id": "fd-00064", "end_id": "fd-01634", "specification": "leadin", "source": "fd-00064", "placement": "ug", "length": 24.35, "duct_group": 1, "duct_assignment": "5" }, "geometry": { "type": "LineString", "coordinates": [ [ -119.293782529652205, 35.496618363143845 ], [ -119.293934486371739, 35.496437478712316 ] ] } },
{ "type": "Feature", "properties": { "id": "a-00091", "start_id": "fd-00065", "end_id": "fd-01632", "specification": "leadin", "source": "fd-00065", "placement": "ug", "length": 24.1, "duct_group": 1, "duct_assignment": "6" }, "geometry": { "type": "LineString", "coordinates": [ [ -119.294387606940319, 35.496617134612158 ], [ -119.294236839539337, 35.496438347590498 ] ] } },
{ "type": "Feature", "properties": { "id": "a-00092", "start_id": "fd-00065", "end_id": "fd-01631", "specification": "leadin", "source": "fd-00065", "placement": "ug", "length": 24.06, "duct_group": 1, "duct_assignment": "7" }, "geometry": { "type": "LineString", "coordinates": [ [ -119.294387606940319, 35.496617134612158 ], [ -119.294539193094977, 35.496439214273025 ] ] } },
{ "type": "Feature", "properties": { "id": "a-00093", "start_id": "fd-00066", "end_id": "fd-01615", "specification": "leadin", "source": "fd-00066", "placement": "ug", "length": 25.34, "duct_group": 1, "duct_assignment": "8" }, "geometry": { "type": "LineString", "coordinates": [ [ -119.294688971338374, 35.496763826323381 ], [ -119.294522443720666, 35.496947181816651 ] ] } },
{ "type": "Feature", "properties": { "id": "a-00094", "start_id": "fd-00066", "end_id": "fd-01616", "specification": "leadin", "source": "fd-00066", "placement": "ug", "length": 24.35, "duct_group": 1, "duct_assignment": "9" }, "geometry": { "type": "LineString", "coordinates": [ [ -119.294688971338374, 35.496763826323381 ], [ -119.294839363302131, 35.496945581687463 ] ] } },
{ "type": "Feature", "properties": { "id": "a-00095", "start_id": "fd-00067", "end_id": "fd-01617", "specification": "leadin", "source": "fd-00067", "placement": "ug", "length": 24.35, "duct_group": 1, "duct_assignment": "10" }, "geometry": { "type": "LineString", "coordinates": [ [ -119.294991323534518, 35.496764690901323 ], [ -119.29514171451531, 35.496946445912833 ] ] } },
{ "type": "Feature", "properties": { "id": "a-00096", "start_id": "fd-00068", "end_id": "fd-01619", "specification": "leadin", "source": "fd-00068", "placement": "ug", "length": 26.42, "duct_group": 1, "duct_assignment": "11" }, "geometry": { "type": "LineString", "coordinates": [ [ -119.295596028962663, 35.496766412407013 ], [ -119.295780962686237, 35.496950321978559 ] ] } },
{ "type": "Feature", "properties": { "id": "a-00097", "start_id": "fd-00068", "end_id": "fd-01618", "specification": "leadin", "source": "fd-00068", "placement": "ug", "length": 24.35, "duct_group": 1, "duct_assignment": "12" }, "geometry": { "type": "LineString", "coordinates": [ [ -119.295596028962663, 35.496766412407013 ], [ -119.295444065904917, 35.496947308273889 ] ] } },
{ "type": "Feature", "properties": { "id": "a-00098", "start_id": "fd-00069", "end_id": "fd-01630", "specification": "leadin", "source": "fd-00069", "placement": "ug", "length": 24.35, "duct_group": 2, "duct_assignment": "1" }, "geometry": { "type": "LineString", "coordinates": [ [ -119.294991941891979, 35.496621831261699 ], [ -119.294841547117557, 35.496440078847122 ] ] } },
{ "type": "Feature", "properties": { "id": "a-00099", "start_id": "fd-00069", "end_id": "fd-01620", "specification": "leadin", "source": "fd-00069", "placement": "ug", "length": 24.35, "duct_group": 2, "duct_assignment": "2" }, "geometry": { "type": "LineString", "coordinates": [ [ -119.294991941891979, 35.496621831261699 ], [ -119.295143901695184, 35.496440940341508 ] ] } },
{ "type": "Feature", "properties": { "id": "a-00100", "start_id": "fd-00070", "end_id": "fd-02437", "specification": "leadin", "source": "fd-00070", "placement": "ug", "length": 32.17, "duct_group": 2, "duct_assignment": "3" }, "geometry": { "type": "LineString", "coordinates": [ [ -119.295908207255266, 35.49662443248392 ], [ -119.295633722528692, 35.496441001123493 ] ] } },
{ "type": "Feature", "properties": { "id": "a-00101", "start_id": "fd-00071", "end_id": "fd-01621", "specification": "leadin", "source": "fd-00071", "placement": "ug", "length": 49.72, "duct_group": 2, "duct_assignment": "4" }, "geometry": { "type": "LineString", "coordinates": [ [ -119.296002671706617, 35.49626204046973 ], [ -119.29551650198843, 35.496055384653388 ] ] } },
{ "type": "Feature", "properties": { "id": "a-00102", "start_id": "fd-00072", "end_id": "fd-01622", "specification": "leadin", "source": "fd-00072", "placement": "ug", "length": 49.69, "duct_group": 2, "duct_assignment": "5" }, "geometry": { "type": "LineString", "coordinates": [ [ -119.296007309180425, 35.495853817610737 ], [ -119.295522176159849, 35.495646140737641 ] ] } },
{ "type": "Feature", "properties": { "id": "a-00103", "start_id": "fd-00073", "end_id": "fd-01623", "specification": "leadin", "source": "fd-00073", "placement": "ug", "length": 49.68, "duct_group": 2, "duct_assignment": "6" }, "geometry": { "type": "LineString", "coordinates": [ [ -119.296016551321216, 35.495037956133892 ], [ -119.295526903521207, 35.495238210713104 ] ] } },
{ "type": "Feature", "properties": { "id": "a-00104", "start_id": "fd-00073", "end_id": "fd-01624", "specification": "leadin", "source": "fd-00073", "placement": "ug", "length": 49.67, "duct_group": 2, "duct_assignment": "7" }, "geometry": { "type": "LineString", "coordinates": [ [ -119.296016551321216, 35.495037956133892 ], [ -119.29553162756936, 35.494830281534028 ] ] } },
{ "type": "Feature", "properties": { "id": "a-00105", "start_id": "fd-00074", "end_id": "fd-01626", "specification": "leadin", "source": "fd-00074", "placement": "ug", "length": 49.66, "duct_group": 2, "duct_assignment": "8" }, "geometry": { "type": "LineString", "coordinates": [ [ -119.296025789958321, 35.494222093528535 ], [ -119.295541073510904, 35.494014423680689 ] ] } },
{ "type": "Feature", "properties": { "id": "a-00106", "start_id": "fd-00074", "end_id": "fd-01625", "specification": "leadin", "source": "fd-00074", "placement": "ug", "length": 49.66, "duct_group": 2, "duct_assignment": "9" }, "geometry": { "type": "LineString", "coordinates": [ [ -119.296025789958321, 35.494222093528535 ], [ -119.295536350931371, 35.494422352487284 ] ] } },
{ "type": "Feature", "properties": { "id": "a-00107", "start_id": "fd-00075", "end_id": "fd-01627", "specification": "leadin", "source": "fd-00075", "placement": "ug", "length": 48.94, "duct_group": 2, "duct_assignment": "10" }, "geometry": { "type": "LineString", "coordinates": [ [ -119.296034700645379, 35.493435074656091 ], [ -119.295545628273004, 35.493620915928673 ] ] } },
{ "type": "Feature", "properties": { "id": "a-00108", "start_id": "fd-00076", "end_id": "fd-01628", "specification": "leadin", "source": "fd-00076", "placement": "ug", "length": 43.11, "duct_group": 2, "duct_assignment": "11" }, "geometry": { "type": "LineString", "coordinates": [ [ -119.295584008814942, 35.492750004324776 ], [ -119.29581118769309, 35.493091157353788 ] ] } },
{ "type": "Feature", "properties": { "id": "a-00109", "start_id": "fd-00076", "end_id": "fd-01629", "specification": "leadin", "source": "fd-00076", "placement": "ug", "length": 44.51, "duct_group": 2, "duct_assignment": "12" }, "geometry": { "type": "LineString", "coordinates": [ [ -119.295584008814942, 35.492750004324776 ], [ -119.295323928599487, 35.493090034481128 ] ] } },
{ "type": "Feature", "properties": { "id": "a-00110", "start_id": "fd-00077", "end_id": "fd-02419", "specification": "leadin", "source": "fd-00077", "placement": "ug", "length": 25.71, "duct_group": 3, "duct_assignment": "1" }, "geometry": { "type": "LineString", "coordinates": [ [ -119.29213361965914, 35.495767174820827 ], [ -119.292301220951657, 35.49558034794677 ] ] } },
{ "type": "Feature", "properties": { "id": "a-00111", "start_id": "fd-00077", "end_id": "fd-02380", "specification": "leadin", "source": "fd-00077", "placement": "ug", "length": 25.75, "duct_group": 3, "duct_assignment": "2" }, "geometry": { "type": "LineString", "coordinates": [ [ -119.29213361965914, 35.495767174820827 ], [ -119.291968050590597, 35.495578767980163 ] ] } },
{ "type": "Feature", "properties": { "id": "a-00112", "start_id": "fd-00078", "end_id": "fd-02379", "specification": "leadin", "source": "fd-00078", "placement": "ug", "length": 23.9, "duct_group": 3, "duct_assignment": "3" }, "geometry": { "type": "LineString", "coordinates": [ [ -119.291678393194218, 35.495908972054835 ], [ -119.29151607522688, 35.49607861083534 ] ] } },
{ "type": "Feature", "properties": { "id": "a-00113", "start_id": "fd-00078", "end_id": "fd-02425", "specification": "leadin", "source": "fd-00078", "placement": "ug", "length": 23.63, "duct_group": 3, "duct_assignment": "4" }, "geometry": { "type": "LineString", "coordinates": [ [ -119.291678393194218, 35.495908972054835 ], [ -119.291833623924887, 35.496079902465681 ] ] } },
{ "type": "Feature", "properties": { "id": "a-00114", "start_id": "fd-00079", "end_id": "fd-02378", "specification": "leadin", "source": "fd-00079", "placement": "ug", "length": 23.8, "duct_group": 3, "duct_assignment": "5" }, "geometry": { "type": "LineString", "coordinates": [ [ -119.29103779016144, 35.495907185679386 ], [ -119.291196438790479, 35.496077955814592 ] ] } },
{ "type": "Feature", "properties": { "id": "a-00115", "start_id": "fd-00079", "end_id": "fd-02377", "specification": "leadin", "source": "fd-00079", "placement": "ug", "length": 23.81, "duct_group": 3, "duct_assignment": "6" }, "geometry": { "type": "LineString", "coordinates": [ [ -119.29103779016144, 35.495907185679386 ], [ -119.290877588764943, 35.496077065731193 ] ] } },
{ "type": "Feature", "properties": { "id": "a-00116", "start_id": "fd-00080", "end_id": "fd-02413", "specification": "leadin", "source": "fd-00080", "placement": "ug", "length": 23.37, "duct_group": 4, "duct_assignment": "1" }, "geometry": { "type": "LineString", "coordinates": [ [ -119.292137003625413, 35.495065680308656 ], [ -119.291956837095924, 35.495216183277684 ] ] } },
{ "type": "Feature", "properties": { "id": "a-00117", "start_id": "fd-00080", "end_id": "fd-02414", "specification": "leadin", "source": "fd-00080", "placement": "ug", "length": 22.43, "duct_group": 4, "duct_assignment": "2" }, "geometry": { "type": "LineString", "coordinates": [ [ -119.292137003625413, 35.495065680308656 ], [ -119.292304431080481, 35.495214360058391 ] ] } },
{ "type": "Feature", "properties": { "id": "a-00118", "start_id": "fd-00081", "end_id": "fd-02412", "specification": "leadin", "source": "fd-00081", "placement": "ug", "length": 29.86, "duct_group": 4, "duct_assignment": "3" }, "geometry": { "type": "LineString", "coordinates": [ [ -119.291872835731354, 35.494952541844974 ], [ -119.291964288694786, 35.494694022575842 ] ] } },
{ "type": "Feature", "properties": { "id": "a-00119", "start_id": "fd-00082", "end_id": "fd-02408", "specification": "leadin", "source": "fd-00082", "placement": "ug", "length": 24.34, "duct_group": 5, "duct_assignment": "1" }, "geometry": { "type": "LineString", "coordinates": [ [ -119.292446882197737, 35.494883118038082 ], [ -119.292598668338272, 35.494702293353029 ] ] } },
{ "type": "Feature", "properties": { "id": "a-00120", "start_id": "fd-00082", "end_id": "fd-02407", "specification": "leadin", "source": "fd-00082", "placement": "ug", "length": 24.44, "duct_group": 5, "duct_assignment": "2" }, "geometry": { "type": "LineString", "coordinates": [ [ -119.292446882197737, 35.494883118038082 ], [ -119.292297691708214, 35.494699784042659 ] ] } },
{ "type": "Feature", "properties": { "id": "a-00121", "start_id": "fd-00083", "end_id": "fd-02410", "specification": "leadin", "source": "fd-00083", "placement": "ug", "length": 25.48, "duct_group": 5, "duct_assignment": "3" }, "geometry": { "type": "LineString", "coordinates": [ [ -119.293050657995124, 35.494884723786448 ], [ -119.2932217067778, 35.494702683686953 ] ] } },
{ "type": "Feature", "properties": { "id": "a-00122", "start_id": "fd-00083", "end_id": "fd-02409", "specification": "leadin", "source": "fd-00083", "placement": "ug", "length": 24.32, "duct_group": 5, "duct_assignment": "4" }, "geometry": { "type": "LineString", "coordinates": [ [ -119.293050657995124, 35.494884723786448 ], [ -119.292900668637785, 35.494703049638339 ] ] } },
{ "type": "Feature", "properties": { "id": "a-00123", "start_id": "fd-00084", "end_id": "fd-02404", "specification": "leadin", "source": "fd-00084", "placement": "ug", "length": 24.34, "duct_group": 5, "duct_assignment": "5" }, "geometry": { "type": "LineString", "coordinates": [ [ -119.293054629439126, 35.494160047389883 ], [ -119.29290241224804, 35.49434064098547 ] ] } },
{ "type": "Feature", "properties": { "id": "a-00124", "start_id": "fd-00084", "end_id": "fd-02405", "specification": "leadin", "source": "fd-00084", "placement": "ug", "length": 25.48, "duct_group": 5, "duct_assignment": "6" }, "geometry": { "type": "LineString", "coordinates": [ [ -119.293054629439126, 35.494160047389883 ], [ -119.293223545458588, 35.494343476450211 ] ] } },
{ "type": "Feature", "properties": { "id": "a-00125", "start_id": "fd-00085", "end_id": "fd-02403", "specification": "leadin", "source": "fd-00085", "placement": "ug", "length": 24.34, "duct_group": 5, "duct_assignment": "7" }, "geometry": { "type": "LineString", "coordinates": [ [ -119.292449813691604, 35.494157925345981 ], [ -119.292600116826037, 35.49433963881264 ] ] } },
{ "type": "Feature", "properties": { "id": "a-00126", "start_id": "fd-00085", "end_id": "fd-02402", "specification": "leadin", "source": "fd-00085", "placement": "ug", "length": 24.45, "duct_group": 5, "duct_assignment": "8" }, "geometry": { "type": "LineString", "coordinates": [ [ -119.292449813691604, 35.494157925345981 ], [ -119.292299507499834, 35.494340772137804 ] ] } },
{ "type": "Feature", "properties": { "id": "a-00127", "start_id": "fd-00086", "end_id": "fd-02395", "specification": "leadin", "source": "fd-00086", "placement": "ug", "length": 24.42, "duct_group": 5, "duct_assignment": "9" }, "geometry": { "type": "LineString", "coordinates": [ [ -119.292456846212318, 35.494015032419895 ], [ -119.292307856727334, 35.493831763941429 ] ] } },
{ "type": "Feature", "properties": { "id": "a-00128", "start_id": "fd-00086", "end_id": "fd-02396", "specification": "leadin", "source": "fd-00086", "placement": "ug", "length": 24.34, "duct_group": 5, "duct_assignment": "10" }, "geometry": { "type": "LineString", "coordinates": [ [ -119.292456846212318, 35.494015032419895 ], [ -119.292608968437008, 35.49383435019444 ] ] } },
{ "type": "Feature", "properties": { "id": "a-00129", "start_id": "fd-00087", "end_id": "fd-02399", "specification": "leadin", "source": "fd-00087", "placement": "ug", "length": 29.88, "duct_group": 5, "duct_assignment": "11" }, "geometry": { "type": "LineString", "coordinates": [ [ -119.291883149255085, 35.494084708678479 ], [ -119.291974761816974, 35.493826096945661 ] ] } },
{ "type": "Feature", "properties": { "id": "a-00130", "start_id": "fd-00087", "end_id": "fd-02401", "specification": "leadin", "source": "fd-00087", "placement": "ug", "length": 29.78, "duct_group": 5, "duct_assignment": "12" }, "geometry": { "type": "LineString", "coordinates": [ [ -119.291883149255085, 35.494084708678479 ], [ -119.291967193449096, 35.494344112449149 ] ] } },
{ "type": "Feature", "properties": { "id": "a-00131", "start_id": "fd-00088", "end_id": "fd-02415", "specification": "leadin", "source": "fd-00088", "placement": "ug", "length": 25.67, "duct_group": 6, "duct_assignment": "1" }, "geometry": { "type": "LineString", "coordinates": [ [ -119.292983439855547, 35.495027539603043 ], [ -119.292816410718004, 35.495214232310872 ] ] } },
{ "type": "Feature", "properties": { "id": "a-00132", "start_id": "fd-00089", "end_id": "fd-02417", "specification": "leadin", "source": "fd-00089", "placement": "ug", "length": 24.75, "duct_group": 6, "duct_assignment": "2" }, "geometry": { "type": "LineString", "coordinates": [ [ -119.293285563877504, 35.495028463891956 ], [ -119.293436009577164, 35.495214487675476 ] ] } },
{ "type": "Feature", "properties": { "id": "a-00133", "start_id": "fd-00089", "end_id": "fd-02416", "specification": "leadin", "source": "fd-00089", "placement": "ug", "length": 24.72, "duct_group": 6, "duct_assignment": "3" }, "geometry": { "type": "LineString", "coordinates": [ [ -119.293285563877504, 35.495028463891956 ], [ -119.2931337604345, 35.4952134610051 ] ] } },
{ "type": "Feature", "properties": { "id": "a-00134", "start_id": "fd-00090", "end_id": "fd-02418", "specification": "leadin", "source": "fd-00090", "placement": "ug", "length": 25.17, "duct_group": 6, "duct_assignment": "4" }, "geometry": { "type": "LineString", "coordinates": [ [ -119.293907382486296, 35.495030758933979 ], [ -119.293746228750209, 35.495215370733206 ] ] } },
{ "type": "Feature", "properties": { "id": "a-00135", "start_id": "fd-00090", "end_id": "fd-01633", "specification": "leadin", "source": "fd-00090", "placement": "ug", "length": 79.77, "duct_group": 6, "duct_assignment": "5" }, "geometry": { "type": "LineString", "coordinates": [ [ -119.293907382486296, 35.495030758933979 ], [ -119.294481090179531, 35.494486053713906 ] ] } },
{ "type": "Feature", "properties": { "id": "a-00136", "start_id": "fd-00091", "end_id": "fd-02411", "specification": "leadin", "source": "fd-00091", "placement": "ug", "length": 23.28, "duct_group": 6, "duct_assignment": "6" }, "geometry": { "type": "LineString", "coordinates": [ [ -119.293569967720913, 35.494573007592521 ], [ -119.293741806245237, 35.494728764337609 ] ] } },
{ "type": "Feature", "properties": { "id": "a-00137", "start_id": "fd-00092", "end_id": "fd-02406", "specification": "leadin", "source": "fd-00092", "placement": "ug", "length": 22.39, "duct_group": 6, "duct_assignment": "7" }, "geometry": { "type": "LineString", "coordinates": [ [ -119.293571312771093, 35.494283494883938 ], [ -119.293742661388805, 35.49442869413901 ] ] } },
{ "type": "Feature", "properties": { "id": "a-00138", "start_id": "fd-00092", "end_id": "fd-02400", "specification": "leadin", "source": "fd-00092", "placement": "ug", "length": 22.4, "duct_group": 6, "duct_assignment": "8" }, "geometry": { "type": "LineString", "coordinates": [ [ -119.293571312771093, 35.494283494883938 ], [ -119.293745084145854, 35.494140102570867 ] ] } },
{ "type": "Feature", "properties": { "id": "a-00139", "start_id": "fd-00093", "end_id": "fd-02397", "specification": "leadin", "source": "fd-00093", "placement": "ug", "length": 24.35, "duct_group": 6, "duct_assignment": "9" }, "geometry": { "type": "LineString", "coordinates": [ [ -119.293061871511597, 35.494017300039651 ], [ -119.292911497811986, 35.49383552546324 ] ] } },
{ "type": "Feature", "properties": { "id": "a-00140", "start_id": "fd-00093", "end_id": "fd-02398", "specification": "leadin", "source": "fd-00093", "placement": "ug", "length": 25.29, "duct_group": 6, "duct_assignment": "10" }, "geometry": { "type": "LineString", "coordinates": [ [ -119.293061871511597, 35.494017300039651 ], [ -119.293229264197663, 35.49383505223485 ] ] } },
{ "type": "Feature", "properties": { "id": "a-00141", "start_id": "fd-00094", "end_id": "fd-02393", "specification": "leadin", "source": "fd-00094", "placement": "ug", "length": 22.66, "duct_group": 6, "duct_assignment": "11" }, "geometry": { "type": "LineString", "coordinates": [ [ -119.293573971807689, 35.493709921235521 ], [ -119.293753253962478, 35.493567809242151 ] ] } },
{ "type": "Feature", "properties": { "id": "a-00142", "start_id": "fd-00094", "end_id": "fd-02394", "specification": "leadin", "source": "fd-00094", "placement": "ug", "length": 22.39, "duct_group": 6, "duct_assignment": "12" }, "geometry": { "type": "LineString", "coordinates": [ [ -119.293573971807689, 35.493709921235521 ], [ -119.293747492276296, 35.493853320201119 ] ] } },
{ "type": "Feature", "properties": { "id": "a-00143", "start_id": "fd-00095", "end_id": "fd-02388", "specification": "leadin", "source": "fd-00095", "placement": "ug", "length": 25.28, "duct_group": 7, "duct_assignment": "1" }, "geometry": { "type": "LineString", "coordinates": [ [ -119.292157783231687, 35.493288901949981 ], [ -119.291991539576415, 35.493471662979694 ] ] } },
{ "type": "Feature", "properties": { "id": "a-00144", "start_id": "fd-00096", "end_id": "fd-02382", "specification": "leadin", "source": "fd-00096", "placement": "ug", "length": 25.83, "duct_group": 7, "duct_assignment": "2" }, "geometry": { "type": "LineString", "coordinates": [ [ -119.292165966939052, 35.493146224941924 ], [ -119.292318238137867, 35.492949555099351 ] ] } },
{ "type": "Feature", "properties": { "id": "a-00145", "start_id": "fd-00096", "end_id": "fd-02381", "specification": "leadin", "source": "fd-00096", "placement": "ug", "length": 26.44, "duct_group": 7, "duct_assignment": "3" }, "geometry": { "type": "LineString", "coordinates": [ [ -119.292165966939052, 35.493146224941924 ], [ -119.292001579885351, 35.492949536616919 ] ] } },
{ "type": "Feature", "properties": { "id": "a-00146", "start_id": "fd-00097", "end_id": "fd-02386", "specification": "leadin", "source": "fd-00097", "placement": "ug", "length": 30.46, "duct_group": 7, "duct_assignment": "4" }, "geometry": { "type": "LineString", "coordinates": [ [ -119.293572094247637, 35.493218290022874 ], [ -119.293636632051815, 35.492948941069329 ] ] } },
{ "type": "Feature", "properties": { "id": "a-00147", "start_id": "fd-00097", "end_id": "fd-02387", "specification": "leadin", "source": "fd-00097", "placement": "ug", "length": 19.7, "duct_group": 7, "duct_assignment": "5" }, "geometry": { "type": "LineString", "coordinates": [ [ -119.293572094247637, 35.493218290022874 ], [ -119.293784234079325, 35.493255808180123 ] ] } },
{ "type": "Feature", "properties": { "id": "a-00148", "start_id": "fd-00098", "end_id": "fd-02389", "specification": "leadin", "source": "fd-00098", "placement": "ug", "length": 24.34, "duct_group": 7, "duct_assignment": "6" }, "geometry": { "type": "LineString", "coordinates": [ [ -119.292460460667357, 35.493290173018458 ], [ -119.29230826061206, 35.493470759682438 ] ] } },
{ "type": "Feature", "properties": { "id": "a-00149", "start_id": "fd-00098", "end_id": "fd-02390", "specification": "leadin", "source": "fd-00098", "placement": "ug", "length": 24.35, "duct_group": 7, "duct_assignment": "7" }, "geometry": { "type": "LineString", "coordinates": [ [ -119.292460460667357, 35.493290173018458 ], [ -119.292610787651313, 35.493471959301615 ] ] } },
{ "type": "Feature", "properties": { "id": "a-00150", "start_id": "fd-00099", "end_id": "fd-02392", "specification": "leadin", "source": "fd-00099", "placement": "ug", "length": 25.31, "duct_group": 7, "duct_assignment": "8" }, "geometry": { "type": "LineString", "coordinates": [ [ -119.293065315910724, 35.493292409003132 ], [ -119.293230869361295, 35.493475954085746 ] ] } },
{ "type": "Feature", "properties": { "id": "a-00151", "start_id": "fd-00099", "end_id": "fd-02391", "specification": "leadin", "source": "fd-00099", "placement": "ug", "length": 24.34, "duct_group": 7, "duct_assignment": "9" }, "geometry": { "type": "LineString", "coordinates": [ [ -119.293065315910724, 35.493292409003132 ], [ -119.292913258653272, 35.493473092785081 ] ] } },
{ "type": "Feature", "properties": { "id": "a-00152", "start_id": "fd-00100", "end_id": "fd-02385", "specification": "leadin", "source": "fd-00100", "placement": "ug", "length": 27.06, "duct_group": 7, "duct_assignment": "10" }, "geometry": { "type": "LineString", "coordinates": [ [ -119.293073356744145, 35.49314964779046 ], [ -119.293219138334067, 35.492936872804151 ] ] } },
{ "type": "Feature", "properties": { "id": "a-00153", "start_id": "fd-00101", "end_id": "fd-02383", "specification": "leadin", "source": "fd-00101", "placement": "ug", "length": 25.85, "duct_group": 7, "duct_assignment": "11" }, "geometry": { "type": "LineString", "coordinates": [ [ -119.292770986870622, 35.493148559784203 ], [ -119.292620709932947, 35.492950652795933 ] ] } },
{ "type": "Feature", "properties": { "id": "a-00154", "start_id": "fd-00101", "end_id": "fd-02384", "specification": "leadin", "source": "fd-00101", "placement": "ug", "length": 25.84, "duct_group": 7, "duct_assignment": "12" }, "geometry": { "type": "LineString", "coordinates": [ [ -119.292770986870622, 35.493148559784203 ], [ -119.292923099127194, 35.492951707341774 ] ] } },
{ "type": "Feature", "properties": { "id": "a-00155", "start_id": "fd-00102", "end_id": "fd-02430", "specification": "leadin", "source": "fd-00102", "placement": "ug", "length": 21.56, "duct_group": 8, "duct_assignment": "1" }, "geometry": { "type": "LineString", "coordinates": [ [ -119.293497411907595, 35.49600733808407 ], [ -119.29367747841043, 35.496134150808359 ] ] } },
{ "type": "Feature", "properties": { "id": "a-00156", "start_id": "fd-00102", "end_id": "fd-02424", "specification": "leadin", "source": "fd-00102", "placement": "ug", "length": 24.51, "duct_group": 8, "duct_assignment": "2" }, "geometry": { "type": "LineString", "coordinates": [ [ -119.293497411907595, 35.49600733808407 ], [ -119.293717417268468, 35.495879201648982 ] ] } },
{ "type": "Feature", "properties": { "id": "a-00157", "start_id": "fd-00103", "end_id": "fd-01635", "specification": "leadin", "source": "fd-00103", "placement": "ug", "length": 25.15, "duct_group": 8, "duct_assignment": "3" }, "geometry": { "type": "LineString", "coordinates": [ [ -119.293448141298057, 35.496254754928771 ], [ -119.293617586054864, 35.496434058223045 ] ] } },
{ "type": "Feature", "properties": { "id": "a-00158", "start_id": "fd-00104", "end_id": "fd-01611", "specification": "leadin", "source": "fd-00104", "placement": "ug", "length": 24.35, "duct_group": 8, "duct_assignment": "4" }, "geometry": { "type": "LineString", "coordinates": [ [ -119.29323767183395, 35.496759651128471 ], [ -119.29308571614699, 35.496940534583096 ] ] } },
{ "type": "Feature", "properties": { "id": "a-00159", "start_id": "fd-00104", "end_id": "fd-01612", "specification": "leadin", "source": "fd-00104", "placement": "ug", "length": 24.35, "duct_group": 8, "duct_assignment": "5" }, "geometry": { "type": "LineString", "coordinates": [ [ -119.29323767183395, 35.496759651128471 ], [ -119.293388067623169, 35.496941408860152 ] ] } },
{ "type": "Feature", "properties": { "id": "a-00160", "start_id": "fd-00105", "end_id": "fd-01613", "specification": "leadin", "source": "fd-00105", "placement": "ug", "length": 24.35, "duct_group": 8, "duct_assignment": "6" }, "geometry": { "type": "LineString", "coordinates": [ [ -119.293842375211085, 35.496761395704581 ], [ -119.293690418942788, 35.496942281388961 ] ] } },
{ "type": "Feature", "properties": { "id": "a-00161", "start_id": "fd-00105", "end_id": "fd-01614", "specification": "leadin", "source": "fd-00105", "placement": "ug", "length": 25.34, "duct_group": 8, "duct_assignment": "7" }, "geometry": { "type": "LineString", "coordinates": [ [ -119.293842375211085, 35.496761395704581 ], [ -119.294007321570774, 35.496945701876236 ] ] } },
{ "type": "Feature", "properties": { "id": "a-00162", "start_id": "fd-00106", "end_id": "fd-01523", "specification": "leadin", "source": "fd-00106", "placement": "ug", "length": 24.35, "duct_group": 8, "duct_assignment": "8" }, "geometry": { "type": "LineString", "coordinates": [ [ -119.293838644145779, 35.497629542129793 ], [ -119.293686686683131, 35.497810454817973 ] ] } },
{ "type": "Feature", "properties": { "id": "a-00163", "start_id": "fd-00106", "end_id": "fd-01528", "specification": "leadin", "source": "fd-00106", "placement": "ug", "length": 25.34, "duct_group": 8, "duct_assignment": "9" }, "geometry": { "type": "LineString", "coordinates": [ [ -119.293838644145779, 35.497629542129793 ], [ -119.294003580421744, 35.497813863134468 ] ] } },
{ "type": "Feature", "properties": { "id": "a-00164", "start_id": "fd-00107", "end_id": "fd-01510", "specification": "leadin", "source": "fd-00107", "placement": "ug", "length": 24.36, "duct_group": 8, "duct_assignment": "10" }, "geometry": { "type": "LineString", "coordinates": [ [ -119.29323394646218, 35.49762779470462 ], [ -119.293081990495338, 35.497808732637914 ] ] } },
{ "type": "Feature", "properties": { "id": "a-00165", "start_id": "fd-00107", "end_id": "fd-01518", "specification": "leadin", "source": "fd-00107", "placement": "ug", "length": 24.36, "duct_group": 8, "duct_assignment": "11" }, "geometry": { "type": "LineString", "coordinates": [ [ -119.29323394646218, 35.49762779470462 ], [ -119.293384338822278, 35.497809594494356 ] ] } },
{ "type": "Feature", "properties": { "id": "a-00166", "start_id": "fd-00108", "end_id": "fd-02376", "specification": "leadin", "source": "fd-00108", "placement": "ug", "length": 23.8, "duct_group": 9, "duct_assignment": "1" }, "geometry": { "type": "LineString", "coordinates": [ [ -119.290400090470072, 35.495905402439661 ], [ -119.290558739105336, 35.496076174348502 ] ] } },
{ "type": "Feature", "properties": { "id": "a-00167", "start_id": "fd-00108", "end_id": "fd-02375", "specification": "leadin", "source": "fd-00108", "placement": "ug", "length": 23.81, "duct_group": 9, "duct_assignment": "2" }, "geometry": { "type": "LineString", "coordinates": [ [ -119.290400090470072, 35.495905402439661 ], [ -119.290239889483374, 35.496075282077854 ] ] } },
{ "type": "Feature", "properties": { "id": "a-00168", "start_id": "fd-00109", "end_id": "fd-02374", "specification": "leadin", "source": "fd-00109", "placement": "ug", "length": 23.8, "duct_group": 9, "duct_assignment": "3" }, "geometry": { "type": "LineString", "coordinates": [ [ -119.289762390806416, 35.495903615891265 ], [ -119.289921039565868, 35.496074388471193 ] ] } },
{ "type": "Feature", "properties": { "id": "a-00169", "start_id": "fd-00109", "end_id": "fd-02373", "specification": "leadin", "source": "fd-00109", "placement": "ug", "length": 23.81, "duct_group": 9, "duct_assignment": "4" }, "geometry": { "type": "LineString", "coordinates": [ [ -119.289762390806416, 35.495903615891265 ], [ -119.289602189606981, 35.496073494676772 ] ] } },
{ "type": "Feature", "properties": { "id": "a-00170", "start_id": "fd-00110", "end_id": "fd-02372", "specification": "leadin", "source": "fd-00110", "placement": "ug", "length": 23.8, "duct_group": 9, "duct_assignment": "5" }, "geometry": { "type": "LineString", "coordinates": [ [ -119.289124691184639, 35.495901826935643 ], [ -119.289283339412563, 35.496072599998094 ] ] } },
{ "type": "Feature", "properties": { "id": "a-00171", "start_id": "fd-00110", "end_id": "fd-02371", "specification": "leadin", "source": "fd-00110", "placement": "ug", "length": 23.81, "duct_group": 9, "duct_assignment": "6" }, "geometry": { "type": "LineString", "coordinates": [ [ -119.289124691184639, 35.495901826935643 ], [ -119.28896448902195, 35.49607170549541 ] ] } },
{ "type": "Feature", "properties": { "id": "a-00172", "start_id": "fd-00111", "end_id": "fd-02370", "specification": "leadin", "source": "fd-00111", "placement": "ug", "length": 23.8, "duct_group": 9, "duct_assignment": "7" }, "geometry": { "type": "LineString", "coordinates": [ [ -119.28848699054511, 35.495900038287914 ], [ -119.288645638523192, 35.496070810944396 ] ] } },
{ "type": "Feature", "properties": { "id": "a-00173", "start_id": "fd-00111", "end_id": "fd-02369", "specification": "leadin", "source": "fd-00111", "placement": "ug", "length": 23.81, "duct_group": 9, "duct_assignment": "8" }, "geometry": { "type": "LineString", "coordinates": [ [ -119.28848699054511, 35.495900038287914 ], [ -119.288326787863298, 35.496069917359186 ] ] } },
{ "type": "Feature", "properties": { "id": "a-00174", "start_id": "fd-00112", "end_id": "fd-02368", "specification": "leadin", "source": "fd-00112", "placement": "ug", "length": 23.8, "duct_group": 9, "duct_assignment": "9" }, "geometry": { "type": "LineString", "coordinates": [ [ -119.287849288930218, 35.495898252651791 ], [ -119.288007936594624, 35.496069024327724 ] ] } },
{ "type": "Feature", "properties": { "id": "a-00175", "start_id": "fd-00113", "end_id": "fd-02367", "specification": "leadin", "source": "fd-00113", "placement": "ug", "length": 23.8, "duct_group": 9, "duct_assignment": "10" }, "geometry": { "type": "LineString", "coordinates": [ [ -119.287530437652734, 35.495897363104859 ], [ -119.287689085285734, 35.496068133468945 ] ] } },
{ "type": "Feature", "properties": { "id": "a-00176", "start_id": "fd-00113", "end_id": "fd-02366", "specification": "leadin", "source": "fd-00113", "placement": "ug", "length": 21.0, "duct_group": 9, "duct_assignment": "11" }, "geometry": { "type": "LineString", "coordinates": [ [ -119.287530437652734, 35.495897363104859 ], [ -119.287437704227372, 35.496070781001869 ] ] } },
{ "type": "Feature", "properties": { "id": "a-00177", "start_id": "fd-00114", "end_id": "fd-02427", "specification": "leadin", "source": "fd-00114", "placement": "ug", "length": 23.66, "duct_group": 10, "duct_assignment": "1" }, "geometry": { "type": "LineString", "coordinates": [ [ -119.29230554094751, 35.495910362052157 ], [ -119.292461333176348, 35.496081335556831 ] ] } },
{ "type": "Feature", "properties": { "id": "a-00178", "start_id": "fd-00114", "end_id": "fd-02426", "specification": "leadin", "source": "fd-00114", "placement": "ug", "length": 23.69, "duct_group": 10, "duct_assignment": "2" }, "geometry": { "type": "LineString", "coordinates": [ [ -119.29230554094751, 35.495910362052157 ], [ -119.292147761273142, 35.496080499079909 ] ] } },
{ "type": "Feature", "properties": { "id": "a-00179", "start_id": "fd-00115", "end_id": "fd-01442", "specification": "leadin", "source": "fd-00115", "placement": "ug", "length": 17.78, "duct_group": 0, "duct_assignment": "1" }, "geometry": { "type": "LineString", "coordinates": [ [ -119.289211735171321, 35.497348466823567 ], [ -119.289110341191005, 35.497485527790793 ] ] } },
{ "type": "Feature", "properties": { "id": "a-00180", "start_id": "fd-00115", "end_id": "fd-01441", "specification": "leadin", "source": "fd-00115", "placement": "ug", "length": 17.78, "duct_group": 0, "duct_assignment": "2" }, "geometry": { "type": "LineString", "coordinates": [ [ -119.289211735171321, 35.497348466823567 ], [ -119.289311874600514, 35.497486165649292 ] ] } },
{ "type": "Feature", "properties": { "id": "a-00181", "start_id": "fd-00116", "end_id": "fd-01443", "specification": "leadin", "source": "fd-00116", "placement": "ug", "length": 17.78, "duct_group": 0, "duct_assignment": "3" }, "geometry": { "type": "LineString", "coordinates": [ [ -119.28880863777664, 35.497347186029351 ], [ -119.288908797136557, 35.497484889053517 ] ] } },
{ "type": "Feature", "properties": { "id": "a-00182", "start_id": "fd-00116", "end_id": "fd-01444", "specification": "leadin", "source": "fd-00116", "placement": "ug", "length": 18.1, "duct_group": 0, "duct_assignment": "4" }, "geometry": { "type": "LineString", "coordinates": [ [ -119.28880863777664, 35.497347186029351 ], [ -119.288700521496509, 35.497484228197926 ] ] } },
{ "type": "Feature", "properties": { "id": "a-00183", "start_id": "fd-00117", "end_id": "fd-01446", "specification": "leadin", "source": "fd-00117", "placement": "ug", "length": 18.33, "duct_group": 0, "duct_assignment": "5" }, "geometry": { "type": "LineString", "coordinates": [ [ -119.288392046284329, 35.497345861485854 ], [ -119.288284185468058, 35.497485517552818 ] ] } },
{ "type": "Feature", "properties": { "id": "a-00184", "start_id": "fd-00117", "end_id": "fd-01445", "specification": "leadin", "source": "fd-00117", "placement": "ug", "length": 17.78, "duct_group": 0, "duct_assignment": "6" }, "geometry": { "type": "LineString", "coordinates": [ [ -119.288392046284329, 35.497345861485854 ], [ -119.28849222988741, 35.497483567141586 ] ] } },
{ "type": "Feature", "properties": { "id": "a-00185", "start_id": "fd-00118", "end_id": "fd-01463", "specification": "leadin", "source": "fd-00118", "placement": "ug", "length": 18.6, "duct_group": 0, "duct_assignment": "7" }, "geometry": { "type": "LineString", "coordinates": [ [ -119.288171731503809, 35.497790724385567 ], [ -119.288348468342065, 35.497705890669245 ] ] } },
{ "type": "Feature", "properties": { "id": "a-00186", "start_id": "fd-00118", "end_id": "fd-01464", "specification": "leadin", "source": "fd-00118", "placement": "ug", "length": 20.44, "duct_group": 0, "duct_assignment": "8" }, "geometry": { "type": "LineString", "coordinates": [ [ -119.288171731503809, 35.497790724385567 ], [ -119.288371695196517, 35.49787561460839 ] ] } },
{ "type": "Feature", "properties": { "id": "a-00187", "start_id": "fd-00119", "end_id": "fd-01465", "specification": "leadin", "source": "fd-00119", "placement": "ug", "length": 18.38, "duct_group": 0, "duct_assignment": "9" }, "geometry": { "type": "LineString", "coordinates": [ [ -119.288202143880284, 35.498055561006694 ], [ -119.288398029539863, 35.49809765026275 ] ] } },
{ "type": "Feature", "properties": { "id": "a-00188", "start_id": "fd-00119", "end_id": "fd-01466", "specification": "leadin", "source": "fd-00119", "placement": "ug", "length": 19.06, "duct_group": 0, "duct_assignment": "10" }, "geometry": { "type": "LineString", "coordinates": [ [ -119.288202143880284, 35.498055561006694 ], [ -119.288245340835886, 35.498223626508732 ] ] } },
{ "type": "Feature", "properties": { "id": "a-00189", "start_id": "fd-00120", "end_id": "fd-01467", "specification": "leadin", "source": "fd-00120", "placement": "ug", "length": 19.13, "duct_group": 0, "duct_assignment": "11" }, "geometry": { "type": "LineString", "coordinates": [ [ -119.287977041824831, 35.498054415525239 ], [ -119.28793091233274, 35.498222606079558 ] ] } },
{ "type": "Feature", "properties": { "id": "a-00190", "start_id": "fd-00120", "end_id": "fd-01468", "specification": "leadin", "source": "fd-00120", "placement": "ug", "length": 18.67, "duct_group": 0, "duct_assignment": "12" }, "geometry": { "type": "LineString", "coordinates": [ [ -119.287977041824831, 35.498054415525239 ], [ -119.287776087193507, 35.498090535633473 ] ] } },
{ "type": "Feature", "properties": { "id": "a-00191", "start_id": "fd-00121", "end_id": "fd-01571", "specification": "leadin", "source": "fd-00121", "placement": "ug", "length": 18.17, "duct_group": 1, "duct_assignment": "1" }, "geometry": { "type": "LineString", "coordinates": [ [ -119.287782841873508, 35.496654437569532 ], [ -119.287883038511467, 35.496796204542981 ] ] } },
{ "type": "Feature", "properties": { "id": "a-00192", "start_id": "fd-00122", "end_id": "fd-01570", "specification": "leadin", "source": "fd-00122", "placement": "ug", "length": 18.48, "duct_group": 1, "duct_assignment": "2" }, "geometry": { "type": "LineString", "coordinates": [ [ -119.287567746120374, 35.496653844540305 ], [ -119.287674666158452, 35.496795609980879 ] ] } },
{ "type": "Feature", "properties": { "id": "a-00193", "start_id": "fd-00123", "end_id": "fd-01588", "specification": "leadin", "source": "fd-00123", "placement": "ug", "length": 18.04, "duct_group": 1, "duct_assignment": "3" }, "geometry": { "type": "LineString", "coordinates": [ [ -119.287331961556802, 35.496936294790132 ], [ -119.287499277422526, 35.497024139430458 ] ] } },
{ "type": "Feature", "properties": { "id": "a-00194", "start_id": "fd-00123", "end_id": "fd-01569", "specification": "leadin", "source": "fd-00123", "placement": "ug", "length": 18.88, "duct_group": 1, "duct_assignment": "4" }, "geometry": { "type": "LineString", "coordinates": [ [ -119.287331961556802, 35.496936294790132 ], [ -119.287451977437101, 35.496797333517115 ] ] } },
{ "type": "Feature", "properties": { "id": "a-00195", "start_id": "fd-00124", "end_id": "fd-01586", "specification": "leadin", "source": "fd-00124", "placement": "ug", "length": 17.78, "duct_group": 1, "duct_assignment": "5" }, "geometry": { "type": "LineString", "coordinates": [ [ -119.287327641186948, 35.497286162725693 ], [ -119.287494745880551, 35.497369854339183 ] ] } },
{ "type": "Feature", "properties": { "id": "a-00196", "start_id": "fd-00124", "end_id": "fd-01587", "specification": "leadin", "source": "fd-00124", "placement": "ug", "length": 18.11, "duct_group": 1, "duct_assignment": "6" }, "geometry": { "type": "LineString", "coordinates": [ [ -119.287327641186948, 35.497286162725693 ], [ -119.28749683648698, 35.497199529984776 ] ] } },
{ "type": "Feature", "properties": { "id": "a-00197", "start_id": "fd-00125", "end_id": "fd-01295", "specification": "leadin", "source": "fd-00125", "placement": "ug", "length": 18.12, "duct_group": 1, "duct_assignment": "7" }, "geometry": { "type": "LineString", "coordinates": [ [ -119.287323437586579, 35.497626809204185 ], [ -119.287492657927146, 35.497540185373879 ] ] } },
{ "type": "Feature", "properties": { "id": "a-00198", "start_id": "fd-00125", "end_id": "fd-01294", "specification": "leadin", "source": "fd-00125", "placement": "ug", "length": 17.79, "duct_group": 1, "duct_assignment": "8" }, "geometry": { "type": "LineString", "coordinates": [ [ -119.287323437586579, 35.497626809204185 ], [ -119.287490573511732, 35.497710524994545 ] ] } },
{ "type": "Feature", "properties": { "id": "a-00199", "start_id": "fd-00126", "end_id": "fd-01291", "specification": "leadin", "source": "fd-00126", "placement": "ug", "length": 34.69, "duct_group": 1, "duct_assignment": "9" }, "geometry": { "type": "LineString", "coordinates": [ [ -119.287319413349792, 35.497953714971366 ], [ -119.287483831528121, 35.498235902168886 ] ] } },
{ "type": "Feature", "properties": { "id": "a-00200", "start_id": "fd-00126", "end_id": "fd-01293", "specification": "leadin", "source": "fd-00126", "placement": "ug", "length": 17.72, "duct_group": 1, "duct_assignment": "10" }, "geometry": { "type": "LineString", "coordinates": [ [ -119.287319413349792, 35.497953714971366 ], [ -119.287489046148352, 35.497874696871371 ] ] } },
{ "type": "Feature", "properties": { "id": "a-00201", "start_id": "fd-00126", "end_id": "fd-01292", "specification": "leadin", "source": "fd-00126", "placement": "ug", "length": 18.64, "duct_group": 1, "duct_assignment": "11" }, "geometry": { "type": "LineString", "coordinates": [ [ -119.287319413349792, 35.497953714971366 ], [ -119.287486005915568, 35.498051943867921 ] ] } },
{ "type": "Feature", "properties": { "id": "a-00202", "start_id": "fd-00127", "end_id": "fd-01599", "specification": "leadin", "source": "fd-00127", "placement": "ug", "length": 18.48, "duct_group": 2, "duct_assignment": "1" }, "geometry": { "type": "LineString", "coordinates": [ [ -119.290924926863255, 35.497221853491538 ], [ -119.29103617603954, 35.497082319990348 ] ] } },
{ "type": "Feature", "properties": { "id": "a-00203", "start_id": "fd-00127", "end_id": "fd-01600", "specification": "leadin", "source": "fd-00127", "placement": "ug", "length": 17.78, "duct_group": 2, "duct_assignment": "2" }, "geometry": { "type": "LineString", "coordinates": [ [ -119.290924926863255, 35.497221853491538 ], [ -119.290824769044292, 35.497084189701901 ] ] } },
{ "type": "Feature", "properties": { "id": "a-00204", "start_id": "fd-00128", "end_id": "fd-01594", "specification": "leadin", "source": "fd-00128", "placement": "ug", "length": 18.88, "duct_group": 2, "duct_assignment": "3" }, "geometry": { "type": "LineString", "coordinates": [ [ -119.290927471760156, 35.496664184063057 ], [ -119.29103747433733, 35.496808557937236 ] ] } },
{ "type": "Feature", "properties": { "id": "a-00205", "start_id": "fd-00128", "end_id": "fd-01595", "specification": "leadin", "source": "fd-00128", "placement": "ug", "length": 18.48, "duct_group": 2, "duct_assignment": "4" }, "geometry": { "type": "LineString", "coordinates": [ [ -119.290927471760156, 35.496664184063057 ], [ -119.290819335115216, 35.496805329627087 ] ] } },
{ "type": "Feature", "properties": { "id": "a-00206", "start_id": "fd-00129", "end_id": "fd-01596", "specification": "leadin", "source": "fd-00129", "placement": "ug", "length": 18.48, "duct_group": 2, "duct_assignment": "5" }, "geometry": { "type": "LineString", "coordinates": [ [ -119.290497462656859, 35.496662838160326 ], [ -119.290604321973262, 35.496804656467837 ] ] } },
{ "type": "Feature", "properties": { "id": "a-00207", "start_id": "fd-00129", "end_id": "fd-01597", "specification": "leadin", "source": "fd-00129", "placement": "ug", "length": 21.4, "duct_group": 2, "duct_assignment": "6" }, "geometry": { "type": "LineString", "coordinates": [ [ -119.290497462656859, 35.496662838160326 ], [ -119.290373222426169, 35.496826727371094 ] ] } },
{ "type": "Feature", "properties": { "id": "a-00208", "start_id": "fd-00130", "end_id": "fd-01598", "specification": "leadin", "source": "fd-00130", "placement": "ug", "length": 20.56, "duct_group": 2, "duct_assignment": "7" }, "geometry": { "type": "LineString", "coordinates": [ [ -119.290141814402887, 35.496655578674833 ], [ -119.290043137848954, 35.496822362364981 ] ] } },
{ "type": "Feature", "properties": { "id": "a-00209", "start_id": "fd-00130", "end_id": "fd-01657", "specification": "leadin", "source": "fd-00130", "placement": "ug", "length": 34.51, "duct_group": 2, "duct_assignment": "8" }, "geometry": { "type": "LineString", "coordinates": [ [ -119.290141814402887, 35.496655578674833 ], [ -119.290083989737198, 35.496348192372579 ] ] } },
{ "type": "Feature", "properties": { "id": "a-00210", "start_id": "fd-00130", "end_id": "fd-01658", "specification": "leadin", "source": "fd-00130", "placement": "ug", "length": 20.43, "duct_group": 2, "duct_assignment": "9" }, "geometry": { "type": "LineString", "coordinates": [ [ -119.290141814402887, 35.496655578674833 ], [ -119.289951276585157, 35.496557445733607 ] ] } },
{ "type": "Feature", "properties": { "id": "a-00211", "start_id": "fd-00131", "end_id": "fd-01654", "specification": "leadin", "source": "fd-00131", "placement": "ug", "length": 18.58, "duct_group": 2, "duct_assignment": "10" }, "geometry": { "type": "LineString", "coordinates": [ [ -119.290689083874824, 35.496531558543111 ], [ -119.290796639468795, 35.496389039936474 ] ] } },
{ "type": "Feature", "properties": { "id": "a-00212", "start_id": "fd-00132", "end_id": "fd-01655", "specification": "leadin", "source": "fd-00132", "placement": "ug", "length": 18.24, "duct_group": 2, "duct_assignment": "11" }, "geometry": { "type": "LineString", "coordinates": [ [ -119.290487515303568, 35.4965309322303 ], [ -119.290588684689553, 35.496388916174105 ] ] } },
{ "type": "Feature", "properties": { "id": "a-00213", "start_id": "fd-00132", "end_id": "fd-01656", "specification": "leadin", "source": "fd-00132", "placement": "ug", "length": 20.09, "duct_group": 2, "duct_assignment": "12" }, "geometry": { "type": "LineString", "coordinates": [ [ -119.290487515303568, 35.4965309322303 ], [ -119.290382774601269, 35.496371458934199 ] ] } },
{ "type": "Feature", "properties": { "id": "a-00214", "start_id": "fd-00133", "end_id": "fd-01590", "specification": "leadin", "source": "fd-00133", "placement": "ug", "length": 15.86, "duct_group": 3, "duct_assignment": "1" }, "geometry": { "type": "LineString", "coordinates": [ [ -119.289531396796036, 35.496753223889996 ], [ -119.289657428075458, 35.496852217276981 ] ] } },
{ "type": "Feature", "properties": { "id": "a-00215", "start_id": "fd-00134", "end_id": "fd-01606", "specification": "leadin", "source": "fd-00134", "placement": "ug", "length": 18.3, "duct_group": 4, "duct_assignment": "1" }, "geometry": { "type": "LineString", "coordinates": [ [ -119.289685251896259, 35.497218049883131 ], [ -119.289578362745971, 35.497078153230795 ] ] } },
{ "type": "Feature", "properties": { "id": "a-00216", "start_id": "fd-00134", "end_id": "fd-01605", "specification": "leadin", "source": "fd-00134", "placement": "ug", "length": 17.78, "duct_group": 4, "duct_assignment": "2" }, "geometry": { "type": "LineString", "coordinates": [ [ -119.289685251896259, 35.497218049883131 ], [ -119.289786667627567, 35.497080983763979 ] ] } },
{ "type": "Feature", "properties": { "id": "a-00217", "start_id": "fd-00135", "end_id": "fd-01604", "specification": "leadin", "source": "fd-00135", "placement": "ug", "length": 17.78, "duct_group": 4, "duct_assignment": "3" }, "geometry": { "type": "LineString", "coordinates": [ [ -119.290088326305096, 35.497219307305571 ], [ -119.289988214808162, 35.497081611988961 ] ] } },
{ "type": "Feature", "properties": { "id": "a-00218", "start_id": "fd-00135", "end_id": "fd-01603", "specification": "leadin", "source": "fd-00135", "placement": "ug", "length": 17.78, "duct_group": 4, "duct_assignment": "4" }, "geometry": { "type": "LineString", "coordinates": [ [ -119.290088326305096, 35.497219307305571 ], [ -119.29018977279641, 35.497082236232849 ] ] } },
{ "type": "Feature", "properties": { "id": "a-00219", "start_id": "fd-00136", "end_id": "fd-01437", "specification": "leadin", "source": "fd-00136", "placement": "ug", "length": 18.7, "duct_group": 4, "duct_assignment": "5" }, "geometry": { "type": "LineString", "coordinates": [ [ -119.290031271759318, 35.497351051167755 ], [ -119.290146480043873, 35.497490812505376 ] ] } },
{ "type": "Feature", "properties": { "id": "a-00220", "start_id": "fd-00136", "end_id": "fd-01438", "specification": "leadin", "source": "fd-00136", "placement": "ug", "length": 17.78, "duct_group": 4, "duct_assignment": "6" }, "geometry": { "type": "LineString", "coordinates": [ [ -119.290031271759318, 35.497351051167755 ], [ -119.289929857959777, 35.49748811562602 ] ] } },
{ "type": "Feature", "properties": { "id": "a-00221", "start_id": "fd-00137", "end_id": "fd-01602", "specification": "leadin", "source": "fd-00137", "placement": "ug", "length": 18.52, "duct_group": 4, "duct_assignment": "7" }, "geometry": { "type": "LineString", "coordinates": [ [ -119.290521713953794, 35.497220624603727 ], [ -119.29040646611351, 35.497082901923193 ] ] } },
{ "type": "Feature", "properties": { "id": "a-00222", "start_id": "fd-00137", "end_id": "fd-01601", "specification": "leadin", "source": "fd-00137", "placement": "ug", "length": 17.78, "duct_group": 4, "duct_assignment": "8" }, "geometry": { "type": "LineString", "coordinates": [ [ -119.290521713953794, 35.497220624603727 ], [ -119.290623174829264, 35.497083565987388 ] ] } },
{ "type": "Feature", "properties": { "id": "a-00223", "start_id": "fd-00138", "end_id": "fd-01583", "specification": "leadin", "source": "fd-00138", "placement": "ug", "length": 18.3, "duct_group": 5, "duct_assignment": "1" }, "geometry": { "type": "LineString", "coordinates": [ [ -119.289087407215746, 35.497216184041449 ], [ -119.289195584016383, 35.497076970172877 ] ] } },
{ "type": "Feature", "properties": { "id": "a-00224", "start_id": "fd-00138", "end_id": "fd-01582", "specification": "leadin", "source": "fd-00138", "placement": "ug", "length": 17.78, "duct_group": 5, "duct_assignment": "2" }, "geometry": { "type": "LineString", "coordinates": [ [ -119.289087407215746, 35.497216184041449 ], [ -119.288987245797927, 35.497078487107899 ] ] } },
{ "type": "Feature", "properties": { "id": "a-00225", "start_id": "fd-00139", "end_id": "fd-01581", "specification": "leadin", "source": "fd-00139", "placement": "ug", "length": 17.77, "duct_group": 5, "duct_assignment": "3" }, "geometry": { "type": "LineString", "coordinates": [ [ -119.288684285110591, 35.497214902203986 ], [ -119.288785679628646, 35.497077848169482 ] ] } },
{ "type": "Feature", "properties": { "id": "a-00226", "start_id": "fd-00139", "end_id": "fd-01580", "specification": "leadin", "source": "fd-00139", "placement": "ug", "length": 17.78, "duct_group": 5, "duct_assignment": "4" }, "geometry": { "type": "LineString", "coordinates": [ [ -119.288684285110591, 35.497214902203986 ], [ -119.288584101371868, 35.497077209851135 ] ] } },
{ "type": "Feature", "properties": { "id": "a-00227", "start_id": "fd-00140", "end_id": "fd-01579", "specification": "leadin", "source": "fd-00140", "placement": "ug", "length": 19.2, "duct_group": 5, "duct_assignment": "5" }, "geometry": { "type": "LineString", "coordinates": [ [ -119.288473034507973, 35.497214231668096 ], [ -119.288372451912807, 35.497062045357296 ] ] } },
{ "type": "Feature", "properties": { "id": "a-00228", "start_id": "fd-00141", "end_id": "fd-01584", "specification": "leadin", "source": "fd-00141", "placement": "ug", "length": 23.72, "duct_group": 5, "duct_assignment": "6" }, "geometry": { "type": "LineString", "coordinates": [ [ -119.288091169558342, 35.497200968376447 ], [ -119.287869073647428, 35.497088272589835 ] ] } },
{ "type": "Feature", "properties": { "id": "a-00229", "start_id": "fd-00141", "end_id": "fd-01578", "specification": "leadin", "source": "fd-00141", "placement": "ug", "length": 17.44, "duct_group": 5, "duct_assignment": "7" }, "geometry": { "type": "LineString", "coordinates": [ [ -119.288091169558342, 35.497200968376447 ], [ -119.288129362038887, 35.497046897424539 ] ] } },
{ "type": "Feature", "properties": { "id": "a-00230", "start_id": "fd-00142", "end_id": "fd-01585", "specification": "leadin", "source": "fd-00142", "placement": "ug", "length": 19.59, "duct_group": 5, "duct_assignment": "8" }, "geometry": { "type": "LineString", "coordinates": [ [ -119.287948672662822, 35.497427523846653 ], [ -119.287797306723434, 35.497301683204412 ] ] } },
{ "type": "Feature", "properties": { "id": "a-00231", "start_id": "fd-00142", "end_id": "fd-01290", "specification": "leadin", "source": "fd-00142", "placement": "ug", "length": 15.29, "duct_group": 5, "duct_assignment": "9" }, "geometry": { "type": "LineString", "coordinates": [ [ -119.287948672662822, 35.497427523846653 ], [ -119.287818435057929, 35.497514973822376 ] ] } },
{ "type": "Feature", "properties": { "id": "a-00232", "start_id": "fd-00143", "end_id": "fd-01469", "specification": "leadin", "source": "fd-00143", "placement": "ug", "length": 18.4, "duct_group": 5, "duct_assignment": "10" }, "geometry": { "type": "LineString", "coordinates": [ [ -119.288010532936497, 35.497767830500329 ], [ -119.287834974215855, 35.497684904265299 ] ] } },
{ "type": "Feature", "properties": { "id": "a-00233", "start_id": "fd-00143", "end_id": "fd-01289", "specification": "leadin", "source": "fd-00143", "placement": "ug", "length": 20.07, "duct_group": 5, "duct_assignment": "11" }, "geometry": { "type": "LineString", "coordinates": [ [ -119.288010532936497, 35.497767830500329 ], [ -119.287818037074516, 35.497856875560579 ] ] } },
{ "type": "Feature", "properties": { "id": "a-00234", "start_id": "fd-00144", "end_id": "fd-01440", "specification": "leadin", "source": "fd-00144", "placement": "ug", "length": 17.78, "duct_group": 6, "duct_assignment": "1" }, "geometry": { "type": "LineString", "coordinates": [ [ -119.289614795052472, 35.497349743084023 ], [ -119.289513398590103, 35.49748680279766 ] ] } },
{ "type": "Feature", "properties": { "id": "a-00235", "start_id": "fd-00144", "end_id": "fd-01439", "specification": "leadin", "source": "fd-00144", "placement": "ug", "length": 18.1, "duct_group": 6, "duct_assignment": "2" }, "geometry": { "type": "LineString", "coordinates": [ [ -119.289614795052472, 35.497349743084023 ], [ -119.289721631764039, 35.497487460028488 ] ] } },
{ "type": "Feature", "properties": { "id": "a-00236", "start_id": "fd-00145", "end_id": "fd-01470", "specification": "leadin", "source": "fd-00145", "placement": "ug", "length": 19.97, "duct_group": 6, "duct_assignment": "3" }, "geometry": { "type": "LineString", "coordinates": [ [ -119.290709918998573, 35.497353095990711 ], [ -119.290569704733997, 35.497491776822557 ] ] } },
{ "type": "Feature", "properties": { "id": "a-00237", "start_id": "fd-00146", "end_id": "fd-01566", "specification": "leadin", "source": "fd-00146", "placement": "ug", "length": 19.77, "duct_group": 6, "duct_assignment": "4" }, "geometry": { "type": "LineString", "coordinates": [ [ -119.290961747330755, 35.497391449430921 ], [ -119.291131794301734, 35.497502827309781 ] ] } },
{ "type": "Feature", "properties": { "id": "a-00238", "start_id": "fd-00146", "end_id": "fd-01471", "specification": "leadin", "source": "fd-00146", "placement": "ug", "length": 16.36, "duct_group": 6, "duct_assignment": "5" }, "geometry": { "type": "LineString", "coordinates": [ [ -119.290961747330755, 35.497391449430921 ], [ -119.290832563342661, 35.497494253260456 ] ] } },
{ "type": "Feature", "properties": { "id": "a-00239", "start_id": "fd-00147", "end_id": "fd-01567", "specification": "leadin", "source": "fd-00147", "placement": "ug", "length": 15.66, "duct_group": 6, "duct_assignment": "6" }, "geometry": { "type": "LineString", "coordinates": [ [ -119.291372950498683, 35.497122181454259 ], [ -119.291499904015609, 35.497217815165229 ] ] } },
{ "type": "Feature", "properties": { "id": "a-00240", "start_id": "fd-00147", "end_id": "fd-01591", "specification": "leadin", "source": "fd-00147", "placement": "ug", "length": 15.2, "duct_group": 6, "duct_assignment": "7" }, "geometry": { "type": "LineString", "coordinates": [ [ -119.291372950498683, 35.497122181454259 ], [ -119.291501145687405, 35.497034004137767 ] ] } },
{ "type": "Feature", "properties": { "id": "a-00241", "start_id": "fd-00148", "end_id": "fd-01592", "specification": "leadin", "source": "fd-00148", "placement": "ug", "length": 15.16, "duct_group": 6, "duct_assignment": "8" }, "geometry": { "type": "LineString", "coordinates": [ [ -119.291370874937726, 35.496784439907898 ], [ -119.291499822393391, 35.496871361856137 ] ] } },
{ "type": "Feature", "properties": { "id": "a-00242", "start_id": "fd-00149", "end_id": "fd-01651", "specification": "leadin", "source": "fd-00149", "placement": "ug", "length": 24.28, "duct_group": 6, "duct_assignment": "9" }, "geometry": { "type": "LineString", "coordinates": [ [ -119.291349679468183, 35.496628981138493 ], [ -119.291511856479801, 35.496454992199503 ] ] } },
{ "type": "Feature", "properties": { "id": "a-00243", "start_id": "fd-00149", "end_id": "fd-01593", "specification": "leadin", "source": "fd-00149", "placement": "ug", "length": 17.42, "duct_group": 6, "duct_assignment": "10" }, "geometry": { "type": "LineString", "coordinates": [ [ -119.291349679468183, 35.496628981138493 ], [ -119.291526348307869, 35.496690356946061 ] ] } },
{ "type": "Feature", "properties": { "id": "a-00244", "start_id": "fd-00150", "end_id": "fd-01652", "specification": "leadin", "source": "fd-00150", "placement": "ug", "length": 19.73, "duct_group": 6, "duct_assignment": "11" }, "geometry": { "type": "LineString", "coordinates": [ [ -119.291263924946534, 35.496537706309894 ], [ -119.291289040961416, 35.496361069544683 ] ] } },
{ "type": "Feature", "properties": { "id": "a-00245", "start_id": "fd-00151", "end_id": "fd-01653", "specification": "leadin", "source": "fd-00151", "placement": "ug", "length": 16.33, "duct_group": 6, "duct_assignment": "12" }, "geometry": { "type": "LineString", "coordinates": [ [ -119.291126052134899, 35.496485006259142 ], [ -119.291017096364484, 35.496367933389131 ] ] } },
{ "type": "Feature", "properties": { "id": "a-00246", "start_id": "fd-00152", "end_id": "fd-01589", "specification": "leadin", "source": "fd-00152", "placement": "ug", "length": 17.57, "duct_group": 7, "duct_assignment": "1" }, "geometry": { "type": "LineString", "coordinates": [ [ -119.289496577327284, 35.496608534117961 ], [ -119.289685498171693, 35.49664328166282 ] ] } },
{ "type": "Feature", "properties": { "id": "a-00247", "start_id": "fd-00152", "end_id": "fd-01650", "specification": "leadin", "source": "fd-00152", "placement": "ug", "length": 24.88, "duct_group": 7, "duct_assignment": "2" }, "geometry": { "type": "LineString", "coordinates": [ [ -119.289496577327284, 35.496608534117961 ], [ -119.289643080339943, 35.496419008603461 ] ] } },
{ "type": "Feature", "properties": { "id": "a-00248", "start_id": "fd-00153", "end_id": "fd-01648", "specification": "leadin", "source": "fd-00153", "placement": "ug", "length": 16.2, "duct_group": 7, "duct_assignment": "3" }, "geometry": { "type": "LineString", "coordinates": [ [ -119.289260210714176, 35.496476579605392 ], [ -119.289144928956873, 35.49636509786604 ] ] } },
{ "type": "Feature", "properties": { "id": "a-00249", "start_id": "fd-00153", "end_id": "fd-01649", "specification": "leadin", "source": "fd-00153", "placement": "ug", "length": 19.09, "duct_group": 7, "duct_assignment": "4" }, "geometry": { "type": "LineString", "coordinates": [ [ -119.289260210714176, 35.496476579605392 ], [ -119.289407775089273, 35.496353905808711 ] ] } },
{ "type": "Feature", "properties": { "id": "a-00250", "start_id": "fd-00154", "end_id": "fd-01646", "specification": "leadin", "source": "fd-00154", "placement": "ug", "length": 18.23, "duct_group": 7, "duct_assignment": "5" }, "geometry": { "type": "LineString", "coordinates": [ [ -119.288824967925862, 35.496525752695213 ], [ -119.288724584282249, 35.496383403088721 ] ] } },
{ "type": "Feature", "properties": { "id": "a-00251", "start_id": "fd-00154", "end_id": "fd-01647", "specification": "leadin", "source": "fd-00154", "placement": "ug", "length": 18.22, "duct_group": 7, "duct_assignment": "6" }, "geometry": { "type": "LineString", "coordinates": [ [ -119.288824967925862, 35.496525752695213 ], [ -119.288926147811665, 35.496383977470551 ] ] } },
{ "type": "Feature", "properties": { "id": "a-00252", "start_id": "fd-00155", "end_id": "fd-01645", "specification": "leadin", "source": "fd-00155", "placement": "ug", "length": 18.52, "duct_group": 7, "duct_assignment": "7" }, "geometry": { "type": "LineString", "coordinates": [ [ -119.288408345924509, 35.496524466427935 ], [ -119.28851628516685, 35.496382790446667 ] ] } },
{ "type": "Feature", "properties": { "id": "a-00253", "start_id": "fd-00155", "end_id": "fd-01644", "specification": "leadin", "source": "fd-00155", "placement": "ug", "length": 18.23, "duct_group": 7, "duct_assignment": "8" }, "geometry": { "type": "LineString", "coordinates": [ [ -119.288408345924509, 35.496524466427935 ], [ -119.288307981105348, 35.496382179833418 ] ] } },
{ "type": "Feature", "properties": { "id": "a-00254", "start_id": "fd-00156", "end_id": "fd-01643", "specification": "leadin", "source": "fd-00156", "placement": "ug", "length": 18.52, "duct_group": 7, "duct_assignment": "9" }, "geometry": { "type": "LineString", "coordinates": [ [ -119.287991692372685, 35.496523204317938 ], [ -119.288099673371235, 35.496381573752465 ] ] } },
{ "type": "Feature", "properties": { "id": "a-00255", "start_id": "fd-00156", "end_id": "fd-01642", "specification": "leadin", "source": "fd-00156", "placement": "ug", "length": 18.22, "duct_group": 7, "duct_assignment": "10" }, "geometry": { "type": "LineString", "coordinates": [ [ -119.287991692372685, 35.496523204317938 ], [ -119.287891359568263, 35.496380973848481 ] ] } },
{ "type": "Feature", "properties": { "id": "a-00256", "start_id": "fd-00157", "end_id": "fd-01640", "specification": "leadin", "source": "fd-00157", "placement": "ug", "length": 19.47, "duct_group": 7, "duct_assignment": "11" }, "geometry": { "type": "LineString", "coordinates": [ [ -119.287588433525414, 35.496522048350435 ], [ -119.287465692220465, 35.496378114779645 ] ] } },
{ "type": "Feature", "properties": { "id": "a-00257", "start_id": "fd-00157", "end_id": "fd-01641", "specification": "leadin", "source": "fd-00157", "placement": "ug", "length": 18.21, "duct_group": 7, "duct_assignment": "12" }, "geometry": { "type": "LineString", "coordinates": [ [ -119.287588433525414, 35.496522048350435 ], [ -119.287689758138313, 35.496380405096858 ] ] } },
{ "type": "Feature", "properties": { "id": "a-00258", "start_id": "fd-00158", "end_id": "fd-01577", "specification": "leadin", "source": "fd-00158", "placement": "ug", "length": 19.03, "duct_group": 8, "duct_assignment": "1" }, "geometry": { "type": "LineString", "coordinates": [ [ -119.289076450828659, 35.496658407605665 ], [ -119.289189827191805, 35.496802715440502 ] ] } },
{ "type": "Feature", "properties": { "id": "a-00259", "start_id": "fd-00158", "end_id": "fd-01576", "specification": "leadin", "source": "fd-00158", "placement": "ug", "length": 18.48, "duct_group": 8, "duct_assignment": "2" }, "geometry": { "type": "LineString", "coordinates": [ [ -119.289076450828659, 35.496658407605665 ], [ -119.288968323759832, 35.496799558870762 ] ] } },
{ "type": "Feature", "properties": { "id": "a-00260", "start_id": "fd-00159", "end_id": "fd-01574", "specification": "leadin", "source": "fd-00159", "placement": "ug", "length": 18.9, "duct_group": 8, "duct_assignment": "3" }, "geometry": { "type": "LineString", "coordinates": [ [ -119.288646411027841, 35.496657061859274 ], [ -119.288529882757246, 35.496798182936764 ] ] } },
{ "type": "Feature", "properties": { "id": "a-00261", "start_id": "fd-00159", "end_id": "fd-01575", "specification": "leadin", "source": "fd-00159", "placement": "ug", "length": 18.49, "duct_group": 8, "duct_assignment": "4" }, "geometry": { "type": "LineString", "coordinates": [ [ -119.288646411027841, 35.496657061859274 ], [ -119.288753308457871, 35.496798882981757 ] ] } },
{ "type": "Feature", "properties": { "id": "a-00262", "start_id": "fd-00160", "end_id": "fd-01573", "specification": "leadin", "source": "fd-00160", "placement": "ug", "length": 18.49, "duct_group": 8, "duct_assignment": "5" }, "geometry": { "type": "LineString", "coordinates": [ [ -119.288199531041712, 35.496655680190855 ], [ -119.288306443245418, 35.496797488036492 ] ] } },
{ "type": "Feature", "properties": { "id": "a-00263", "start_id": "fd-00160", "end_id": "fd-01572", "specification": "leadin", "source": "fd-00160", "placement": "ug", "length": 18.48, "duct_group": 8, "duct_assignment": "6" }, "geometry": { "type": "LineString", "coordinates": [ [ -119.288199531041712, 35.496655680190855 ], [ -119.288091388719621, 35.496796828951453 ] ] } },
{ "type": "Feature", "properties": { "id": "a-00264", "start_id": "fd-00161", "end_id": "fd-01419", "specification": "leadin", "source": "fd-00161", "placement": "ug", "length": 19.37, "duct_group": 0, "duct_assignment": "1" }, "geometry": { "type": "LineString", "coordinates": [ [ -119.29184782827339, 35.501924725074069 ], [ -119.291738803004904, 35.502074772707367 ] ] } },
{ "type": "Feature", "properties": { "id": "a-00265", "start_id": "fd-00161", "end_id": "fd-01420", "specification": "leadin", "source": "fd-00161", "placement": "ug", "length": 20.43, "duct_group": 0, "duct_assignment": "2" }, "geometry": { "type": "LineString", "coordinates": [ [ -119.29184782827339, 35.501924725074069 ], [ -119.291951240025156, 35.50208831129207 ] ] } },
{ "type": "Feature", "properties": { "id": "a-00266", "start_id": "fd-00162", "end_id": "fd-01418", "specification": "leadin", "source": "fd-00162", "placement": "ug", "length": 19.4, "duct_group": 0, "duct_assignment": "3" }, "geometry": { "type": "LineString", "coordinates": [ [ -119.291249952023406, 35.501920235905402 ], [ -119.291356243913029, 35.502071912432825 ] ] } },
{ "type": "Feature", "properties": { "id": "a-00267", "start_id": "fd-00162", "end_id": "fd-01231", "specification": "leadin", "source": "fd-00162", "placement": "ug", "length": 18.85, "duct_group": 0, "duct_assignment": "4" }, "geometry": { "type": "LineString", "coordinates": [ [ -119.291249952023406, 35.501920235905402 ], [ -119.291147803202207, 35.502068168158409 ] ] } },
{ "type": "Feature", "properties": { "id": "a-00268", "start_id": "fd-00163", "end_id": "fd-01229", "specification": "leadin", "source": "fd-00163", "placement": "ug", "length": 18.85, "duct_group": 0, "duct_assignment": "5" }, "geometry": { "type": "LineString", "coordinates": [ [ -119.290846804859228, 35.501917222429242 ], [ -119.290744633877267, 35.502065162112842 ] ] } },
{ "type": "Feature", "properties": { "id": "a-00269", "start_id": "fd-00163", "end_id": "fd-01230", "specification": "leadin", "source": "fd-00163", "placement": "ug", "length": 18.88, "duct_group": 0, "duct_assignment": "6" }, "geometry": { "type": "LineString", "coordinates": [ [ -119.290846804859228, 35.501917222429242 ], [ -119.290946224767339, 35.502066666743701 ] ] } },
{ "type": "Feature", "properties": { "id": "a-00270", "start_id": "fd-00164", "end_id": "fd-01227", "specification": "leadin", "source": "fd-00164", "placement": "ug", "length": 18.85, "duct_group": 0, "duct_assignment": "7" }, "geometry": { "type": "LineString", "coordinates": [ [ -119.290443612382674, 35.501914198191798 ], [ -119.290341422401312, 35.502062139261191 ] ] } },
{ "type": "Feature", "properties": { "id": "a-00271", "start_id": "fd-00164", "end_id": "fd-01228", "specification": "leadin", "source": "fd-00164", "placement": "ug", "length": 18.88, "duct_group": 0, "duct_assignment": "8" }, "geometry": { "type": "LineString", "coordinates": [ [ -119.290443612382674, 35.501914198191798 ], [ -119.290543032417531, 35.502063653618961 ] ] } },
{ "type": "Feature", "properties": { "id": "a-00272", "start_id": "fd-00165", "end_id": "fd-01225", "specification": "leadin", "source": "fd-00165", "placement": "ug", "length": 25.16, "duct_group": 0, "duct_assignment": "9" }, "geometry": { "type": "LineString", "coordinates": [ [ -119.290040339442754, 35.501916227490661 ], [ -119.289869308831243, 35.502094711781616 ] ] } },
{ "type": "Feature", "properties": { "id": "a-00273", "start_id": "fd-00165", "end_id": "fd-01226", "specification": "leadin", "source": "fd-00165", "placement": "ug", "length": 18.41, "duct_group": 0, "duct_assignment": "10" }, "geometry": { "type": "LineString", "coordinates": [ [ -119.290040339442754, 35.501916227490661 ], [ -119.290139890764181, 35.502060757943909 ] ] } },
{ "type": "Feature", "properties": { "id": "a-00274", "start_id": "fd-00166", "end_id": "fd-01223", "specification": "leadin", "source": "fd-00166", "placement": "ug", "length": 24.12, "duct_group": 0, "duct_assignment": "11" }, "geometry": { "type": "LineString", "coordinates": [ [ -119.289729560515411, 35.501842882715351 ], [ -119.289562720060204, 35.501673651929252 ] ] } },
{ "type": "Feature", "properties": { "id": "a-00275", "start_id": "fd-00166", "end_id": "fd-01224", "specification": "leadin", "source": "fd-00166", "placement": "ug", "length": 24.1, "duct_group": 0, "duct_assignment": "12" }, "geometry": { "type": "LineString", "coordinates": [ [ -119.289729560515411, 35.501842882715351 ], [ -119.289560080676168, 35.502010056005616 ] ] } },
{ "type": "Feature", "properties": { "id": "a-00276", "start_id": "fd-00167", "end_id": "fd-01432", "specification": "leadin", "source": "fd-00167", "placement": "ug", "length": 18.8, "duct_group": 1, "duct_assignment": "1" }, "geometry": { "type": "LineString", "coordinates": [ [ -119.290562846554622, 35.500330027984319 ], [ -119.290463242154814, 35.500181497407183 ] ] } },
{ "type": "Feature", "properties": { "id": "a-00277", "start_id": "fd-00167", "end_id": "fd-01431", "specification": "leadin", "source": "fd-00167", "placement": "ug", "length": 18.83, "duct_group": 1, "duct_assignment": "2" }, "geometry": { "type": "LineString", "coordinates": [ [ -119.290562846554622, 35.500330027984319 ], [ -119.290669079052904, 35.500184209874433 ] ] } },
{ "type": "Feature", "properties": { "id": "a-00278", "start_id": "fd-00168", "end_id": "fd-01423", "specification": "leadin", "source": "fd-00168", "placement": "ug", "length": 19.41, "duct_group": 1, "duct_assignment": "3" }, "geometry": { "type": "LineString", "coordinates": [ [ -119.290575201812118, 35.500461931869978 ], [ -119.290681604663703, 35.500613640077908 ] ] } },
{ "type": "Feature", "properties": { "id": "a-00279", "start_id": "fd-00168", "end_id": "fd-01424", "specification": "leadin", "source": "fd-00168", "placement": "ug", "length": 18.85, "duct_group": 1, "duct_assignment": "4" }, "geometry": { "type": "LineString", "coordinates": [ [ -119.290575201812118, 35.500461931869978 ], [ -119.29047315226066, 35.500609850407564 ] ] } },
{ "type": "Feature", "properties": { "id": "a-00280", "start_id": "fd-00169", "end_id": "fd-01433", "specification": "leadin", "source": "fd-00169", "placement": "ug", "length": 18.7, "duct_group": 1, "duct_assignment": "5" }, "geometry": { "type": "LineString", "coordinates": [ [ -119.290159709078338, 35.500326920292778 ], [ -119.290261673054729, 35.500180427073282 ] ] } },
{ "type": "Feature", "properties": { "id": "a-00281", "start_id": "fd-00169", "end_id": "fd-01434", "specification": "leadin", "source": "fd-00169", "placement": "ug", "length": 19.99, "duct_group": 1, "duct_assignment": "6" }, "geometry": { "type": "LineString", "coordinates": [ [ -119.290159709078338, 35.500326920292778 ], [ -119.290059260832209, 35.500166552204888 ] ] } },
{ "type": "Feature", "properties": { "id": "a-00282", "start_id": "fd-00170", "end_id": "fd-01426", "specification": "leadin", "source": "fd-00170", "placement": "ug", "length": 19.97, "duct_group": 1, "duct_assignment": "7" }, "geometry": { "type": "LineString", "coordinates": [ [ -119.290172052780775, 35.500458831544648 ], [ -119.290068449928512, 35.500617645248099 ] ] } },
{ "type": "Feature", "properties": { "id": "a-00283", "start_id": "fd-00170", "end_id": "fd-01425", "specification": "leadin", "source": "fd-00170", "placement": "ug", "length": 18.89, "duct_group": 1, "duct_assignment": "8" }, "geometry": { "type": "LineString", "coordinates": [ [ -119.290172052780775, 35.500458831544648 ], [ -119.290271574954986, 35.500608304009305 ] ] } },
{ "type": "Feature", "properties": { "id": "a-00284", "start_id": "fd-00171", "end_id": "fd-01429", "specification": "leadin", "source": "fd-00171", "placement": "ug", "length": 23.72, "duct_group": 1, "duct_assignment": "9" }, "geometry": { "type": "LineString", "coordinates": [ [ -119.289820567979831, 35.500297183697995 ], [ -119.289567449569901, 35.500243714257479 ] ] } },
{ "type": "Feature", "properties": { "id": "a-00285", "start_id": "fd-00171", "end_id": "fd-01430", "specification": "leadin", "source": "fd-00171", "placement": "ug", "length": 18.56, "duct_group": 1, "duct_assignment": "10" }, "geometry": { "type": "LineString", "coordinates": [ [ -119.289820567979831, 35.500297183697995 ], [ -119.289782640813314, 35.500132829201959 ] ] } },
{ "type": "Feature", "properties": { "id": "a-00286", "start_id": "fd-00172", "end_id": "fd-01428", "specification": "leadin", "source": "fd-00172", "placement": "ug", "length": 23.78, "duct_group": 1, "duct_assignment": "11" }, "geometry": { "type": "LineString", "coordinates": [ [ -119.289819023260321, 35.500483225049571 ], [ -119.289564384191436, 35.500533997173939 ] ] } },
{ "type": "Feature", "properties": { "id": "a-00287", "start_id": "fd-00172", "end_id": "fd-01427", "specification": "leadin", "source": "fd-00172", "placement": "ug", "length": 18.79, "duct_group": 1, "duct_assignment": "12" }, "geometry": { "type": "LineString", "coordinates": [ [ -119.289819023260321, 35.500483225049571 ], [ -119.289782718144124, 35.500649907382339 ] ] } },
{ "type": "Feature", "properties": { "id": "a-00288", "start_id": "fd-00173", "end_id": "fd-01392", "specification": "leadin", "source": "fd-00173", "placement": "ug", "length": 18.85, "duct_group": 2, "duct_assignment": "1" }, "geometry": { "type": "LineString", "coordinates": [ [ -119.291194912445306, 35.501061455664036 ], [ -119.291296980867358, 35.500913546651752 ] ] } },
{ "type": "Feature", "properties": { "id": "a-00289", "start_id": "fd-00173", "end_id": "fd-01393", "specification": "leadin", "source": "fd-00173", "placement": "ug", "length": 19.71, "duct_group": 2, "duct_assignment": "2" }, "geometry": { "type": "LineString", "coordinates": [ [ -119.291194912445306, 35.501061455664036 ], [ -119.291081854171424, 35.500909839810866 ] ] } },
{ "type": "Feature", "properties": { "id": "a-00290", "start_id": "fd-00174", "end_id": "fd-01403", "specification": "leadin", "source": "fd-00174", "placement": "ug", "length": 18.88, "duct_group": 2, "duct_assignment": "3" }, "geometry": { "type": "LineString", "coordinates": [ [ -119.291109766157419, 35.501192612467484 ], [ -119.291209210463492, 35.501342058628367 ] ] } },
{ "type": "Feature", "properties": { "id": "a-00291", "start_id": "fd-00174", "end_id": "fd-01402", "specification": "leadin", "source": "fd-00174", "placement": "ug", "length": 19.15, "duct_group": 2, "duct_assignment": "4" }, "geometry": { "type": "LineString", "coordinates": [ [ -119.291109766157419, 35.501192612467484 ], [ -119.291000935347469, 35.501340481928821 ] ] } },
{ "type": "Feature", "properties": { "id": "a-00292", "start_id": "fd-00175", "end_id": "fd-01405", "specification": "leadin", "source": "fd-00175", "placement": "ug", "length": 19.18, "duct_group": 2, "duct_assignment": "5" }, "geometry": { "type": "LineString", "coordinates": [ [ -119.291526280652306, 35.501195781140297 ], [ -119.291632428581707, 35.501345271675078 ] ] } },
{ "type": "Feature", "properties": { "id": "a-00293", "start_id": "fd-00175", "end_id": "fd-01404", "specification": "leadin", "source": "fd-00175", "placement": "ug", "length": 19.15, "duct_group": 2, "duct_assignment": "6" }, "geometry": { "type": "LineString", "coordinates": [ [ -119.291526280652306, 35.501195781140297 ], [ -119.291417469514315, 35.50134363766216 ] ] } },
{ "type": "Feature", "properties": { "id": "a-00294", "start_id": "fd-00176", "end_id": "fd-01406", "specification": "leadin", "source": "fd-00176", "placement": "ug", "length": 18.84, "duct_group": 2, "duct_assignment": "7" }, "geometry": { "type": "LineString", "coordinates": [ [ -119.291942719460451, 35.501198969929249 ], [ -119.291840649154395, 35.501346861436886 ] ] } },
{ "type": "Feature", "properties": { "id": "a-00295", "start_id": "fd-00176", "end_id": "fd-01407", "specification": "leadin", "source": "fd-00176", "placement": "ug", "length": 19.43, "duct_group": 2, "duct_assignment": "8" }, "geometry": { "type": "LineString", "coordinates": [ [ -119.291942719460451, 35.501198969929249 ], [ -119.292048716752973, 35.501351089108141 ] ] } },
{ "type": "Feature", "properties": { "id": "a-00296", "start_id": "fd-00177", "end_id": "fd-01401", "specification": "leadin", "source": "fd-00177", "placement": "ug", "length": 19.18, "duct_group": 3, "duct_assignment": "1" }, "geometry": { "type": "LineString", "coordinates": [ [ -119.290679759437808, 35.501189347901324 ], [ -119.290785928636382, 35.501338854308415 ] ] } },
{ "type": "Feature", "properties": { "id": "a-00297", "start_id": "fd-00177", "end_id": "fd-01400", "specification": "leadin", "source": "fd-00177", "placement": "ug", "length": 18.85, "duct_group": 3, "duct_assignment": "2" }, "geometry": { "type": "LineString", "coordinates": [ [ -119.290679759437808, 35.501189347901324 ], [ -119.290577630187272, 35.501337276683032 ] ] } },
{ "type": "Feature", "properties": { "id": "a-00298", "start_id": "fd-00178", "end_id": "fd-01396", "specification": "leadin", "source": "fd-00178", "placement": "ug", "length": 18.88, "duct_group": 3, "duct_assignment": "3" }, "geometry": { "type": "LineString", "coordinates": [ [ -119.290570071192931, 35.501056699379198 ], [ -119.290470584208208, 35.500907237704148 ] ] } },
{ "type": "Feature", "properties": { "id": "a-00299", "start_id": "fd-00178", "end_id": "fd-01395", "specification": "leadin", "source": "fd-00178", "placement": "ug", "length": 19.37, "duct_group": 3, "duct_assignment": "4" }, "geometry": { "type": "LineString", "coordinates": [ [ -119.290570071192931, 35.501056699379198 ], [ -119.290679078106933, 35.500906637202149 ] ] } },
{ "type": "Feature", "properties": { "id": "a-00300", "start_id": "fd-00179", "end_id": "fd-01398", "specification": "leadin", "source": "fd-00179", "placement": "ug", "length": 19.68, "duct_group": 3, "duct_assignment": "5" }, "geometry": { "type": "LineString", "coordinates": [ [ -119.290166898743379, 35.50105362719566 ], [ -119.29006466492865, 35.500897182657589 ] ] } },
{ "type": "Feature", "properties": { "id": "a-00301", "start_id": "fd-00179", "end_id": "fd-01397", "specification": "leadin", "source": "fd-00179", "placement": "ug", "length": 18.85, "duct_group": 3, "duct_assignment": "6" }, "geometry": { "type": "LineString", "coordinates": [ [ -119.290166898743379, 35.50105362719566 ], [ -119.290269000999359, 35.500905698202764 ] ] } },
{ "type": "Feature", "properties": { "id": "a-00302", "start_id": "fd-00180", "end_id": "fd-01409", "specification": "leadin", "source": "fd-00180", "placement": "ug", "length": 18.97, "duct_group": 3, "duct_assignment": "7" }, "geometry": { "type": "LineString", "coordinates": [ [ -119.29025474993864, 35.50118611770926 ], [ -119.290150162696719, 35.501334152943237 ] ] } },
{ "type": "Feature", "properties": { "id": "a-00303", "start_id": "fd-00180", "end_id": "fd-01408", "specification": "leadin", "source": "fd-00180", "placement": "ug", "length": 19.38, "duct_group": 3, "duct_assignment": "8" }, "geometry": { "type": "LineString", "coordinates": [ [ -119.29025474993864, 35.50118611770926 ], [ -119.290365121830746, 35.501335665540189 ] ] } },
{ "type": "Feature", "properties": { "id": "a-00304", "start_id": "fd-00181", "end_id": "fd-01410", "specification": "leadin", "source": "fd-00181", "placement": "ug", "length": 23.01, "duct_group": 3, "duct_assignment": "9" }, "geometry": { "type": "LineString", "coordinates": [ [ -119.289803546376646, 35.501010186853954 ], [ -119.289557186745597, 35.50096087458747 ] ] } },
{ "type": "Feature", "properties": { "id": "a-00305", "start_id": "fd-00181", "end_id": "fd-01399", "specification": "leadin", "source": "fd-00181", "placement": "ug", "length": 17.23, "duct_group": 3, "duct_assignment": "10" }, "geometry": { "type": "LineString", "coordinates": [ [ -119.289803546376646, 35.501010186853954 ], [ -119.289791296156508, 35.500855219152605 ] ] } },
{ "type": "Feature", "properties": { "id": "a-00306", "start_id": "fd-00182", "end_id": "fd-01217", "specification": "leadin", "source": "fd-00182", "placement": "ug", "length": 16.58, "duct_group": 3, "duct_assignment": "11" }, "geometry": { "type": "LineString", "coordinates": [ [ -119.289810634694106, 35.501228402315675 ], [ -119.289875386722045, 35.501368149057463 ] ] } },
{ "type": "Feature", "properties": { "id": "a-00307", "start_id": "fd-00182", "end_id": "fd-01218", "specification": "leadin", "source": "fd-00182", "placement": "ug", "length": 22.98, "duct_group": 3, "duct_assignment": "12" }, "geometry": { "type": "LineString", "coordinates": [ [ -119.289810634694106, 35.501228402315675 ], [ -119.289566298473346, 35.501282905438082 ] ] } },
{ "type": "Feature", "properties": { "id": "a-00308", "start_id": "fd-00183", "end_id": "fd-01390", "specification": "leadin", "source": "fd-00183", "placement": "ug", "length": 19.54, "duct_group": 4, "duct_assignment": "1" }, "geometry": { "type": "LineString", "coordinates": [ [ -119.291597978167701, 35.501064531907723 ], [ -119.291715143712111, 35.500916752409424 ] ] } },
{ "type": "Feature", "properties": { "id": "a-00309", "start_id": "fd-00183", "end_id": "fd-01391", "specification": "leadin", "source": "fd-00183", "placement": "ug", "length": 18.88, "duct_group": 4, "duct_assignment": "2" }, "geometry": { "type": "LineString", "coordinates": [ [ -119.291597978167701, 35.501064531907723 ], [ -119.291498514221047, 35.500915089084742 ] ] } },
{ "type": "Feature", "properties": { "id": "a-00310", "start_id": "fd-00184", "end_id": "fd-01389", "specification": "leadin", "source": "fd-00184", "placement": "ug", "length": 17.28, "duct_group": 4, "duct_assignment": "3" }, "geometry": { "type": "LineString", "coordinates": [ [ -119.292088727765105, 35.501016280149841 ], [ -119.291955014765819, 35.500905460430403 ] ] } },
{ "type": "Feature", "properties": { "id": "a-00311", "start_id": "fd-00184", "end_id": "fd-01394", "specification": "leadin", "source": "fd-00184", "placement": "ug", "length": 18.59, "duct_group": 4, "duct_assignment": "4" }, "geometry": { "type": "LineString", "coordinates": [ [ -119.292088727765105, 35.501016280149841 ], [ -119.292216389388159, 35.500885293027849 ] ] } },
{ "type": "Feature", "properties": { "id": "a-00312", "start_id": "fd-00185", "end_id": "fd-01490", "specification": "leadin", "source": "fd-00185", "placement": "ug", "length": 26.67, "duct_group": 4, "duct_assignment": "5" }, "geometry": { "type": "LineString", "coordinates": [ [ -119.292332667042899, 35.501128112857693 ], [ -119.292485459430623, 35.50092280071825 ] ] } },
{ "type": "Feature", "properties": { "id": "a-00313", "start_id": "fd-00185", "end_id": "fd-01503", "specification": "leadin", "source": "fd-00185", "placement": "ug", "length": 21.37, "duct_group": 4, "duct_assignment": "6" }, "geometry": { "type": "LineString", "coordinates": [ [ -119.292332667042899, 35.501128112857693 ], [ -119.292566854600167, 35.501107627482803 ] ] } },
{ "type": "Feature", "properties": { "id": "a-00314", "start_id": "fd-00186", "end_id": "fd-01504", "specification": "leadin", "source": "fd-00186", "placement": "ug", "length": 22.56, "duct_group": 4, "duct_assignment": "7" }, "geometry": { "type": "LineString", "coordinates": [ [ -119.292331700317902, 35.501411475164801 ], [ -119.292552531384885, 35.501318048642695 ] ] } },
{ "type": "Feature", "properties": { "id": "a-00315", "start_id": "fd-00186", "end_id": "fd-01494", "specification": "leadin", "source": "fd-00186", "placement": "ug", "length": 19.86, "duct_group": 4, "duct_assignment": "8" }, "geometry": { "type": "LineString", "coordinates": [ [ -119.292331700317902, 35.501411475164801 ], [ -119.292521249160842, 35.501500870973622 ] ] } },
{ "type": "Feature", "properties": { "id": "a-00316", "start_id": "fd-00187", "end_id": "fd-01493", "specification": "leadin", "source": "fd-00187", "placement": "ug", "length": 17.8, "duct_group": 4, "duct_assignment": "9" }, "geometry": { "type": "LineString", "coordinates": [ [ -119.292378058039574, 35.501762491106248 ], [ -119.292549287305832, 35.501684158279488 ] ] } },
{ "type": "Feature", "properties": { "id": "a-00317", "start_id": "fd-00187", "end_id": "fd-01492", "specification": "leadin", "source": "fd-00187", "placement": "ug", "length": 22.08, "duct_group": 4, "duct_assignment": "10" }, "geometry": { "type": "LineString", "coordinates": [ [ -119.292378058039574, 35.501762491106248 ], [ -119.292559830876556, 35.501894757430406 ] ] } },
{ "type": "Feature", "properties": { "id": "a-00318", "start_id": "fd-00188", "end_id": "fd-01421", "specification": "leadin", "source": "fd-00188", "placement": "ug", "length": 18.2, "duct_group": 4, "duct_assignment": "11" }, "geometry": { "type": "LineString", "coordinates": [ [ -119.292220319488337, 35.501947977971575 ], [ -119.292198211481264, 35.50211096372049 ] ] } },
{ "type": "Feature", "properties": { "id": "a-00319", "start_id": "fd-00188", "end_id": "fd-01491", "specification": "leadin", "source": "fd-00188", "placement": "ug", "length": 27.27, "duct_group": 4, "duct_assignment": "12" }, "geometry": { "type": "LineString", "coordinates": [ [ -119.292220319488337, 35.501947977971575 ], [ -119.292475161027795, 35.502078242009588 ] ] } },
{ "type": "Feature", "properties": { "id": "a-00320", "start_id": "fd-00189", "end_id": "fd-01383", "specification": "leadin", "source": "fd-00189", "placement": "ug", "length": 18.98, "duct_group": 5, "duct_assignment": "1" }, "geometry": { "type": "LineString", "coordinates": [ [ -119.291201113801563, 35.500334950578896 ], [ -119.291097246742268, 35.500186480348077 ] ] } },
{ "type": "Feature", "properties": { "id": "a-00321", "start_id": "fd-00189", "end_id": "fd-01382", "specification": "leadin", "source": "fd-00189", "placement": "ug", "length": 19.65, "duct_group": 5, "duct_assignment": "2" }, "geometry": { "type": "LineString", "coordinates": [ [ -119.291201113801563, 35.500334950578896 ], [ -119.291318217444584, 35.500186036294487 ] ] } },
{ "type": "Feature", "properties": { "id": "a-00322", "start_id": "fd-00190", "end_id": "fd-01384", "specification": "leadin", "source": "fd-00190", "placement": "ug", "length": 19.66, "duct_group": 5, "duct_assignment": "3" }, "geometry": { "type": "LineString", "coordinates": [ [ -119.291200031621756, 35.500466738679648 ], [ -119.29108437919308, 35.50061660251756 ] ] } },
{ "type": "Feature", "properties": { "id": "a-00323", "start_id": "fd-00190", "end_id": "fd-01385", "specification": "leadin", "source": "fd-00190", "placement": "ug", "length": 18.88, "duct_group": 5, "duct_assignment": "4" }, "geometry": { "type": "LineString", "coordinates": [ [ -119.291200031621756, 35.500466738679648 ], [ -119.291299541320384, 35.500616191888241 ] ] } },
{ "type": "Feature", "properties": { "id": "a-00324", "start_id": "fd-00191", "end_id": "fd-01380", "specification": "leadin", "source": "fd-00191", "placement": "ug", "length": 20.14, "duct_group": 5, "duct_assignment": "5" }, "geometry": { "type": "LineString", "coordinates": [ [ -119.291634424250631, 35.500338301145376 ], [ -119.291738163055825, 35.500177811985751 ] ] } },
{ "type": "Feature", "properties": { "id": "a-00325", "start_id": "fd-00191", "end_id": "fd-01381", "specification": "leadin", "source": "fd-00191", "placement": "ug", "length": 19.05, "duct_group": 5, "duct_assignment": "6" }, "geometry": { "type": "LineString", "coordinates": [ [ -119.291634424250631, 35.500338301145376 ], [ -119.291534866395452, 35.50018718845547 ] ] } },
{ "type": "Feature", "properties": { "id": "a-00326", "start_id": "fd-00192", "end_id": "fd-01387", "specification": "leadin", "source": "fd-00192", "placement": "ug", "length": 20.12, "duct_group": 5, "duct_assignment": "7" }, "geometry": { "type": "LineString", "coordinates": [ [ -119.291603110395414, 35.500469848991777 ], [ -119.291712886102118, 35.500627360960678 ] ] } },
{ "type": "Feature", "properties": { "id": "a-00327", "start_id": "fd-00192", "end_id": "fd-01388", "specification": "leadin", "source": "fd-00192", "placement": "ug", "length": 18.84, "duct_group": 5, "duct_assignment": "8" }, "geometry": { "type": "LineString", "coordinates": [ [ -119.291603110395414, 35.500469848991777 ], [ -119.291501078038564, 35.500617742844504 ] ] } },
{ "type": "Feature", "properties": { "id": "a-00328", "start_id": "fd-00193", "end_id": "fd-01379", "specification": "leadin", "source": "fd-00193", "placement": "ug", "length": 29.07, "duct_group": 5, "duct_assignment": "9" }, "geometry": { "type": "LineString", "coordinates": [ [ -119.292034393696753, 35.500432961525362 ], [ -119.291967965437635, 35.500176694315449 ] ] } },
{ "type": "Feature", "properties": { "id": "a-00329", "start_id": "fd-00193", "end_id": "fd-01386", "specification": "leadin", "source": "fd-00193", "placement": "ug", "length": 23.46, "duct_group": 5, "duct_assignment": "10" }, "geometry": { "type": "LineString", "coordinates": [ [ -119.292034393696753, 35.500432961525362 ], [ -119.291957900364764, 35.500634958166039 ] ] } },
{ "type": "Feature", "properties": { "id": "a-00330", "start_id": "fd-00193", "end_id": "fd-01422", "specification": "leadin", "source": "fd-00193", "placement": "ug", "length": 33.13, "duct_group": 5, "duct_assignment": "11" }, "geometry": { "type": "LineString", "coordinates": [ [ -119.292034393696753, 35.500432961525362 ], [ -119.292398077409231, 35.500406382209334 ] ] } },
{ "type": "Feature", "properties": { "id": "a-00331", "start_id": "fd-00194", "end_id": "fd-01412", "specification": "leadin", "source": "fd-00194", "placement": "ug", "length": 18.88, "duct_group": 6, "duct_assignment": "1" }, "geometry": { "type": "LineString", "coordinates": [ [ -119.291937405026289, 35.501793618573721 ], [ -119.291837989703296, 35.501644190960818 ] ] } },
{ "type": "Feature", "properties": { "id": "a-00332", "start_id": "fd-00194", "end_id": "fd-01411", "specification": "leadin", "source": "fd-00194", "placement": "ug", "length": 19.39, "duct_group": 6, "duct_assignment": "2" }, "geometry": { "type": "LineString", "coordinates": [ [ -119.291937405026289, 35.501793618573721 ], [ -119.292046100259512, 35.501643140786257 ] ] } },
{ "type": "Feature", "properties": { "id": "a-00333", "start_id": "fd-00195", "end_id": "fd-01413", "specification": "leadin", "source": "fd-00195", "placement": "ug", "length": 19.15, "duct_group": 6, "duct_assignment": "3" }, "geometry": { "type": "LineString", "coordinates": [ [ -119.291520950589216, 35.50179046865923 ], [ -119.291629765069942, 35.501642610358253 ] ] } },
{ "type": "Feature", "properties": { "id": "a-00334", "start_id": "fd-00195", "end_id": "fd-01414", "specification": "leadin", "source": "fd-00195", "placement": "ug", "length": 19.18, "duct_group": 6, "duct_assignment": "4" }, "geometry": { "type": "LineString", "coordinates": [ [ -119.291520950589216, 35.50179046865923 ], [ -119.291414801749923, 35.501640987462046 ] ] } },
{ "type": "Feature", "properties": { "id": "a-00335", "start_id": "fd-00196", "end_id": "fd-01416", "specification": "leadin", "source": "fd-00196", "placement": "ug", "length": 19.18, "duct_group": 6, "duct_assignment": "5" }, "geometry": { "type": "LineString", "coordinates": [ [ -119.291104415010736, 35.501787342523578 ], [ -119.290998256043466, 35.501637852194015 ] ] } },
{ "type": "Feature", "properties": { "id": "a-00336", "start_id": "fd-00196", "end_id": "fd-01415", "specification": "leadin", "source": "fd-00196", "placement": "ug", "length": 18.85, "duct_group": 6, "duct_assignment": "6" }, "geometry": { "type": "LineString", "coordinates": [ [ -119.291104415010736, 35.501787342523578 ], [ -119.291206537380617, 35.501639419099192 ] ] } },
{ "type": "Feature", "properties": { "id": "a-00337", "start_id": "fd-00197", "end_id": "fd-01417", "specification": "leadin", "source": "fd-00197", "placement": "ug", "length": 19.15, "duct_group": 6, "duct_assignment": "7" }, "geometry": { "type": "LineString", "coordinates": [ [ -119.290674378221865, 35.501784116080252 ], [ -119.290783241925936, 35.501636233983298 ] ] } },
{ "type": "Feature", "properties": { "id": "a-00338", "start_id": "fd-00197", "end_id": "fd-01219", "specification": "leadin", "source": "fd-00197", "placement": "ug", "length": 18.88, "duct_group": 6, "duct_assignment": "8" }, "geometry": { "type": "LineString", "coordinates": [ [ -119.290674378221865, 35.501784116080252 ], [ -119.29057493578398, 35.501634664825431 ] ] } },
{ "type": "Feature", "properties": { "id": "a-00339", "start_id": "fd-00198", "end_id": "fd-01220", "specification": "leadin", "source": "fd-00198", "placement": "ug", "length": 19.15, "duct_group": 6, "duct_assignment": "9" }, "geometry": { "type": "LineString", "coordinates": [ [ -119.290257736736038, 35.501780977371801 ], [ -119.290366619479869, 35.501633092081974 ] ] } },
{ "type": "Feature", "properties": { "id": "a-00340", "start_id": "fd-00199", "end_id": "fd-01222", "specification": "leadin", "source": "fd-00199", "placement": "ug", "length": 25.34, "duct_group": 6, "duct_assignment": "10" }, "geometry": { "type": "LineString", "coordinates": [ [ -119.290042727839733, 35.50177462873188 ], [ -119.289873325401572, 35.501593130927688 ] ] } },
{ "type": "Feature", "properties": { "id": "a-00341", "start_id": "fd-00199", "end_id": "fd-01221", "specification": "leadin", "source": "fd-00199", "placement": "ug", "length": 18.72, "duct_group": 6, "duct_assignment": "11" }, "geometry": { "type": "LineString", "coordinates": [ [ -119.290042727839733, 35.50177462873188 ], [ -119.290151654293609, 35.50163134907131 ] ] } },
{ "type": "Feature", "properties": { "id": "a-00342", "start_id": "fd-00200", "end_id": "fd-01313", "specification": "leadin", "source": "fd-00200", "placement": "ug", "length": 18.35, "duct_group": 0, "duct_assignment": "1" }, "geometry": { "type": "LineString", "coordinates": [ [ -119.288808676797544, 35.498740423360488 ], [ -119.288915568466635, 35.498880853793679 ] ] } },
{ "type": "Feature", "properties": { "id": "a-00343", "start_id": "fd-00200", "end_id": "fd-01312", "specification": "leadin", "source": "fd-00200", "placement": "ug", "length": 18.04, "duct_group": 0, "duct_assignment": "2" }, "geometry": { "type": "LineString", "coordinates": [ [ -119.288808676797544, 35.498740423360488 ], [ -119.288707273302506, 35.498880232906728 ] ] } },
{ "type": "Feature", "properties": { "id": "a-00344", "start_id": "fd-00201", "end_id": "fd-01311", "specification": "leadin", "source": "fd-00201", "placement": "ug", "length": 18.04, "duct_group": 0, "duct_assignment": "3" }, "geometry": { "type": "LineString", "coordinates": [ [ -119.288405526451683, 35.498739221951311 ], [ -119.288505697521742, 35.498879632272626 ] ] } },
{ "type": "Feature", "properties": { "id": "a-00345", "start_id": "fd-00201", "end_id": "fd-01310", "specification": "leadin", "source": "fd-00201", "placement": "ug", "length": 18.72, "duct_group": 0, "duct_assignment": "4" }, "geometry": { "type": "LineString", "coordinates": [ [ -119.288405526451683, 35.498739221951311 ], [ -119.28829395638499, 35.498881115875406 ] ] } },
{ "type": "Feature", "properties": { "id": "a-00346", "start_id": "fd-00202", "end_id": "fd-01366", "specification": "leadin", "source": "fd-00202", "placement": "ug", "length": 18.36, "duct_group": 0, "duct_assignment": "5" }, "geometry": { "type": "LineString", "coordinates": [ [ -119.289713314763361, 35.499303568058359 ], [ -119.289606419549415, 35.499163137112404 ] ] } },
{ "type": "Feature", "properties": { "id": "a-00347", "start_id": "fd-00202", "end_id": "fd-01367", "specification": "leadin", "source": "fd-00202", "placement": "ug", "length": 18.04, "duct_group": 0, "duct_assignment": "6" }, "geometry": { "type": "LineString", "coordinates": [ [ -119.289713314763361, 35.499303568058359 ], [ -119.289814715983738, 35.499163757887061 ] ] } },
{ "type": "Feature", "properties": { "id": "a-00348", "start_id": "fd-00203", "end_id": "fd-01365", "specification": "leadin", "source": "fd-00203", "placement": "ug", "length": 18.04, "duct_group": 0, "duct_assignment": "7" }, "geometry": { "type": "LineString", "coordinates": [ [ -119.289296720095749, 35.499302325832446 ], [ -119.289398122907627, 35.499162516288358 ] ] } },
{ "type": "Feature", "properties": { "id": "a-00349", "start_id": "fd-00203", "end_id": "fd-01364", "specification": "leadin", "source": "fd-00203", "placement": "ug", "length": 18.36, "duct_group": 0, "duct_assignment": "8" }, "geometry": { "type": "LineString", "coordinates": [ [ -119.289296720095749, 35.499302325832446 ], [ -119.289189826717291, 35.499161895366193 ] ] } },
{ "type": "Feature", "properties": { "id": "a-00350", "start_id": "fd-00204", "end_id": "fd-01361", "specification": "leadin", "source": "fd-00204", "placement": "ug", "length": 18.35, "duct_group": 0, "duct_assignment": "9" }, "geometry": { "type": "LineString", "coordinates": [ [ -119.28843329688948, 35.499299751164457 ], [ -119.288541421046148, 35.499159962120999 ] ] } },
{ "type": "Feature", "properties": { "id": "a-00351", "start_id": "fd-00204", "end_id": "fd-01360", "specification": "leadin", "source": "fd-00204", "placement": "ug", "length": 19.48, "duct_group": 0, "duct_assignment": "10" }, "geometry": { "type": "LineString", "coordinates": [ [ -119.28843329688948, 35.499299751164457 ], [ -119.288308207413323, 35.499157031234226 ] ] } },
{ "type": "Feature", "properties": { "id": "a-00352", "start_id": "fd-00205", "end_id": "fd-01362", "specification": "leadin", "source": "fd-00205", "placement": "ug", "length": 18.04, "duct_group": 0, "duct_assignment": "11" }, "geometry": { "type": "LineString", "coordinates": [ [ -119.28884989038653, 35.499300993624558 ], [ -119.288749717356126, 35.499160583157007 ] ] } },
{ "type": "Feature", "properties": { "id": "a-00353", "start_id": "fd-00205", "end_id": "fd-01363", "specification": "leadin", "source": "fd-00205", "placement": "ug", "length": 18.77, "duct_group": 0, "duct_assignment": "12" }, "geometry": { "type": "LineString", "coordinates": [ [ -119.28884989038653, 35.499300993624558 ], [ -119.288966412517425, 35.49916122941373 ] ] } },
{ "type": "Feature", "properties": { "id": "a-00354", "start_id": "fd-00206", "end_id": "fd-01479", "specification": "leadin", "source": "fd-00206", "placement": "ug", "length": 23.93, "duct_group": 1, "duct_assignment": "1" }, "geometry": { "type": "LineString", "coordinates": [ [ -119.291242197557565, 35.49942808560742 ], [ -119.291470550648256, 35.499536036301102 ] ] } },
{ "type": "Feature", "properties": { "id": "a-00355", "start_id": "fd-00206", "end_id": "fd-01336", "specification": "leadin", "source": "fd-00206", "placement": "ug", "length": 20.59, "duct_group": 1, "duct_assignment": "2" }, "geometry": { "type": "LineString", "coordinates": [ [ -119.291242197557565, 35.49942808560742 ], [ -119.291259202428037, 35.499613107715319 ] ] } },
{ "type": "Feature", "properties": { "id": "a-00356", "start_id": "fd-00207", "end_id": "fd-01337", "specification": "leadin", "source": "fd-00207", "placement": "ug", "length": 23.04, "duct_group": 1, "duct_assignment": "3" }, "geometry": { "type": "LineString", "coordinates": [ [ -119.290831712972363, 35.499439259752663 ], [ -119.290981420996005, 35.499607003318225 ] ] } },
{ "type": "Feature", "properties": { "id": "a-00357", "start_id": "fd-00207", "end_id": "fd-01338", "specification": "leadin", "source": "fd-00207", "placement": "ug", "length": 21.09, "duct_group": 1, "duct_assignment": "4" }, "geometry": { "type": "LineString", "coordinates": [ [ -119.290831712972363, 35.499439259752663 ], [ -119.290683013879416, 35.499585333588456 ] ] } },
{ "type": "Feature", "properties": { "id": "a-00358", "start_id": "fd-00208", "end_id": "fd-01340", "specification": "leadin", "source": "fd-00208", "placement": "ug", "length": 19.0, "duct_group": 1, "duct_assignment": "5" }, "geometry": { "type": "LineString", "coordinates": [ [ -119.290324192799801, 35.499437258447308 ], [ -119.290216046102515, 35.49958392038323 ] ] } },
{ "type": "Feature", "properties": { "id": "a-00359", "start_id": "fd-00208", "end_id": "fd-01339", "specification": "leadin", "source": "fd-00208", "placement": "ug", "length": 18.7, "duct_group": 1, "duct_assignment": "6" }, "geometry": { "type": "LineString", "coordinates": [ [ -119.290324192799801, 35.499437258447308 ], [ -119.290424344439245, 35.499584540442584 ] ] } },
{ "type": "Feature", "properties": { "id": "a-00360", "start_id": "fd-00209", "end_id": "fd-01342", "specification": "leadin", "source": "fd-00209", "placement": "ug", "length": 18.7, "duct_group": 1, "duct_assignment": "7" }, "geometry": { "type": "LineString", "coordinates": [ [ -119.289907597431267, 35.499436017390614 ], [ -119.289806168840187, 35.499582699373342 ] ] } },
{ "type": "Feature", "properties": { "id": "a-00361", "start_id": "fd-00209", "end_id": "fd-01341", "specification": "leadin", "source": "fd-00209", "placement": "ug", "length": 18.7, "duct_group": 1, "duct_assignment": "8" }, "geometry": { "type": "LineString", "coordinates": [ [ -119.289907597431267, 35.499436017390614 ], [ -119.290007747723763, 35.499583299954132 ] ] } },
{ "type": "Feature", "properties": { "id": "a-00362", "start_id": "fd-00210", "end_id": "fd-01343", "specification": "leadin", "source": "fd-00210", "placement": "ug", "length": 19.01, "duct_group": 1, "duct_assignment": "9" }, "geometry": { "type": "LineString", "coordinates": [ [ -119.289491002103574, 35.499434776724357 ], [ -119.289597870803902, 35.499582079039158 ] ] } },
{ "type": "Feature", "properties": { "id": "a-00363", "start_id": "fd-00210", "end_id": "fd-01344", "specification": "leadin", "source": "fd-00210", "placement": "ug", "length": 18.73, "duct_group": 1, "duct_assignment": "10" }, "geometry": { "type": "LineString", "coordinates": [ [ -119.289491002103574, 35.499434776724357 ], [ -119.289385358570001, 35.499579828447381 ] ] } },
{ "type": "Feature", "properties": { "id": "a-00364", "start_id": "fd-00211", "end_id": "fd-01346", "specification": "leadin", "source": "fd-00211", "placement": "ug", "length": 19.0, "duct_group": 1, "duct_assignment": "11" }, "geometry": { "type": "LineString", "coordinates": [ [ -119.288819075439704, 35.499432773504765 ], [ -119.288710924686711, 35.499579434005533 ] ] } },
{ "type": "Feature", "properties": { "id": "a-00365", "start_id": "fd-00211", "end_id": "fd-01345", "specification": "leadin", "source": "fd-00211", "placement": "ug", "length": 18.74, "duct_group": 1, "duct_assignment": "12" }, "geometry": { "type": "LineString", "coordinates": [ [ -119.288819075439704, 35.499432773504765 ], [ -119.288923450658615, 35.49957845087939 ] ] } },
{ "type": "Feature", "properties": { "id": "a-00366", "start_id": "fd-00212", "end_id": "fd-01333", "specification": "leadin", "source": "fd-00212", "placement": "ug", "length": 18.44, "duct_group": 2, "duct_assignment": "1" }, "geometry": { "type": "LineString", "coordinates": [ [ -119.290649984539925, 35.497916222719304 ], [ -119.290751361472715, 35.497772236473374 ] ] } },
{ "type": "Feature", "properties": { "id": "a-00367", "start_id": "fd-00212", "end_id": "fd-01332", "specification": "leadin", "source": "fd-00212", "placement": "ug", "length": 19.11, "duct_group": 2, "duct_assignment": "2" }, "geometry": { "type": "LineString", "coordinates": [ [ -119.290649984539925, 35.497916222719304 ], [ -119.29053963539269, 35.497769544051032 ] ] } },
{ "type": "Feature", "properties": { "id": "a-00368", "start_id": "fd-00213", "end_id": "fd-01334", "specification": "leadin", "source": "fd-00213", "placement": "ug", "length": 15.33, "duct_group": 2, "duct_assignment": "3" }, "geometry": { "type": "LineString", "coordinates": [ [ -119.291053351469586, 35.497865356303357 ], [ -119.290953758416933, 35.49775379039049 ] ] } },
{ "type": "Feature", "properties": { "id": "a-00369", "start_id": "fd-00213", "end_id": "fd-01335", "specification": "leadin", "source": "fd-00213", "placement": "ug", "length": 15.43, "duct_group": 2, "duct_assignment": "4" }, "geometry": { "type": "LineString", "coordinates": [ [ -119.291053351469586, 35.497865356303357 ], [ -119.291182497853313, 35.497774886607367 ] ] } },
{ "type": "Feature", "properties": { "id": "a-00370", "start_id": "fd-00213", "end_id": "fd-02435", "specification": "leadin", "source": "fd-00213", "placement": "ug", "length": 45.28, "duct_group": 2, "duct_assignment": "5" }, "geometry": { "type": "LineString", "coordinates": [ [ -119.291053351469586, 35.497865356303357 ], [ -119.291477370090561, 35.497650290155612 ] ] } },
{ "type": "Feature", "properties": { "id": "a-00371", "start_id": "fd-00214", "end_id": "fd-01472", "specification": "leadin", "source": "fd-00214", "placement": "ug", "length": 16.5, "duct_group": 2, "duct_assignment": "6" }, "geometry": { "type": "LineString", "coordinates": [ [ -119.29134201145574, 35.49817928596196 ], [ -119.2914832003556, 35.498085580939666 ] ] } },
{ "type": "Feature", "properties": { "id": "a-00372", "start_id": "fd-00214", "end_id": "fd-01473", "specification": "leadin", "source": "fd-00214", "placement": "ug", "length": 15.45, "duct_group": 2, "duct_assignment": "7" }, "geometry": { "type": "LineString", "coordinates": [ [ -119.29134201145574, 35.49817928596196 ], [ -119.291476630271461, 35.498264584421683 ] ] } },
{ "type": "Feature", "properties": { "id": "a-00373", "start_id": "fd-00215", "end_id": "fd-01474", "specification": "leadin", "source": "fd-00215", "placement": "ug", "length": 19.07, "duct_group": 2, "duct_assignment": "8" }, "geometry": { "type": "LineString", "coordinates": [ [ -119.291285670587442, 35.4985197800249 ], [ -119.29146662989524, 35.498432347543698 ] ] } },
{ "type": "Feature", "properties": { "id": "a-00374", "start_id": "fd-00215", "end_id": "fd-01475", "specification": "leadin", "source": "fd-00215", "placement": "ug", "length": 18.71, "duct_group": 2, "duct_assignment": "9" }, "geometry": { "type": "LineString", "coordinates": [ [ -119.291285670587442, 35.4985197800249 ], [ -119.291465218182879, 35.498602680310185 ] ] } },
{ "type": "Feature", "properties": { "id": "a-00375", "start_id": "fd-00216", "end_id": "fd-01476", "specification": "leadin", "source": "fd-00216", "placement": "ug", "length": 21.37, "duct_group": 2, "duct_assignment": "10" }, "geometry": { "type": "LineString", "coordinates": [ [ -119.291283872274064, 35.498934611744232 ], [ -119.291463501333553, 35.498810029202488 ] ] } },
{ "type": "Feature", "properties": { "id": "a-00376", "start_id": "fd-00216", "end_id": "fd-01477", "specification": "leadin", "source": "fd-00216", "placement": "ug", "length": 21.98, "duct_group": 2, "duct_assignment": "11" }, "geometry": { "type": "LineString", "coordinates": [ [ -119.291283872274064, 35.498934611744232 ], [ -119.291468577457579, 35.499062771266154 ] ] } },
{ "type": "Feature", "properties": { "id": "a-00377", "start_id": "fd-00217", "end_id": "fd-01478", "specification": "leadin", "source": "fd-00217", "placement": "ug", "length": 16.56, "duct_group": 2, "duct_assignment": "12" }, "geometry": { "type": "LineString", "coordinates": [ [ -119.291324140125781, 35.499333013727565 ], [ -119.291502686289576, 35.499302125891241 ] ] } },
{ "type": "Feature", "properties": { "id": "a-00378", "start_id": "fd-00218", "end_id": "fd-01447", "specification": "leadin", "source": "fd-00218", "placement": "ug", "length": 18.95, "duct_group": 3, "duct_assignment": "1" }, "geometry": { "type": "LineString", "coordinates": [ [ -119.290045414389638, 35.4979143581944 ], [ -119.290153628218306, 35.497768298628635 ] ] } },
{ "type": "Feature", "properties": { "id": "a-00379", "start_id": "fd-00218", "end_id": "fd-01448", "specification": "leadin", "source": "fd-00218", "placement": "ug", "length": 18.43, "duct_group": 3, "duct_assignment": "2" }, "geometry": { "type": "LineString", "coordinates": [ [ -119.290045414389638, 35.4979143581944 ], [ -119.289945329635131, 35.497769796769958 ] ] } },
{ "type": "Feature", "properties": { "id": "a-00380", "start_id": "fd-00219", "end_id": "fd-01449", "specification": "leadin", "source": "fd-00219", "placement": "ug", "length": 18.9, "duct_group": 3, "duct_assignment": "3" }, "geometry": { "type": "LineString", "coordinates": [ [ -119.28962227911201, 35.497913022645427 ], [ -119.289733760404573, 35.497769127672335 ] ] } },
{ "type": "Feature", "properties": { "id": "a-00381", "start_id": "fd-00219", "end_id": "fd-01450", "specification": "leadin", "source": "fd-00219", "placement": "ug", "length": 18.67, "duct_group": 3, "duct_assignment": "4" }, "geometry": { "type": "LineString", "coordinates": [ [ -119.28962227911201, 35.497913022645427 ], [ -119.289517141788224, 35.497768447074662 ] ] } },
{ "type": "Feature", "properties": { "id": "a-00382", "start_id": "fd-00220", "end_id": "fd-01460", "specification": "leadin", "source": "fd-00220", "placement": "ug", "length": 18.3, "duct_group": 3, "duct_assignment": "5" }, "geometry": { "type": "LineString", "coordinates": [ [ -119.289218633539548, 35.498043660950266 ], [ -119.289318580806111, 35.498186911883309 ] ] } },
{ "type": "Feature", "properties": { "id": "a-00383", "start_id": "fd-00220", "end_id": "fd-01461", "specification": "leadin", "source": "fd-00220", "placement": "ug", "length": 20.76, "duct_group": 3, "duct_assignment": "6" }, "geometry": { "type": "LineString", "coordinates": [ [ -119.289218633539548, 35.498043660950266 ], [ -119.28911031942296, 35.498208501905431 ] ] } },
{ "type": "Feature", "properties": { "id": "a-00384", "start_id": "fd-00221", "end_id": "fd-01452", "specification": "leadin", "source": "fd-00221", "placement": "ug", "length": 21.28, "duct_group": 3, "duct_assignment": "7" }, "geometry": { "type": "LineString", "coordinates": [ [ -119.289209167195338, 35.497911732836656 ], [ -119.289101865569805, 35.497741257291423 ] ] } },
{ "type": "Feature", "properties": { "id": "a-00385", "start_id": "fd-00221", "end_id": "fd-01451", "specification": "leadin", "source": "fd-00221", "placement": "ug", "length": 18.43, "duct_group": 3, "duct_assignment": "8" }, "geometry": { "type": "LineString", "coordinates": [ [ -119.289209167195338, 35.497911732836656 ], [ -119.289310587786886, 35.497767797462686 ] ] } },
{ "type": "Feature", "properties": { "id": "a-00386", "start_id": "fd-00222", "end_id": "fd-01455", "specification": "leadin", "source": "fd-00222", "placement": "ug", "length": 21.89, "duct_group": 3, "duct_assignment": "9" }, "geometry": { "type": "LineString", "coordinates": [ [ -119.288906829182594, 35.498064626065506 ], [ -119.288669961634611, 35.498101848052677 ] ] } },
{ "type": "Feature", "properties": { "id": "a-00387", "start_id": "fd-00222", "end_id": "fd-01462", "specification": "leadin", "source": "fd-00222", "placement": "ug", "length": 19.57, "duct_group": 3, "duct_assignment": "10" }, "geometry": { "type": "LineString", "coordinates": [ [ -119.288906829182594, 35.498064626065506 ], [ -119.288826750702611, 35.498228360298704 ] ] } },
{ "type": "Feature", "properties": { "id": "a-00388", "start_id": "fd-00223", "end_id": "fd-01453", "specification": "leadin", "source": "fd-00223", "placement": "ug", "length": 19.73, "duct_group": 3, "duct_assignment": "11" }, "geometry": { "type": "LineString", "coordinates": [ [ -119.288907652178878, 35.497888874146277 ], [ -119.288824923359314, 35.497724402880415 ] ] } },
{ "type": "Feature", "properties": { "id": "a-00389", "start_id": "fd-00223", "end_id": "fd-01454", "specification": "leadin", "source": "fd-00223", "placement": "ug", "length": 21.91, "duct_group": 3, "duct_assignment": "12" }, "geometry": { "type": "LineString", "coordinates": [ [ -119.288907652178878, 35.497888874146277 ], [ -119.288671126760747, 35.497849344699276 ] ] } },
{ "type": "Feature", "properties": { "id": "a-00390", "start_id": "fd-00224", "end_id": "fd-01296", "specification": "leadin", "source": "fd-00224", "placement": "ug", "length": 18.04, "duct_group": 4, "duct_assignment": "1" }, "geometry": { "type": "LineString", "coordinates": [ [ -119.289198960656336, 35.498609716611071 ], [ -119.289300361852796, 35.498469904217522 ] ] } },
{ "type": "Feature", "properties": { "id": "a-00391", "start_id": "fd-00224", "end_id": "fd-01297", "specification": "leadin", "source": "fd-00224", "placement": "ug", "length": 18.36, "duct_group": 4, "duct_assignment": "2" }, "geometry": { "type": "LineString", "coordinates": [ [ -119.289198960656336, 35.498609716611071 ], [ -119.289092068513909, 35.498469283766369 ] ] } },
{ "type": "Feature", "properties": { "id": "a-00392", "start_id": "fd-00225", "end_id": "fd-01298", "specification": "leadin", "source": "fd-00225", "placement": "ug", "length": 18.04, "duct_group": 4, "duct_assignment": "3" }, "geometry": { "type": "LineString", "coordinates": [ [ -119.288782371759496, 35.498608475322044 ], [ -119.288883774796645, 35.498468663068351 ] ] } },
{ "type": "Feature", "properties": { "id": "a-00393", "start_id": "fd-00225", "end_id": "fd-01299", "specification": "leadin", "source": "fd-00225", "placement": "ug", "length": 18.77, "duct_group": 4, "duct_assignment": "4" }, "geometry": { "type": "LineString", "coordinates": [ [ -119.288782371759496, 35.498608475322044 ], [ -119.288667081753232, 35.498468017149492 ] ] } },
{ "type": "Feature", "properties": { "id": "a-00394", "start_id": "fd-00226", "end_id": "fd-01300", "specification": "leadin", "source": "fd-00226", "placement": "ug", "length": 18.04, "duct_group": 4, "duct_assignment": "5" }, "geometry": { "type": "LineString", "coordinates": [ [ -119.288348985030325, 35.49860718335394 ], [ -119.288450389060444, 35.498467371687838 ] ] } },
{ "type": "Feature", "properties": { "id": "a-00395", "start_id": "fd-00226", "end_id": "fd-01301", "specification": "leadin", "source": "fd-00226", "placement": "ug", "length": 18.36, "duct_group": 4, "duct_assignment": "6" }, "geometry": { "type": "LineString", "coordinates": [ [ -119.288348985030325, 35.49860718335394 ], [ -119.288242095246645, 35.498466750770291 ] ] } },
{ "type": "Feature", "properties": { "id": "a-00396", "start_id": "fd-00227", "end_id": "fd-01354", "specification": "leadin", "source": "fd-00227", "placement": "ug", "length": 18.75, "duct_group": 4, "duct_assignment": "7" }, "geometry": { "type": "LineString", "coordinates": [ [ -119.287958703108998, 35.499182945674612 ], [ -119.287783285540954, 35.499272219748669 ] ] } },
{ "type": "Feature", "properties": { "id": "a-00397", "start_id": "fd-00227", "end_id": "fd-01355", "specification": "leadin", "source": "fd-00227", "placement": "ug", "length": 15.87, "duct_group": 4, "duct_assignment": "8" }, "geometry": { "type": "LineString", "coordinates": [ [ -119.287958703108998, 35.499182945674612 ], [ -119.287818569554574, 35.499097384679587 ] ] } },
{ "type": "Feature", "properties": { "id": "a-00398", "start_id": "fd-00228", "end_id": "fd-01349", "specification": "leadin", "source": "fd-00228", "placement": "ug", "length": 20.74, "duct_group": 4, "duct_assignment": "9" }, "geometry": { "type": "LineString", "coordinates": [ [ -119.288057633305826, 35.499419979623731 ], [ -119.288002035114573, 35.499601283155286 ] ] } },
{ "type": "Feature", "properties": { "id": "a-00399", "start_id": "fd-00228", "end_id": "fd-01353", "specification": "leadin", "source": "fd-00228", "placement": "ug", "length": 24.77, "duct_group": 4, "duct_assignment": "10" }, "geometry": { "type": "LineString", "coordinates": [ [ -119.288057633305826, 35.499419979623731 ], [ -119.287803888656995, 35.499502240708892 ] ] } },
{ "type": "Feature", "properties": { "id": "a-00400", "start_id": "fd-00229", "end_id": "fd-01348", "specification": "leadin", "source": "fd-00229", "placement": "ug", "length": 20.09, "duct_group": 4, "duct_assignment": "11" }, "geometry": { "type": "LineString", "coordinates": [ [ -119.288388912296128, 35.499461120242856 ], [ -119.288264375164843, 35.499610792490188 ] ] } },
{ "type": "Feature", "properties": { "id": "a-00401", "start_id": "fd-00229", "end_id": "fd-01347", "specification": "leadin", "source": "fd-00229", "placement": "ug", "length": 16.54, "duct_group": 4, "duct_assignment": "12" }, "geometry": { "type": "LineString", "coordinates": [ [ -119.288388912296128, 35.499461120242856 ], [ -119.288497262917829, 35.499581027171608 ] ] } },
{ "type": "Feature", "properties": { "id": "a-00402", "start_id": "fd-00230", "end_id": "fd-01323", "specification": "leadin", "source": "fd-00230", "placement": "ug", "length": 20.31, "duct_group": 5, "duct_assignment": "1" }, "geometry": { "type": "LineString", "coordinates": [ [ -119.290423411186666, 35.498256215260064 ], [ -119.290607508374435, 35.498360253053015 ] ] } },
{ "type": "Feature", "properties": { "id": "a-00403", "start_id": "fd-00230", "end_id": "fd-01324", "specification": "leadin", "source": "fd-00230", "placement": "ug", "length": 20.09, "duct_group": 5, "duct_assignment": "2" }, "geometry": { "type": "LineString", "coordinates": [ [ -119.290423411186666, 35.498256215260064 ], [ -119.29060588076247, 35.498153632211647 ] ] } },
{ "type": "Feature", "properties": { "id": "a-00404", "start_id": "fd-00231", "end_id": "fd-01322", "specification": "leadin", "source": "fd-00231", "placement": "ug", "length": 16.53, "duct_group": 5, "duct_assignment": "3" }, "geometry": { "type": "LineString", "coordinates": [ [ -119.290470676692607, 35.498622508273897 ], [ -119.290642738285314, 35.498573655294791 ] ] } },
{ "type": "Feature", "properties": { "id": "a-00405", "start_id": "fd-00232", "end_id": "fd-01321", "specification": "leadin", "source": "fd-00232", "placement": "ug", "length": 23.58, "duct_group": 5, "duct_assignment": "4" }, "geometry": { "type": "LineString", "coordinates": [ [ -119.290378826399404, 35.49873531275631 ], [ -119.290615717486929, 35.498822570150992 ] ] } },
{ "type": "Feature", "properties": { "id": "a-00406", "start_id": "fd-00233", "end_id": "fd-01320", "specification": "leadin", "source": "fd-00233", "placement": "ug", "length": 19.27, "duct_group": 5, "duct_assignment": "5" }, "geometry": { "type": "LineString", "coordinates": [ [ -119.290255866412409, 35.498788313788573 ], [ -119.29040769702587, 35.498909750798838 ] ] } },
{ "type": "Feature", "properties": { "id": "a-00407", "start_id": "fd-00233", "end_id": "fd-01319", "specification": "leadin", "source": "fd-00233", "placement": "ug", "length": 15.77, "duct_group": 5, "duct_assignment": "6" }, "geometry": { "type": "LineString", "coordinates": [ [ -119.290255866412409, 35.498788313788573 ], [ -119.290171970557665, 35.498912756249275 ] ] } },
{ "type": "Feature", "properties": { "id": "a-00408", "start_id": "fd-00234", "end_id": "fd-01318", "specification": "leadin", "source": "fd-00234", "placement": "ug", "length": 15.29, "duct_group": 5, "duct_assignment": "7" }, "geometry": { "type": "LineString", "coordinates": [ [ -119.290061653848937, 35.498778464129565 ], [ -119.289958468585652, 35.498887350029939 ] ] } },
{ "type": "Feature", "properties": { "id": "a-00409", "start_id": "fd-00235", "end_id": "fd-01316", "specification": "leadin", "source": "fd-00235", "placement": "ug", "length": 18.04, "duct_group": 5, "duct_assignment": "8" }, "geometry": { "type": "LineString", "coordinates": [ [ -119.289628416775727, 35.498742865984553 ], [ -119.289527015805874, 35.498882676371714 ] ] } },
{ "type": "Feature", "properties": { "id": "a-00410", "start_id": "fd-00235", "end_id": "fd-01317", "specification": "leadin", "source": "fd-00235", "placement": "ug", "length": 18.77, "duct_group": 5, "duct_assignment": "9" }, "geometry": { "type": "LineString", "coordinates": [ [ -119.289628416775727, 35.498742865984553 ], [ -119.289743709875793, 35.4988833218043 ] ] } },
{ "type": "Feature", "properties": { "id": "a-00411", "start_id": "fd-00236", "end_id": "fd-01315", "specification": "leadin", "source": "fd-00236", "placement": "ug", "length": 18.04, "duct_group": 5, "duct_assignment": "10" }, "geometry": { "type": "LineString", "coordinates": [ [ -119.289225266363516, 35.498741664560278 ], [ -119.289325439594478, 35.498882075485767 ] ] } },
{ "type": "Feature", "properties": { "id": "a-00412", "start_id": "fd-00236", "end_id": "fd-01314", "specification": "leadin", "source": "fd-00236", "placement": "ug", "length": 18.04, "duct_group": 5, "duct_assignment": "11" }, "geometry": { "type": "LineString", "coordinates": [ [ -119.289225266363516, 35.498741664560278 ], [ -119.289123863554337, 35.498881474628476 ] ] } },
{ "type": "Feature", "properties": { "id": "a-00413", "start_id": "fd-00237", "end_id": "fd-01325", "specification": "leadin", "source": "fd-00237", "placement": "ug", "length": 18.75, "duct_group": 6, "duct_assignment": "1" }, "geometry": { "type": "LineString", "coordinates": [ [ -119.291125657403683, 35.498233576465651 ], [ -119.290951609059306, 35.498142585499252 ] ] } },
{ "type": "Feature", "properties": { "id": "a-00414", "start_id": "fd-00237", "end_id": "fd-01326", "specification": "leadin", "source": "fd-00237", "placement": "ug", "length": 18.04, "duct_group": 6, "duct_assignment": "2" }, "geometry": { "type": "LineString", "coordinates": [ [ -119.291125657403683, 35.498233576465651 ], [ -119.290953964288875, 35.498315485942705 ] ] } },
{ "type": "Feature", "properties": { "id": "a-00415", "start_id": "fd-00238", "end_id": "fd-01327", "specification": "leadin", "source": "fd-00238", "placement": "ug", "length": 18.77, "duct_group": 6, "duct_assignment": "3" }, "geometry": { "type": "LineString", "coordinates": [ [ -119.291124941049588, 35.498398413430678 ], [ -119.290953193356643, 35.498492685257666 ] ] } },
{ "type": "Feature", "properties": { "id": "a-00416", "start_id": "fd-00239", "end_id": "fd-01328", "specification": "leadin", "source": "fd-00239", "placement": "ug", "length": 18.04, "duct_group": 6, "duct_assignment": "4" }, "geometry": { "type": "LineString", "coordinates": [ [ -119.291123400704876, 35.498752812330139 ], [ -119.290952422789005, 35.49866988438373 ] ] } },
{ "type": "Feature", "properties": { "id": "a-00417", "start_id": "fd-00239", "end_id": "fd-01329", "specification": "leadin", "source": "fd-00239", "placement": "ug", "length": 18.52, "duct_group": 6, "duct_assignment": "5" }, "geometry": { "type": "LineString", "coordinates": [ [ -119.291123400704876, 35.498752812330139 ], [ -119.29095167103236, 35.498842962887771 ] ] } },
{ "type": "Feature", "properties": { "id": "a-00418", "start_id": "fd-00240", "end_id": "fd-01331", "specification": "leadin", "source": "fd-00240", "placement": "ug", "length": 19.48, "duct_group": 6, "duct_assignment": "6" }, "geometry": { "type": "LineString", "coordinates": [ [ -119.291121900631396, 35.499098969467781 ], [ -119.290947392384993, 35.499201258082927 ] ] } },
{ "type": "Feature", "properties": { "id": "a-00419", "start_id": "fd-00240", "end_id": "fd-01330", "specification": "leadin", "source": "fd-00240", "placement": "ug", "length": 18.04, "duct_group": 6, "duct_assignment": "7" }, "geometry": { "type": "LineString", "coordinates": [ [ -119.291121900631396, 35.499098969467781 ], [ -119.290950919924938, 35.499016041173199 ] ] } },
{ "type": "Feature", "properties": { "id": "a-00420", "start_id": "fd-00241", "end_id": "fd-01371", "specification": "leadin", "source": "fd-00241", "placement": "ug", "length": 18.35, "duct_group": 6, "duct_assignment": "8" }, "geometry": { "type": "LineString", "coordinates": [ [ -119.290563301065831, 35.499306099956627 ], [ -119.29067141827916, 35.499166310398792 ] ] } },
{ "type": "Feature", "properties": { "id": "a-00421", "start_id": "fd-00241", "end_id": "fd-01370", "specification": "leadin", "source": "fd-00241", "placement": "ug", "length": 18.77, "duct_group": 6, "duct_assignment": "9" }, "geometry": { "type": "LineString", "coordinates": [ [ -119.290563301065831, 35.499306099956627 ], [ -119.290448004019936, 35.49916564453715 ] ] } },
{ "type": "Feature", "properties": { "id": "a-00422", "start_id": "fd-00242", "end_id": "fd-01369", "specification": "leadin", "source": "fd-00242", "placement": "ug", "length": 18.35, "duct_group": 6, "duct_assignment": "10" }, "geometry": { "type": "LineString", "coordinates": [ [ -119.290116470156875, 35.49930476875975 ], [ -119.290224589466675, 35.499164979092662 ] ] } },
{ "type": "Feature", "properties": { "id": "a-00423", "start_id": "fd-00242", "end_id": "fd-01368", "specification": "leadin", "source": "fd-00242", "placement": "ug", "length": 18.04, "duct_group": 6, "duct_assignment": "11" }, "geometry": { "type": "LineString", "coordinates": [ [ -119.290116470156875, 35.49930476875975 ], [ -119.290016293035563, 35.499164358592559 ] ] } },
{ "type": "Feature", "properties": { "id": "a-00424", "start_id": "fd-00243", "end_id": "fd-01307", "specification": "leadin", "source": "fd-00243", "placement": "ug", "length": 18.04, "duct_group": 7, "duct_assignment": "1" }, "geometry": { "type": "LineString", "coordinates": [ [ -119.290035496144029, 35.498612209287828 ], [ -119.289935320805313, 35.498471796268973 ] ] } },
{ "type": "Feature", "properties": { "id": "a-00425", "start_id": "fd-00243", "end_id": "fd-01306", "specification": "leadin", "source": "fd-00243", "placement": "ug", "length": 18.74, "duct_group": 7, "duct_assignment": "2" }, "geometry": { "type": "LineString", "coordinates": [ [ -119.290035496144029, 35.498612209287828 ], [ -119.290146755310772, 35.498469883660931 ] ] } },
{ "type": "Feature", "properties": { "id": "a-00426", "start_id": "fd-00244", "end_id": "fd-01309", "specification": "leadin", "source": "fd-00244", "placement": "ug", "length": 18.77, "duct_group": 7, "duct_assignment": "3" }, "geometry": { "type": "LineString", "coordinates": [ [ -119.289632346352533, 35.498611008297459 ], [ -119.289517054389066, 35.498470549826422 ] ] } },
{ "type": "Feature", "properties": { "id": "a-00427", "start_id": "fd-00244", "end_id": "fd-01308", "specification": "leadin", "source": "fd-00244", "placement": "ug", "length": 18.04, "duct_group": 7, "duct_assignment": "4" }, "geometry": { "type": "LineString", "coordinates": [ [ -119.289632346352533, 35.498611008297459 ], [ -119.289733746807087, 35.498471195513652 ] ] } },
{ "type": "Feature", "properties": { "id": "a-00428", "start_id": "fd-00245", "end_id": "fd-01457", "specification": "leadin", "source": "fd-00245", "placement": "ug", "length": 18.31, "duct_group": 8, "duct_assignment": "1" }, "geometry": { "type": "LineString", "coordinates": [ [ -119.290038118070115, 35.498046208910367 ], [ -119.289936650853889, 35.498188796826781 ] ] } },
{ "type": "Feature", "properties": { "id": "a-00429", "start_id": "fd-00245", "end_id": "fd-01456", "specification": "leadin", "source": "fd-00245", "placement": "ug", "length": 18.98, "duct_group": 8, "duct_assignment": "2" }, "geometry": { "type": "LineString", "coordinates": [ [ -119.290038118070115, 35.498046208910367 ], [ -119.290148341224807, 35.498191580606907 ] ] } },
{ "type": "Feature", "properties": { "id": "a-00430", "start_id": "fd-00246", "end_id": "fd-01458", "specification": "leadin", "source": "fd-00246", "placement": "ug", "length": 18.3, "duct_group": 8, "duct_assignment": "3" }, "geometry": { "type": "LineString", "coordinates": [ [ -119.289635118898545, 35.498044946886182 ], [ -119.289735114952535, 35.498188179133649 ] ] } },
{ "type": "Feature", "properties": { "id": "a-00431", "start_id": "fd-00246", "end_id": "fd-01459", "specification": "leadin", "source": "fd-00246", "placement": "ug", "length": 18.63, "duct_group": 8, "duct_assignment": "4" }, "geometry": { "type": "LineString", "coordinates": [ [ -119.289635118898545, 35.498044946886182 ], [ -119.289526850570468, 35.498187545027143 ] ] } },
{ "type": "Feature", "properties": { "id": "a-00432", "start_id": "fd-00247", "end_id": "fd-01303", "specification": "leadin", "source": "fd-00247", "placement": "ug", "length": 18.04, "duct_group": 9, "duct_assignment": "1" }, "geometry": { "type": "LineString", "coordinates": [ [ -119.287932396201569, 35.498605941887945 ], [ -119.287832225937791, 35.498465529237976 ] ] } },
{ "type": "Feature", "properties": { "id": "a-00433", "start_id": "fd-00247", "end_id": "fd-01302", "specification": "leadin", "source": "fd-00247", "placement": "ug", "length": 18.04, "duct_group": 9, "duct_assignment": "2" }, "geometry": { "type": "LineString", "coordinates": [ [ -119.287932396201569, 35.498605941887945 ], [ -119.288033801197614, 35.498466129960676 ] ] } },
{ "type": "Feature", "properties": { "id": "a-00434", "start_id": "fd-00248", "end_id": "fd-01350", "specification": "leadin", "source": "fd-00248", "placement": "ug", "length": 18.72, "duct_group": 9, "duct_assignment": "3" }, "geometry": { "type": "LineString", "coordinates": [ [ -119.287794079726751, 35.498737398543874 ], [ -119.287904397050539, 35.498879954083257 ] ] } },
{ "type": "Feature", "properties": { "id": "a-00435", "start_id": "fd-00248", "end_id": "fd-01351", "specification": "leadin", "source": "fd-00248", "placement": "ug", "length": 18.77, "duct_group": 9, "duct_assignment": "4" }, "geometry": { "type": "LineString", "coordinates": [ [ -119.287794079726751, 35.498737398543874 ], [ -119.287677556006813, 35.498877162675591 ] ] } },
{ "type": "Feature", "properties": { "id": "a-00436", "start_id": "fd-00249", "end_id": "fd-01304", "specification": "leadin", "source": "fd-00249", "placement": "ug", "length": 18.04, "duct_group": 9, "duct_assignment": "5" }, "geometry": { "type": "LineString", "coordinates": [ [ -119.287529244366297, 35.498604740331331 ], [ -119.287630650042232, 35.498464928699157 ] ] } },
{ "type": "Feature", "properties": { "id": "a-00437", "start_id": "fd-00249", "end_id": "fd-01305", "specification": "leadin", "source": "fd-00249", "placement": "ug", "length": 18.5, "duct_group": 9, "duct_assignment": "6" }, "geometry": { "type": "LineString", "coordinates": [ [ -119.287529244366297, 35.498604740331331 ], [ -119.287423185047672, 35.498462355081983 ] ] } },
{ "type": "Feature", "properties": { "id": "a-00438", "start_id": "fd-00250", "end_id": "fd-01352", "specification": "leadin", "source": "fd-00250", "placement": "ug", "length": 19.44, "duct_group": 9, "duct_assignment": "7" }, "geometry": { "type": "LineString", "coordinates": [ [ -119.287562266980856, 35.498736708384072 ], [ -119.287436523314653, 35.498878528443022 ] ] } },
{ "type": "Feature", "properties": { "id": "a-00439", "start_id": "fd-00251", "end_id": "fd-01356", "specification": "leadin", "source": "fd-00251", "placement": "ug", "length": 18.09, "duct_group": 9, "duct_assignment": "8" }, "geometry": { "type": "LineString", "coordinates": [ [ -119.287304305275683, 35.499190214966603 ], [ -119.287473640288624, 35.499104139333554 ] ] } },
{ "type": "Feature", "properties": { "id": "a-00440", "start_id": "fd-00251", "end_id": "fd-01357", "specification": "leadin", "source": "fd-00251", "placement": "ug", "length": 18.1, "duct_group": 9, "duct_assignment": "9" }, "geometry": { "type": "LineString", "coordinates": [ [ -119.287304305275683, 35.499190214966603 ], [ -119.287471189270676, 35.499279514996935 ] ] } },
{ "type": "Feature", "properties": { "id": "a-00441", "start_id": "fd-00252", "end_id": "fd-01358", "specification": "leadin", "source": "fd-00252", "placement": "ug", "length": 18.1, "duct_group": 9, "duct_assignment": "10" }, "geometry": { "type": "LineString", "coordinates": [ [ -119.287299962670744, 35.499541845011777 ], [ -119.287469018803691, 35.499455330531028 ] ] } },
{ "type": "Feature", "properties": { "id": "a-00442", "start_id": "fd-00252", "end_id": "fd-01359", "specification": "leadin", "source": "fd-00252", "placement": "ug", "length": 18.31, "duct_group": 9, "duct_assignment": "11" }, "geometry": { "type": "LineString", "coordinates": [ [ -119.287299962670744, 35.499541845011777 ], [ -119.287469208785396, 35.499631640833641 ] ] } },
{ "type": "Feature", "properties": { "id": "a-00443", "start_id": "fd-00253", "end_id": "fd-00941", "specification": "leadin", "source": "fd-00253", "placement": "ug", "length": 18.13, "duct_group": 0, "duct_assignment": "1" }, "geometry": { "type": "LineString", "coordinates": [ [ -119.289668359148052, 35.50424175207479 ], [ -119.289775941938714, 35.50437941128073 ] ] } },
{ "type": "Feature", "properties": { "id": "a-00444", "start_id": "fd-00253", "end_id": "fd-00942", "specification": "leadin", "source": "fd-00253", "placement": "ug", "length": 18.23, "duct_group": 0, "duct_assignment": "2" }, "geometry": { "type": "LineString", "coordinates": [ [ -119.289668359148052, 35.50424175207479 ], [ -119.289557565909163, 35.504378799918797 ] ] } },
{ "type": "Feature", "properties": { "id": "a-00445", "start_id": "fd-00254", "end_id": "fd-00943", "specification": "leadin", "source": "fd-00254", "placement": "ug", "length": 18.13, "duct_group": 0, "duct_assignment": "3" }, "geometry": { "type": "LineString", "coordinates": [ [ -119.289231607014656, 35.50424052886649 ], [ -119.289339189540442, 35.50437818821208 ] ] } },
{ "type": "Feature", "properties": { "id": "a-00446", "start_id": "fd-00254", "end_id": "fd-00944", "specification": "leadin", "source": "fd-00254", "placement": "ug", "length": 18.23, "duct_group": 0, "duct_assignment": "4" }, "geometry": { "type": "LineString", "coordinates": [ [ -119.289231607014656, 35.50424052886649 ], [ -119.289120813050687, 35.504377575980058 ] ] } },
{ "type": "Feature", "properties": { "id": "a-00447", "start_id": "fd-00255", "end_id": "fd-00945", "specification": "leadin", "source": "fd-00255", "placement": "ug", "length": 18.13, "duct_group": 0, "duct_assignment": "5" }, "geometry": { "type": "LineString", "coordinates": [ [ -119.2887948559964, 35.504239304094853 ], [ -119.288902437176674, 35.504376963591412 ] ] } },
{ "type": "Feature", "properties": { "id": "a-00448", "start_id": "fd-00255", "end_id": "fd-00946", "specification": "leadin", "source": "fd-00255", "placement": "ug", "length": 18.23, "duct_group": 0, "duct_assignment": "6" }, "geometry": { "type": "LineString", "coordinates": [ [ -119.2887948559964, 35.504239304094853 ], [ -119.288684060691565, 35.504376350592558 ] ] } },
{ "type": "Feature", "properties": { "id": "a-00449", "start_id": "fd-00256", "end_id": "fd-01276", "specification": "leadin", "source": "fd-00256", "placement": "ug", "length": 18.13, "duct_group": 0, "duct_assignment": "7" }, "geometry": { "type": "LineString", "coordinates": [ [ -119.288335608941253, 35.504106156691023 ], [ -119.288228029047318, 35.503968495092501 ] ] } },
{ "type": "Feature", "properties": { "id": "a-00450", "start_id": "fd-00256", "end_id": "fd-01275", "specification": "leadin", "source": "fd-00256", "placement": "ug", "length": 18.81, "duct_group": 0, "duct_assignment": "8" }, "geometry": { "type": "LineString", "coordinates": [ [ -119.288335608941253, 35.504106156691023 ], [ -119.288454133784086, 35.50396712746921 ] ] } },
{ "type": "Feature", "properties": { "id": "a-00451", "start_id": "fd-00257", "end_id": "fd-00948", "specification": "leadin", "source": "fd-00257", "placement": "ug", "length": 18.23, "duct_group": 0, "duct_assignment": "9" }, "geometry": { "type": "LineString", "coordinates": [ [ -119.288358103874884, 35.504238076881819 ], [ -119.288247308464847, 35.504375123658804 ] ] } },
{ "type": "Feature", "properties": { "id": "a-00452", "start_id": "fd-00257", "end_id": "fd-00947", "specification": "leadin", "source": "fd-00257", "placement": "ug", "length": 18.13, "duct_group": 0, "duct_assignment": "10" }, "geometry": { "type": "LineString", "coordinates": [ [ -119.288358103874884, 35.504238076881819 ], [ -119.28846568432914, 35.504375737211262 ] ] } },
{ "type": "Feature", "properties": { "id": "a-00453", "start_id": "fd-00258", "end_id": "fd-00950", "specification": "leadin", "source": "fd-00258", "placement": "ug", "length": 18.78, "duct_group": 0, "duct_assignment": "11" }, "geometry": { "type": "LineString", "coordinates": [ [ -119.287921351780554, 35.504236849018206 ], [ -119.287804027428521, 35.504376229753582 ] ] } },
{ "type": "Feature", "properties": { "id": "a-00454", "start_id": "fd-00258", "end_id": "fd-00949", "specification": "leadin", "source": "fd-00258", "placement": "ug", "length": 18.13, "duct_group": 0, "duct_assignment": "12" }, "geometry": { "type": "LineString", "coordinates": [ [ -119.287921351780554, 35.504236849018206 ], [ -119.288028932330619, 35.504374509605775 ] ] } },
{ "type": "Feature", "properties": { "id": "a-00455", "start_id": "fd-00259", "end_id": "fd-01266", "specification": "leadin", "source": "fd-00259", "placement": "ug", "length": 19.46, "duct_group": 1, "duct_assignment": "1" }, "geometry": { "type": "LineString", "coordinates": [ [ -119.29077067406007, 35.502516136128655 ], [ -119.290881287326513, 35.502365919864573 ] ] } },
{ "type": "Feature", "properties": { "id": "a-00456", "start_id": "fd-00260", "end_id": "fd-01267", "specification": "leadin", "source": "fd-00260", "placement": "ug", "length": 19.48, "duct_group": 1, "duct_assignment": "2" }, "geometry": { "type": "LineString", "coordinates": [ [ -119.291207473946542, 35.502519361536926 ], [ -119.291099679992953, 35.502367537403622 ] ] } },
{ "type": "Feature", "properties": { "id": "a-00457", "start_id": "fd-00260", "end_id": "fd-01268", "specification": "leadin", "source": "fd-00260", "placement": "ug", "length": 20.45, "duct_group": 1, "duct_assignment": "3" }, "geometry": { "type": "LineString", "coordinates": [ [ -119.291207473946542, 35.502519361536926 ], [ -119.291335035937237, 35.502367403920154 ] ] } },
{ "type": "Feature", "properties": { "id": "a-00458", "start_id": "fd-00261", "end_id": "fd-01245", "specification": "leadin", "source": "fd-00261", "placement": "ug", "length": 18.75, "duct_group": 1, "duct_assignment": "4" }, "geometry": { "type": "LineString", "coordinates": [ [ -119.291380191203189, 35.502847394668265 ], [ -119.291211335010161, 35.502750034154495 ] ] } },
{ "type": "Feature", "properties": { "id": "a-00459", "start_id": "fd-00262", "end_id": "fd-01235", "specification": "leadin", "source": "fd-00262", "placement": "ug", "length": 18.72, "duct_group": 1, "duct_assignment": "5" }, "geometry": { "type": "LineString", "coordinates": [ [ -119.291541449633385, 35.502848567632313 ], [ -119.291712062709223, 35.502753699751196 ] ] } },
{ "type": "Feature", "properties": { "id": "a-00460", "start_id": "fd-00263", "end_id": "fd-01243", "specification": "leadin", "source": "fd-00263", "placement": "ug", "length": 20.19, "duct_group": 1, "duct_assignment": "6" }, "geometry": { "type": "LineString", "coordinates": [ [ -119.291323922730513, 35.503033707948475 ], [ -119.291156863126901, 35.503153959054117 ] ] } },
{ "type": "Feature", "properties": { "id": "a-00461", "start_id": "fd-00263", "end_id": "fd-01242", "specification": "leadin", "source": "fd-00263", "placement": "ug", "length": 14.96, "duct_group": 1, "duct_assignment": "7" }, "geometry": { "type": "LineString", "coordinates": [ [ -119.291323922730513, 35.503033707948475 ], [ -119.291208247710045, 35.502937653173923 ] ] } },
{ "type": "Feature", "properties": { "id": "a-00462", "start_id": "fd-00264", "end_id": "fd-01240", "specification": "leadin", "source": "fd-00264", "placement": "ug", "length": 20.06, "duct_group": 1, "duct_assignment": "8" }, "geometry": { "type": "LineString", "coordinates": [ [ -119.291596328451817, 35.503035815378837 ], [ -119.29175887077497, 35.503158290487214 ] ] } },
{ "type": "Feature", "properties": { "id": "a-00463", "start_id": "fd-00264", "end_id": "fd-01241", "specification": "leadin", "source": "fd-00264", "placement": "ug", "length": 14.81, "duct_group": 1, "duct_assignment": "9" }, "geometry": { "type": "LineString", "coordinates": [ [ -119.291596328451817, 35.503035815378837 ], [ -119.291711614790771, 35.502941315457633 ] ] } },
{ "type": "Feature", "properties": { "id": "a-00464", "start_id": "fd-00265", "end_id": "fd-01244", "specification": "leadin", "source": "fd-00265", "placement": "ug", "length": 22.96, "duct_group": 1, "duct_assignment": "10" }, "geometry": { "type": "LineString", "coordinates": [ [ -119.291457128112413, 35.50323840437192 ], [ -119.291265275841013, 35.503373328789088 ] ] } },
{ "type": "Feature", "properties": { "id": "a-00465", "start_id": "fd-00265", "end_id": "fd-01239", "specification": "leadin", "source": "fd-00265", "placement": "ug", "length": 22.86, "duct_group": 1, "duct_assignment": "11" }, "geometry": { "type": "LineString", "coordinates": [ [ -119.291457128112413, 35.50323840437192 ], [ -119.291645601849169, 35.503375090522397 ] ] } },
{ "type": "Feature", "properties": { "id": "a-00466", "start_id": "fd-00266", "end_id": "fd-01205", "specification": "leadin", "source": "fd-00266", "placement": "ug", "length": 18.96, "duct_group": 2, "duct_assignment": "1" }, "geometry": { "type": "LineString", "coordinates": [ [ -119.288356955370631, 35.503403988500153 ], [ -119.288250144033569, 35.503257182718308 ] ] } },
{ "type": "Feature", "properties": { "id": "a-00467", "start_id": "fd-00266", "end_id": "fd-01206", "specification": "leadin", "source": "fd-00266", "placement": "ug", "length": 18.46, "duct_group": 2, "duct_assignment": "2" }, "geometry": { "type": "LineString", "coordinates": [ [ -119.288356955370631, 35.503403988500153 ], [ -119.288459256213144, 35.503260242694608 ] ] } },
{ "type": "Feature", "properties": { "id": "a-00468", "start_id": "fd-00267", "end_id": "fd-01212", "specification": "leadin", "source": "fd-00267", "placement": "ug", "length": 18.29, "duct_group": 2, "duct_assignment": "3" }, "geometry": { "type": "LineString", "coordinates": [ [ -119.28836263872158, 35.502830178009511 ], [ -119.288461958535706, 35.502973596249426 ] ] } },
{ "type": "Feature", "properties": { "id": "a-00469", "start_id": "fd-00267", "end_id": "fd-01211", "specification": "leadin", "source": "fd-00267", "placement": "ug", "length": 18.9, "duct_group": 2, "duct_assignment": "4" }, "geometry": { "type": "LineString", "coordinates": [ [ -119.28836263872158, 35.502830178009511 ], [ -119.288252767543284, 35.502974910129716 ] ] } },
{ "type": "Feature", "properties": { "id": "a-00470", "start_id": "fd-00268", "end_id": "fd-01213", "specification": "leadin", "source": "fd-00268", "placement": "ug", "length": 15.55, "duct_group": 2, "duct_assignment": "5" }, "geometry": { "type": "LineString", "coordinates": [ [ -119.288765235616822, 35.502874382074481 ], [ -119.288660121218683, 35.502985036932351 ] ] } },
{ "type": "Feature", "properties": { "id": "a-00471", "start_id": "fd-00268", "end_id": "fd-01214", "specification": "leadin", "source": "fd-00268", "placement": "ug", "length": 17.7, "duct_group": 2, "duct_assignment": "6" }, "geometry": { "type": "LineString", "coordinates": [ [ -119.288765235616822, 35.502874382074481 ], [ -119.288875900522541, 35.503005781057432 ] ] } },
{ "type": "Feature", "properties": { "id": "a-00472", "start_id": "fd-00269", "end_id": "fd-01216", "specification": "leadin", "source": "fd-00269", "placement": "ug", "length": 20.82, "duct_group": 2, "duct_assignment": "7" }, "geometry": { "type": "LineString", "coordinates": [ [ -119.289014454621949, 35.502782452409527 ], [ -119.289241733221402, 35.502808217607544 ] ] } },
{ "type": "Feature", "properties": { "id": "a-00473", "start_id": "fd-00269", "end_id": "fd-01215", "specification": "leadin", "source": "fd-00269", "placement": "ug", "length": 24.75, "duct_group": 2, "duct_assignment": "8" }, "geometry": { "type": "LineString", "coordinates": [ [ -119.289014454621949, 35.502782452409527 ], [ -119.289134256127184, 35.502982867730438 ] ] } },
{ "type": "Feature", "properties": { "id": "a-00474", "start_id": "fd-00270", "end_id": "fd-01178", "specification": "leadin", "source": "fd-00270", "placement": "ug", "length": 18.12, "duct_group": 2, "duct_assignment": "9" }, "geometry": { "type": "LineString", "coordinates": [ [ -119.289038882855209, 35.502486499121602 ], [ -119.289212221270532, 35.502405459786488 ] ] } },
{ "type": "Feature", "properties": { "id": "a-00475", "start_id": "fd-00270", "end_id": "fd-01180", "specification": "leadin", "source": "fd-00270", "placement": "ug", "length": 20.24, "duct_group": 2, "duct_assignment": "10" }, "geometry": { "type": "LineString", "coordinates": [ [ -119.289038882855209, 35.502486499121602 ], [ -119.289229042139368, 35.502581914639634 ] ] } },
{ "type": "Feature", "properties": { "id": "a-00476", "start_id": "fd-00271", "end_id": "fd-01175", "specification": "leadin", "source": "fd-00271", "placement": "ug", "length": 18.39, "duct_group": 2, "duct_assignment": "11" }, "geometry": { "type": "LineString", "coordinates": [ [ -119.289038444014665, 35.502157210509651 ], [ -119.289215233412449, 35.502076228097742 ] ] } },
{ "type": "Feature", "properties": { "id": "a-00477", "start_id": "fd-00271", "end_id": "fd-01176", "specification": "leadin", "source": "fd-00271", "placement": "ug", "length": 18.41, "duct_group": 2, "duct_assignment": "12" }, "geometry": { "type": "LineString", "coordinates": [ [ -119.289038444014665, 35.502157210509651 ], [ -119.289213692919816, 35.502240862074572 ] ] } },
{ "type": "Feature", "properties": { "id": "a-00478", "start_id": "fd-00272", "end_id": "fd-01258", "specification": "leadin", "source": "fd-00272", "placement": "ug", "length": 18.47, "duct_group": 3, "duct_assignment": "1" }, "geometry": { "type": "LineString", "coordinates": [ [ -119.289715031544205, 35.50322269318027 ], [ -119.289543963675129, 35.503312955426374 ] ] } },
{ "type": "Feature", "properties": { "id": "a-00479", "start_id": "fd-00272", "end_id": "fd-01259", "specification": "leadin", "source": "fd-00272", "placement": "ug", "length": 18.22, "duct_group": 3, "duct_assignment": "2" }, "geometry": { "type": "LineString", "coordinates": [ [ -119.289715031544205, 35.50322269318027 ], [ -119.289548555802313, 35.503130808592523 ] ] } },
{ "type": "Feature", "properties": { "id": "a-00480", "start_id": "fd-00273", "end_id": "fd-01260", "specification": "leadin", "source": "fd-00273", "placement": "ug", "length": 17.82, "duct_group": 3, "duct_assignment": "3" }, "geometry": { "type": "LineString", "coordinates": [ [ -119.289713283478818, 35.502860229732477 ], [ -119.289550195427893, 35.502949658069234 ] ] } },
{ "type": "Feature", "properties": { "id": "a-00481", "start_id": "fd-00273", "end_id": "fd-01261", "specification": "leadin", "source": "fd-00273", "placement": "ug", "length": 20.43, "duct_group": 3, "duct_assignment": "4" }, "geometry": { "type": "LineString", "coordinates": [ [ -119.289713283478818, 35.502860229732477 ], [ -119.289526248958197, 35.502757731532888 ] ] } },
{ "type": "Feature", "properties": { "id": "a-00482", "start_id": "fd-00274", "end_id": "fd-01177", "specification": "leadin", "source": "fd-00274", "placement": "ug", "length": 22.91, "duct_group": 3, "duct_assignment": "5" }, "geometry": { "type": "LineString", "coordinates": [ [ -119.289752716983102, 35.502526906452331 ], [ -119.289672351359755, 35.50233115099963 ] ] } },
{ "type": "Feature", "properties": { "id": "a-00483", "start_id": "fd-00274", "end_id": "fd-01179", "specification": "leadin", "source": "fd-00274", "placement": "ug", "length": 20.7, "duct_group": 3, "duct_assignment": "6" }, "geometry": { "type": "LineString", "coordinates": [ [ -119.289752716983102, 35.502526906452331 ], [ -119.289526544425513, 35.502502386727045 ] ] } },
{ "type": "Feature", "properties": { "id": "a-00484", "start_id": "fd-00275", "end_id": "fd-01262", "specification": "leadin", "source": "fd-00275", "placement": "ug", "length": 21.02, "duct_group": 3, "duct_assignment": "7" }, "geometry": { "type": "LineString", "coordinates": [ [ -119.290110915468347, 35.502487856712428 ], [ -119.289983165474837, 35.502329830773 ] ] } },
{ "type": "Feature", "properties": { "id": "a-00485", "start_id": "fd-00275", "end_id": "fd-01263", "specification": "leadin", "source": "fd-00275", "placement": "ug", "length": 17.57, "duct_group": 3, "duct_assignment": "8" }, "geometry": { "type": "LineString", "coordinates": [ [ -119.290110915468347, 35.502487856712428 ], [ -119.29022455030271, 35.502359703714369 ] ] } },
{ "type": "Feature", "properties": { "id": "a-00486", "start_id": "fd-00276", "end_id": "fd-01264", "specification": "leadin", "source": "fd-00276", "placement": "ug", "length": 19.46, "duct_group": 3, "duct_assignment": "9" }, "geometry": { "type": "LineString", "coordinates": [ [ -119.290333829642321, 35.502512878989357 ], [ -119.290444464123624, 35.502362665148439 ] ] } },
{ "type": "Feature", "properties": { "id": "a-00487", "start_id": "fd-00277", "end_id": "fd-01265", "specification": "leadin", "source": "fd-00277", "placement": "ug", "length": 19.46, "duct_group": 3, "duct_assignment": "10" }, "geometry": { "type": "LineString", "coordinates": [ [ -119.290552255224028, 35.502514512224458 ], [ -119.290662880658545, 35.502364296455013 ] ] } },
{ "type": "Feature", "properties": { "id": "a-00488", "start_id": "fd-00278", "end_id": "fd-01204", "specification": "leadin", "source": "fd-00278", "placement": "ug", "length": 19.45, "duct_group": 4, "duct_assignment": "1" }, "geometry": { "type": "LineString", "coordinates": [ [ -119.287964026386391, 35.503212908690138 ], [ -119.28778193298659, 35.503305368658836 ] ] } },
{ "type": "Feature", "properties": { "id": "a-00489", "start_id": "fd-00278", "end_id": "fd-01203", "specification": "leadin", "source": "fd-00278", "placement": "ug", "length": 18.58, "duct_group": 4, "duct_assignment": "2" }, "geometry": { "type": "LineString", "coordinates": [ [ -119.287964026386391, 35.503212908690138 ], [ -119.287786765111775, 35.503129152863146 ] ] } },
{ "type": "Feature", "properties": { "id": "a-00490", "start_id": "fd-00279", "end_id": "fd-01201", "specification": "leadin", "source": "fd-00279", "placement": "ug", "length": 18.58, "duct_group": 4, "duct_assignment": "3" }, "geometry": { "type": "LineString", "coordinates": [ [ -119.28796712492904, 35.502883703932277 ], [ -119.287789852946489, 35.50279994223839 ] ] } },
{ "type": "Feature", "properties": { "id": "a-00491", "start_id": "fd-00279", "end_id": "fd-01202", "specification": "leadin", "source": "fd-00279", "placement": "ug", "length": 18.54, "duct_group": 4, "duct_assignment": "4" }, "geometry": { "type": "LineString", "coordinates": [ [ -119.28796712492904, 35.502883703932277 ], [ -119.287788310255593, 35.502964550404428 ] ] } },
{ "type": "Feature", "properties": { "id": "a-00492", "start_id": "fd-00280", "end_id": "fd-01199", "specification": "leadin", "source": "fd-00280", "placement": "ug", "length": 18.58, "duct_group": 4, "duct_assignment": "5" }, "geometry": { "type": "LineString", "coordinates": [ [ -119.287970212058525, 35.502554475815067 ], [ -119.287792931201665, 35.502470715659697 ] ] } },
{ "type": "Feature", "properties": { "id": "a-00493", "start_id": "fd-00280", "end_id": "fd-01200", "specification": "leadin", "source": "fd-00280", "placement": "ug", "length": 18.54, "duct_group": 4, "duct_assignment": "6" }, "geometry": { "type": "LineString", "coordinates": [ [ -119.287970212058525, 35.502554475815067 ], [ -119.287791393521232, 35.502635330341498 ] ] } },
{ "type": "Feature", "properties": { "id": "a-00494", "start_id": "fd-00281", "end_id": "fd-01198", "specification": "leadin", "source": "fd-00281", "placement": "ug", "length": 18.54, "duct_group": 4, "duct_assignment": "7" }, "geometry": { "type": "LineString", "coordinates": [ [ -119.28797328795855, 35.502225236054493 ], [ -119.287794467277891, 35.502306098830765 ] ] } },
{ "type": "Feature", "properties": { "id": "a-00495", "start_id": "fd-00281", "end_id": "fd-01197", "specification": "leadin", "source": "fd-00281", "placement": "ug", "length": 18.58, "duct_group": 4, "duct_assignment": "8" }, "geometry": { "type": "LineString", "coordinates": [ [ -119.28797328795855, 35.502225236054493 ], [ -119.287796000080832, 35.502141480436251 ] ] } },
{ "type": "Feature", "properties": { "id": "a-00496", "start_id": "fd-00282", "end_id": "fd-01155", "specification": "leadin", "source": "fd-00282", "placement": "ug", "length": 19.12, "duct_group": 4, "duct_assignment": "9" }, "geometry": { "type": "LineString", "coordinates": [ [ -119.287976348277397, 35.501895988301612 ], [ -119.287796051579846, 35.501806757984362 ] ] } },
{ "type": "Feature", "properties": { "id": "a-00497", "start_id": "fd-00282", "end_id": "fd-01196", "specification": "leadin", "source": "fd-00282", "placement": "ug", "length": 18.54, "duct_group": 4, "duct_assignment": "10" }, "geometry": { "type": "LineString", "coordinates": [ [ -119.287976348277397, 35.501895988301612 ], [ -119.287797514379633, 35.501976856342438 ] ] } },
{ "type": "Feature", "properties": { "id": "a-00498", "start_id": "fd-00283", "end_id": "fd-01160", "specification": "leadin", "source": "fd-00283", "placement": "ug", "length": 18.58, "duct_group": 4, "duct_assignment": "11" }, "geometry": { "type": "LineString", "coordinates": [ [ -119.288152975148805, 35.501682094168252 ], [ -119.288330286002363, 35.501765794984067 ] ] } },
{ "type": "Feature", "properties": { "id": "a-00499", "start_id": "fd-00283", "end_id": "fd-01159", "specification": "leadin", "source": "fd-00283", "placement": "ug", "length": 18.55, "duct_group": 4, "duct_assignment": "12" }, "geometry": { "type": "LineString", "coordinates": [ [ -119.288152975148805, 35.501682094168252 ], [ -119.288331802885409, 35.501601164465463 ] ] } },
{ "type": "Feature", "properties": { "id": "a-00500", "start_id": "fd-00284", "end_id": "fd-01257", "specification": "leadin", "source": "fd-00284", "placement": "ug", "length": 20.42, "duct_group": 5, "duct_assignment": "1" }, "geometry": { "type": "LineString", "coordinates": [ [ -119.289875992256526, 35.503259076475516 ], [ -119.290041949702555, 35.503383433608278 ] ] } },
{ "type": "Feature", "properties": { "id": "a-00501", "start_id": "fd-00284", "end_id": "fd-01256", "specification": "leadin", "source": "fd-00284", "placement": "ug", "length": 19.36, "duct_group": 5, "duct_assignment": "2" }, "geometry": { "type": "LineString", "coordinates": [ [ -119.289875992256526, 35.503259076475516 ], [ -119.290044409125358, 35.50315189598075 ] ] } },
{ "type": "Feature", "properties": { "id": "a-00502", "start_id": "fd-00285", "end_id": "fd-01255", "specification": "leadin", "source": "fd-00285", "placement": "ug", "length": 19.02, "duct_group": 5, "duct_assignment": "3" }, "geometry": { "type": "LineString", "coordinates": [ [ -119.289880112786989, 35.502836250327825 ], [ -119.290046471418975, 35.502940482258765 ] ] } },
{ "type": "Feature", "properties": { "id": "a-00503", "start_id": "fd-00285", "end_id": "fd-01254", "specification": "leadin", "source": "fd-00285", "placement": "ug", "length": 18.75, "duct_group": 5, "duct_assignment": "4" }, "geometry": { "type": "LineString", "coordinates": [ [ -119.289880112786989, 35.502836250327825 ], [ -119.290051312282998, 35.502741669319384 ] ] } },
{ "type": "Feature", "properties": { "id": "a-00504", "start_id": "fd-00286", "end_id": "fd-01253", "specification": "leadin", "source": "fd-00286", "placement": "ug", "length": 18.75, "duct_group": 5, "duct_assignment": "5" }, "geometry": { "type": "LineString", "coordinates": [ [ -119.290549538942585, 35.502841286687854 ], [ -119.290380672981286, 35.502743888187354 ] ] } },
{ "type": "Feature", "properties": { "id": "a-00505", "start_id": "fd-00287", "end_id": "fd-01246", "specification": "leadin", "source": "fd-00287", "placement": "ug", "length": 18.73, "duct_group": 5, "duct_assignment": "6" }, "geometry": { "type": "LineString", "coordinates": [ [ -119.290710841815766, 35.502842484611847 ], [ -119.290881536791744, 35.502747611306027 ] ] } },
{ "type": "Feature", "properties": { "id": "a-00506", "start_id": "fd-00288", "end_id": "fd-01251", "specification": "leadin", "source": "fd-00288", "placement": "ug", "length": 20.19, "duct_group": 5, "duct_assignment": "7" }, "geometry": { "type": "LineString", "coordinates": [ [ -119.290493224449861, 35.503027596446245 ], [ -119.290326148457453, 35.503147805292734 ] ] } },
{ "type": "Feature", "properties": { "id": "a-00507", "start_id": "fd-00288", "end_id": "fd-01252", "specification": "leadin", "source": "fd-00288", "placement": "ug", "length": 14.96, "duct_group": 5, "duct_assignment": "8" }, "geometry": { "type": "LineString", "coordinates": [ [ -119.290493224449861, 35.503027596446245 ], [ -119.290377555743888, 35.502931513100364 ] ] } },
{ "type": "Feature", "properties": { "id": "a-00508", "start_id": "fd-00289", "end_id": "fd-01247", "specification": "leadin", "source": "fd-00289", "placement": "ug", "length": 14.93, "duct_group": 5, "duct_assignment": "9" }, "geometry": { "type": "LineString", "coordinates": [ [ -119.290765938379593, 35.503031393910035 ], [ -119.290881046308172, 35.502935255187751 ] ] } },
{ "type": "Feature", "properties": { "id": "a-00509", "start_id": "fd-00289", "end_id": "fd-01248", "specification": "leadin", "source": "fd-00289", "placement": "ug", "length": 19.92, "duct_group": 5, "duct_assignment": "10" }, "geometry": { "type": "LineString", "coordinates": [ [ -119.290765938379593, 35.503031393910035 ], [ -119.290928228885321, 35.503152283721001 ] ] } },
{ "type": "Feature", "properties": { "id": "a-00510", "start_id": "fd-00290", "end_id": "fd-01249", "specification": "leadin", "source": "fd-00290", "placement": "ug", "length": 23.02, "duct_group": 5, "duct_assignment": "11" }, "geometry": { "type": "LineString", "coordinates": [ [ -119.290626384191739, 35.503232327578651 ], [ -119.290815121066956, 35.503371007418714 ] ] } },
{ "type": "Feature", "properties": { "id": "a-00511", "start_id": "fd-00290", "end_id": "fd-01250", "specification": "leadin", "source": "fd-00290", "placement": "ug", "length": 23.12, "duct_group": 5, "duct_assignment": "12" }, "geometry": { "type": "LineString", "coordinates": [ [ -119.290626384191739, 35.503232327578651 ], [ -119.290434269075888, 35.503369176805293 ] ] } },
{ "type": "Feature", "properties": { "id": "a-00512", "start_id": "fd-00291", "end_id": "fd-01281", "specification": "leadin", "source": "fd-00291", "placement": "ug", "length": 18.57, "duct_group": 6, "duct_assignment": "1" }, "geometry": { "type": "LineString", "coordinates": [ [ -119.289452632580421, 35.503559821181717 ], [ -119.289335120508113, 35.503696852025158 ] ] } },
{ "type": "Feature", "properties": { "id": "a-00513", "start_id": "fd-00291", "end_id": "fd-01280", "specification": "leadin", "source": "fd-00291", "placement": "ug", "length": 18.98, "duct_group": 6, "duct_assignment": "2" }, "geometry": { "type": "LineString", "coordinates": [ [ -119.289452632580421, 35.503559821181717 ], [ -119.289573537077345, 35.503699430301296 ] ] } },
{ "type": "Feature", "properties": { "id": "a-00514", "start_id": "fd-00292", "end_id": "fd-01209", "specification": "leadin", "source": "fd-00292", "placement": "ug", "length": 18.28, "duct_group": 6, "duct_assignment": "3" }, "geometry": { "type": "LineString", "coordinates": [ [ -119.289163220203932, 35.503405216610943 ], [ -119.289063734152393, 35.503261915721289 ] ] } },
{ "type": "Feature", "properties": { "id": "a-00515", "start_id": "fd-00292", "end_id": "fd-01210", "specification": "leadin", "source": "fd-00292", "placement": "ug", "length": 18.67, "duct_group": 6, "duct_assignment": "4" }, "geometry": { "type": "LineString", "coordinates": [ [ -119.289163220203932, 35.503405216610943 ], [ -119.289272187966617, 35.503262471205865 ] ] } },
{ "type": "Feature", "properties": { "id": "a-00516", "start_id": "fd-00293", "end_id": "fd-01207", "specification": "leadin", "source": "fd-00293", "placement": "ug", "length": 18.34, "duct_group": 6, "duct_assignment": "5" }, "geometry": { "type": "LineString", "coordinates": [ [ -119.288759693091635, 35.503404941347895 ], [ -119.288660754109131, 35.503260811410826 ] ] } },
{ "type": "Feature", "properties": { "id": "a-00517", "start_id": "fd-00293", "end_id": "fd-01208", "specification": "leadin", "source": "fd-00293", "placement": "ug", "length": 18.45, "duct_group": 6, "duct_assignment": "6" }, "geometry": { "type": "LineString", "coordinates": [ [ -119.288759693091635, 35.503404941347895 ], [ -119.288862246219878, 35.503261368320921 ] ] } },
{ "type": "Feature", "properties": { "id": "a-00518", "start_id": "fd-00294", "end_id": "fd-01283", "specification": "leadin", "source": "fd-00294", "placement": "ug", "length": 19.1, "duct_group": 6, "duct_assignment": "7" }, "geometry": { "type": "LineString", "coordinates": [ [ -119.288989007501684, 35.503558522109017 ], [ -119.288864733476771, 35.503697441684572 ] ] } },
{ "type": "Feature", "properties": { "id": "a-00519", "start_id": "fd-00294", "end_id": "fd-01282", "specification": "leadin", "source": "fd-00294", "placement": "ug", "length": 18.47, "duct_group": 6, "duct_assignment": "8" }, "geometry": { "type": "LineString", "coordinates": [ [ -119.288989007501684, 35.503558522109017 ], [ -119.289103307641142, 35.503696202263143 ] ] } },
{ "type": "Feature", "properties": { "id": "a-00520", "start_id": "fd-00295", "end_id": "fd-00963", "specification": "leadin", "source": "fd-00295", "placement": "ug", "length": 19.09, "duct_group": 6, "duct_assignment": "9" }, "geometry": { "type": "LineString", "coordinates": [ [ -119.289446210128574, 35.504109242391216 ], [ -119.289570371367731, 35.503970320003482 ] ] } },
{ "type": "Feature", "properties": { "id": "a-00521", "start_id": "fd-00295", "end_id": "fd-00964", "specification": "leadin", "source": "fd-00295", "placement": "ug", "length": 18.47, "duct_group": 6, "duct_assignment": "10" }, "geometry": { "type": "LineString", "coordinates": [ [ -119.289446210128574, 35.504109242391216 ], [ -119.289331908894752, 35.503971562626944 ] ] } },
{ "type": "Feature", "properties": { "id": "a-00522", "start_id": "fd-00296", "end_id": "fd-01274", "specification": "leadin", "source": "fd-00296", "placement": "ug", "length": 18.99, "duct_group": 6, "duct_assignment": "11" }, "geometry": { "type": "LineString", "coordinates": [ [ -119.288982581950833, 35.504107943294564 ], [ -119.28886156497606, 35.503968334812896 ] ] } },
{ "type": "Feature", "properties": { "id": "a-00523", "start_id": "fd-00296", "end_id": "fd-00965", "specification": "leadin", "source": "fd-00296", "placement": "ug", "length": 18.57, "duct_group": 6, "duct_assignment": "12" }, "geometry": { "type": "LineString", "coordinates": [ [ -119.288982581950833, 35.504107943294564 ], [ -119.289100095126415, 35.503970912853667 ] ] } },
{ "type": "Feature", "properties": { "id": "a-00524", "start_id": "fd-00297", "end_id": "fd-01436", "specification": "leadin", "source": "fd-00297", "placement": "ug", "length": 21.41, "duct_group": 7, "duct_assignment": "1" }, "geometry": { "type": "LineString", "coordinates": [ [ -119.291859161515575, 35.502524170557635 ], [ -119.29198836569708, 35.502362746039218 ] ] } },
{ "type": "Feature", "properties": { "id": "a-00525", "start_id": "fd-00297", "end_id": "fd-01234", "specification": "leadin", "source": "fd-00297", "placement": "ug", "length": 20.0, "duct_group": 7, "duct_assignment": "2" }, "geometry": { "type": "LineString", "coordinates": [ [ -119.291859161515575, 35.502524170557635 ], [ -119.291744496085371, 35.502370275459512 ] ] } },
{ "type": "Feature", "properties": { "id": "a-00526", "start_id": "fd-00298", "end_id": "fd-01435", "specification": "leadin", "source": "fd-00298", "placement": "ug", "length": 18.85, "duct_group": 7, "duct_assignment": "3" }, "geometry": { "type": "LineString", "coordinates": [ [ -119.292286261262959, 35.502510074092918 ], [ -119.2922785432132, 35.502340283306687 ] ] } },
{ "type": "Feature", "properties": { "id": "a-00527", "start_id": "fd-00298", "end_id": "fd-01496", "specification": "leadin", "source": "fd-00298", "placement": "ug", "length": 24.7, "duct_group": 7, "duct_assignment": "4" }, "geometry": { "type": "LineString", "coordinates": [ [ -119.292286261262959, 35.502510074092918 ], [ -119.292537533956093, 35.502424510226582 ] ] } },
{ "type": "Feature", "properties": { "id": "a-00528", "start_id": "fd-00299", "end_id": "fd-01236", "specification": "leadin", "source": "fd-00299", "placement": "ug", "length": 18.77, "duct_group": 7, "duct_assignment": "5" }, "geometry": { "type": "LineString", "coordinates": [ [ -119.292210558747954, 35.502853538789125 ], [ -119.292041269679189, 35.502756402103024 ] ] } },
{ "type": "Feature", "properties": { "id": "a-00529", "start_id": "fd-00300", "end_id": "fd-01237", "specification": "leadin", "source": "fd-00300", "placement": "ug", "length": 15.74, "duct_group": 7, "duct_assignment": "6" }, "geometry": { "type": "LineString", "coordinates": [ [ -119.292142338700273, 35.503057453179323 ], [ -119.292038702280749, 35.502943741049904 ] ] } },
{ "type": "Feature", "properties": { "id": "a-00530", "start_id": "fd-00300", "end_id": "fd-01238", "specification": "leadin", "source": "fd-00300", "placement": "ug", "length": 17.56, "duct_group": 7, "duct_assignment": "7" }, "geometry": { "type": "LineString", "coordinates": [ [ -119.292142338700273, 35.503057453179323 ], [ -119.291988603388361, 35.503153576301656 ] ] } },
{ "type": "Feature", "properties": { "id": "a-00531", "start_id": "fd-00301", "end_id": "fd-01495", "specification": "leadin", "source": "fd-00301", "placement": "ug", "length": 25.19, "duct_group": 7, "duct_assignment": "8" }, "geometry": { "type": "LineString", "coordinates": [ [ -119.29237391419511, 35.502887482998247 ], [ -119.292573258695413, 35.502729535700809 ] ] } },
{ "type": "Feature", "properties": { "id": "a-00532", "start_id": "fd-00302", "end_id": "fd-00889", "specification": "leadin", "source": "fd-00302", "placement": "ug", "length": 22.66, "duct_group": 7, "duct_assignment": "9" }, "geometry": { "type": "LineString", "coordinates": [ [ -119.292287581666145, 35.50324457865765 ], [ -119.292465621421613, 35.503387819184482 ] ] } },
{ "type": "Feature", "properties": { "id": "a-00533", "start_id": "fd-00302", "end_id": "fd-00890", "specification": "leadin", "source": "fd-00302", "placement": "ug", "length": 22.87, "duct_group": 7, "duct_assignment": "10" }, "geometry": { "type": "LineString", "coordinates": [ [ -119.292287581666145, 35.50324457865765 ], [ -119.29209263365307, 35.503375225861411 ] ] } },
{ "type": "Feature", "properties": { "id": "a-00534", "start_id": "fd-00303", "end_id": "fd-01232", "specification": "leadin", "source": "fd-00303", "placement": "ug", "length": 19.78, "duct_group": 7, "duct_assignment": "11" }, "geometry": { "type": "LineString", "coordinates": [ [ -119.29244206401215, 35.503072261811312 ], [ -119.292592422120961, 35.503201320526038 ] ] } },
{ "type": "Feature", "properties": { "id": "a-00535", "start_id": "fd-00303", "end_id": "fd-01233", "specification": "leadin", "source": "fd-00303", "placement": "ug", "length": 14.57, "duct_group": 7, "duct_assignment": "12" }, "geometry": { "type": "LineString", "coordinates": [ [ -119.29244206401215, 35.503072261811312 ], [ -119.292547705389637, 35.502973423975874 ] ] } },
{ "type": "Feature", "properties": { "id": "a-00536", "start_id": "fd-00304", "end_id": "fd-01174", "specification": "leadin", "source": "fd-00304", "placement": "ug", "length": 19.13, "duct_group": 8, "duct_assignment": "1" }, "geometry": { "type": "LineString", "coordinates": [ [ -119.289041714237655, 35.50180324385191 ], [ -119.289216881006922, 35.501899244209319 ] ] } },
{ "type": "Feature", "properties": { "id": "a-00537", "start_id": "fd-00304", "end_id": "fd-01173", "specification": "leadin", "source": "fd-00304", "placement": "ug", "length": 18.39, "duct_group": 8, "duct_assignment": "2" }, "geometry": { "type": "LineString", "coordinates": [ [ -119.289041714237655, 35.50180324385191 ], [ -119.289218518371584, 35.501722259358225 ] ] } },
{ "type": "Feature", "properties": { "id": "a-00538", "start_id": "fd-00305", "end_id": "fd-01269", "specification": "leadin", "source": "fd-00305", "placement": "ug", "length": 19.1, "duct_group": 8, "duct_assignment": "3" }, "geometry": { "type": "LineString", "coordinates": [ [ -119.289044721302261, 35.501473966785653 ], [ -119.289221702270098, 35.501380722344706 ] ] } },
{ "type": "Feature", "properties": { "id": "a-00539", "start_id": "fd-00305", "end_id": "fd-01172", "specification": "leadin", "source": "fd-00305", "placement": "ug", "length": 18.42, "duct_group": 8, "duct_assignment": "4" }, "geometry": { "type": "LineString", "coordinates": [ [ -119.289044721302261, 35.501473966785653 ], [ -119.289219968441827, 35.501557708953598 ] ] } },
{ "type": "Feature", "properties": { "id": "a-00540", "start_id": "fd-00306", "end_id": "fd-01182", "specification": "leadin", "source": "fd-00306", "placement": "ug", "length": 18.66, "duct_group": 8, "duct_assignment": "5" }, "geometry": { "type": "LineString", "coordinates": [ [ -119.288872632065548, 35.501193706576736 ], [ -119.288692381687227, 35.501274651733866 ] ] } },
{ "type": "Feature", "properties": { "id": "a-00541", "start_id": "fd-00307", "end_id": "fd-01163", "specification": "leadin", "source": "fd-00307", "placement": "ug", "length": 19.1, "duct_group": 8, "duct_assignment": "6" }, "geometry": { "type": "LineString", "coordinates": [ [ -119.289047917446979, 35.501119989090739 ], [ -119.28922485281619, 35.501026669546746 ] ] } },
{ "type": "Feature", "properties": { "id": "a-00542", "start_id": "fd-00307", "end_id": "fd-01171", "specification": "leadin", "source": "fd-00307", "placement": "ug", "length": 18.42, "duct_group": 8, "duct_assignment": "7" }, "geometry": { "type": "LineString", "coordinates": [ [ -119.289047917446979, 35.501119989090739 ], [ -119.289223253982755, 35.501203645607561 ] ] } },
{ "type": "Feature", "properties": { "id": "a-00543", "start_id": "fd-00308", "end_id": "fd-01162", "specification": "leadin", "source": "fd-00308", "placement": "ug", "length": 19.23, "duct_group": 8, "duct_assignment": "8" }, "geometry": { "type": "LineString", "coordinates": [ [ -119.288874093455362, 35.501029065752675 ], [ -119.288692365329837, 35.500939890832015 ] ] } },
{ "type": "Feature", "properties": { "id": "a-00544", "start_id": "fd-00308", "end_id": "fd-01181", "specification": "leadin", "source": "fd-00308", "placement": "ug", "length": 18.66, "duct_group": 8, "duct_assignment": "9" }, "geometry": { "type": "LineString", "coordinates": [ [ -119.288874093455362, 35.501029065752675 ], [ -119.288693866351906, 35.501110012860167 ] ] } },
{ "type": "Feature", "properties": { "id": "a-00545", "start_id": "fd-00309", "end_id": "fd-01372", "specification": "leadin", "source": "fd-00309", "placement": "ug", "length": 19.64, "duct_group": 8, "duct_assignment": "10" }, "geometry": { "type": "LineString", "coordinates": [ [ -119.289052359561282, 35.500788633670822 ], [ -119.289227884249726, 35.50068505234637 ] ] } },
{ "type": "Feature", "properties": { "id": "a-00546", "start_id": "fd-00309", "end_id": "fd-01164", "specification": "leadin", "source": "fd-00309", "placement": "ug", "length": 17.19, "duct_group": 8, "duct_assignment": "11" }, "geometry": { "type": "LineString", "coordinates": [ [ -119.289052359561282, 35.500788633670822 ], [ -119.289226437393268, 35.500849694822634 ] ] } },
{ "type": "Feature", "properties": { "id": "a-00547", "start_id": "fd-00310", "end_id": "fd-01154", "specification": "leadin", "source": "fd-00310", "placement": "ug", "length": 19.08, "duct_group": 9, "duct_assignment": "1" }, "geometry": { "type": "LineString", "coordinates": [ [ -119.28798097519892, 35.501396602043513 ], [ -119.287799062344092, 35.501482919776819 ] ] } },
{ "type": "Feature", "properties": { "id": "a-00548", "start_id": "fd-00310", "end_id": "fd-01153", "specification": "leadin", "source": "fd-00310", "placement": "ug", "length": 18.58, "duct_group": 9, "duct_assignment": "2" }, "geometry": { "type": "LineString", "coordinates": [ [ -119.28798097519892, 35.501396602043513 ], [ -119.287803659396459, 35.501312873844036 ] ] } },
{ "type": "Feature", "properties": { "id": "a-00549", "start_id": "fd-00311", "end_id": "fd-01151", "specification": "leadin", "source": "fd-00311", "placement": "ug", "length": 18.97, "duct_group": 9, "duct_assignment": "3" }, "geometry": { "type": "LineString", "coordinates": [ [ -119.287983996671002, 35.50106734106857 ], [ -119.287806745789595, 35.500976762945179 ] ] } },
{ "type": "Feature", "properties": { "id": "a-00550", "start_id": "fd-00311", "end_id": "fd-01152", "specification": "leadin", "source": "fd-00311", "placement": "ug", "length": 18.54, "duct_group": 9, "duct_assignment": "4" }, "geometry": { "type": "LineString", "coordinates": [ [ -119.287983996671002, 35.50106734106857 ], [ -119.287805174302392, 35.50114824863256 ] ] } },
{ "type": "Feature", "properties": { "id": "a-00551", "start_id": "fd-00312", "end_id": "fd-01150", "specification": "leadin", "source": "fd-00312", "placement": "ug", "length": 19.12, "duct_group": 9, "duct_assignment": "5" }, "geometry": { "type": "LineString", "coordinates": [ [ -119.287989137140215, 35.500716804961414 ], [ -119.287808309408803, 35.50080527569213 ] ] } },
{ "type": "Feature", "properties": { "id": "a-00552", "start_id": "fd-00312", "end_id": "fd-01149", "specification": "leadin", "source": "fd-00312", "placement": "ug", "length": 18.65, "duct_group": 9, "duct_assignment": "6" }, "geometry": { "type": "LineString", "coordinates": [ [ -119.287989137140215, 35.500716804961414 ], [ -119.287809360134986, 35.500635373596118 ] ] } },
{ "type": "Feature", "properties": { "id": "a-00553", "start_id": "fd-00313", "end_id": "fd-01168", "specification": "leadin", "source": "fd-00313", "placement": "ug", "length": 16.27, "duct_group": 9, "duct_assignment": "7" }, "geometry": { "type": "LineString", "coordinates": [ [ -119.288204616063041, 35.500524472075043 ], [ -119.28834618842933, 35.500614376999167 ] ] } },
{ "type": "Feature", "properties": { "id": "a-00554", "start_id": "fd-00313", "end_id": "fd-01170", "specification": "leadin", "source": "fd-00313", "placement": "ug", "length": 20.33, "duct_group": 9, "duct_assignment": "8" }, "geometry": { "type": "LineString", "coordinates": [ [ -119.288204616063041, 35.500524472075043 ], [ -119.288389300378043, 35.500420807959955 ] ] } },
{ "type": "Feature", "properties": { "id": "a-00555", "start_id": "fd-00314", "end_id": "fd-01169", "specification": "leadin", "source": "fd-00314", "placement": "ug", "length": 15.11, "duct_group": 9, "duct_assignment": "9" }, "geometry": { "type": "LineString", "coordinates": [ [ -119.287924791774174, 35.500400013009646 ], [ -119.287771441086036, 35.5004531143029 ] ] } },
{ "type": "Feature", "properties": { "id": "a-00556", "start_id": "fd-00314", "end_id": "fd-01166", "specification": "leadin", "source": "fd-00314", "placement": "ug", "length": 24.13, "duct_group": 9, "duct_assignment": "10" }, "geometry": { "type": "LineString", "coordinates": [ [ -119.287924791774174, 35.500400013009646 ], [ -119.287784114668128, 35.500215479332716 ] ] } },
{ "type": "Feature", "properties": { "id": "a-00557", "start_id": "fd-00315", "end_id": "fd-01378", "specification": "leadin", "source": "fd-00315", "placement": "ug", "length": 24.1, "duct_group": 9, "duct_assignment": "11" }, "geometry": { "type": "LineString", "coordinates": [ [ -119.288138704973235, 35.500322343307673 ], [ -119.288351389091332, 35.500192275851461 ] ] } },
{ "type": "Feature", "properties": { "id": "a-00558", "start_id": "fd-00315", "end_id": "fd-01167", "specification": "leadin", "source": "fd-00315", "placement": "ug", "length": 21.1, "duct_group": 9, "duct_assignment": "12" }, "geometry": { "type": "LineString", "coordinates": [ [ -119.288138704973235, 35.500322343307673 ], [ -119.28805165777149, 35.500146047125639 ] ] } },
{ "type": "Feature", "properties": { "id": "a-00559", "start_id": "fd-00316", "end_id": "fd-01192", "specification": "leadin", "source": "fd-00316", "placement": "ug", "length": 18.58, "duct_group": 10, "duct_assignment": "1" }, "geometry": { "type": "LineString", "coordinates": [ [ -119.288149948707542, 35.502011347915364 ], [ -119.288327245180881, 35.50209505343215 ] ] } },
{ "type": "Feature", "properties": { "id": "a-00560", "start_id": "fd-00316", "end_id": "fd-01191", "specification": "leadin", "source": "fd-00316", "placement": "ug", "length": 18.55, "duct_group": 10, "duct_assignment": "2" }, "geometry": { "type": "LineString", "coordinates": [ [ -119.288149948707542, 35.502011347915364 ], [ -119.288328769275324, 35.501930423833215 ] ] } },
{ "type": "Feature", "properties": { "id": "a-00561", "start_id": "fd-00317", "end_id": "fd-01157", "specification": "leadin", "source": "fd-00317", "placement": "ug", "length": 18.54, "duct_group": 10, "duct_assignment": "3" }, "geometry": { "type": "LineString", "coordinates": [ [ -119.288156012445612, 35.501352831250415 ], [ -119.288334820786275, 35.501271895732835 ] ] } },
{ "type": "Feature", "properties": { "id": "a-00562", "start_id": "fd-00317", "end_id": "fd-01158", "specification": "leadin", "source": "fd-00317", "placement": "ug", "length": 18.58, "duct_group": 10, "duct_assignment": "4" }, "geometry": { "type": "LineString", "coordinates": [ [ -119.288156012445612, 35.501352831250415 ], [ -119.288333315631391, 35.501436530809158 ] ] } },
{ "type": "Feature", "properties": { "id": "a-00563", "start_id": "fd-00318", "end_id": "fd-01161", "specification": "leadin", "source": "fd-00318", "placement": "ug", "length": 19.08, "duct_group": 10, "duct_assignment": "5" }, "geometry": { "type": "LineString", "coordinates": [ [ -119.288159020978867, 35.501023563182699 ], [ -119.288340891964381, 35.500937195584946 ] ] } },
{ "type": "Feature", "properties": { "id": "a-00564", "start_id": "fd-00318", "end_id": "fd-01156", "specification": "leadin", "source": "fd-00318", "placement": "ug", "length": 18.58, "duct_group": 10, "duct_assignment": "6" }, "geometry": { "type": "LineString", "coordinates": [ [ -119.288159020978867, 35.501023563182699 ], [ -119.288336320677743, 35.501107258832569 ] ] } },
{ "type": "Feature", "properties": { "id": "a-00565", "start_id": "fd-00319", "end_id": "fd-01165", "specification": "leadin", "source": "fd-00319", "placement": "ug", "length": 16.16, "duct_group": 10, "duct_assignment": "7" }, "geometry": { "type": "LineString", "coordinates": [ [ -119.288826363579147, 35.500515539414288 ], [ -119.288691703747006, 35.500610855949155 ] ] } },
{ "type": "Feature", "properties": { "id": "a-00566", "start_id": "fd-00319", "end_id": "fd-01377", "specification": "leadin", "source": "fd-00319", "placement": "ug", "length": 20.81, "duct_group": 10, "duct_assignment": "8" }, "geometry": { "type": "LineString", "coordinates": [ [ -119.288826363579147, 35.500515539414288 ], [ -119.288650590281037, 35.500395109463483 ] ] } },
{ "type": "Feature", "properties": { "id": "a-00567", "start_id": "fd-00320", "end_id": "fd-01373", "specification": "leadin", "source": "fd-00320", "placement": "ug", "length": 15.01, "duct_group": 10, "duct_assignment": "9" }, "geometry": { "type": "LineString", "coordinates": [ [ -119.289124891826418, 35.500426908739477 ], [ -119.289256559500274, 35.500508734708603 ] ] } },
{ "type": "Feature", "properties": { "id": "a-00568", "start_id": "fd-00320", "end_id": "fd-01374", "specification": "leadin", "source": "fd-00320", "placement": "ug", "length": 23.8, "duct_group": 10, "duct_assignment": "10" }, "geometry": { "type": "LineString", "coordinates": [ [ -119.289124891826418, 35.500426908739477 ], [ -119.289271843689107, 35.500249245022339 ] ] } },
{ "type": "Feature", "properties": { "id": "a-00569", "start_id": "fd-00321", "end_id": "fd-01375", "specification": "leadin", "source": "fd-00321", "placement": "ug", "length": 21.63, "duct_group": 10, "duct_assignment": "11" }, "geometry": { "type": "LineString", "coordinates": [ [ -119.288934163168094, 35.500321608251191 ], [ -119.289049338208471, 35.500150919763982 ] ] } },
{ "type": "Feature", "properties": { "id": "a-00570", "start_id": "fd-00321", "end_id": "fd-01376", "specification": "leadin", "source": "fd-00321", "placement": "ug", "length": 24.64, "duct_group": 10, "duct_assignment": "12" }, "geometry": { "type": "LineString", "coordinates": [ [ -119.288934163168094, 35.500321608251191 ], [ -119.288730133245849, 35.500175043103553 ] ] } },
{ "type": "Feature", "properties": { "id": "a-00571", "start_id": "fd-00322", "end_id": "fd-01195", "specification": "leadin", "source": "fd-00322", "placement": "ug", "length": 19.18, "duct_group": 11, "duct_assignment": "1" }, "geometry": { "type": "LineString", "coordinates": [ [ -119.288145342181053, 35.502505220142204 ], [ -119.288325560885909, 35.502595506372458 ] ] } },
{ "type": "Feature", "properties": { "id": "a-00572", "start_id": "fd-00322", "end_id": "fd-01194", "specification": "leadin", "source": "fd-00322", "placement": "ug", "length": 18.55, "duct_group": 11, "duct_assignment": "2" }, "geometry": { "type": "LineString", "coordinates": [ [ -119.288145342181053, 35.502505220142204 ], [ -119.288324173778236, 35.502424305449239 ] ] } },
{ "type": "Feature", "properties": { "id": "a-00573", "start_id": "fd-00323", "end_id": "fd-01193", "specification": "leadin", "source": "fd-00323", "placement": "ug", "length": 18.55, "duct_group": 11, "duct_assignment": "3" }, "geometry": { "type": "LineString", "coordinates": [ [ -119.288146881407386, 35.502340598442082 ], [ -119.288325711756798, 35.502259680723263 ] ] } },
{ "type": "Feature", "properties": { "id": "a-00574", "start_id": "fd-00324", "end_id": "fd-01190", "specification": "leadin", "source": "fd-00324", "placement": "ug", "length": 19.27, "duct_group": 11, "duct_assignment": "4" }, "geometry": { "type": "LineString", "coordinates": [ [ -119.288860505754485, 35.502510789571488 ], [ -119.288676975145691, 35.502598178405243 ] ] } },
{ "type": "Feature", "properties": { "id": "a-00575", "start_id": "fd-00324", "end_id": "fd-01189", "specification": "leadin", "source": "fd-00324", "placement": "ug", "length": 18.69, "duct_group": 11, "duct_assignment": "5" }, "geometry": { "type": "LineString", "coordinates": [ [ -119.288860505754485, 35.502510789571488 ], [ -119.288681756117782, 35.502427088656042 ] ] } },
{ "type": "Feature", "properties": { "id": "a-00576", "start_id": "fd-00325", "end_id": "fd-01187", "specification": "leadin", "source": "fd-00325", "placement": "ug", "length": 18.69, "duct_group": 11, "duct_assignment": "6" }, "geometry": { "type": "LineString", "coordinates": [ [ -119.2888635832864, 35.502181529898166 ], [ -119.288684827197898, 35.50209782958617 ] ] } },
{ "type": "Feature", "properties": { "id": "a-00577", "start_id": "fd-00325", "end_id": "fd-01188", "specification": "leadin", "source": "fd-00325", "placement": "ug", "length": 18.66, "duct_group": 11, "duct_assignment": "7" }, "geometry": { "type": "LineString", "coordinates": [ [ -119.2888635832864, 35.502181529898166 ], [ -119.288683294880713, 35.502262460406591 ] ] } },
{ "type": "Feature", "properties": { "id": "a-00578", "start_id": "fd-00326", "end_id": "fd-01186", "specification": "leadin", "source": "fd-00326", "placement": "ug", "length": 18.66, "duct_group": 11, "duct_assignment": "8" }, "geometry": { "type": "LineString", "coordinates": [ [ -119.288866631997593, 35.501852261470169 ], [ -119.288686353028268, 35.501933196798753 ] ] } },
{ "type": "Feature", "properties": { "id": "a-00579", "start_id": "fd-00326", "end_id": "fd-01185", "specification": "leadin", "source": "fd-00326", "placement": "ug", "length": 18.69, "duct_group": 11, "duct_assignment": "9" }, "geometry": { "type": "LineString", "coordinates": [ [ -119.288866631997593, 35.501852261470169 ], [ -119.288687872170499, 35.501768562871369 ] ] } },
{ "type": "Feature", "properties": { "id": "a-00580", "start_id": "fd-00327", "end_id": "fd-01183", "specification": "leadin", "source": "fd-00327", "placement": "ug", "length": 18.69, "duct_group": 11, "duct_assignment": "10" }, "geometry": { "type": "LineString", "coordinates": [ [ -119.288869650814632, 35.501522986101477 ], [ -119.288690886943087, 35.501439290360985 ] ] } },
{ "type": "Feature", "properties": { "id": "a-00581", "start_id": "fd-00327", "end_id": "fd-01184", "specification": "leadin", "source": "fd-00327", "placement": "ug", "length": 18.66, "duct_group": 11, "duct_assignment": "11" }, "geometry": { "type": "LineString", "coordinates": [ [ -119.288869650814632, 35.501522986101477 ], [ -119.288689383571068, 35.501603927459826 ] ] } },
{ "type": "Feature", "properties": { "id": "a-00582", "start_id": "fd-00328", "end_id": "fd-01109", "specification": "leadin", "source": "fd-00328", "placement": "ug", "length": 18.55, "duct_group": 0, "duct_assignment": "1" }, "geometry": { "type": "LineString", "coordinates": [ [ -119.291211718914383, 35.506050940579421 ], [ -119.291378291685064, 35.5061478521609 ] ] } },
{ "type": "Feature", "properties": { "id": "a-00583", "start_id": "fd-00328", "end_id": "fd-01111", "specification": "leadin", "source": "fd-00328", "placement": "ug", "length": 18.54, "duct_group": 0, "duct_assignment": "2" }, "geometry": { "type": "LineString", "coordinates": [ [ -119.291211718914383, 35.506050940579421 ], [ -119.291385644715092, 35.505963288725894 ] ] } },
{ "type": "Feature", "properties": { "id": "a-00584", "start_id": "fd-00329", "end_id": "fd-00966", "specification": "leadin", "source": "fd-00329", "placement": "ug", "length": 18.67, "duct_group": 0, "duct_assignment": "3" }, "geometry": { "type": "LineString", "coordinates": [ [ -119.291216396771077, 35.505682546457628 ], [ -119.291391635317083, 35.505594393315015 ] ] } },
{ "type": "Feature", "properties": { "id": "a-00585", "start_id": "fd-00329", "end_id": "fd-00877", "specification": "leadin", "source": "fd-00329", "placement": "ug", "length": 18.96, "duct_group": 0, "duct_assignment": "4" }, "geometry": { "type": "LineString", "coordinates": [ [ -119.291216396771077, 35.505682546457628 ], [ -119.291389116227037, 35.505778790391503 ] ] } },
{ "type": "Feature", "properties": { "id": "a-00586", "start_id": "fd-00330", "end_id": "fd-00892", "specification": "leadin", "source": "fd-00330", "placement": "ug", "length": 18.66, "duct_group": 0, "duct_assignment": "5" }, "geometry": { "type": "LineString", "coordinates": [ [ -119.291226804435937, 35.505301016928065 ], [ -119.291395927820858, 35.505205337701028 ] ] } },
{ "type": "Feature", "properties": { "id": "a-00587", "start_id": "fd-00330", "end_id": "fd-00891", "specification": "leadin", "source": "fd-00330", "placement": "ug", "length": 18.9, "duct_group": 0, "duct_assignment": "6" }, "geometry": { "type": "LineString", "coordinates": [ [ -119.291226804435937, 35.505301016928065 ], [ -119.291393580873887, 35.505403125734794 ] ] } },
{ "type": "Feature", "properties": { "id": "a-00588", "start_id": "fd-00331", "end_id": "fd-00894", "specification": "leadin", "source": "fd-00331", "placement": "ug", "length": 18.57, "duct_group": 0, "duct_assignment": "7" }, "geometry": { "type": "LineString", "coordinates": [ [ -119.291231336023074, 35.504919174906071 ], [ -119.291400442990678, 35.504824869116362 ] ] } },
{ "type": "Feature", "properties": { "id": "a-00589", "start_id": "fd-00331", "end_id": "fd-00893", "specification": "leadin", "source": "fd-00331", "placement": "ug", "length": 18.46, "duct_group": 0, "duct_assignment": "8" }, "geometry": { "type": "LineString", "coordinates": [ [ -119.291231336023074, 35.504919174906071 ], [ -119.291398193502602, 35.505014416629599 ] ] } },
{ "type": "Feature", "properties": { "id": "a-00590", "start_id": "fd-00332", "end_id": "fd-00895", "specification": "leadin", "source": "fd-00332", "placement": "ug", "length": 18.55, "duct_group": 0, "duct_assignment": "9" }, "geometry": { "type": "LineString", "coordinates": [ [ -119.291235868670299, 35.504537332814635 ], [ -119.291402708651376, 35.504633948021372 ] ] } },
{ "type": "Feature", "properties": { "id": "a-00591", "start_id": "fd-00333", "end_id": "fd-00896", "specification": "leadin", "source": "fd-00333", "placement": "ug", "length": 15.45, "duct_group": 0, "duct_assignment": "10" }, "geometry": { "type": "LineString", "coordinates": [ [ -119.291300203642052, 35.504343837530286 ], [ -119.29141700498171, 35.50444510227193 ] ] } },
{ "type": "Feature", "properties": { "id": "a-00592", "start_id": "fd-00333", "end_id": "fd-02436", "specification": "leadin", "source": "fd-00333", "placement": "ug", "length": 60.4, "duct_group": 0, "duct_assignment": "11" }, "geometry": { "type": "LineString", "coordinates": [ [ -119.291300203642052, 35.504343837530286 ], [ -119.291169159799665, 35.503810185220139 ] ] } },
{ "type": "Feature", "properties": { "id": "a-00593", "start_id": "fd-00333", "end_id": "fd-00897", "specification": "leadin", "source": "fd-00333", "placement": "ug", "length": 16.46, "duct_group": 0, "duct_assignment": "12" }, "geometry": { "type": "LineString", "coordinates": [ [ -119.291300203642052, 35.504343837530286 ], [ -119.291426226788886, 35.504237094735998 ] ] } },
{ "type": "Feature", "properties": { "id": "a-00594", "start_id": "fd-00334", "end_id": "fd-00924", "specification": "leadin", "source": "fd-00334", "placement": "ug", "length": 18.23, "duct_group": 1, "duct_assignment": "1" }, "geometry": { "type": "LineString", "coordinates": [ [ -119.289318676062962, 35.505128107889561 ], [ -119.289149642492887, 35.505216916617698 ] ] } },
{ "type": "Feature", "properties": { "id": "a-00595", "start_id": "fd-00334", "end_id": "fd-00925", "specification": "leadin", "source": "fd-00334", "placement": "ug", "length": 19.09, "duct_group": 1, "duct_assignment": "2" }, "geometry": { "type": "LineString", "coordinates": [ [ -119.289318676062962, 35.505128107889561 ], [ -119.289149116146433, 35.505026220776536 ] ] } },
{ "type": "Feature", "properties": { "id": "a-00596", "start_id": "fd-00335", "end_id": "fd-00938", "specification": "leadin", "source": "fd-00335", "placement": "ug", "length": 19.11, "duct_group": 1, "duct_assignment": "3" }, "geometry": { "type": "LineString", "coordinates": [ [ -119.287518417501843, 35.50478883105805 ], [ -119.287332460761988, 35.504869779144677 ] ] } },
{ "type": "Feature", "properties": { "id": "a-00597", "start_id": "fd-00335", "end_id": "fd-00958", "specification": "leadin", "source": "fd-00335", "placement": "ug", "length": 30.08, "duct_group": 1, "duct_assignment": "4" }, "geometry": { "type": "LineString", "coordinates": [ [ -119.287518417501843, 35.50478883105805 ], [ -119.287800602549765, 35.50464656149137 ] ] } },
{ "type": "Feature", "properties": { "id": "a-00598", "start_id": "fd-00335", "end_id": "fd-00939", "specification": "leadin", "source": "fd-00335", "placement": "ug", "length": 19.13, "duct_group": 1, "duct_assignment": "5" }, "geometry": { "type": "LineString", "coordinates": [ [ -119.287518417501843, 35.50478883105805 ], [ -119.287334211392334, 35.504704953911222 ] ] } },
{ "type": "Feature", "properties": { "id": "a-00599", "start_id": "fd-00336", "end_id": "fd-00940", "specification": "leadin", "source": "fd-00336", "placement": "ug", "length": 18.92, "duct_group": 1, "duct_assignment": "6" }, "geometry": { "type": "LineString", "coordinates": [ [ -119.287518010673836, 35.504457046562521 ], [ -119.287335893447988, 35.504540156884822 ] ] } },
{ "type": "Feature", "properties": { "id": "a-00600", "start_id": "fd-00336", "end_id": "fd-01270", "specification": "leadin", "source": "fd-00336", "placement": "ug", "length": 21.52, "duct_group": 1, "duct_assignment": "7" }, "geometry": { "type": "LineString", "coordinates": [ [ -119.287518010673836, 35.504457046562521 ], [ -119.287314597549738, 35.504357379226633 ] ] } },
{ "type": "Feature", "properties": { "id": "a-00601", "start_id": "fd-00337", "end_id": "fd-01271", "specification": "leadin", "source": "fd-00337", "placement": "ug", "length": 21.65, "duct_group": 1, "duct_assignment": "8" }, "geometry": { "type": "LineString", "coordinates": [ [ -119.287526155511003, 35.50414910935514 ], [ -119.287295445517216, 35.504099420391313 ] ] } },
{ "type": "Feature", "properties": { "id": "a-00602", "start_id": "fd-00337", "end_id": "fd-01279", "specification": "leadin", "source": "fd-00337", "placement": "ug", "length": 23.18, "duct_group": 1, "duct_assignment": "9" }, "geometry": { "type": "LineString", "coordinates": [ [ -119.287526155511003, 35.50414910935514 ], [ -119.287462492680291, 35.503946762276527 ] ] } },
{ "type": "Feature", "properties": { "id": "a-00603", "start_id": "fd-00338", "end_id": "fd-01278", "specification": "leadin", "source": "fd-00338", "placement": "ug", "length": 18.56, "duct_group": 1, "duct_assignment": "10" }, "geometry": { "type": "LineString", "coordinates": [ [ -119.287895353096047, 35.504074316019448 ], [ -119.287765422450846, 35.503945136233135 ] ] } },
{ "type": "Feature", "properties": { "id": "a-00604", "start_id": "fd-00338", "end_id": "fd-01277", "specification": "leadin", "source": "fd-00338", "placement": "ug", "length": 15.9, "duct_group": 1, "duct_assignment": "11" }, "geometry": { "type": "LineString", "coordinates": [ [ -119.287895353096047, 35.504074316019448 ], [ -119.288009360310326, 35.503965526849235 ] ] } },
{ "type": "Feature", "properties": { "id": "a-00605", "start_id": "fd-00339", "end_id": "fd-00901", "specification": "leadin", "source": "fd-00339", "placement": "ug", "length": 18.82, "duct_group": 2, "duct_assignment": "1" }, "geometry": { "type": "LineString", "coordinates": [ [ -119.291071634727487, 35.504786866643514 ], [ -119.290899170443097, 35.504881162167706 ] ] } },
{ "type": "Feature", "properties": { "id": "a-00606", "start_id": "fd-00339", "end_id": "fd-00900", "specification": "leadin", "source": "fd-00339", "placement": "ug", "length": 18.3, "duct_group": 2, "duct_assignment": "2" }, "geometry": { "type": "LineString", "coordinates": [ [ -119.291071634727487, 35.504786866643514 ], [ -119.290901339356665, 35.504698482520354 ] ] } },
{ "type": "Feature", "properties": { "id": "a-00607", "start_id": "fd-00340", "end_id": "fd-00898", "specification": "leadin", "source": "fd-00340", "placement": "ug", "length": 18.85, "duct_group": 2, "duct_assignment": "3" }, "geometry": { "type": "LineString", "coordinates": [ [ -119.291075809435455, 35.504435242396085 ], [ -119.290902569777273, 35.504341534762816 ] ] } },
{ "type": "Feature", "properties": { "id": "a-00608", "start_id": "fd-00340", "end_id": "fd-00899", "specification": "leadin", "source": "fd-00340", "placement": "ug", "length": 18.41, "duct_group": 2, "duct_assignment": "4" }, "geometry": { "type": "LineString", "coordinates": [ [ -119.291075809435455, 35.504435242396085 ], [ -119.290903427077112, 35.504522670399496 ] ] } },
{ "type": "Feature", "properties": { "id": "a-00609", "start_id": "fd-00341", "end_id": "fd-00913", "specification": "leadin", "source": "fd-00341", "placement": "ug", "length": 18.97, "duct_group": 2, "duct_assignment": "5" }, "geometry": { "type": "LineString", "coordinates": [ [ -119.290389458907853, 35.504433326724893 ], [ -119.290564912091426, 35.504340338628666 ] ] } },
{ "type": "Feature", "properties": { "id": "a-00610", "start_id": "fd-00341", "end_id": "fd-00914", "specification": "leadin", "source": "fd-00341", "placement": "ug", "length": 18.34, "duct_group": 2, "duct_assignment": "6" }, "geometry": { "type": "LineString", "coordinates": [ [ -119.290389458907853, 35.504433326724893 ], [ -119.29056025575872, 35.504521711987039 ] ] } },
{ "type": "Feature", "properties": { "id": "a-00611", "start_id": "fd-00342", "end_id": "fd-00959", "specification": "leadin", "source": "fd-00342", "placement": "ug", "length": 14.93, "duct_group": 2, "duct_assignment": "7" }, "geometry": { "type": "LineString", "coordinates": [ [ -119.290481089099401, 35.503908386442333 ], [ -119.290581782803599, 35.504014819369864 ] ] } },
{ "type": "Feature", "properties": { "id": "a-00612", "start_id": "fd-00342", "end_id": "fd-00962", "specification": "leadin", "source": "fd-00342", "placement": "ug", "length": 20.94, "duct_group": 2, "duct_assignment": "8" }, "geometry": { "type": "LineString", "coordinates": [ [ -119.290481089099401, 35.503908386442333 ], [ -119.290629299525406, 35.503763782641819 ] ] } },
{ "type": "Feature", "properties": { "id": "a-00613", "start_id": "fd-00343", "end_id": "fd-00960", "specification": "leadin", "source": "fd-00343", "placement": "ug", "length": 15.28, "duct_group": 2, "duct_assignment": "9" }, "geometry": { "type": "LineString", "coordinates": [ [ -119.290152062737846, 35.503918918849401 ], [ -119.290033429618404, 35.504016591751352 ] ] } },
{ "type": "Feature", "properties": { "id": "a-00614", "start_id": "fd-00343", "end_id": "fd-00961", "specification": "leadin", "source": "fd-00343", "placement": "ug", "length": 22.53, "duct_group": 2, "duct_assignment": "10" }, "geometry": { "type": "LineString", "coordinates": [ [ -119.290152062737846, 35.503918918849401 ], [ -119.289985171032399, 35.503768623347597 ] ] } },
{ "type": "Feature", "properties": { "id": "a-00615", "start_id": "fd-00344", "end_id": "fd-01272", "specification": "leadin", "source": "fd-00344", "placement": "ug", "length": 21.02, "duct_group": 2, "duct_assignment": "11" }, "geometry": { "type": "LineString", "coordinates": [ [ -119.290315838700224, 35.503749049112855 ], [ -119.29014862569079, 35.503617939794957 ] ] } },
{ "type": "Feature", "properties": { "id": "a-00616", "start_id": "fd-00344", "end_id": "fd-01273", "specification": "leadin", "source": "fd-00344", "placement": "ug", "length": 20.41, "duct_group": 2, "duct_assignment": "12" }, "geometry": { "type": "LineString", "coordinates": [ [ -119.290315838700224, 35.503749049112855 ], [ -119.290475489954687, 35.503619454648458 ] ] } },
{ "type": "Feature", "properties": { "id": "a-00617", "start_id": "fd-00345", "end_id": "fd-00883", "specification": "leadin", "source": "fd-00345", "placement": "ug", "length": 18.23, "duct_group": 3, "duct_assignment": "1" }, "geometry": { "type": "LineString", "coordinates": [ [ -119.289938957456926, 35.505775483333636 ], [ -119.289829505270447, 35.505637763657766 ] ] } },
{ "type": "Feature", "properties": { "id": "a-00618", "start_id": "fd-00345", "end_id": "fd-00882", "specification": "leadin", "source": "fd-00345", "placement": "ug", "length": 18.48, "duct_group": 3, "duct_assignment": "2" }, "geometry": { "type": "LineString", "coordinates": [ [ -119.289938957456926, 35.505775483333636 ], [ -119.290054600517109, 35.505638393094351 ] ] } },
{ "type": "Feature", "properties": { "id": "a-00619", "start_id": "fd-00346", "end_id": "fd-00967", "specification": "leadin", "source": "fd-00346", "placement": "ug", "length": 18.5, "duct_group": 3, "duct_assignment": "3" }, "geometry": { "type": "LineString", "coordinates": [ [ -119.289707143071553, 35.505774834898368 ], [ -119.289595490483421, 35.505635303889477 ] ] } },
{ "type": "Feature", "properties": { "id": "a-00620", "start_id": "fd-00347", "end_id": "fd-01116", "specification": "leadin", "source": "fd-00347", "placement": "ug", "length": 18.2, "duct_group": 3, "duct_assignment": "4" }, "geometry": { "type": "LineString", "coordinates": [ [ -119.290167452536352, 35.506098928542841 ], [ -119.28999810052494, 35.506186885258465 ] ] } },
{ "type": "Feature", "properties": { "id": "a-00621", "start_id": "fd-00347", "end_id": "fd-01114", "specification": "leadin", "source": "fd-00347", "placement": "ug", "length": 18.65, "duct_group": 3, "duct_assignment": "5" }, "geometry": { "type": "LineString", "coordinates": [ [ -119.290167452536352, 35.506098928542841 ], [ -119.289997923270946, 35.50600386824258 ] ] } },
{ "type": "Feature", "properties": { "id": "a-00622", "start_id": "fd-00348", "end_id": "fd-00923", "specification": "leadin", "source": "fd-00348", "placement": "ug", "length": 18.55, "duct_group": 3, "duct_assignment": "6" }, "geometry": { "type": "LineString", "coordinates": [ [ -119.289314341304831, 35.505498961699942 ], [ -119.28914747447763, 35.505402343423754 ] ] } },
{ "type": "Feature", "properties": { "id": "a-00623", "start_id": "fd-00348", "end_id": "fd-00884", "specification": "leadin", "source": "fd-00348", "placement": "ug", "length": 18.52, "duct_group": 3, "duct_assignment": "7" }, "geometry": { "type": "LineString", "coordinates": [ [ -119.289314341304831, 35.505498961699942 ], [ -119.289194041904139, 35.505633750177203 ] ] } },
{ "type": "Feature", "properties": { "id": "a-00624", "start_id": "fd-00349", "end_id": "fd-01120", "specification": "leadin", "source": "fd-00349", "placement": "ug", "length": 18.19, "duct_group": 3, "duct_assignment": "8" }, "geometry": { "type": "LineString", "coordinates": [ [ -119.290163276278975, 35.506456043674007 ], [ -119.289994063619957, 35.506544001593397 ] ] } },
{ "type": "Feature", "properties": { "id": "a-00625", "start_id": "fd-00349", "end_id": "fd-01118", "specification": "leadin", "source": "fd-00349", "placement": "ug", "length": 18.2, "duct_group": 3, "duct_assignment": "9" }, "geometry": { "type": "LineString", "coordinates": [ [ -119.290163276278975, 35.506456043674007 ], [ -119.289996082137719, 35.506365443427939 ] ] } },
{ "type": "Feature", "properties": { "id": "a-00626", "start_id": "fd-00350", "end_id": "fd-01090", "specification": "leadin", "source": "fd-00350", "placement": "ug", "length": 18.97, "duct_group": 3, "duct_assignment": "10" }, "geometry": { "type": "LineString", "coordinates": [ [ -119.290159099999357, 35.506813159655714 ], [ -119.289985586937249, 35.506908529754377 ] ] } },
{ "type": "Feature", "properties": { "id": "a-00627", "start_id": "fd-00350", "end_id": "fd-01088", "specification": "leadin", "source": "fd-00350", "placement": "ug", "length": 18.19, "duct_group": 3, "duct_assignment": "11" }, "geometry": { "type": "LineString", "coordinates": [ [ -119.290159099999357, 35.506813159655714 ], [ -119.289992045061538, 35.506722559998849 ] ] } },
{ "type": "Feature", "properties": { "id": "a-00628", "start_id": "fd-00351", "end_id": "fd-01121", "specification": "leadin", "source": "fd-00351", "placement": "ug", "length": 18.83, "duct_group": 4, "duct_assignment": "1" }, "geometry": { "type": "LineString", "coordinates": [ [ -119.289468663395155, 35.506092777290888 ], [ -119.289648782079283, 35.506177035804335 ] ] } },
{ "type": "Feature", "properties": { "id": "a-00629", "start_id": "fd-00351", "end_id": "fd-00871", "specification": "leadin", "source": "fd-00351", "placement": "ug", "length": 19.59, "duct_group": 4, "duct_assignment": "2" }, "geometry": { "type": "LineString", "coordinates": [ [ -119.289468663395155, 35.506092777290888 ], [ -119.289653609013442, 35.506001599502405 ] ] } },
{ "type": "Feature", "properties": { "id": "a-00630", "start_id": "fd-00352", "end_id": "fd-00872", "specification": "leadin", "source": "fd-00352", "placement": "ug", "length": 20.19, "duct_group": 4, "duct_assignment": "3" }, "geometry": { "type": "LineString", "coordinates": [ [ -119.289307310638208, 35.506099695069757 ], [ -119.289118968954313, 35.506002819009218 ] ] } },
{ "type": "Feature", "properties": { "id": "a-00631", "start_id": "fd-00352", "end_id": "fd-01122", "specification": "leadin", "source": "fd-00352", "placement": "ug", "length": 19.32, "duct_group": 4, "duct_assignment": "4" }, "geometry": { "type": "LineString", "coordinates": [ [ -119.289307310638208, 35.506099695069757 ], [ -119.289119056156068, 35.506181066070482 ] ] } },
{ "type": "Feature", "properties": { "id": "a-00632", "start_id": "fd-00353", "end_id": "fd-01123", "specification": "leadin", "source": "fd-00353", "placement": "ug", "length": 18.83, "duct_group": 4, "duct_assignment": "5" }, "geometry": { "type": "LineString", "coordinates": [ [ -119.289464786011322, 35.506424098214517 ], [ -119.289646908622544, 35.506342696706724 ] ] } },
{ "type": "Feature", "properties": { "id": "a-00633", "start_id": "fd-00354", "end_id": "fd-01124", "specification": "leadin", "source": "fd-00354", "placement": "ug", "length": 19.3, "duct_group": 4, "duct_assignment": "6" }, "geometry": { "type": "LineString", "coordinates": [ [ -119.289303442812823, 35.50643019112308 ], [ -119.289117121699761, 35.506346314316623 ] ] } },
{ "type": "Feature", "properties": { "id": "a-00634", "start_id": "fd-00355", "end_id": "fd-01125", "specification": "leadin", "source": "fd-00355", "placement": "ug", "length": 14.78, "duct_group": 4, "duct_assignment": "7" }, "geometry": { "type": "LineString", "coordinates": [ [ -119.28954949758969, 35.506609049455577 ], [ -119.28966165207629, 35.506512445321775 ] ] } },
{ "type": "Feature", "properties": { "id": "a-00635", "start_id": "fd-00355", "end_id": "fd-01094", "specification": "leadin", "source": "fd-00355", "placement": "ug", "length": 18.27, "duct_group": 4, "duct_assignment": "8" }, "geometry": { "type": "LineString", "coordinates": [ [ -119.28954949758969, 35.506609049455577 ], [ -119.28969781179741, 35.506720415984766 ] ] } },
{ "type": "Feature", "properties": { "id": "a-00636", "start_id": "fd-00356", "end_id": "fd-01126", "specification": "leadin", "source": "fd-00356", "placement": "ug", "length": 14.98, "duct_group": 4, "duct_assignment": "9" }, "geometry": { "type": "LineString", "coordinates": [ [ -119.289214335377153, 35.50660817811864 ], [ -119.289097455926338, 35.506512866619119 ] ] } },
{ "type": "Feature", "properties": { "id": "a-00637", "start_id": "fd-00356", "end_id": "fd-01093", "specification": "leadin", "source": "fd-00356", "placement": "ug", "length": 18.79, "duct_group": 4, "duct_assignment": "10" }, "geometry": { "type": "LineString", "coordinates": [ [ -119.289214335377153, 35.50660817811864 ], [ -119.289056312564909, 35.506717611810728 ] ] } },
{ "type": "Feature", "properties": { "id": "a-00638", "start_id": "fd-00357", "end_id": "fd-01092", "specification": "leadin", "source": "fd-00357", "placement": "ug", "length": 23.5, "duct_group": 4, "duct_assignment": "11" }, "geometry": { "type": "LineString", "coordinates": [ [ -119.289380298834431, 35.506755471457318 ], [ -119.289181831998832, 35.506891527346127 ] ] } },
{ "type": "Feature", "properties": { "id": "a-00639", "start_id": "fd-00357", "end_id": "fd-01091", "specification": "leadin", "source": "fd-00357", "placement": "ug", "length": 23.08, "duct_group": 4, "duct_assignment": "12" }, "geometry": { "type": "LineString", "coordinates": [ [ -119.289380298834431, 35.506755471457318 ], [ -119.289571625660997, 35.506892561867659 ] ] } },
{ "type": "Feature", "properties": { "id": "a-00640", "start_id": "fd-00358", "end_id": "fd-00873", "specification": "leadin", "source": "fd-00358", "placement": "ug", "length": 20.68, "duct_group": 5, "duct_assignment": "1" }, "geometry": { "type": "LineString", "coordinates": [ [ -119.288551400958852, 35.506093861938915 ], [ -119.288748935732897, 35.506000833730397 ] ] } },
{ "type": "Feature", "properties": { "id": "a-00641", "start_id": "fd-00358", "end_id": "fd-01127", "specification": "leadin", "source": "fd-00358", "placement": "ug", "length": 19.82, "duct_group": 5, "duct_assignment": "2" }, "geometry": { "type": "LineString", "coordinates": [ [ -119.288551400958852, 35.506093861938915 ], [ -119.288744041162033, 35.506178130378906 ] ] } },
{ "type": "Feature", "properties": { "id": "a-00642", "start_id": "fd-00359", "end_id": "fd-00874", "specification": "leadin", "source": "fd-00359", "placement": "ug", "length": 20.27, "duct_group": 5, "duct_assignment": "3" }, "geometry": { "type": "LineString", "coordinates": [ [ -119.288395950717288, 35.506098918365808 ], [ -119.288207225470003, 35.506001146200681 ] ] } },
{ "type": "Feature", "properties": { "id": "a-00643", "start_id": "fd-00359", "end_id": "fd-01128", "specification": "leadin", "source": "fd-00359", "placement": "ug", "length": 19.35, "duct_group": 5, "duct_assignment": "4" }, "geometry": { "type": "LineString", "coordinates": [ [ -119.288395950717288, 35.506098918365808 ], [ -119.288207275841557, 35.506180284704797 ] ] } },
{ "type": "Feature", "properties": { "id": "a-00644", "start_id": "fd-00360", "end_id": "fd-01129", "specification": "leadin", "source": "fd-00360", "placement": "ug", "length": 19.81, "duct_group": 5, "duct_assignment": "5" }, "geometry": { "type": "LineString", "coordinates": [ [ -119.288547530117867, 35.506424357969308 ], [ -119.288742106293554, 35.506343378623818 ] ] } },
{ "type": "Feature", "properties": { "id": "a-00645", "start_id": "fd-00361", "end_id": "fd-01131", "specification": "leadin", "source": "fd-00361", "placement": "ug", "length": 14.78, "duct_group": 5, "duct_assignment": "6" }, "geometry": { "type": "LineString", "coordinates": [ [ -119.288635462719341, 35.506600789578442 ], [ -119.288754009212994, 35.506509384093668 ] ] } },
{ "type": "Feature", "properties": { "id": "a-00646", "start_id": "fd-00361", "end_id": "fd-01098", "specification": "leadin", "source": "fd-00361", "placement": "ug", "length": 18.82, "duct_group": 5, "duct_assignment": "7" }, "geometry": { "type": "LineString", "coordinates": [ [ -119.288635462719341, 35.506600789578442 ], [ -119.288791136546621, 35.506712886037015 ] ] } },
{ "type": "Feature", "properties": { "id": "a-00647", "start_id": "fd-00362", "end_id": "fd-01130", "specification": "leadin", "source": "fd-00362", "placement": "ug", "length": 19.33, "duct_group": 5, "duct_assignment": "8" }, "geometry": { "type": "LineString", "coordinates": [ [ -119.288392078125128, 35.506429414402078 ], [ -119.288205339201312, 35.50634553288765 ] ] } },
{ "type": "Feature", "properties": { "id": "a-00648", "start_id": "fd-00363", "end_id": "fd-01096", "specification": "leadin", "source": "fd-00363", "placement": "ug", "length": 23.23, "duct_group": 5, "duct_assignment": "9" }, "geometry": { "type": "LineString", "coordinates": [ [ -119.288467196060211, 35.506763665031016 ], [ -119.288264436465241, 35.506891551878212 ] ] } },
{ "type": "Feature", "properties": { "id": "a-00649", "start_id": "fd-00363", "end_id": "fd-01095", "specification": "leadin", "source": "fd-00363", "placement": "ug", "length": 23.31, "duct_group": 5, "duct_assignment": "10" }, "geometry": { "type": "LineString", "coordinates": [ [ -119.288467196060211, 35.506763665031016 ], [ -119.288669147672707, 35.506893461537459 ] ] } },
{ "type": "Feature", "properties": { "id": "a-00650", "start_id": "fd-00364", "end_id": "fd-01132", "specification": "leadin", "source": "fd-00364", "placement": "ug", "length": 14.8, "duct_group": 5, "duct_assignment": "11" }, "geometry": { "type": "LineString", "coordinates": [ [ -119.288304547880585, 35.506604555675054 ], [ -119.288188124592551, 35.506511078428183 ] ] } },
{ "type": "Feature", "properties": { "id": "a-00651", "start_id": "fd-00364", "end_id": "fd-01097", "specification": "leadin", "source": "fd-00364", "placement": "ug", "length": 18.63, "duct_group": 5, "duct_assignment": "12" }, "geometry": { "type": "LineString", "coordinates": [ [ -119.288304547880585, 35.506604555675054 ], [ -119.288146426935143, 35.506711722073 ] ] } },
{ "type": "Feature", "properties": { "id": "a-00652", "start_id": "fd-00365", "end_id": "fd-00953", "specification": "leadin", "source": "fd-00365", "placement": "ug", "length": 18.13, "duct_group": 6, "duct_assignment": "1" }, "geometry": { "type": "LineString", "coordinates": [ [ -119.289006805863849, 35.504789325096226 ], [ -119.28889922399172, 35.504651667799372 ] ] } },
{ "type": "Feature", "properties": { "id": "a-00653", "start_id": "fd-00365", "end_id": "fd-00952", "specification": "leadin", "source": "fd-00365", "placement": "ug", "length": 20.08, "duct_group": 6, "duct_assignment": "2" }, "geometry": { "type": "LineString", "coordinates": [ [ -119.289006805863849, 35.504789325096226 ], [ -119.289127358733481, 35.504637572460844 ] ] } },
{ "type": "Feature", "properties": { "id": "a-00654", "start_id": "fd-00366", "end_id": "fd-00955", "specification": "leadin", "source": "fd-00366", "placement": "ug", "length": 18.13, "duct_group": 6, "duct_assignment": "3" }, "geometry": { "type": "LineString", "coordinates": [ [ -119.288570051932766, 35.504788099526152 ], [ -119.28846246996477, 35.504650441971172 ] ] } },
{ "type": "Feature", "properties": { "id": "a-00655", "start_id": "fd-00366", "end_id": "fd-00954", "specification": "leadin", "source": "fd-00366", "placement": "ug", "length": 18.23, "duct_group": 6, "duct_assignment": "4" }, "geometry": { "type": "LineString", "coordinates": [ [ -119.288570051932766, 35.504788099526152 ], [ -119.288680847117845, 35.504651054904507 ] ] } },
{ "type": "Feature", "properties": { "id": "a-00656", "start_id": "fd-00367", "end_id": "fd-00956", "specification": "leadin", "source": "fd-00367", "placement": "ug", "length": 18.23, "duct_group": 6, "duct_assignment": "5" }, "geometry": { "type": "LineString", "coordinates": [ [ -119.288133296912591, 35.504786872415828 ], [ -119.288244093097489, 35.504649828300444 ] ] } },
{ "type": "Feature", "properties": { "id": "a-00657", "start_id": "fd-00367", "end_id": "fd-00957", "specification": "leadin", "source": "fd-00367", "placement": "ug", "length": 18.13, "duct_group": 6, "duct_assignment": "6" }, "geometry": { "type": "LineString", "coordinates": [ [ -119.288133296912591, 35.504786872415828 ], [ -119.288025716506624, 35.504649214354387 ] ] } },
{ "type": "Feature", "properties": { "id": "a-00658", "start_id": "fd-00368", "end_id": "fd-00933", "specification": "leadin", "source": "fd-00368", "placement": "ug", "length": 21.48, "duct_group": 6, "duct_assignment": "7" }, "geometry": { "type": "LineString", "coordinates": [ [ -119.28776310518478, 35.505110003683825 ], [ -119.287926283510018, 35.505250209738385 ] ] } },
{ "type": "Feature", "properties": { "id": "a-00659", "start_id": "fd-00368", "end_id": "fd-00932", "specification": "leadin", "source": "fd-00368", "placement": "ug", "length": 15.89, "duct_group": 6, "duct_assignment": "8" }, "geometry": { "type": "LineString", "coordinates": [ [ -119.28776310518478, 35.505110003683825 ], [ -119.287888547704426, 35.505010111943541 ] ] } },
{ "type": "Feature", "properties": { "id": "a-00660", "start_id": "fd-00369", "end_id": "fd-00935", "specification": "leadin", "source": "fd-00369", "placement": "ug", "length": 20.75, "duct_group": 6, "duct_assignment": "9" }, "geometry": { "type": "LineString", "coordinates": [ [ -119.28758588090767, 35.50525217267095 ], [ -119.287423152147809, 35.505383524108403 ] ] } },
{ "type": "Feature", "properties": { "id": "a-00661", "start_id": "fd-00369", "end_id": "fd-00934", "specification": "leadin", "source": "fd-00369", "placement": "ug", "length": 21.54, "duct_group": 6, "duct_assignment": "10" }, "geometry": { "type": "LineString", "coordinates": [ [ -119.28758588090767, 35.50525217267095 ], [ -119.287755983430145, 35.505387562492693 ] ] } },
{ "type": "Feature", "properties": { "id": "a-00662", "start_id": "fd-00370", "end_id": "fd-00936", "specification": "leadin", "source": "fd-00370", "placement": "ug", "length": 22.93, "duct_group": 6, "duct_assignment": "11" }, "geometry": { "type": "LineString", "coordinates": [ [ -119.287428793235492, 35.505096444409823 ], [ -119.287270619290894, 35.505257621476012 ] ] } },
{ "type": "Feature", "properties": { "id": "a-00663", "start_id": "fd-00370", "end_id": "fd-00937", "specification": "leadin", "source": "fd-00370", "placement": "ug", "length": 13.54, "duct_group": 6, "duct_assignment": "12" }, "geometry": { "type": "LineString", "coordinates": [ [ -119.287428793235492, 35.505096444409823 ], [ -119.287297876247123, 35.505037914856629 ] ] } },
{ "type": "Feature", "properties": { "id": "a-00664", "start_id": "fd-00371", "end_id": "fd-00918", "specification": "leadin", "source": "fd-00371", "placement": "ug", "length": 20.89, "duct_group": 7, "duct_assignment": "1" }, "geometry": { "type": "LineString", "coordinates": [ [ -119.289475605677296, 35.505499413561125 ], [ -119.289674928176993, 35.505405195030555 ] ] } },
{ "type": "Feature", "properties": { "id": "a-00665", "start_id": "fd-00372", "end_id": "fd-00919", "specification": "leadin", "source": "fd-00372", "placement": "ug", "length": 19.78, "duct_group": 7, "duct_assignment": "2" }, "geometry": { "type": "LineString", "coordinates": [ [ -119.289485600411865, 35.505142907933298 ], [ -119.289677108977159, 35.505228064367564 ] ] } },
{ "type": "Feature", "properties": { "id": "a-00666", "start_id": "fd-00372", "end_id": "fd-00920", "specification": "leadin", "source": "fd-00372", "placement": "ug", "length": 21.54, "duct_group": 7, "duct_assignment": "3" }, "geometry": { "type": "LineString", "coordinates": [ [ -119.289485600411865, 35.505142907933298 ], [ -119.289701542750478, 35.505062343091076 ] ] } },
{ "type": "Feature", "properties": { "id": "a-00667", "start_id": "fd-00373", "end_id": "fd-00921", "specification": "leadin", "source": "fd-00373", "placement": "ug", "length": 20.36, "duct_group": 7, "duct_assignment": "4" }, "geometry": { "type": "LineString", "coordinates": [ [ -119.289504452290487, 35.504864813664405 ], [ -119.289728775155297, 35.504862932393337 ] ] } },
{ "type": "Feature", "properties": { "id": "a-00668", "start_id": "fd-00374", "end_id": "fd-00922", "specification": "leadin", "source": "fd-00374", "placement": "ug", "length": 25.97, "duct_group": 7, "duct_assignment": "5" }, "geometry": { "type": "LineString", "coordinates": [ [ -119.289409881002314, 35.504781379381605 ], [ -119.28965851998251, 35.504665394525311 ] ] } },
{ "type": "Feature", "properties": { "id": "a-00669", "start_id": "fd-00374", "end_id": "fd-00951", "specification": "leadin", "source": "fd-00374", "placement": "ug", "length": 17.68, "duct_group": 7, "duct_assignment": "6" }, "geometry": { "type": "LineString", "coordinates": [ [ -119.289409881002314, 35.504781379381605 ], [ -119.289389657962829, 35.504622938664419 ] ] } },
{ "type": "Feature", "properties": { "id": "a-00670", "start_id": "fd-00375", "end_id": "fd-00926", "specification": "leadin", "source": "fd-00375", "placement": "ug", "length": 15.83, "duct_group": 7, "duct_assignment": "7" }, "geometry": { "type": "LineString", "coordinates": [ [ -119.28868872659254, 35.505112580615098 ], [ -119.288813322026456, 35.505012665083775 ] ] } },
{ "type": "Feature", "properties": { "id": "a-00671", "start_id": "fd-00375", "end_id": "fd-00927", "specification": "leadin", "source": "fd-00375", "placement": "ug", "length": 21.43, "duct_group": 7, "duct_assignment": "8" }, "geometry": { "type": "LineString", "coordinates": [ [ -119.28868872659254, 35.505112580615098 ], [ -119.288851952898384, 35.505252211182182 ] ] } },
{ "type": "Feature", "properties": { "id": "a-00672", "start_id": "fd-00376", "end_id": "fd-00931", "specification": "leadin", "source": "fd-00376", "placement": "ug", "length": 15.76, "duct_group": 7, "duct_assignment": "9" }, "geometry": { "type": "LineString", "coordinates": [ [ -119.288353027443179, 35.505111662145623 ], [ -119.288230544672189, 35.505011017166396 ] ] } },
{ "type": "Feature", "properties": { "id": "a-00673", "start_id": "fd-00376", "end_id": "fd-00930", "specification": "leadin", "source": "fd-00376", "placement": "ug", "length": 21.54, "duct_group": 7, "duct_assignment": "10" }, "geometry": { "type": "LineString", "coordinates": [ [ -119.288353027443179, 35.505111662145623 ], [ -119.288186971875902, 35.505250424769791 ] ] } },
{ "type": "Feature", "properties": { "id": "a-00674", "start_id": "fd-00377", "end_id": "fd-00929", "specification": "leadin", "source": "fd-00377", "placement": "ug", "length": 20.98, "duct_group": 7, "duct_assignment": "11" }, "geometry": { "type": "LineString", "coordinates": [ [ -119.288514360642523, 35.505254858901118 ], [ -119.288351232969418, 35.50538879741444 ] ] } },
{ "type": "Feature", "properties": { "id": "a-00675", "start_id": "fd-00377", "end_id": "fd-00928", "specification": "leadin", "source": "fd-00377", "placement": "ug", "length": 21.61, "duct_group": 7, "duct_assignment": "12" }, "geometry": { "type": "LineString", "coordinates": [ [ -119.288514360642523, 35.505254858901118 ], [ -119.288686275393445, 35.505389623197857 ] ] } },
{ "type": "Feature", "properties": { "id": "a-00676", "start_id": "fd-00378", "end_id": "fd-01113", "specification": "leadin", "source": "fd-00378", "placement": "ug", "length": 18.92, "duct_group": 8, "duct_assignment": "1" }, "geometry": { "type": "LineString", "coordinates": [ [ -119.290328735172352, 35.506097939610534 ], [ -119.290503925329929, 35.506005399037143 ] ] } },
{ "type": "Feature", "properties": { "id": "a-00677", "start_id": "fd-00378", "end_id": "fd-01115", "specification": "leadin", "source": "fd-00378", "placement": "ug", "length": 18.35, "duct_group": 8, "duct_assignment": "2" }, "geometry": { "type": "LineString", "coordinates": [ [ -119.290328735172352, 35.506097939610534 ], [ -119.290499039405773, 35.506187183820821 ] ] } },
{ "type": "Feature", "properties": { "id": "a-00678", "start_id": "fd-00379", "end_id": "fd-01119", "specification": "leadin", "source": "fd-00379", "placement": "ug", "length": 18.35, "duct_group": 8, "duct_assignment": "3" }, "geometry": { "type": "LineString", "coordinates": [ [ -119.290324464125135, 35.506463296112727 ], [ -119.290494768850252, 35.506552540283018 ] ] } },
{ "type": "Feature", "properties": { "id": "a-00679", "start_id": "fd-00379", "end_id": "fd-01117", "specification": "leadin", "source": "fd-00379", "placement": "ug", "length": 18.77, "duct_group": 8, "duct_assignment": "4" }, "geometry": { "type": "LineString", "coordinates": [ [ -119.290324464125135, 35.506463296112727 ], [ -119.290496903945453, 35.506369862049212 ] ] } },
{ "type": "Feature", "properties": { "id": "a-00680", "start_id": "fd-00380", "end_id": "fd-01089", "specification": "leadin", "source": "fd-00380", "placement": "ug", "length": 19.02, "duct_group": 8, "duct_assignment": "5" }, "geometry": { "type": "LineString", "coordinates": [ [ -119.29032032036659, 35.506817664376648 ], [ -119.29049463557277, 35.50691280002706 ] ] } },
{ "type": "Feature", "properties": { "id": "a-00681", "start_id": "fd-00380", "end_id": "fd-01087", "specification": "leadin", "source": "fd-00380", "placement": "ug", "length": 18.43, "duct_group": 8, "duct_assignment": "6" }, "geometry": { "type": "LineString", "coordinates": [ [ -119.29032032036659, 35.506817664376648 ], [ -119.290492697353812, 35.50672972442149 ] ] } },
{ "type": "Feature", "properties": { "id": "a-00682", "start_id": "fd-00381", "end_id": "fd-00912", "specification": "leadin", "source": "fd-00381", "placement": "ug", "length": 18.94, "duct_group": 9, "duct_assignment": "1" }, "geometry": { "type": "LineString", "coordinates": [ [ -119.290228166550378, 35.504435594924779 ], [ -119.290054964358959, 35.5043402869224 ] ] } },
{ "type": "Feature", "properties": { "id": "a-00683", "start_id": "fd-00381", "end_id": "fd-00911", "specification": "leadin", "source": "fd-00381", "placement": "ug", "length": 18.44, "duct_group": 9, "duct_assignment": "2" }, "geometry": { "type": "LineString", "coordinates": [ [ -119.290228166550378, 35.504435594924779 ], [ -119.290055295991621, 35.504523019790021 ] ] } },
{ "type": "Feature", "properties": { "id": "a-00684", "start_id": "fd-00382", "end_id": "fd-00915", "specification": "leadin", "source": "fd-00382", "placement": "ug", "length": 18.44, "duct_group": 9, "duct_assignment": "3" }, "geometry": { "type": "LineString", "coordinates": [ [ -119.290385316546562, 35.504784951480332 ], [ -119.290558176271688, 35.504697524236335 ] ] } },
{ "type": "Feature", "properties": { "id": "a-00685", "start_id": "fd-00383", "end_id": "fd-00910", "specification": "leadin", "source": "fd-00383", "placement": "ug", "length": 18.34, "duct_group": 9, "duct_assignment": "4" }, "geometry": { "type": "LineString", "coordinates": [ [ -119.290224024601116, 35.504787219662958 ], [ -119.290053233320194, 35.50469883211624 ] ] } },
{ "type": "Feature", "properties": { "id": "a-00686", "start_id": "fd-00384", "end_id": "fd-00917", "specification": "leadin", "source": "fd-00384", "placement": "ug", "length": 23.47, "duct_group": 9, "duct_assignment": "5" }, "geometry": { "type": "LineString", "coordinates": [ [ -119.290394553123662, 35.504974530810777 ], [ -119.290602705367434, 35.505100152027737 ] ] } },
{ "type": "Feature", "properties": { "id": "a-00687", "start_id": "fd-00384", "end_id": "fd-00916", "specification": "leadin", "source": "fd-00384", "placement": "ug", "length": 18.04, "duct_group": 9, "duct_assignment": "6" }, "geometry": { "type": "LineString", "coordinates": [ [ -119.290394553123662, 35.504974530810777 ], [ -119.290556352376555, 35.504880033457042 ] ] } },
{ "type": "Feature", "properties": { "id": "a-00688", "start_id": "fd-00385", "end_id": "fd-00909", "specification": "leadin", "source": "fd-00385", "placement": "ug", "length": 17.93, "duct_group": 9, "duct_assignment": "7" }, "geometry": { "type": "LineString", "coordinates": [ [ -119.290216412514511, 35.504963016262572 ], [ -119.290051045020917, 35.504874583373841 ] ] } },
{ "type": "Feature", "properties": { "id": "a-00689", "start_id": "fd-00385", "end_id": "fd-00908", "specification": "leadin", "source": "fd-00385", "placement": "ug", "length": 23.07, "duct_group": 9, "duct_assignment": "8" }, "geometry": { "type": "LineString", "coordinates": [ [ -119.290216412514511, 35.504963016262572 ], [ -119.290004717220469, 35.505078202426297 ] ] } },
{ "type": "Feature", "properties": { "id": "a-00690", "start_id": "fd-00386", "end_id": "fd-00905", "specification": "leadin", "source": "fd-00386", "placement": "ug", "length": 22.05, "duct_group": 9, "duct_assignment": "9" }, "geometry": { "type": "LineString", "coordinates": [ [ -119.290367297603538, 35.505221365446332 ], [ -119.290559301060171, 35.505343246332274 ] ] } },
{ "type": "Feature", "properties": { "id": "a-00691", "start_id": "fd-00386", "end_id": "fd-00906", "specification": "leadin", "source": "fd-00386", "placement": "ug", "length": 19.38, "duct_group": 9, "duct_assignment": "10" }, "geometry": { "type": "LineString", "coordinates": [ [ -119.290367297603538, 35.505221365446332 ], [ -119.290298766233903, 35.505386810163827 ] ] } },
{ "type": "Feature", "properties": { "id": "a-00692", "start_id": "fd-00387", "end_id": "fd-00907", "specification": "leadin", "source": "fd-00387", "placement": "ug", "length": 22.04, "duct_group": 9, "duct_assignment": "11" }, "geometry": { "type": "LineString", "coordinates": [ [ -119.290231879686829, 35.505220324379309 ], [ -119.290032886598169, 35.505334213931803 ] ] } },
{ "type": "Feature", "properties": { "id": "a-00693", "start_id": "fd-00388", "end_id": "fd-01112", "specification": "leadin", "source": "fd-00388", "placement": "ug", "length": 19.65, "duct_group": 10, "duct_assignment": "1" }, "geometry": { "type": "LineString", "coordinates": [ [ -119.291047119789056, 35.506088935376646 ], [ -119.29086020347448, 35.505999451613285 ] ] } },
{ "type": "Feature", "properties": { "id": "a-00694", "start_id": "fd-00388", "end_id": "fd-01110", "specification": "leadin", "source": "fd-00388", "placement": "ug", "length": 19.54, "duct_group": 10, "duct_assignment": "2" }, "geometry": { "type": "LineString", "coordinates": [ [ -119.291047119789056, 35.506088935376646 ], [ -119.290855537057709, 35.506169273155116 ] ] } },
{ "type": "Feature", "properties": { "id": "a-00695", "start_id": "fd-00389", "end_id": "fd-01085", "specification": "leadin", "source": "fd-00389", "placement": "ug", "length": 19.77, "duct_group": 10, "duct_assignment": "3" }, "geometry": { "type": "LineString", "coordinates": [ [ -119.290947239038644, 35.506597833098752 ], [ -119.290789458404063, 35.506720739199679 ] ] } },
{ "type": "Feature", "properties": { "id": "a-00696", "start_id": "fd-00389", "end_id": "fd-01106", "specification": "leadin", "source": "fd-00389", "placement": "ug", "length": 14.49, "duct_group": 10, "duct_assignment": "4" }, "geometry": { "type": "LineString", "coordinates": [ [ -119.290947239038644, 35.506597833098752 ], [ -119.290836886846378, 35.506503397294225 ] ] } },
{ "type": "Feature", "properties": { "id": "a-00697", "start_id": "fd-00389", "end_id": "fd-01108", "specification": "leadin", "source": "fd-00389", "placement": "ug", "length": 30.49, "duct_group": 10, "duct_assignment": "5" }, "geometry": { "type": "LineString", "coordinates": [ [ -119.290947239038644, 35.506597833098752 ], [ -119.290849960033825, 35.50633484554195 ] ] } },
{ "type": "Feature", "properties": { "id": "a-00698", "start_id": "fd-00390", "end_id": "fd-01105", "specification": "leadin", "source": "fd-00390", "placement": "ug", "length": 14.86, "duct_group": 10, "duct_assignment": "6" }, "geometry": { "type": "LineString", "coordinates": [ [ -119.29126549133565, 35.50659786780669 ], [ -119.291377867636015, 35.506500495544323 ] ] } },
{ "type": "Feature", "properties": { "id": "a-00699", "start_id": "fd-00390", "end_id": "fd-01086", "specification": "leadin", "source": "fd-00390", "placement": "ug", "length": 19.93, "duct_group": 10, "duct_assignment": "7" }, "geometry": { "type": "LineString", "coordinates": [ [ -119.29126549133565, 35.50659786780669 ], [ -119.291420801710743, 35.506724815857751 ] ] } },
{ "type": "Feature", "properties": { "id": "a-00700", "start_id": "fd-00390", "end_id": "fd-01107", "specification": "leadin", "source": "fd-00390", "placement": "ug", "length": 31.66, "duct_group": 10, "duct_assignment": "8" }, "geometry": { "type": "LineString", "coordinates": [ [ -119.29126549133565, 35.50659786780669 ], [ -119.29137164092478, 35.506326039069734 ] ] } },
{ "type": "Feature", "properties": { "id": "a-00701", "start_id": "fd-00391", "end_id": "fd-01083", "specification": "leadin", "source": "fd-00391", "placement": "ug", "length": 21.99, "duct_group": 10, "duct_assignment": "9" }, "geometry": { "type": "LineString", "coordinates": [ [ -119.291105011680955, 35.506779219911991 ], [ -119.291293060628888, 35.506904195294474 ] ] } },
{ "type": "Feature", "properties": { "id": "a-00702", "start_id": "fd-00391", "end_id": "fd-01084", "specification": "leadin", "source": "fd-00391", "placement": "ug", "length": 22.16, "duct_group": 10, "duct_assignment": "10" }, "geometry": { "type": "LineString", "coordinates": [ [ -119.291105011680955, 35.506779219911991 ], [ -119.290912966718423, 35.506902588454757 ] ] } },
{ "type": "Feature", "properties": { "id": "a-00703", "start_id": "fd-00392", "end_id": "fd-00881", "specification": "leadin", "source": "fd-00392", "placement": "ug", "length": 17.9, "duct_group": 11, "duct_assignment": "1" }, "geometry": { "type": "LineString", "coordinates": [ [ -119.290375711144236, 35.505776704076474 ], [ -119.290272976995624, 35.505639003466563 ] ] } },
{ "type": "Feature", "properties": { "id": "a-00704", "start_id": "fd-00392", "end_id": "fd-00880", "specification": "leadin", "source": "fd-00392", "placement": "ug", "length": 18.72, "duct_group": 11, "duct_assignment": "2" }, "geometry": { "type": "LineString", "coordinates": [ [ -119.290375711144236, 35.505776704076474 ], [ -119.290495888692462, 35.505639626263516 ] ] } },
{ "type": "Feature", "properties": { "id": "a-00705", "start_id": "fd-00393", "end_id": "fd-00879", "specification": "leadin", "source": "fd-00393", "placement": "ug", "length": 17.9, "duct_group": 11, "duct_assignment": "3" }, "geometry": { "type": "LineString", "coordinates": [ [ -119.290821535290505, 35.505777948800826 ], [ -119.29071880011611, 35.505640248771549 ] ] } },
{ "type": "Feature", "properties": { "id": "a-00706", "start_id": "fd-00394", "end_id": "fd-00904", "specification": "leadin", "source": "fd-00394", "placement": "ug", "length": 18.3, "duct_group": 11, "duct_assignment": "4" }, "geometry": { "type": "LineString", "coordinates": [ [ -119.291063130577896, 35.505503849959325 ], [ -119.290892827930818, 35.505415466212078 ] ] } },
{ "type": "Feature", "properties": { "id": "a-00707", "start_id": "fd-00394", "end_id": "fd-00878", "specification": "leadin", "source": "fd-00394", "placement": "ug", "length": 18.5, "duct_group": 11, "duct_assignment": "5" }, "geometry": { "type": "LineString", "coordinates": [ [ -119.291063130577896, 35.505503849959325 ], [ -119.290943124499734, 35.505638628988407 ] ] } },
{ "type": "Feature", "properties": { "id": "a-00708", "start_id": "fd-00395", "end_id": "fd-00903", "specification": "leadin", "source": "fd-00395", "placement": "ug", "length": 18.41, "duct_group": 11, "duct_assignment": "6" }, "geometry": { "type": "LineString", "coordinates": [ [ -119.291067297643608, 35.505152225892964 ], [ -119.290894913792556, 35.505239653857124 ] ] } },
{ "type": "Feature", "properties": { "id": "a-00709", "start_id": "fd-00395", "end_id": "fd-00902", "specification": "leadin", "source": "fd-00395", "placement": "ug", "length": 18.3, "duct_group": 11, "duct_assignment": "7" }, "geometry": { "type": "LineString", "coordinates": [ [ -119.291067297643608, 35.505152225892964 ], [ -119.290897001520449, 35.505063841776526 ] ] } },
{ "type": "Feature", "properties": { "id": "a-00710", "start_id": "fd-00396", "end_id": "fd-01064", "specification": "leadin", "source": "fd-00396", "placement": "ug", "length": 17.84, "duct_group": 0, "duct_assignment": "1" }, "geometry": { "type": "LineString", "coordinates": [ [ -119.286385019476413, 35.507227959619669 ], [ -119.286283835862918, 35.507365855655451 ] ] } },
{ "type": "Feature", "properties": { "id": "a-00711", "start_id": "fd-00396", "end_id": "fd-01069", "specification": "leadin", "source": "fd-00396", "placement": "ug", "length": 18.53, "duct_group": 0, "duct_assignment": "2" }, "geometry": { "type": "LineString", "coordinates": [ [ -119.286385019476413, 35.507227959619669 ], [ -119.286492138387317, 35.507370134196194 ] ] } },
{ "type": "Feature", "properties": { "id": "a-00712", "start_id": "fd-00397", "end_id": "fd-01052", "specification": "leadin", "source": "fd-00397", "placement": "ug", "length": 17.85, "duct_group": 0, "duct_assignment": "3" }, "geometry": { "type": "LineString", "coordinates": [ [ -119.285981672179005, 35.507226896110211 ], [ -119.285880407409792, 35.507364809595735 ] ] } },
{ "type": "Feature", "properties": { "id": "a-00713", "start_id": "fd-00397", "end_id": "fd-01054", "specification": "leadin", "source": "fd-00397", "placement": "ug", "length": 17.86, "duct_group": 0, "duct_assignment": "4" }, "geometry": { "type": "LineString", "coordinates": [ [ -119.285981672179005, 35.507226896110211 ], [ -119.286082121757886, 35.507365335385053 ] ] } },
{ "type": "Feature", "properties": { "id": "a-00714", "start_id": "fd-00398", "end_id": "fd-01040", "specification": "leadin", "source": "fd-00398", "placement": "ug", "length": 17.85, "duct_group": 0, "duct_assignment": "5" }, "geometry": { "type": "LineString", "coordinates": [ [ -119.285578323705337, 35.507225825881463 ], [ -119.285476977803043, 35.507363747559168 ] ] } },
{ "type": "Feature", "properties": { "id": "a-00715", "start_id": "fd-00398", "end_id": "fd-01047", "specification": "leadin", "source": "fd-00398", "placement": "ug", "length": 17.86, "duct_group": 0, "duct_assignment": "6" }, "geometry": { "type": "LineString", "coordinates": [ [ -119.285578323705337, 35.507225825881463 ], [ -119.28567869268241, 35.507364279970965 ] ] } },
{ "type": "Feature", "properties": { "id": "a-00716", "start_id": "fd-00399", "end_id": "fd-00997", "specification": "leadin", "source": "fd-00399", "placement": "ug", "length": 17.86, "duct_group": 0, "duct_assignment": "7" }, "geometry": { "type": "LineString", "coordinates": [ [ -119.285174976302031, 35.50722475161411 ], [ -119.285073548739973, 35.507362675721822 ] ] } },
{ "type": "Feature", "properties": { "id": "a-00717", "start_id": "fd-00399", "end_id": "fd-01034", "specification": "leadin", "source": "fd-00399", "placement": "ug", "length": 17.86, "duct_group": 0, "duct_assignment": "8" }, "geometry": { "type": "LineString", "coordinates": [ [ -119.285174976302031, 35.50722475161411 ], [ -119.285275263226268, 35.507363212662135 ] ] } },
{ "type": "Feature", "properties": { "id": "a-00718", "start_id": "fd-00400", "end_id": "fd-01063", "specification": "leadin", "source": "fd-00400", "placement": "ug", "length": 17.85, "duct_group": 1, "duct_assignment": "1" }, "geometry": { "type": "LineString", "coordinates": [ [ -119.28638372031331, 35.507780366370717 ], [ -119.286283145981145, 35.507642069835434 ] ] } },
{ "type": "Feature", "properties": { "id": "a-00719", "start_id": "fd-00400", "end_id": "fd-01068", "specification": "leadin", "source": "fd-00400", "placement": "ug", "length": 18.5, "duct_group": 1, "duct_assignment": "2" }, "geometry": { "type": "LineString", "coordinates": [ [ -119.28638372031331, 35.507780366370717 ], [ -119.286491548689824, 35.507638821051124 ] ] } },
{ "type": "Feature", "properties": { "id": "a-00720", "start_id": "fd-00401", "end_id": "fd-01053", "specification": "leadin", "source": "fd-00401", "placement": "ug", "length": 17.84, "duct_group": 1, "duct_assignment": "3" }, "geometry": { "type": "LineString", "coordinates": [ [ -119.285980045158325, 35.507779376565864 ], [ -119.286081349692509, 35.507641567983029 ] ] } },
{ "type": "Feature", "properties": { "id": "a-00721", "start_id": "fd-00401", "end_id": "fd-01051", "specification": "leadin", "source": "fd-00401", "placement": "ug", "length": 17.85, "duct_group": 1, "duct_assignment": "4" }, "geometry": { "type": "LineString", "coordinates": [ [ -119.285980045158325, 35.507779376565864 ], [ -119.285879553411291, 35.507641055302834 ] ] } },
{ "type": "Feature", "properties": { "id": "a-00722", "start_id": "fd-00402", "end_id": "fd-01044", "specification": "leadin", "source": "fd-00402", "placement": "ug", "length": 17.85, "duct_group": 1, "duct_assignment": "5" }, "geometry": { "type": "LineString", "coordinates": [ [ -119.285576370452631, 35.507778343066285 ], [ -119.28567775706864, 35.507640535109736 ] ] } },
{ "type": "Feature", "properties": { "id": "a-00723", "start_id": "fd-00402", "end_id": "fd-01035", "specification": "leadin", "source": "fd-00402", "placement": "ug", "length": 17.85, "duct_group": 1, "duct_assignment": "6" }, "geometry": { "type": "LineString", "coordinates": [ [ -119.285576370452631, 35.507778343066285 ], [ -119.285475960478507, 35.507640008695198 ] ] } },
{ "type": "Feature", "properties": { "id": "a-00724", "start_id": "fd-00403", "end_id": "fd-00996", "specification": "leadin", "source": "fd-00403", "placement": "ug", "length": 17.85, "duct_group": 1, "duct_assignment": "7" }, "geometry": { "type": "LineString", "coordinates": [ [ -119.285172695376531, 35.507777283908041 ], [ -119.285072367489846, 35.507638942633761 ] ] } },
{ "type": "Feature", "properties": { "id": "a-00725", "start_id": "fd-00403", "end_id": "fd-01033", "specification": "leadin", "source": "fd-00403", "placement": "ug", "length": 17.85, "duct_group": 1, "duct_assignment": "8" }, "geometry": { "type": "LineString", "coordinates": [ [ -119.285172695376531, 35.507777283908041 ], [ -119.285274163927497, 35.507639477698945 ] ] } },
{ "type": "Feature", "properties": { "id": "a-00726", "start_id": "fd-00404", "end_id": "fd-00992", "specification": "leadin", "source": "fd-00404", "placement": "ug", "length": 17.84, "duct_group": 1, "duct_assignment": "9" }, "geometry": { "type": "LineString", "coordinates": [ [ -119.284769020043257, 35.507776206300882 ], [ -119.284668774303256, 35.507637861477711 ] ] } },
{ "type": "Feature", "properties": { "id": "a-00727", "start_id": "fd-00404", "end_id": "fd-00994", "specification": "leadin", "source": "fd-00404", "placement": "ug", "length": 17.85, "duct_group": 1, "duct_assignment": "10" }, "geometry": { "type": "LineString", "coordinates": [ [ -119.284769020043257, 35.507776206300882 ], [ -119.284870571056899, 35.507638403859836 ] ] } },
{ "type": "Feature", "properties": { "id": "a-00728", "start_id": "fd-00405", "end_id": "fd-00990", "specification": "leadin", "source": "fd-00405", "placement": "ug", "length": 17.86, "duct_group": 1, "duct_assignment": "11" }, "geometry": { "type": "LineString", "coordinates": [ [ -119.284365345569213, 35.507775111134613 ], [ -119.284466977718679, 35.507637315505285 ] ] } },
{ "type": "Feature", "properties": { "id": "a-00729", "start_id": "fd-00405", "end_id": "fd-00988", "specification": "leadin", "source": "fd-00405", "placement": "ug", "length": 17.84, "duct_group": 1, "duct_assignment": "12" }, "geometry": { "type": "LineString", "coordinates": [ [ -119.284365345569213, 35.507775111134613 ], [ -119.284265180906004, 35.507636765279273 ] ] } },
{ "type": "Feature", "properties": { "id": "a-00730", "start_id": "fd-00406", "end_id": "fd-01055", "specification": "leadin", "source": "fd-00406", "placement": "ug", "length": 17.85, "duct_group": 2, "duct_assignment": "1" }, "geometry": { "type": "LineString", "coordinates": [ [ -119.286382100851142, 35.508469648949955 ], [ -119.286281424695048, 35.508331458122079 ] ] } },
{ "type": "Feature", "properties": { "id": "a-00731", "start_id": "fd-00406", "end_id": "fd-01072", "specification": "leadin", "source": "fd-00406", "placement": "ug", "length": 18.5, "duct_group": 2, "duct_assignment": "2" }, "geometry": { "type": "LineString", "coordinates": [ [ -119.286382100851142, 35.508469648949955 ], [ -119.286490040483912, 35.508328208597753 ] ] } },
{ "type": "Feature", "properties": { "id": "a-00732", "start_id": "fd-00407", "end_id": "fd-01059", "specification": "leadin", "source": "fd-00407", "placement": "ug", "length": 17.85, "duct_group": 2, "duct_assignment": "3" }, "geometry": { "type": "LineString", "coordinates": [ [ -119.285978017410642, 35.508468638137415 ], [ -119.285877422926077, 35.508330445229788 ] ] } },
{ "type": "Feature", "properties": { "id": "a-00733", "start_id": "fd-00407", "end_id": "fd-01057", "specification": "leadin", "source": "fd-00407", "placement": "ug", "length": 17.83, "duct_group": 2, "duct_assignment": "4" }, "geometry": { "type": "LineString", "coordinates": [ [ -119.285978017410642, 35.508468638137415 ], [ -119.286079424129085, 35.508330958033184 ] ] } },
{ "type": "Feature", "properties": { "id": "a-00734", "start_id": "fd-00408", "end_id": "fd-01046", "specification": "leadin", "source": "fd-00408", "placement": "ug", "length": 17.84, "duct_group": 2, "duct_assignment": "5" }, "geometry": { "type": "LineString", "coordinates": [ [ -119.285573933388036, 35.508467588145201 ], [ -119.285675421659704, 35.508329923959892 ] ] } },
{ "type": "Feature", "properties": { "id": "a-00735", "start_id": "fd-00408", "end_id": "fd-01037", "specification": "leadin", "source": "fd-00408", "placement": "ug", "length": 17.84, "duct_group": 2, "duct_assignment": "6" }, "geometry": { "type": "LineString", "coordinates": [ [ -119.285573933388036, 35.508467588145201 ], [ -119.285473420685904, 35.508329396877592 ] ] } },
{ "type": "Feature", "properties": { "id": "a-00736", "start_id": "fd-00409", "end_id": "fd-01039", "specification": "leadin", "source": "fd-00409", "placement": "ug", "length": 17.84, "duct_group": 2, "duct_assignment": "7" }, "geometry": { "type": "LineString", "coordinates": [ [ -119.285169849107945, 35.50846651970145 ], [ -119.285271419539683, 35.508328864451187 ] ] } },
{ "type": "Feature", "properties": { "id": "a-00737", "start_id": "fd-00409", "end_id": "fd-00999", "specification": "leadin", "source": "fd-00409", "placement": "ug", "length": 17.84, "duct_group": 2, "duct_assignment": "8" }, "geometry": { "type": "LineString", "coordinates": [ [ -119.285169849107945, 35.50846651970145 ], [ -119.285069418439932, 35.508328327892457 ] ] } },
{ "type": "Feature", "properties": { "id": "a-00738", "start_id": "fd-00410", "end_id": "fd-01001", "specification": "leadin", "source": "fd-00410", "placement": "ug", "length": 17.84, "duct_group": 2, "duct_assignment": "9" }, "geometry": { "type": "LineString", "coordinates": [ [ -119.284765764655262, 35.508465438213506 ], [ -119.284867416958022, 35.508327787748243 ] ] } },
{ "type": "Feature", "properties": { "id": "a-00739", "start_id": "fd-00410", "end_id": "fd-01003", "specification": "leadin", "source": "fd-00410", "placement": "ug", "length": 17.83, "duct_group": 2, "duct_assignment": "10" }, "geometry": { "type": "LineString", "coordinates": [ [ -119.284765764655262, 35.508465438213506 ], [ -119.284665415757814, 35.508327243766466 ] ] } },
{ "type": "Feature", "properties": { "id": "a-00740", "start_id": "fd-00411", "end_id": "fd-01005", "specification": "leadin", "source": "fd-00411", "placement": "ug", "length": 17.85, "duct_group": 2, "duct_assignment": "11" }, "geometry": { "type": "LineString", "coordinates": [ [ -119.284361681132296, 35.508464343669907 ], [ -119.284463414781072, 35.508326695719418 ] ] } },
{ "type": "Feature", "properties": { "id": "a-00741", "start_id": "fd-00411", "end_id": "fd-01007", "specification": "leadin", "source": "fd-00411", "placement": "ug", "length": 17.83, "duct_group": 2, "duct_assignment": "12" }, "geometry": { "type": "LineString", "coordinates": [ [ -119.284361681132296, 35.508464343669907 ], [ -119.284261413079534, 35.508326143536934 ] ] } },
{ "type": "Feature", "properties": { "id": "a-00742", "start_id": "fd-00412", "end_id": "fd-01074", "specification": "leadin", "source": "fd-00412", "placement": "ug", "length": 18.31, "duct_group": 3, "duct_assignment": "1" }, "geometry": { "type": "LineString", "coordinates": [ [ -119.286773135734009, 35.50740766040898 ], [ -119.286947720148589, 35.507490336314909 ] ] } },
{ "type": "Feature", "properties": { "id": "a-00743", "start_id": "fd-00412", "end_id": "fd-01073", "specification": "leadin", "source": "fd-00412", "placement": "ug", "length": 18.98, "duct_group": 3, "duct_assignment": "2" }, "geometry": { "type": "LineString", "coordinates": [ [ -119.286773135734009, 35.50740766040898 ], [ -119.286953326977553, 35.507320753830442 ] ] } },
{ "type": "Feature", "properties": { "id": "a-00744", "start_id": "fd-00413", "end_id": "fd-01076", "specification": "leadin", "source": "fd-00413", "placement": "ug", "length": 18.2, "duct_group": 3, "duct_assignment": "3" }, "geometry": { "type": "LineString", "coordinates": [ [ -119.286772547635536, 35.50773741509488 ], [ -119.286945863561556, 35.507820030106124 ] ] } },
{ "type": "Feature", "properties": { "id": "a-00745", "start_id": "fd-00413", "end_id": "fd-01075", "specification": "leadin", "source": "fd-00413", "placement": "ug", "length": 18.25, "duct_group": 3, "duct_assignment": "4" }, "geometry": { "type": "LineString", "coordinates": [ [ -119.286772547635536, 35.50773741509488 ], [ -119.286946792995806, 35.507655189037919 ] ] } },
{ "type": "Feature", "properties": { "id": "a-00746", "start_id": "fd-00414", "end_id": "fd-01065", "specification": "leadin", "source": "fd-00414", "placement": "ug", "length": 17.84, "duct_group": 3, "duct_assignment": "5" }, "geometry": { "type": "LineString", "coordinates": [ [ -119.286383396871273, 35.507917744448044 ], [ -119.286282113493272, 35.508055508817456 ] ] } },
{ "type": "Feature", "properties": { "id": "a-00747", "start_id": "fd-00414", "end_id": "fd-01070", "specification": "leadin", "source": "fd-00414", "placement": "ug", "length": 18.52, "duct_group": 3, "duct_assignment": "6" }, "geometry": { "type": "LineString", "coordinates": [ [ -119.286383396871273, 35.507917744448044 ], [ -119.286490628216512, 35.508059744498347 ] ] } },
{ "type": "Feature", "properties": { "id": "a-00748", "start_id": "fd-00415", "end_id": "fd-01058", "specification": "leadin", "source": "fd-00415", "placement": "ug", "length": 17.84, "duct_group": 3, "duct_assignment": "7" }, "geometry": { "type": "LineString", "coordinates": [ [ -119.285979640652371, 35.507916759989968 ], [ -119.285878275276517, 35.508054508875468 ] ] } },
{ "type": "Feature", "properties": { "id": "a-00749", "start_id": "fd-00415", "end_id": "fd-01056", "specification": "leadin", "source": "fd-00415", "placement": "ug", "length": 17.85, "duct_group": 3, "duct_assignment": "8" }, "geometry": { "type": "LineString", "coordinates": [ [ -119.285979640652371, 35.507916759989968 ], [ -119.286080194457853, 35.508055015306944 ] ] } },
{ "type": "Feature", "properties": { "id": "a-00750", "start_id": "fd-00416", "end_id": "fd-01045", "specification": "leadin", "source": "fd-00416", "placement": "ug", "length": 17.85, "duct_group": 3, "duct_assignment": "9" }, "geometry": { "type": "LineString", "coordinates": [ [ -119.285575884840512, 35.507915729133117 ], [ -119.285676356226432, 35.508053992521035 ] ] } },
{ "type": "Feature", "properties": { "id": "a-00751", "start_id": "fd-00416", "end_id": "fd-01036", "specification": "leadin", "source": "fd-00416", "placement": "ug", "length": 17.84, "duct_group": 3, "duct_assignment": "10" }, "geometry": { "type": "LineString", "coordinates": [ [ -119.285575884840512, 35.507915729133117 ], [ -119.285474437291697, 35.508053468719915 ] ] } },
{ "type": "Feature", "properties": { "id": "a-00752", "start_id": "fd-00417", "end_id": "fd-01038", "specification": "leadin", "source": "fd-00417", "placement": "ug", "length": 17.84, "duct_group": 3, "duct_assignment": "11" }, "geometry": { "type": "LineString", "coordinates": [ [ -119.285172128644206, 35.507914671715746 ], [ -119.285272518382186, 35.508052939435032 ] ] } },
{ "type": "Feature", "properties": { "id": "a-00753", "start_id": "fd-00417", "end_id": "fd-00998", "specification": "leadin", "source": "fd-00417", "placement": "ug", "length": 17.85, "duct_group": 3, "duct_assignment": "12" }, "geometry": { "type": "LineString", "coordinates": [ [ -119.285172128644206, 35.507914671715746 ], [ -119.285070599013693, 35.508052404734819 ] ] } },
{ "type": "Feature", "properties": { "id": "a-00754", "start_id": "fd-00418", "end_id": "fd-01103", "specification": "leadin", "source": "fd-00418", "placement": "ug", "length": 18.63, "duct_group": 4, "duct_assignment": "1" }, "geometry": { "type": "LineString", "coordinates": [ [ -119.287492062809591, 35.506824707398991 ], [ -119.287314272190955, 35.506740797114446 ] ] } },
{ "type": "Feature", "properties": { "id": "a-00755", "start_id": "fd-00418", "end_id": "fd-01101", "specification": "leadin", "source": "fd-00418", "placement": "ug", "length": 19.28, "duct_group": 4, "duct_assignment": "2" }, "geometry": { "type": "LineString", "coordinates": [ [ -119.287492062809591, 35.506824707398991 ], [ -119.287307541431161, 35.506910927515179 ] ] } },
{ "type": "Feature", "properties": { "id": "a-00756", "start_id": "fd-00419", "end_id": "fd-01099", "specification": "leadin", "source": "fd-00419", "placement": "ug", "length": 19.79, "duct_group": 4, "duct_assignment": "3" }, "geometry": { "type": "LineString", "coordinates": [ [ -119.287653472616597, 35.506813030359616 ], [ -119.287838833211907, 35.506907033623044 ] ] } },
{ "type": "Feature", "properties": { "id": "a-00757", "start_id": "fd-00419", "end_id": "fd-01102", "specification": "leadin", "source": "fd-00419", "placement": "ug", "length": 19.6, "duct_group": 4, "duct_assignment": "4" }, "geometry": { "type": "LineString", "coordinates": [ [ -119.287653472616597, 35.506813030359616 ], [ -119.287836841152469, 35.506719601792668 ] ] } },
{ "type": "Feature", "properties": { "id": "a-00758", "start_id": "fd-00420", "end_id": "fd-01133", "specification": "leadin", "source": "fd-00420", "placement": "ug", "length": 18.63, "duct_group": 4, "duct_assignment": "5" }, "geometry": { "type": "LineString", "coordinates": [ [ -119.287662620120329, 35.506453632481161 ], [ -119.287838950157521, 35.506539670845513 ] ] } },
{ "type": "Feature", "properties": { "id": "a-00759", "start_id": "fd-00420", "end_id": "fd-01134", "specification": "leadin", "source": "fd-00420", "placement": "ug", "length": 19.25, "duct_group": 4, "duct_assignment": "6" }, "geometry": { "type": "LineString", "coordinates": [ [ -119.287662620120329, 35.506453632481161 ], [ -119.287841059185567, 35.506359739561631 ] ] } },
{ "type": "Feature", "properties": { "id": "a-00760", "start_id": "fd-00421", "end_id": "fd-01137", "specification": "leadin", "source": "fd-00421", "placement": "ug", "length": 19.04, "duct_group": 4, "duct_assignment": "7" }, "geometry": { "type": "LineString", "coordinates": [ [ -119.287661910964033, 35.506093250788226 ], [ -119.287843168489502, 35.506179780578044 ] ] } },
{ "type": "Feature", "properties": { "id": "a-00761", "start_id": "fd-00421", "end_id": "fd-00875", "specification": "leadin", "source": "fd-00421", "placement": "ug", "length": 19.87, "duct_group": 4, "duct_assignment": "8" }, "geometry": { "type": "LineString", "coordinates": [ [ -119.287661910964033, 35.506093250788226 ], [ -119.287848434691625, 35.505999503009676 ] ] } },
{ "type": "Feature", "properties": { "id": "a-00762", "start_id": "fd-00422", "end_id": "fd-01136", "specification": "leadin", "source": "fd-00422", "placement": "ug", "length": 18.96, "duct_group": 5, "duct_assignment": "1" }, "geometry": { "type": "LineString", "coordinates": [ [ -119.287495928095581, 35.506495062454 ], [ -119.287317834334132, 35.506405653567121 ] ] } },
{ "type": "Feature", "properties": { "id": "a-00763", "start_id": "fd-00422", "end_id": "fd-01104", "specification": "leadin", "source": "fd-00422", "placement": "ug", "length": 18.63, "duct_group": 5, "duct_assignment": "2" }, "geometry": { "type": "LineString", "coordinates": [ [ -119.287495928095581, 35.506495062454 ], [ -119.287316024037082, 35.506575973353726 ] ] } },
{ "type": "Feature", "properties": { "id": "a-00764", "start_id": "fd-00423", "end_id": "fd-00876", "specification": "leadin", "source": "fd-00423", "placement": "ug", "length": 20.03, "duct_group": 5, "duct_assignment": "3" }, "geometry": { "type": "LineString", "coordinates": [ [ -119.287500050152076, 35.506143530316884 ], [ -119.287298185862895, 35.506070529823106 ] ] } },
{ "type": "Feature", "properties": { "id": "a-00765", "start_id": "fd-00423", "end_id": "fd-01138", "specification": "leadin", "source": "fd-00423", "placement": "ug", "length": 19.28, "duct_group": 5, "duct_assignment": "4" }, "geometry": { "type": "LineString", "coordinates": [ [ -119.287500050152076, 35.506143530316884 ], [ -119.28731964450489, 35.506235337599698 ] ] } },
{ "type": "Feature", "properties": { "id": "a-00766", "start_id": "fd-00424", "end_id": "fd-00888", "specification": "leadin", "source": "fd-00424", "placement": "ug", "length": 16.82, "duct_group": 5, "duct_assignment": "5" }, "geometry": { "type": "LineString", "coordinates": [ [ -119.287467841967882, 35.505861988174573 ], [ -119.287283011582076, 35.505874130603871 ] ] } },
{ "type": "Feature", "properties": { "id": "a-00767", "start_id": "fd-00425", "end_id": "fd-00972", "specification": "leadin", "source": "fd-00425", "placement": "ug", "length": 17.67, "duct_group": 5, "duct_assignment": "6" }, "geometry": { "type": "LineString", "coordinates": [ [ -119.287724148409325, 35.505717852518238 ], [ -119.287593670294626, 35.505599688155222 ] ] } },
{ "type": "Feature", "properties": { "id": "a-00768", "start_id": "fd-00425", "end_id": "fd-00971", "specification": "leadin", "source": "fd-00425", "placement": "ug", "length": 17.22, "duct_group": 5, "duct_assignment": "7" }, "geometry": { "type": "LineString", "coordinates": [ [ -119.287724148409325, 35.505717852518238 ], [ -119.287869349450347, 35.505617860721877 ] ] } },
{ "type": "Feature", "properties": { "id": "a-00769", "start_id": "fd-00426", "end_id": "fd-00969", "specification": "leadin", "source": "fd-00426", "placement": "ug", "length": 18.48, "duct_group": 5, "duct_assignment": "8" }, "geometry": { "type": "LineString", "coordinates": [ [ -119.288198628820993, 35.505770604012284 ], [ -119.288314274495264, 35.505633514765236 ] ] } },
{ "type": "Feature", "properties": { "id": "a-00770", "start_id": "fd-00426", "end_id": "fd-00970", "specification": "leadin", "source": "fd-00426", "placement": "ug", "length": 17.9, "duct_group": 5, "duct_assignment": "9" }, "geometry": { "type": "LineString", "coordinates": [ [ -119.288198628820993, 35.505770604012284 ], [ -119.288095898048354, 35.505632901203057 ] ] } },
{ "type": "Feature", "properties": { "id": "a-00771", "start_id": "fd-00427", "end_id": "fd-00968", "specification": "leadin", "source": "fd-00427", "placement": "ug", "length": 17.9, "duct_group": 5, "duct_assignment": "10" }, "geometry": { "type": "LineString", "coordinates": [ [ -119.288635381354283, 35.505771830949996 ], [ -119.288532650674597, 35.50563412846352 ] ] } },
{ "type": "Feature", "properties": { "id": "a-00772", "start_id": "fd-00427", "end_id": "fd-00886", "specification": "leadin", "source": "fd-00427", "placement": "ug", "length": 18.48, "duct_group": 5, "duct_assignment": "11" }, "geometry": { "type": "LineString", "coordinates": [ [ -119.288635381354283, 35.505771830949996 ], [ -119.288751026576065, 35.505634741425638 ] ] } },
{ "type": "Feature", "properties": { "id": "a-00773", "start_id": "fd-00428", "end_id": "fd-00885", "specification": "leadin", "source": "fd-00428", "placement": "ug", "length": 17.9, "duct_group": 5, "duct_assignment": "12" }, "geometry": { "type": "LineString", "coordinates": [ [ -119.289072133900689, 35.505773056335819 ], [ -119.288969402481641, 35.505635354226555 ] ] } },
{ "type": "Feature", "properties": { "id": "a-00774", "start_id": "fd-00429", "end_id": "fd-01078", "specification": "leadin", "source": "fd-00429", "placement": "ug", "length": 18.1, "duct_group": 6, "duct_assignment": "1" }, "geometry": { "type": "LineString", "coordinates": [ [ -119.286771960523254, 35.508067092209103 ], [ -119.286944002831959, 35.508149690701003 ] ] } },
{ "type": "Feature", "properties": { "id": "a-00775", "start_id": "fd-00429", "end_id": "fd-01079", "specification": "leadin", "source": "fd-00429", "placement": "ug", "length": 18.15, "duct_group": 6, "duct_assignment": "2" }, "geometry": { "type": "LineString", "coordinates": [ [ -119.286771960523254, 35.508067092209103 ], [ -119.286944933401486, 35.507984863655771 ] ] } },
{ "type": "Feature", "properties": { "id": "a-00776", "start_id": "fd-00430", "end_id": "fd-01077", "specification": "leadin", "source": "fd-00430", "placement": "ug", "length": 20.05, "duct_group": 6, "duct_assignment": "3" }, "geometry": { "type": "LineString", "coordinates": [ [ -119.286771667227157, 35.508231912269196 ], [ -119.286962470905252, 35.508322993320064 ] ] } },
{ "type": "Feature", "properties": { "id": "a-00777", "start_id": "fd-00431", "end_id": "fd-01080", "specification": "leadin", "source": "fd-00431", "placement": "ug", "length": 18.33, "duct_group": 6, "duct_assignment": "4" }, "geometry": { "type": "LineString", "coordinates": [ [ -119.286800447226781, 35.508535660398067 ], [ -119.286951169550733, 35.508645665230418 ] ] } },
{ "type": "Feature", "properties": { "id": "a-00778", "start_id": "fd-00432", "end_id": "fd-01081", "specification": "leadin", "source": "fd-00432", "placement": "ug", "length": 17.18, "duct_group": 6, "duct_assignment": "5" }, "geometry": { "type": "LineString", "coordinates": [ [ -119.28670023583193, 35.508622840961934 ], [ -119.286690118004202, 35.508777409657284 ] ] } },
{ "type": "Feature", "properties": { "id": "a-00779", "start_id": "fd-00433", "end_id": "fd-01066", "specification": "leadin", "source": "fd-00433", "placement": "ug", "length": 20.26, "duct_group": 6, "duct_assignment": "6" }, "geometry": { "type": "LineString", "coordinates": [ [ -119.286298660998241, 35.508606640238227 ], [ -119.286420047360934, 35.508759914653396 ] ] } },
{ "type": "Feature", "properties": { "id": "a-00780", "start_id": "fd-00433", "end_id": "fd-01061", "specification": "leadin", "source": "fd-00433", "placement": "ug", "length": 17.81, "duct_group": 6, "duct_assignment": "7" }, "geometry": { "type": "LineString", "coordinates": [ [ -119.286298660998241, 35.508606640238227 ], [ -119.286196275892976, 35.508743541530521 ] ] } },
{ "type": "Feature", "properties": { "id": "a-00781", "start_id": "fd-00434", "end_id": "fd-01060", "specification": "leadin", "source": "fd-00434", "placement": "ug", "length": 17.8, "duct_group": 6, "duct_assignment": "8" }, "geometry": { "type": "LineString", "coordinates": [ [ -119.286094609072364, 35.508606154987518 ], [ -119.285992324965861, 35.508743021480321 ] ] } },
{ "type": "Feature", "properties": { "id": "a-00782", "start_id": "fd-00435", "end_id": "fd-01042", "specification": "leadin", "source": "fd-00435", "placement": "ug", "length": 17.8, "duct_group": 6, "duct_assignment": "9" }, "geometry": { "type": "LineString", "coordinates": [ [ -119.285687074783752, 35.508605089178545 ], [ -119.285584708580842, 35.508741940664898 ] ] } },
{ "type": "Feature", "properties": { "id": "a-00783", "start_id": "fd-00435", "end_id": "fd-01048", "specification": "leadin", "source": "fd-00435", "placement": "ug", "length": 17.81, "duct_group": 6, "duct_assignment": "10" }, "geometry": { "type": "LineString", "coordinates": [ [ -119.285687074783752, 35.508605089178545 ], [ -119.285788516704926, 35.508742482045385 ] ] } },
{ "type": "Feature", "properties": { "id": "a-00784", "start_id": "fd-00436", "end_id": "fd-01041", "specification": "leadin", "source": "fd-00436", "placement": "ug", "length": 17.8, "duct_group": 6, "duct_assignment": "11" }, "geometry": { "type": "LineString", "coordinates": [ [ -119.285279541396449, 35.508604008488639 ], [ -119.285380900568697, 35.50874139675836 ] ] } },
{ "type": "Feature", "properties": { "id": "a-00785", "start_id": "fd-00436", "end_id": "fd-01018", "specification": "leadin", "source": "fd-00436", "placement": "ug", "length": 17.8, "duct_group": 6, "duct_assignment": "12" }, "geometry": { "type": "LineString", "coordinates": [ [ -119.285279541396449, 35.508604008488639 ], [ -119.285177092509898, 35.508740852154055 ] ] } },
{ "type": "Feature", "properties": { "id": "a-00786", "start_id": "fd-00437", "end_id": "fd-01900", "specification": "leadin", "source": "fd-00437", "placement": "ug", "length": 20.25, "duct_group": 0, "duct_assignment": "1" }, "geometry": { "type": "LineString", "coordinates": [ [ -119.284242281871101, 35.491511165539812 ], [ -119.284045154285025, 35.491425702394388 ] ] } },
{ "type": "Feature", "properties": { "id": "a-00787", "start_id": "fd-00437", "end_id": "fd-01899", "specification": "leadin", "source": "fd-00437", "placement": "ug", "length": 20.66, "duct_group": 0, "duct_assignment": "2" }, "geometry": { "type": "LineString", "coordinates": [ [ -119.284242281871101, 35.491511165539812 ], [ -119.284040858378376, 35.491597866592116 ] ] } },
{ "type": "Feature", "properties": { "id": "a-00788", "start_id": "fd-00438", "end_id": "fd-01902", "specification": "leadin", "source": "fd-00438", "placement": "ug", "length": 20.25, "duct_group": 0, "duct_assignment": "3" }, "geometry": { "type": "LineString", "coordinates": [ [ -119.284246532288833, 35.491176033527722 ], [ -119.284047282186634, 35.491258135198024 ] ] } },
{ "type": "Feature", "properties": { "id": "a-00789", "start_id": "fd-00438", "end_id": "fd-01795", "specification": "leadin", "source": "fd-00438", "placement": "ug", "length": 20.25, "duct_group": 0, "duct_assignment": "4" }, "geometry": { "type": "LineString", "coordinates": [ [ -119.284246532288833, 35.491176033527722 ], [ -119.28404940961569, 35.491090569472284 ] ] } },
{ "type": "Feature", "properties": { "id": "a-00790", "start_id": "fd-00439", "end_id": "fd-01796", "specification": "leadin", "source": "fd-00439", "placement": "ug", "length": 20.25, "duct_group": 0, "duct_assignment": "5" }, "geometry": { "type": "LineString", "coordinates": [ [ -119.284250779380159, 35.490840902407335 ], [ -119.284051536586162, 35.490923002943752 ] ] } },
{ "type": "Feature", "properties": { "id": "a-00791", "start_id": "fd-00439", "end_id": "fd-01797", "specification": "leadin", "source": "fd-00439", "placement": "ug", "length": 20.25, "duct_group": 0, "duct_assignment": "6" }, "geometry": { "type": "LineString", "coordinates": [ [ -119.284250779380159, 35.490840902407335 ], [ -119.284053663712811, 35.490755436258802 ] ] } },
{ "type": "Feature", "properties": { "id": "a-00792", "start_id": "fd-00440", "end_id": "fd-01799", "specification": "leadin", "source": "fd-00440", "placement": "ug", "length": 20.25, "duct_group": 0, "duct_assignment": "7" }, "geometry": { "type": "LineString", "coordinates": [ [ -119.284255026422741, 35.490505770341521 ], [ -119.284057918048404, 35.490420302508916 ] ] } },
{ "type": "Feature", "properties": { "id": "a-00793", "start_id": "fd-00440", "end_id": "fd-01798", "specification": "leadin", "source": "fd-00440", "placement": "ug", "length": 20.25, "duct_group": 0, "duct_assignment": "8" }, "geometry": { "type": "LineString", "coordinates": [ [ -119.284255026422741, 35.490505770341521 ], [ -119.284055790484899, 35.490587869480443 ] ] } },
{ "type": "Feature", "properties": { "id": "a-00794", "start_id": "fd-00441", "end_id": "fd-01789", "specification": "leadin", "source": "fd-00441", "placement": "ug", "length": 20.25, "duct_group": 0, "duct_assignment": "9" }, "geometry": { "type": "LineString", "coordinates": [ [ -119.284259274518675, 35.49017063731894 ], [ -119.284060045073986, 35.490252735744441 ] ] } },
{ "type": "Feature", "properties": { "id": "a-00795", "start_id": "fd-00441", "end_id": "fd-01812", "specification": "leadin", "source": "fd-00441", "placement": "ug", "length": 20.18, "duct_group": 0, "duct_assignment": "10" }, "geometry": { "type": "LineString", "coordinates": [ [ -119.284259274518675, 35.49017063731894 ], [ -119.284062153754036, 35.490086546445298 ] ] } },
{ "type": "Feature", "properties": { "id": "a-00796", "start_id": "fd-00442", "end_id": "fd-01829", "specification": "leadin", "source": "fd-00442", "placement": "ug", "length": 20.11, "duct_group": 1, "duct_assignment": "1" }, "geometry": { "type": "LineString", "coordinates": [ [ -119.283461412910427, 35.490834194654539 ], [ -119.283658984001079, 35.490752081674856 ] ] } },
{ "type": "Feature", "properties": { "id": "a-00797", "start_id": "fd-00442", "end_id": "fd-01828", "specification": "leadin", "source": "fd-00442", "placement": "ug", "length": 20.11, "duct_group": 1, "duct_assignment": "2" }, "geometry": { "type": "LineString", "coordinates": [ [ -119.283461412910427, 35.490834194654539 ], [ -119.283656849651223, 35.490919650079704 ] ] } },
{ "type": "Feature", "properties": { "id": "a-00798", "start_id": "fd-00443", "end_id": "fd-01831", "specification": "leadin", "source": "fd-00443", "placement": "ug", "length": 20.11, "duct_group": 1, "duct_assignment": "3" }, "geometry": { "type": "LineString", "coordinates": [ [ -119.283465688417081, 35.490499056041863 ], [ -119.283663252294062, 35.490416945143799 ] ] } },
{ "type": "Feature", "properties": { "id": "a-00799", "start_id": "fd-00443", "end_id": "fd-01830", "specification": "leadin", "source": "fd-00443", "placement": "ug", "length": 20.11, "duct_group": 1, "duct_assignment": "4" }, "geometry": { "type": "LineString", "coordinates": [ [ -119.283465688417081, 35.490499056041863 ], [ -119.283661118062099, 35.490584513300981 ] ] } },
{ "type": "Feature", "properties": { "id": "a-00800", "start_id": "fd-00444", "end_id": "fd-01832", "specification": "leadin", "source": "fd-00444", "placement": "ug", "length": 20.11, "duct_group": 1, "duct_assignment": "5" }, "geometry": { "type": "LineString", "coordinates": [ [ -119.283469963917085, 35.490163919187552 ], [ -119.28366538617216, 35.490249377421399 ] ] } },
{ "type": "Feature", "properties": { "id": "a-00801", "start_id": "fd-00444", "end_id": "fd-01833", "specification": "leadin", "source": "fd-00444", "placement": "ug", "length": 20.04, "duct_group": 1, "duct_assignment": "6" }, "geometry": { "type": "LineString", "coordinates": [ [ -119.283469963917085, 35.490163919187552 ], [ -119.283667501659096, 35.490083184459877 ] ] } },
{ "type": "Feature", "properties": { "id": "a-00802", "start_id": "fd-00445", "end_id": "fd-01834", "specification": "leadin", "source": "fd-00445", "placement": "ug", "length": 20.4, "duct_group": 1, "duct_assignment": "7" }, "geometry": { "type": "LineString", "coordinates": [ [ -119.283474344369836, 35.48982054168431 ], [ -119.283669689448644, 35.489911497364915 ] ] } },
{ "type": "Feature", "properties": { "id": "a-00803", "start_id": "fd-00445", "end_id": "fd-01835", "specification": "leadin", "source": "fd-00445", "placement": "ug", "length": 20.4, "duct_group": 1, "duct_assignment": "8" }, "geometry": { "type": "LineString", "coordinates": [ [ -119.283474344369836, 35.48982054168431 ], [ -119.283671963070631, 35.489732941236277 ] ] } },
{ "type": "Feature", "properties": { "id": "a-00804", "start_id": "fd-00446", "end_id": "fd-01837", "specification": "leadin", "source": "fd-00446", "placement": "ug", "length": 20.78, "duct_group": 1, "duct_assignment": "9" }, "geometry": { "type": "LineString", "coordinates": [ [ -119.283478899396556, 35.489463429795357 ], [ -119.283676597922877, 35.489368962799247 ] ] } },
{ "type": "Feature", "properties": { "id": "a-00805", "start_id": "fd-00446", "end_id": "fd-01836", "specification": "leadin", "source": "fd-00446", "placement": "ug", "length": 20.4, "duct_group": 1, "duct_assignment": "10" }, "geometry": { "type": "LineString", "coordinates": [ [ -119.283478899396556, 35.489463429795357 ], [ -119.283674237020264, 35.489554385550484 ] ] } },
{ "type": "Feature", "properties": { "id": "a-00806", "start_id": "fd-00447", "end_id": "fd-01838", "specification": "leadin", "source": "fd-00447", "placement": "ug", "length": 21.16, "duct_group": 1, "duct_assignment": "11" }, "geometry": { "type": "LineString", "coordinates": [ [ -119.283481352599836, 35.489271139029498 ], [ -119.283683408494895, 35.489175959142024 ] ] } },
{ "type": "Feature", "properties": { "id": "a-00807", "start_id": "fd-00448", "end_id": "fd-01699", "specification": "leadin", "source": "fd-00448", "placement": "ug", "length": 20.82, "duct_group": 2, "duct_assignment": "1" }, "geometry": { "type": "LineString", "coordinates": [ [ -119.283231642167664, 35.491582764394138 ], [ -119.283028513949901, 35.491670031030061 ] ] } },
{ "type": "Feature", "properties": { "id": "a-00808", "start_id": "fd-00448", "end_id": "fd-01896", "specification": "leadin", "source": "fd-00448", "placement": "ug", "length": 18.45, "duct_group": 2, "duct_assignment": "2" }, "geometry": { "type": "LineString", "coordinates": [ [ -119.283231642167664, 35.491582764394138 ], [ -119.283056467797977, 35.491498330742878 ] ] } },
{ "type": "Feature", "properties": { "id": "a-00809", "start_id": "fd-00449", "end_id": "fd-01895", "specification": "leadin", "source": "fd-00449", "placement": "ug", "length": 19.79, "duct_group": 2, "duct_assignment": "3" }, "geometry": { "type": "LineString", "coordinates": [ [ -119.283252390836296, 35.491418099316078 ], [ -119.283060071800207, 35.491334041651818 ] ] } },
{ "type": "Feature", "properties": { "id": "a-00810", "start_id": "fd-00450", "end_id": "fd-01839", "specification": "leadin", "source": "fd-00450", "placement": "ug", "length": 19.79, "duct_group": 2, "duct_assignment": "4" }, "geometry": { "type": "LineString", "coordinates": [ [ -119.283256603053005, 35.491088451755957 ], [ -119.283062149857869, 35.491169217560753 ] ] } },
{ "type": "Feature", "properties": { "id": "a-00811", "start_id": "fd-00450", "end_id": "fd-01840", "specification": "leadin", "source": "fd-00450", "placement": "ug", "length": 19.79, "duct_group": 2, "duct_assignment": "5" }, "geometry": { "type": "LineString", "coordinates": [ [ -119.283256603053005, 35.491088451755957 ], [ -119.283064226597489, 35.491004394073251 ] ] } },
{ "type": "Feature", "properties": { "id": "a-00812", "start_id": "fd-00451", "end_id": "fd-01842", "specification": "leadin", "source": "fd-00451", "placement": "ug", "length": 19.8, "duct_group": 2, "duct_assignment": "6" }, "geometry": { "type": "LineString", "coordinates": [ [ -119.283260815250031, 35.490758805054391 ], [ -119.283068381292196, 35.490674747523002 ] ] } },
{ "type": "Feature", "properties": { "id": "a-00813", "start_id": "fd-00451", "end_id": "fd-01841", "specification": "leadin", "source": "fd-00451", "placement": "ug", "length": 19.8, "duct_group": 2, "duct_assignment": "7" }, "geometry": { "type": "LineString", "coordinates": [ [ -119.283260815250031, 35.490758805054391 ], [ -119.283066303939322, 35.490839570776302 ] ] } },
{ "type": "Feature", "properties": { "id": "a-00814", "start_id": "fd-00452", "end_id": "fd-01843", "specification": "leadin", "source": "fd-00452", "placement": "ug", "length": 19.8, "duct_group": 2, "duct_assignment": "8" }, "geometry": { "type": "LineString", "coordinates": [ [ -119.283265027441317, 35.490429160112569 ], [ -119.283070459217527, 35.49050992451847 ] ] } },
{ "type": "Feature", "properties": { "id": "a-00815", "start_id": "fd-00452", "end_id": "fd-01844", "specification": "leadin", "source": "fd-00452", "placement": "ug", "length": 19.8, "duct_group": 2, "duct_assignment": "9" }, "geometry": { "type": "LineString", "coordinates": [ [ -119.283265027441317, 35.490429160112569 ], [ -119.283072537321331, 35.490345101846195 ] ] } },
{ "type": "Feature", "properties": { "id": "a-00816", "start_id": "fd-00453", "end_id": "fd-01845", "specification": "leadin", "source": "fd-00453", "placement": "ug", "length": 19.81, "duct_group": 2, "duct_assignment": "10" }, "geometry": { "type": "LineString", "coordinates": [ [ -119.283269239612977, 35.49009951602936 ], [ -119.283074615228159, 35.490180279013607 ] ] } },
{ "type": "Feature", "properties": { "id": "a-00817", "start_id": "fd-00453", "end_id": "fd-01846", "specification": "leadin", "source": "fd-00453", "placement": "ug", "length": 19.81, "duct_group": 2, "duct_assignment": "11" }, "geometry": { "type": "LineString", "coordinates": [ [ -119.283269239612977, 35.49009951602936 ], [ -119.28307669349411, 35.490015456096415 ] ] } },
{ "type": "Feature", "properties": { "id": "a-00818", "start_id": "fd-00454", "end_id": "fd-01706", "specification": "leadin", "source": "fd-00454", "placement": "ug", "length": 19.1, "duct_group": 3, "duct_assignment": "1" }, "geometry": { "type": "LineString", "coordinates": [ [ -119.284019572713902, 35.491852704803456 ], [ -119.283916872757047, 35.492002937391987 ] ] } },
{ "type": "Feature", "properties": { "id": "a-00819", "start_id": "fd-00454", "end_id": "fd-01707", "specification": "leadin", "source": "fd-00454", "placement": "ug", "length": 19.59, "duct_group": 3, "duct_assignment": "2" }, "geometry": { "type": "LineString", "coordinates": [ [ -119.284019572713902, 35.491852704803456 ], [ -119.284125650150273, 35.492006419046099 ] ] } },
{ "type": "Feature", "properties": { "id": "a-00820", "start_id": "fd-00455", "end_id": "fd-01711", "specification": "leadin", "source": "fd-00455", "placement": "ug", "length": 20.73, "duct_group": 3, "duct_assignment": "3" }, "geometry": { "type": "LineString", "coordinates": [ [ -119.28361639943472, 35.491853850789859 ], [ -119.283504260223111, 35.492016650180346 ] ] } },
{ "type": "Feature", "properties": { "id": "a-00821", "start_id": "fd-00455", "end_id": "fd-01710", "specification": "leadin", "source": "fd-00455", "placement": "ug", "length": 18.67, "duct_group": 3, "duct_assignment": "4" }, "geometry": { "type": "LineString", "coordinates": [ [ -119.28361639943472, 35.491853850789859 ], [ -119.283715383598675, 35.492001345952495 ] ] } },
{ "type": "Feature", "properties": { "id": "a-00822", "start_id": "fd-00456", "end_id": "fd-01697", "specification": "leadin", "source": "fd-00456", "placement": "ug", "length": 27.5, "duct_group": 3, "duct_assignment": "5" }, "geometry": { "type": "LineString", "coordinates": [ [ -119.283317572487164, 35.491802270440957 ], [ -119.283038362475267, 35.491898635949767 ] ] } },
{ "type": "Feature", "properties": { "id": "a-00823", "start_id": "fd-00456", "end_id": "fd-01682", "specification": "leadin", "source": "fd-00456", "placement": "ug", "length": 24.56, "duct_group": 3, "duct_assignment": "6" }, "geometry": { "type": "LineString", "coordinates": [ [ -119.283317572487164, 35.491802270440957 ], [ -119.283233466115604, 35.492012652534882 ] ] } },
{ "type": "Feature", "properties": { "id": "a-00824", "start_id": "fd-00457", "end_id": "fd-01904", "specification": "leadin", "source": "fd-00457", "placement": "ug", "length": 20.11, "duct_group": 3, "duct_assignment": "7" }, "geometry": { "type": "LineString", "coordinates": [ [ -119.283452859644868, 35.491504475375478 ], [ -119.283650446677314, 35.491422356842605 ] ] } },
{ "type": "Feature", "properties": { "id": "a-00825", "start_id": "fd-00457", "end_id": "fd-01903", "specification": "leadin", "source": "fd-00457", "placement": "ug", "length": 20.52, "duct_group": 3, "duct_assignment": "8" }, "geometry": { "type": "LineString", "coordinates": [ [ -119.283452859644868, 35.491504475375478 ], [ -119.283650363288743, 35.491594547071237 ] ] } },
{ "type": "Feature", "properties": { "id": "a-00826", "start_id": "fd-00458", "end_id": "fd-01913", "specification": "leadin", "source": "fd-00458", "placement": "ug", "length": 20.11, "duct_group": 3, "duct_assignment": "9" }, "geometry": { "type": "LineString", "coordinates": [ [ -119.283457136281001, 35.491169334135847 ], [ -119.283652580444453, 35.491254787446906 ] ] } },
{ "type": "Feature", "properties": { "id": "a-00827", "start_id": "fd-00458", "end_id": "fd-01827", "specification": "leadin", "source": "fd-00458", "placement": "ug", "length": 20.11, "duct_group": 3, "duct_assignment": "10" }, "geometry": { "type": "LineString", "coordinates": [ [ -119.283457136281001, 35.491169334135847 ], [ -119.28365471512933, 35.49108721861819 ] ] } },
{ "type": "Feature", "properties": { "id": "a-00828", "start_id": "fd-00459", "end_id": "fd-01700", "specification": "leadin", "source": "fd-00459", "placement": "ug", "length": 19.98, "duct_group": 4, "duct_assignment": "1" }, "geometry": { "type": "LineString", "coordinates": [ [ -119.284649978302227, 35.49247990234943 ], [ -119.284752726294599, 35.492320667704391 ] ] } },
{ "type": "Feature", "properties": { "id": "a-00829", "start_id": "fd-00459", "end_id": "fd-01701", "specification": "leadin", "source": "fd-00459", "placement": "ug", "length": 20.41, "duct_group": 4, "duct_assignment": "2" }, "geometry": { "type": "LineString", "coordinates": [ [ -119.284649978302227, 35.49247990234943 ], [ -119.284543875068991, 35.492317732848491 ] ] } },
{ "type": "Feature", "properties": { "id": "a-00830", "start_id": "fd-00460", "end_id": "fd-01723", "specification": "leadin", "source": "fd-00460", "placement": "ug", "length": 19.82, "duct_group": 4, "duct_assignment": "3" }, "geometry": { "type": "LineString", "coordinates": [ [ -119.285053146738548, 35.492481067795666 ], [ -119.284954299918326, 35.492321812756764 ] ] } },
{ "type": "Feature", "properties": { "id": "a-00831", "start_id": "fd-00460", "end_id": "fd-01716", "specification": "leadin", "source": "fd-00460", "placement": "ug", "length": 19.87, "duct_group": 4, "duct_assignment": "4" }, "geometry": { "type": "LineString", "coordinates": [ [ -119.285053146738548, 35.492481067795666 ], [ -119.28515587386805, 35.492322957109259 ] ] } },
{ "type": "Feature", "properties": { "id": "a-00832", "start_id": "fd-00461", "end_id": "fd-01714", "specification": "leadin", "source": "fd-00461", "placement": "ug", "length": 19.76, "duct_group": 4, "duct_assignment": "5" }, "geometry": { "type": "LineString", "coordinates": [ [ -119.285456315186252, 35.492482231919425 ], [ -119.285559021496894, 35.492325245258549 ] ] } },
{ "type": "Feature", "properties": { "id": "a-00833", "start_id": "fd-00461", "end_id": "fd-01715", "specification": "leadin", "source": "fd-00461", "placement": "ug", "length": 19.71, "duct_group": 4, "duct_assignment": "6" }, "geometry": { "type": "LineString", "coordinates": [ [ -119.285456315186252, 35.492482231919425 ], [ -119.285357447912702, 35.492324101426959 ] ] } },
{ "type": "Feature", "properties": { "id": "a-00834", "start_id": "fd-00462", "end_id": "fd-01712", "specification": "leadin", "source": "fd-00462", "placement": "ug", "length": 19.88, "duct_group": 4, "duct_assignment": "7" }, "geometry": { "type": "LineString", "coordinates": [ [ -119.285859483631299, 35.492483393819391 ], [ -119.285967624385194, 35.492327562880206 ] ] } },
{ "type": "Feature", "properties": { "id": "a-00835", "start_id": "fd-00462", "end_id": "fd-01713", "specification": "leadin", "source": "fd-00462", "placement": "ug", "length": 19.6, "duct_group": 4, "duct_assignment": "8" }, "geometry": { "type": "LineString", "coordinates": [ [ -119.285859483631299, 35.492483393819391 ], [ -119.28576059545891, 35.492326388620818 ] ] } },
{ "type": "Feature", "properties": { "id": "a-00836", "start_id": "fd-00463", "end_id": "fd-01807", "specification": "leadin", "source": "fd-00463", "placement": "ug", "length": 20.53, "duct_group": 5, "duct_assignment": "1" }, "geometry": { "type": "LineString", "coordinates": [ [ -119.284263627643298, 35.48982727356033 ], [ -119.284066601258402, 35.489736307609569 ] ] } },
{ "type": "Feature", "properties": { "id": "a-00837", "start_id": "fd-00463", "end_id": "fd-01803", "specification": "leadin", "source": "fd-00463", "placement": "ug", "length": 20.53, "duct_group": 5, "duct_assignment": "2" }, "geometry": { "type": "LineString", "coordinates": [ [ -119.284263627643298, 35.48982727356033 ], [ -119.284064334208182, 35.489914862775954 ] ] } },
{ "type": "Feature", "properties": { "id": "a-00838", "start_id": "fd-00464", "end_id": "fd-01802", "specification": "leadin", "source": "fd-00464", "placement": "ug", "length": 18.6, "duct_group": 5, "duct_assignment": "3" }, "geometry": { "type": "LineString", "coordinates": [ [ -119.284469662318912, 35.489471868806511 ], [ -119.284638802124704, 35.489377154867718 ] ] } },
{ "type": "Feature", "properties": { "id": "a-00839", "start_id": "fd-00464", "end_id": "fd-01801", "specification": "leadin", "source": "fd-00464", "placement": "ug", "length": 18.68, "duct_group": 5, "duct_assignment": "4" }, "geometry": { "type": "LineString", "coordinates": [ [ -119.284469662318912, 35.489471868806511 ], [ -119.284638314994453, 35.489568400401588 ] ] } },
{ "type": "Feature", "properties": { "id": "a-00840", "start_id": "fd-00465", "end_id": "fd-01806", "specification": "leadin", "source": "fd-00465", "placement": "ug", "length": 17.5, "duct_group": 5, "duct_assignment": "5" }, "geometry": { "type": "LineString", "coordinates": [ [ -119.284244898791641, 35.48949341368148 ], [ -119.28406886813562, 35.489557752653582 ] ] } },
{ "type": "Feature", "properties": { "id": "a-00841", "start_id": "fd-00465", "end_id": "fd-01805", "specification": "leadin", "source": "fd-00465", "placement": "ug", "length": 20.71, "duct_group": 5, "duct_assignment": "6" }, "geometry": { "type": "LineString", "coordinates": [ [ -119.284244898791641, 35.48949341368148 ], [ -119.284071222431024, 35.489372330231468 ] ] } },
{ "type": "Feature", "properties": { "id": "a-00842", "start_id": "fd-00466", "end_id": "fd-01804", "specification": "leadin", "source": "fd-00466", "placement": "ug", "length": 21.17, "duct_group": 5, "duct_assignment": "7" }, "geometry": { "type": "LineString", "coordinates": [ [ -119.284270594291527, 35.489277874846827 ], [ -119.284072155637261, 35.489177637756626 ] ] } },
{ "type": "Feature", "properties": { "id": "a-00843", "start_id": "fd-00467", "end_id": "fd-01848", "specification": "leadin", "source": "fd-00467", "placement": "ug", "length": 19.81, "duct_group": 5, "duct_assignment": "8" }, "geometry": { "type": "LineString", "coordinates": [ [ -119.283273451750802, 35.489769871903441 ], [ -119.283080848828931, 35.489685810810357 ] ] } },
{ "type": "Feature", "properties": { "id": "a-00844", "start_id": "fd-00467", "end_id": "fd-01847", "specification": "leadin", "source": "fd-00467", "placement": "ug", "length": 19.81, "duct_group": 5, "duct_assignment": "9" }, "geometry": { "type": "LineString", "coordinates": [ [ -119.283273451750802, 35.489769871903441 ], [ -119.283078771033487, 35.489850633464222 ] ] } },
{ "type": "Feature", "properties": { "id": "a-00845", "start_id": "fd-00468", "end_id": "fd-01850", "specification": "leadin", "source": "fd-00468", "placement": "ug", "length": 19.82, "duct_group": 5, "duct_assignment": "10" }, "geometry": { "type": "LineString", "coordinates": [ [ -119.283277663868958, 35.489440228636155 ], [ -119.283085004590575, 35.489356165636373 ] ] } },
{ "type": "Feature", "properties": { "id": "a-00846", "start_id": "fd-00468", "end_id": "fd-01849", "specification": "leadin", "source": "fd-00468", "placement": "ug", "length": 19.82, "duct_group": 5, "duct_assignment": "11" }, "geometry": { "type": "LineString", "coordinates": [ [ -119.283277663868958, 35.489440228636155 ], [ -119.28308292646129, 35.489520988078588 ] ] } },
{ "type": "Feature", "properties": { "id": "a-00847", "start_id": "fd-00469", "end_id": "fd-01851", "specification": "leadin", "source": "fd-00469", "placement": "ug", "length": 20.95, "duct_group": 5, "duct_assignment": "12" }, "geometry": { "type": "LineString", "coordinates": [ [ -119.283279769371447, 35.489275407442896 ], [ -119.283083168329441, 35.489176541815233 ] ] } },
{ "type": "Feature", "properties": { "id": "a-00848", "start_id": "fd-00470", "end_id": "fd-01705", "specification": "leadin", "source": "fd-00470", "placement": "ug", "length": 19.59, "duct_group": 6, "duct_assignment": "1" }, "geometry": { "type": "LineString", "coordinates": [ [ -119.284657838177154, 35.491858116815457 ], [ -119.284547888178366, 35.492009998302876 ] ] } },
{ "type": "Feature", "properties": { "id": "a-00849", "start_id": "fd-00471", "end_id": "fd-01722", "specification": "leadin", "source": "fd-00471", "placement": "ug", "length": 19.1, "duct_group": 6, "duct_assignment": "2" }, "geometry": { "type": "LineString", "coordinates": [ [ -119.284859396581538, 35.491859825316439 ], [ -119.284958269613654, 35.492011764337747 ] ] } },
{ "type": "Feature", "properties": { "id": "a-00850", "start_id": "fd-00471", "end_id": "fd-01704", "specification": "leadin", "source": "fd-00471", "placement": "ug", "length": 19.1, "duct_group": 6, "duct_assignment": "3" }, "geometry": { "type": "LineString", "coordinates": [ [ -119.284859396581538, 35.491859825316439 ], [ -119.284756708916163, 35.492010056332148 ] ] } },
{ "type": "Feature", "properties": { "id": "a-00851", "start_id": "fd-00472", "end_id": "fd-01721", "specification": "leadin", "source": "fd-00472", "placement": "ug", "length": 19.1, "duct_group": 6, "duct_assignment": "4" }, "geometry": { "type": "LineString", "coordinates": [ [ -119.285262512313452, 35.491863241338294 ], [ -119.285159830597934, 35.492013471872284 ] ] } },
{ "type": "Feature", "properties": { "id": "a-00852", "start_id": "fd-00473", "end_id": "fd-01720", "specification": "leadin", "source": "fd-00473", "placement": "ug", "length": 19.1, "duct_group": 6, "duct_assignment": "5" }, "geometry": { "type": "LineString", "coordinates": [ [ -119.28546406964098, 35.491864948859146 ], [ -119.285361391537009, 35.492015178847332 ] ] } },
{ "type": "Feature", "properties": { "id": "a-00853", "start_id": "fd-00473", "end_id": "fd-01719", "specification": "leadin", "source": "fd-00473", "placement": "ug", "length": 19.1, "duct_group": 6, "duct_assignment": "6" }, "geometry": { "type": "LineString", "coordinates": [ [ -119.28546406964098, 35.491864948859146 ], [ -119.285562952033487, 35.492016885504796 ] ] } },
{ "type": "Feature", "properties": { "id": "a-00854", "start_id": "fd-00474", "end_id": "fd-01908", "specification": "leadin", "source": "fd-00474", "placement": "ug", "length": 18.43, "duct_group": 6, "duct_assignment": "7" }, "geometry": { "type": "LineString", "coordinates": [ [ -119.285317204682016, 35.491520267076588 ], [ -119.285494596365453, 35.491439353511112 ] ] } },
{ "type": "Feature", "properties": { "id": "a-00855", "start_id": "fd-00474", "end_id": "fd-01907", "specification": "leadin", "source": "fd-00474", "placement": "ug", "length": 18.93, "duct_group": 6, "duct_assignment": "8" }, "geometry": { "type": "LineString", "coordinates": [ [ -119.285317204682016, 35.491520267076588 ], [ -119.285494543877448, 35.491610074372296 ] ] } },
{ "type": "Feature", "properties": { "id": "a-00856", "start_id": "fd-00475", "end_id": "fd-01717", "specification": "leadin", "source": "fd-00475", "placement": "ug", "length": 15.6, "duct_group": 6, "duct_assignment": "9" }, "geometry": { "type": "LineString", "coordinates": [ [ -119.285866520971268, 35.491921426812596 ], [ -119.285979509412968, 35.49202739771205 ] ] } },
{ "type": "Feature", "properties": { "id": "a-00857", "start_id": "fd-00475", "end_id": "fd-01718", "specification": "leadin", "source": "fd-00475", "placement": "ug", "length": 15.18, "duct_group": 6, "duct_assignment": "10" }, "geometry": { "type": "LineString", "coordinates": [ [ -119.285866520971268, 35.491921426812596 ], [ -119.285760572071581, 35.492027230779492 ] ] } },
{ "type": "Feature", "properties": { "id": "a-00858", "start_id": "fd-00476", "end_id": "fd-01905", "specification": "leadin", "source": "fd-00476", "placement": "ug", "length": 17.36, "duct_group": 6, "duct_assignment": "11" }, "geometry": { "type": "LineString", "coordinates": [ [ -119.285869898508111, 35.491650482044165 ], [ -119.285984752568353, 35.491525416495712 ] ] } },
{ "type": "Feature", "properties": { "id": "a-00859", "start_id": "fd-00476", "end_id": "fd-01906", "specification": "leadin", "source": "fd-00476", "placement": "ug", "length": 17.0, "duct_group": 6, "duct_assignment": "12" }, "geometry": { "type": "LineString", "coordinates": [ [ -119.285869898508111, 35.491650482044165 ], [ -119.285767372475746, 35.491522210146783 ] ] } },
{ "type": "Feature", "properties": { "id": "a-00860", "start_id": "fd-00477", "end_id": "fd-01702", "specification": "leadin", "source": "fd-00477", "placement": "ug", "length": 20.63, "duct_group": 7, "duct_assignment": "1" }, "geometry": { "type": "LineString", "coordinates": [ [ -119.284011628130742, 35.492478055182971 ], [ -119.284121745334005, 35.492315385644076 ] ] } },
{ "type": "Feature", "properties": { "id": "a-00861", "start_id": "fd-00477", "end_id": "fd-01703", "specification": "leadin", "source": "fd-00477", "placement": "ug", "length": 20.1, "duct_group": 7, "duct_assignment": "2" }, "geometry": { "type": "LineString", "coordinates": [ [ -119.284011628130742, 35.492478055182971 ], [ -119.283912835503713, 35.492315893874874 ] ] } },
{ "type": "Feature", "properties": { "id": "a-00862", "start_id": "fd-00478", "end_id": "fd-01708", "specification": "leadin", "source": "fd-00478", "placement": "ug", "length": 20.27, "duct_group": 7, "duct_assignment": "3" }, "geometry": { "type": "LineString", "coordinates": [ [ -119.283608458622041, 35.492476886331836 ], [ -119.283711261578972, 35.492314747486624 ] ] } },
{ "type": "Feature", "properties": { "id": "a-00863", "start_id": "fd-00478", "end_id": "fd-01709", "specification": "leadin", "source": "fd-00478", "placement": "ug", "length": 20.21, "duct_group": 7, "duct_assignment": "4" }, "geometry": { "type": "LineString", "coordinates": [ [ -119.283608458622041, 35.492476886331836 ], [ -119.283509687614597, 35.492313600243186 ] ] } },
{ "type": "Feature", "properties": { "id": "a-00864", "start_id": "fd-00479", "end_id": "fd-01911", "specification": "leadin", "source": "fd-00479", "placement": "ug", "length": 18.51, "duct_group": 8, "duct_assignment": "1" }, "geometry": { "type": "LineString", "coordinates": [ [ -119.28532138146663, 35.491187895775504 ], [ -119.285496684217932, 35.491273166337528 ] ] } },
{ "type": "Feature", "properties": { "id": "a-00865", "start_id": "fd-00479", "end_id": "fd-01813", "specification": "leadin", "source": "fd-00479", "placement": "ug", "length": 18.51, "duct_group": 8, "duct_assignment": "2" }, "geometry": { "type": "LineString", "coordinates": [ [ -119.28532138146663, 35.491187895775504 ], [ -119.285498786768059, 35.491105607809864 ] ] } },
{ "type": "Feature", "properties": { "id": "a-00866", "start_id": "fd-00480", "end_id": "fd-01814", "specification": "leadin", "source": "fd-00480", "placement": "ug", "length": 18.51, "duct_group": 8, "duct_assignment": "3" }, "geometry": { "type": "LineString", "coordinates": [ [ -119.285323487461952, 35.491020334419865 ], [ -119.285500891143258, 35.490938046680327 ] ] } },
{ "type": "Feature", "properties": { "id": "a-00867", "start_id": "fd-00481", "end_id": "fd-01815", "specification": "leadin", "source": "fd-00481", "placement": "ug", "length": 18.51, "duct_group": 8, "duct_assignment": "4" }, "geometry": { "type": "LineString", "coordinates": [ [ -119.285327701616779, 35.49068521075133 ], [ -119.285502995942693, 35.490770485808127 ] ] } },
{ "type": "Feature", "properties": { "id": "a-00868", "start_id": "fd-00481", "end_id": "fd-01816", "specification": "leadin", "source": "fd-00481", "placement": "ug", "length": 18.51, "duct_group": 8, "duct_assignment": "5" }, "geometry": { "type": "LineString", "coordinates": [ [ -119.285327701616779, 35.49068521075133 ], [ -119.285505100623837, 35.490602925111844 ] ] } },
{ "type": "Feature", "properties": { "id": "a-00869", "start_id": "fd-00482", "end_id": "fd-01818", "specification": "leadin", "source": "fd-00482", "placement": "ug", "length": 18.51, "duct_group": 8, "duct_assignment": "6" }, "geometry": { "type": "LineString", "coordinates": [ [ -119.2853319157513, 35.49035008793993 ], [ -119.285509309872197, 35.490267803220462 ] ] } },
{ "type": "Feature", "properties": { "id": "a-00870", "start_id": "fd-00482", "end_id": "fd-01817", "specification": "leadin", "source": "fd-00482", "placement": "ug", "length": 18.51, "duct_group": 8, "duct_assignment": "7" }, "geometry": { "type": "LineString", "coordinates": [ [ -119.2853319157513, 35.49035008793993 ], [ -119.285507205414532, 35.490435364130406 ] ] } },
{ "type": "Feature", "properties": { "id": "a-00871", "start_id": "fd-00483", "end_id": "fd-01819", "specification": "leadin", "source": "fd-00483", "placement": "ug", "length": 18.36, "duct_group": 8, "duct_assignment": "8" }, "geometry": { "type": "LineString", "coordinates": [ [ -119.285336132041252, 35.490014964160167 ], [ -119.285511449748569, 35.490097495473414 ] ] } },
{ "type": "Feature", "properties": { "id": "a-00872", "start_id": "fd-00484", "end_id": "fd-01809", "specification": "leadin", "source": "fd-00484", "placement": "ug", "length": 16.91, "duct_group": 8, "duct_assignment": "9" }, "geometry": { "type": "LineString", "coordinates": [ [ -119.285359526346227, 35.489862046529417 ], [ -119.285526499446377, 35.489929655366709 ] ] } },
{ "type": "Feature", "properties": { "id": "a-00873", "start_id": "fd-00484", "end_id": "fd-01808", "specification": "leadin", "source": "fd-00484", "placement": "ug", "length": 21.76, "duct_group": 8, "duct_assignment": "10" }, "geometry": { "type": "LineString", "coordinates": [ [ -119.285359526346227, 35.489862046529417 ], [ -119.285538865484426, 35.489731925031151 ] ] } },
{ "type": "Feature", "properties": { "id": "a-00874", "start_id": "fd-00484", "end_id": "fd-02433", "specification": "leadin", "source": "fd-00484", "placement": "ug", "length": 55.44, "duct_group": 8, "duct_assignment": "11" }, "geometry": { "type": "LineString", "coordinates": [ [ -119.285359526346227, 35.489862046529417 ], [ -119.285242592997903, 35.489371700786876 ] ] } },
{ "type": "Feature", "properties": { "id": "a-00875", "start_id": "fd-00485", "end_id": "fd-01897", "specification": "leadin", "source": "fd-00485", "placement": "ug", "length": 17.85, "duct_group": 9, "duct_assignment": "1" }, "geometry": { "type": "LineString", "coordinates": [ [ -119.284443832776233, 35.491512872989084 ], [ -119.284612846616056, 35.491430512021623 ] ] } },
{ "type": "Feature", "properties": { "id": "a-00876", "start_id": "fd-00485", "end_id": "fd-01898", "specification": "leadin", "source": "fd-00485", "placement": "ug", "length": 18.28, "duct_group": 9, "duct_assignment": "2" }, "geometry": { "type": "LineString", "coordinates": [ [ -119.284443832776233, 35.491512872989084 ], [ -119.284612748698677, 35.491602555898844 ] ] } },
{ "type": "Feature", "properties": { "id": "a-00877", "start_id": "fd-00486", "end_id": "fd-01901", "specification": "leadin", "source": "fd-00486", "placement": "ug", "length": 17.85, "duct_group": 9, "duct_assignment": "3" }, "geometry": { "type": "LineString", "coordinates": [ [ -119.284448071366853, 35.491177741986739 ], [ -119.284614964224147, 35.491262946990176 ] ] } },
{ "type": "Feature", "properties": { "id": "a-00878", "start_id": "fd-00486", "end_id": "fd-01790", "specification": "leadin", "source": "fd-00486", "placement": "ug", "length": 17.85, "duct_group": 9, "duct_assignment": "4" }, "geometry": { "type": "LineString", "coordinates": [ [ -119.284448071366853, 35.491177741986739 ], [ -119.28461708111719, 35.491095383566474 ] ] } },
{ "type": "Feature", "properties": { "id": "a-00879", "start_id": "fd-00487", "end_id": "fd-01792", "specification": "leadin", "source": "fd-00487", "placement": "ug", "length": 17.85, "duct_group": 9, "duct_assignment": "5" }, "geometry": { "type": "LineString", "coordinates": [ [ -119.284452312155011, 35.490842612719632 ], [ -119.284621315988957, 35.49076025474232 ] ] } },
{ "type": "Feature", "properties": { "id": "a-00880", "start_id": "fd-00487", "end_id": "fd-01791", "specification": "leadin", "source": "fd-00487", "placement": "ug", "length": 17.85, "duct_group": 9, "duct_assignment": "6" }, "geometry": { "type": "LineString", "coordinates": [ [ -119.284452312155011, 35.490842612719632 ], [ -119.284619198413026, 35.49092781950111 ] ] } },
{ "type": "Feature", "properties": { "id": "a-00881", "start_id": "fd-00488", "end_id": "fd-01793", "specification": "leadin", "source": "fd-00488", "placement": "ug", "length": 17.85, "duct_group": 9, "duct_assignment": "7" }, "geometry": { "type": "LineString", "coordinates": [ [ -119.284456552880471, 35.490507481605917 ], [ -119.284623433510461, 35.490592690193829 ] ] } },
{ "type": "Feature", "properties": { "id": "a-00882", "start_id": "fd-00488", "end_id": "fd-01794", "specification": "leadin", "source": "fd-00488", "placement": "ug", "length": 17.85, "duct_group": 9, "duct_assignment": "8" }, "geometry": { "type": "LineString", "coordinates": [ [ -119.284456552880471, 35.490507481605917 ], [ -119.284625551912953, 35.490425125503457 ] ] } },
{ "type": "Feature", "properties": { "id": "a-00883", "start_id": "fd-00489", "end_id": "fd-01788", "specification": "leadin", "source": "fd-00489", "placement": "ug", "length": 17.85, "duct_group": 9, "duct_assignment": "9" }, "geometry": { "type": "LineString", "coordinates": [ [ -119.28446079468732, 35.490172351337826 ], [ -119.28462767027726, 35.490257560840256 ] ] } },
{ "type": "Feature", "properties": { "id": "a-00884", "start_id": "fd-00489", "end_id": "fd-01811", "specification": "leadin", "source": "fd-00489", "placement": "ug", "length": 17.77, "duct_group": 9, "duct_assignment": "10" }, "geometry": { "type": "LineString", "coordinates": [ [ -119.28446079468732, 35.490172351337826 ], [ -119.28462977089589, 35.490091374776547 ] ] } },
{ "type": "Feature", "properties": { "id": "a-00885", "start_id": "fd-00489", "end_id": "fd-01800", "specification": "leadin", "source": "fd-00489", "placement": "ug", "length": 32.04, "duct_group": 9, "duct_assignment": "11" }, "geometry": { "type": "LineString", "coordinates": [ [ -119.28446079468732, 35.490172351337826 ], [ -119.284634011273042, 35.489920753654239 ] ] } },
{ "type": "Feature", "properties": { "id": "a-00886", "start_id": "fd-00490", "end_id": "fd-01910", "specification": "leadin", "source": "fd-00490", "placement": "ug", "length": 17.85, "duct_group": 10, "duct_assignment": "1" }, "geometry": { "type": "LineString", "coordinates": [ [ -119.285115653740661, 35.491518561059472 ], [ -119.284948754984512, 35.491433356798204 ] ] } },
{ "type": "Feature", "properties": { "id": "a-00887", "start_id": "fd-00490", "end_id": "fd-01909", "specification": "leadin", "source": "fd-00490", "placement": "ug", "length": 18.28, "duct_group": 10, "duct_assignment": "2" }, "geometry": { "type": "LineString", "coordinates": [ [ -119.285115653740661, 35.491518561059472 ], [ -119.284944503107099, 35.491605363398939 ] ] } },
{ "type": "Feature", "properties": { "id": "a-00888", "start_id": "fd-00491", "end_id": "fd-01912", "specification": "leadin", "source": "fd-00491", "placement": "ug", "length": 17.85, "duct_group": 10, "duct_assignment": "3" }, "geometry": { "type": "LineString", "coordinates": [ [ -119.285119874207609, 35.491183432899696 ], [ -119.284950867911206, 35.491265792475069 ] ] } },
{ "type": "Feature", "properties": { "id": "a-00889", "start_id": "fd-00492", "end_id": "fd-01821", "specification": "leadin", "source": "fd-00492", "placement": "ug", "length": 17.85, "duct_group": 10, "duct_assignment": "4" }, "geometry": { "type": "LineString", "coordinates": [ [ -119.285121982803417, 35.491015870622959 ], [ -119.284955091401613, 35.490930666241496 ] ] } },
{ "type": "Feature", "properties": { "id": "a-00890", "start_id": "fd-00492", "end_id": "fd-01820", "specification": "leadin", "source": "fd-00492", "placement": "ug", "length": 17.85, "duct_group": 10, "duct_assignment": "5" }, "geometry": { "type": "LineString", "coordinates": [ [ -119.285121982803417, 35.491015870622959 ], [ -119.284952979718881, 35.491098229542487 ] ] } },
{ "type": "Feature", "properties": { "id": "a-00891", "start_id": "fd-00493", "end_id": "fd-01823", "specification": "leadin", "source": "fd-00493", "placement": "ug", "length": 17.85, "duct_group": 10, "duct_assignment": "6" }, "geometry": { "type": "LineString", "coordinates": [ [ -119.285126202159063, 35.490680745112172 ], [ -119.284959316377922, 35.490595539772208 ] ] } },
{ "type": "Feature", "properties": { "id": "a-00892", "start_id": "fd-00493", "end_id": "fd-01822", "specification": "leadin", "source": "fd-00493", "placement": "ug", "length": 17.85, "duct_group": 10, "duct_assignment": "7" }, "geometry": { "type": "LineString", "coordinates": [ [ -119.285126202159063, 35.490680745112172 ], [ -119.284957203456457, 35.490763102879157 ] ] } },
{ "type": "Feature", "properties": { "id": "a-00893", "start_id": "fd-00494", "end_id": "fd-01825", "specification": "leadin", "source": "fd-00494", "placement": "ug", "length": 17.85, "duct_group": 10, "duct_assignment": "8" }, "geometry": { "type": "LineString", "coordinates": [ [ -119.285130422596325, 35.490345620447009 ], [ -119.284963541995239, 35.490260413518904 ] ] } },
{ "type": "Feature", "properties": { "id": "a-00894", "start_id": "fd-00494", "end_id": "fd-01824", "specification": "leadin", "source": "fd-00494", "placement": "ug", "length": 17.85, "duct_group": 10, "duct_assignment": "9" }, "geometry": { "type": "LineString", "coordinates": [ [ -119.285130422596325, 35.490345620447009 ], [ -119.28496142897356, 35.490427976832635 ] ] } },
{ "type": "Feature", "properties": { "id": "a-00895", "start_id": "fd-00495", "end_id": "fd-01810", "specification": "leadin", "source": "fd-00495", "placement": "ug", "length": 18.33, "duct_group": 10, "duct_assignment": "10" }, "geometry": { "type": "LineString", "coordinates": [ [ -119.28513460894834, 35.490013252512156 ], [ -119.284964596337517, 35.489924094727186 ] ] } },
{ "type": "Feature", "properties": { "id": "a-00896", "start_id": "fd-00495", "end_id": "fd-01826", "specification": "leadin", "source": "fd-00495", "placement": "ug", "length": 17.77, "duct_group": 10, "duct_assignment": "11" }, "geometry": { "type": "LineString", "coordinates": [ [ -119.28513460894834, 35.490013252512156 ], [ -119.284965637851812, 35.490094228852257 ] ] } },
{ "type": "Feature", "properties": { "id": "a-00897", "start_id": "fd-00496", "end_id": "fd-01676", "specification": "leadin", "source": "fd-00496", "placement": "ug", "length": 15.46, "duct_group": 0, "duct_assignment": "1" }, "geometry": { "type": "LineString", "coordinates": [ [ -119.284777193016097, 35.49341446880738 ], [ -119.28465527933264, 35.493317125295746 ] ] } },
{ "type": "Feature", "properties": { "id": "a-00898", "start_id": "fd-00496", "end_id": "fd-01675", "specification": "leadin", "source": "fd-00496", "placement": "ug", "length": 13.09, "duct_group": 0, "duct_assignment": "2" }, "geometry": { "type": "LineString", "coordinates": [ [ -119.284777193016097, 35.49341446880738 ], [ -119.284855778844914, 35.493315547381478 ] ] } },
{ "type": "Feature", "properties": { "id": "a-00899", "start_id": "fd-00497", "end_id": "fd-01678", "specification": "leadin", "source": "fd-00497", "placement": "ug", "length": 20.48, "duct_group": 0, "duct_assignment": "3" }, "geometry": { "type": "LineString", "coordinates": [ [ -119.28435205081658, 35.493481267389832 ], [ -119.284252038821009, 35.493315860926792 ] ] } },
{ "type": "Feature", "properties": { "id": "a-00900", "start_id": "fd-00497", "end_id": "fd-01677", "specification": "leadin", "source": "fd-00497", "placement": "ug", "length": 20.48, "duct_group": 0, "duct_assignment": "4" }, "geometry": { "type": "LineString", "coordinates": [ [ -119.28435205081658, 35.493481267389832 ], [ -119.284453659146763, 35.493316493308704 ] ] } },
{ "type": "Feature", "properties": { "id": "a-00901", "start_id": "fd-00498", "end_id": "fd-01674", "specification": "leadin", "source": "fd-00498", "placement": "ug", "length": 20.48, "duct_group": 0, "duct_assignment": "5" }, "geometry": { "type": "LineString", "coordinates": [ [ -119.283948815340807, 35.493480002043249 ], [ -119.283848799370375, 35.493314594244069 ] ] } },
{ "type": "Feature", "properties": { "id": "a-00902", "start_id": "fd-00498", "end_id": "fd-01679", "specification": "leadin", "source": "fd-00498", "placement": "ug", "length": 20.48, "duct_group": 0, "duct_assignment": "6" }, "geometry": { "type": "LineString", "coordinates": [ [ -119.283948815340807, 35.493480002043249 ], [ -119.2840504190453, 35.493315227457053 ] ] } },
{ "type": "Feature", "properties": { "id": "a-00903", "start_id": "fd-00499", "end_id": "fd-01993", "specification": "leadin", "source": "fd-00499", "placement": "ug", "length": 20.48, "duct_group": 1, "duct_assignment": "1" }, "geometry": { "type": "LineString", "coordinates": [ [ -119.283545581007573, 35.493478737164786 ], [ -119.283445560344234, 35.493313326919925 ] ] } },
{ "type": "Feature", "properties": { "id": "a-00904", "start_id": "fd-00499", "end_id": "fd-01992", "specification": "leadin", "source": "fd-00499", "placement": "ug", "length": 20.48, "duct_group": 1, "duct_assignment": "2" }, "geometry": { "type": "LineString", "coordinates": [ [ -119.283545581007573, 35.493478737164786 ], [ -119.283647179973599, 35.493313960716279 ] ] } },
{ "type": "Feature", "properties": { "id": "a-00905", "start_id": "fd-00500", "end_id": "fd-01962", "specification": "leadin", "source": "fd-00500", "placement": "ug", "length": 20.48, "duct_group": 1, "duct_assignment": "3" }, "geometry": { "type": "LineString", "coordinates": [ [ -119.283142345584793, 35.493477470974817 ], [ -119.283042321378815, 35.493312057448598 ] ] } },
{ "type": "Feature", "properties": { "id": "a-00906", "start_id": "fd-00500", "end_id": "fd-01961", "specification": "leadin", "source": "fd-00500", "placement": "ug", "length": 20.48, "duct_group": 1, "duct_assignment": "4" }, "geometry": { "type": "LineString", "coordinates": [ [ -119.283142345584793, 35.493477470974817 ], [ -119.283243940815609, 35.493312692196611 ] ] } },
{ "type": "Feature", "properties": { "id": "a-00907", "start_id": "fd-00501", "end_id": "fd-01966", "specification": "leadin", "source": "fd-00501", "placement": "ug", "length": 20.48, "duct_group": 1, "duct_assignment": "5" }, "geometry": { "type": "LineString", "coordinates": [ [ -119.282739111262316, 35.493476202549218 ], [ -119.282639081692636, 35.493310787701681 ] ] } },
{ "type": "Feature", "properties": { "id": "a-00908", "start_id": "fd-00501", "end_id": "fd-01967", "specification": "leadin", "source": "fd-00501", "placement": "ug", "length": 20.48, "duct_group": 1, "duct_assignment": "6" }, "geometry": { "type": "LineString", "coordinates": [ [ -119.282739111262316, 35.493476202549218 ], [ -119.282840701811139, 35.493311422587254 ] ] } },
{ "type": "Feature", "properties": { "id": "a-00909", "start_id": "fd-00502", "end_id": "fd-01965", "specification": "leadin", "source": "fd-00502", "placement": "ug", "length": 20.48, "duct_group": 1, "duct_assignment": "7" }, "geometry": { "type": "LineString", "coordinates": [ [ -119.282335874762381, 35.493474933724933 ], [ -119.282437461674817, 35.493310151889098 ] ] } },
{ "type": "Feature", "properties": { "id": "a-00910", "start_id": "fd-00503", "end_id": "fd-01963", "specification": "leadin", "source": "fd-00503", "placement": "ug", "length": 20.58, "duct_group": 1, "duct_assignment": "8" }, "geometry": { "type": "LineString", "coordinates": [ [ -119.28213425760498, 35.49347429790393 ], [ -119.282035405558631, 35.493307348875952 ] ] } },
{ "type": "Feature", "properties": { "id": "a-00911", "start_id": "fd-00503", "end_id": "fd-01964", "specification": "leadin", "source": "fd-00503", "placement": "ug", "length": 20.48, "duct_group": 1, "duct_assignment": "9" }, "geometry": { "type": "LineString", "coordinates": [ [ -119.28213425760498, 35.49347429790393 ], [ -119.282235842158812, 35.493309515812861 ] ] } },
{ "type": "Feature", "properties": { "id": "a-00912", "start_id": "fd-00504", "end_id": "fd-01944", "specification": "leadin", "source": "fd-00504", "placement": "ug", "length": 20.48, "duct_group": 1, "duct_assignment": "10" }, "geometry": { "type": "LineString", "coordinates": [ [ -119.282328162283022, 35.493640010513488 ], [ -119.282428188058205, 35.493805424574411 ] ] } },
{ "type": "Feature", "properties": { "id": "a-00913", "start_id": "fd-00505", "end_id": "fd-01943", "specification": "leadin", "source": "fd-00505", "placement": "ug", "length": 20.48, "duct_group": 1, "duct_assignment": "11" }, "geometry": { "type": "LineString", "coordinates": [ [ -119.28212655136096, 35.493639376413412 ], [ -119.282226579772711, 35.493804791658434 ] ] } },
{ "type": "Feature", "properties": { "id": "a-00914", "start_id": "fd-00505", "end_id": "fd-01942", "specification": "leadin", "source": "fd-00505", "placement": "ug", "length": 20.6, "duct_group": 1, "duct_assignment": "12" }, "geometry": { "type": "LineString", "coordinates": [ [ -119.28212655136096, 35.493639376413412 ], [ -119.282027575081855, 35.493806410994864 ] ] } },
{ "type": "Feature", "properties": { "id": "a-00915", "start_id": "fd-00506", "end_id": "fd-01979", "specification": "leadin", "source": "fd-00506", "placement": "ug", "length": 20.48, "duct_group": 2, "duct_assignment": "1" }, "geometry": { "type": "LineString", "coordinates": [ [ -119.28473772079569, 35.494528042187994 ], [ -119.284636109034679, 35.494692816068977 ] ] } },
{ "type": "Feature", "properties": { "id": "a-00916", "start_id": "fd-00506", "end_id": "fd-01978", "specification": "leadin", "source": "fd-00506", "placement": "ug", "length": 20.61, "duct_group": 2, "duct_assignment": "2" }, "geometry": { "type": "LineString", "coordinates": [ [ -119.28473772079569, 35.494528042187994 ], [ -119.28483735446035, 35.494694968524925 ] ] } },
{ "type": "Feature", "properties": { "id": "a-00917", "start_id": "fd-00507", "end_id": "fd-01981", "specification": "leadin", "source": "fd-00507", "placement": "ug", "length": 20.48, "duct_group": 2, "duct_assignment": "3" }, "geometry": { "type": "LineString", "coordinates": [ [ -119.284334537708816, 35.494526791928109 ], [ -119.284232932665802, 35.494691567728793 ] ] } },
{ "type": "Feature", "properties": { "id": "a-00918", "start_id": "fd-00507", "end_id": "fd-01980", "specification": "leadin", "source": "fd-00507", "placement": "ug", "length": 20.47, "duct_group": 2, "duct_assignment": "4" }, "geometry": { "type": "LineString", "coordinates": [ [ -119.284334537708816, 35.494526791928109 ], [ -119.284434520508213, 35.494692191959565 ] ] } },
{ "type": "Feature", "properties": { "id": "a-00919", "start_id": "fd-00508", "end_id": "fd-01982", "specification": "leadin", "source": "fd-00508", "placement": "ug", "length": 20.47, "duct_group": 2, "duct_assignment": "5" }, "geometry": { "type": "LineString", "coordinates": [ [ -119.283931354634277, 35.494525540345712 ], [ -119.284031344370149, 35.494690942877668 ] ] } },
{ "type": "Feature", "properties": { "id": "a-00920", "start_id": "fd-00508", "end_id": "fd-01976", "specification": "leadin", "source": "fd-00508", "placement": "ug", "length": 20.48, "duct_group": 2, "duct_assignment": "6" }, "geometry": { "type": "LineString", "coordinates": [ [ -119.283931354634277, 35.494525540345712 ], [ -119.283829756025185, 35.494690317768736 ] ] } },
{ "type": "Feature", "properties": { "id": "a-00921", "start_id": "fd-00509", "end_id": "fd-01989", "specification": "leadin", "source": "fd-00509", "placement": "ug", "length": 20.48, "duct_group": 2, "duct_assignment": "7" }, "geometry": { "type": "LineString", "coordinates": [ [ -119.283528172673954, 35.494524287429151 ], [ -119.283426579856155, 35.494689066475104 ] ] } },
{ "type": "Feature", "properties": { "id": "a-00922", "start_id": "fd-00509", "end_id": "fd-01988", "specification": "leadin", "source": "fd-00509", "placement": "ug", "length": 20.47, "duct_group": 2, "duct_assignment": "8" }, "geometry": { "type": "LineString", "coordinates": [ [ -119.283528172673954, 35.494524287429151 ], [ -119.283628167960288, 35.494689692175911 ] ] } },
{ "type": "Feature", "properties": { "id": "a-00923", "start_id": "fd-00510", "end_id": "fd-01949", "specification": "leadin", "source": "fd-00510", "placement": "ug", "length": 20.48, "duct_group": 2, "duct_assignment": "9" }, "geometry": { "type": "LineString", "coordinates": [ [ -119.283124989623985, 35.49452303320161 ], [ -119.283224991849707, 35.494688440148181 ] ] } },
{ "type": "Feature", "properties": { "id": "a-00924", "start_id": "fd-00510", "end_id": "fd-01950", "specification": "leadin", "source": "fd-00510", "placement": "ug", "length": 20.48, "duct_group": 2, "duct_assignment": "10" }, "geometry": { "type": "LineString", "coordinates": [ [ -119.283124989623985, 35.49452303320161 ], [ -119.283023403514107, 35.494687814017546 ] ] } },
{ "type": "Feature", "properties": { "id": "a-00925", "start_id": "fd-00511", "end_id": "fd-01951", "specification": "leadin", "source": "fd-00511", "placement": "ug", "length": 20.48, "duct_group": 2, "duct_assignment": "11" }, "geometry": { "type": "LineString", "coordinates": [ [ -119.282721807674235, 35.494521776738694 ], [ -119.282821815415076, 35.494687186573429 ] ] } },
{ "type": "Feature", "properties": { "id": "a-00926", "start_id": "fd-00511", "end_id": "fd-01922", "specification": "leadin", "source": "fd-00511", "placement": "ug", "length": 20.48, "duct_group": 2, "duct_assignment": "12" }, "geometry": { "type": "LineString", "coordinates": [ [ -119.282721807674235, 35.494521776738694 ], [ -119.282620227688923, 35.494686559702927 ] ] } },
{ "type": "Feature", "properties": { "id": "a-00927", "start_id": "fd-00512", "end_id": "fd-01986", "specification": "leadin", "source": "fd-00512", "placement": "ug", "length": 20.47, "duct_group": 3, "duct_assignment": "1" }, "geometry": { "type": "LineString", "coordinates": [ [ -119.284743992466204, 35.494362971303474 ], [ -119.284643995553154, 35.494197570225104 ] ] } },
{ "type": "Feature", "properties": { "id": "a-00928", "start_id": "fd-00512", "end_id": "fd-01987", "specification": "leadin", "source": "fd-00512", "placement": "ug", "length": 20.65, "duct_group": 3, "duct_assignment": "2" }, "geometry": { "type": "LineString", "coordinates": [ [ -119.284743992466204, 35.494362971303474 ], [ -119.284844527705658, 35.494195988598669 ] ] } },
{ "type": "Feature", "properties": { "id": "a-00929", "start_id": "fd-00513", "end_id": "fd-01984", "specification": "leadin", "source": "fd-00513", "placement": "ug", "length": 20.47, "duct_group": 3, "duct_assignment": "3" }, "geometry": { "type": "LineString", "coordinates": [ [ -119.284340796922578, 35.494361718498588 ], [ -119.284240793314751, 35.494196315439588 ] ] } },
{ "type": "Feature", "properties": { "id": "a-00930", "start_id": "fd-00513", "end_id": "fd-01985", "specification": "leadin", "source": "fd-00513", "placement": "ug", "length": 20.48, "duct_group": 3, "duct_assignment": "4" }, "geometry": { "type": "LineString", "coordinates": [ [ -119.284340796922578, 35.494361718498588 ], [ -119.284442394223404, 35.494196942957679 ] ] } },
{ "type": "Feature", "properties": { "id": "a-00931", "start_id": "fd-00514", "end_id": "fd-01977", "specification": "leadin", "source": "fd-00514", "placement": "ug", "length": 20.48, "duct_group": 3, "duct_assignment": "5" }, "geometry": { "type": "LineString", "coordinates": [ [ -119.283937603609388, 35.494360465249272 ], [ -119.283837592237106, 35.494195059848678 ] ] } },
{ "type": "Feature", "properties": { "id": "a-00932", "start_id": "fd-00514", "end_id": "fd-01983", "specification": "leadin", "source": "fd-00514", "placement": "ug", "length": 20.48, "duct_group": 3, "duct_assignment": "6" }, "geometry": { "type": "LineString", "coordinates": [ [ -119.283937603609388, 35.494360465249272 ], [ -119.28403919313962, 35.494195688028086 ] ] } },
{ "type": "Feature", "properties": { "id": "a-00933", "start_id": "fd-00515", "end_id": "fd-01991", "specification": "leadin", "source": "fd-00515", "placement": "ug", "length": 20.48, "duct_group": 3, "duct_assignment": "7" }, "geometry": { "type": "LineString", "coordinates": [ [ -119.283534409192313, 35.494359209787582 ], [ -119.283635991288349, 35.494194431110621 ] ] } },
{ "type": "Feature", "properties": { "id": "a-00934", "start_id": "fd-00515", "end_id": "fd-01990", "specification": "leadin", "source": "fd-00515", "placement": "ug", "length": 20.48, "duct_group": 3, "duct_assignment": "8" }, "geometry": { "type": "LineString", "coordinates": [ [ -119.283534409192313, 35.494359209787582 ], [ -119.283434390890704, 35.494193802336937 ] ] } },
{ "type": "Feature", "properties": { "id": "a-00935", "start_id": "fd-00516", "end_id": "fd-01958", "specification": "leadin", "source": "fd-00516", "placement": "ug", "length": 20.48, "duct_group": 3, "duct_assignment": "9" }, "geometry": { "type": "LineString", "coordinates": [ [ -119.28313121369969, 35.494357953915923 ], [ -119.283232789902826, 35.494193173460992 ] ] } },
{ "type": "Feature", "properties": { "id": "a-00936", "start_id": "fd-00516", "end_id": "fd-01957", "specification": "leadin", "source": "fd-00516", "placement": "ug", "length": 20.48, "duct_group": 3, "duct_assignment": "10" }, "geometry": { "type": "LineString", "coordinates": [ [ -119.28313121369969, 35.494357953915923 ], [ -119.283031189015588, 35.494192543658059 ] ] } },
{ "type": "Feature", "properties": { "id": "a-00937", "start_id": "fd-00517", "end_id": "fd-01975", "specification": "leadin", "source": "fd-00517", "placement": "ug", "length": 20.48, "duct_group": 4, "duct_assignment": "1" }, "geometry": { "type": "LineString", "coordinates": [ [ -119.284344281606707, 35.493646334123106 ], [ -119.284242663071652, 35.493811107064694 ] ] } },
{ "type": "Feature", "properties": { "id": "a-00938", "start_id": "fd-00517", "end_id": "fd-02434", "specification": "leadin", "source": "fd-00517", "placement": "ug", "length": 33.04, "duct_group": 4, "duct_assignment": "2" }, "geometry": { "type": "LineString", "coordinates": [ [ -119.284344281606707, 35.493646334123106 ], [ -119.28464613748163, 35.493812873944883 ] ] } },
{ "type": "Feature", "properties": { "id": "a-00939", "start_id": "fd-00518", "end_id": "fd-01974", "specification": "leadin", "source": "fd-00518", "placement": "ug", "length": 20.47, "duct_group": 4, "duct_assignment": "3" }, "geometry": { "type": "LineString", "coordinates": [ [ -119.283941057499561, 35.493645072229462 ], [ -119.284041054484234, 35.493810476977522 ] ] } },
{ "type": "Feature", "properties": { "id": "a-00940", "start_id": "fd-00518", "end_id": "fd-01973", "specification": "leadin", "source": "fd-00518", "placement": "ug", "length": 20.48, "duct_group": 4, "duct_assignment": "4" }, "geometry": { "type": "LineString", "coordinates": [ [ -119.283941057499561, 35.493645072229462 ], [ -119.283839445899929, 35.493809846559621 ] ] } },
{ "type": "Feature", "properties": { "id": "a-00941", "start_id": "fd-00519", "end_id": "fd-01971", "specification": "leadin", "source": "fd-00519", "placement": "ug", "length": 20.48, "duct_group": 4, "duct_assignment": "5" }, "geometry": { "type": "LineString", "coordinates": [ [ -119.283537834492762, 35.493643808100181 ], [ -119.283436230161911, 35.493808584344301 ] ] } },
{ "type": "Feature", "properties": { "id": "a-00942", "start_id": "fd-00519", "end_id": "fd-01972", "specification": "leadin", "source": "fd-00519", "placement": "ug", "length": 20.48, "duct_group": 4, "duct_assignment": "6" }, "geometry": { "type": "LineString", "coordinates": [ [ -119.283537834492762, 35.493643808100181 ], [ -119.283637837820379, 35.493809215577294 ] ] } },
{ "type": "Feature", "properties": { "id": "a-00943", "start_id": "fd-00520", "end_id": "fd-01948", "specification": "leadin", "source": "fd-00520", "placement": "ug", "length": 20.48, "duct_group": 4, "duct_assignment": "7" }, "geometry": { "type": "LineString", "coordinates": [ [ -119.283134610410485, 35.493642543560817 ], [ -119.283234621726947, 35.493807953299168 ] ] } },
{ "type": "Feature", "properties": { "id": "a-00944", "start_id": "fd-00520", "end_id": "fd-01947", "specification": "leadin", "source": "fd-00520", "placement": "ug", "length": 20.48, "duct_group": 4, "duct_assignment": "8" }, "geometry": { "type": "LineString", "coordinates": [ [ -119.283134610410485, 35.493642543560817 ], [ -119.283033013338397, 35.493807321569079 ] ] } },
{ "type": "Feature", "properties": { "id": "a-00945", "start_id": "fd-00521", "end_id": "fd-01946", "specification": "leadin", "source": "fd-00521", "placement": "ug", "length": 20.48, "duct_group": 4, "duct_assignment": "9" }, "geometry": { "type": "LineString", "coordinates": [ [ -119.282731386340501, 35.493641277698579 ], [ -119.282831404586176, 35.493806689487073 ] ] } },
{ "type": "Feature", "properties": { "id": "a-00946", "start_id": "fd-00521", "end_id": "fd-01945", "specification": "leadin", "source": "fd-00521", "placement": "ug", "length": 20.48, "duct_group": 4, "duct_assignment": "10" }, "geometry": { "type": "LineString", "coordinates": [ [ -119.282731386340501, 35.493641277698579 ], [ -119.282629796438442, 35.493806057164988 ] ] } },
{ "type": "Feature", "properties": { "id": "a-00947", "start_id": "fd-00522", "end_id": "fd-01927", "specification": "leadin", "source": "fd-00522", "placement": "ug", "length": 20.63, "duct_group": 5, "duct_assignment": "1" }, "geometry": { "type": "LineString", "coordinates": [ [ -119.284734209630969, 35.495243419428263 ], [ -119.28483403498339, 35.495076416011571 ] ] } },
{ "type": "Feature", "properties": { "id": "a-00948", "start_id": "fd-00522", "end_id": "fd-01928", "specification": "leadin", "source": "fd-00522", "placement": "ug", "length": 20.47, "duct_group": 5, "duct_assignment": "2" }, "geometry": { "type": "LineString", "coordinates": [ [ -119.284734209630969, 35.495243419428263 ], [ -119.284634225746956, 35.495078019904156 ] ] } },
{ "type": "Feature", "properties": { "id": "a-00949", "start_id": "fd-00523", "end_id": "fd-01929", "specification": "leadin", "source": "fd-00523", "placement": "ug", "length": 20.48, "duct_group": 5, "duct_assignment": "3" }, "geometry": { "type": "LineString", "coordinates": [ [ -119.284331057324721, 35.495242176911262 ], [ -119.284432645210742, 35.495077397638944 ] ] } },
{ "type": "Feature", "properties": { "id": "a-00950", "start_id": "fd-00523", "end_id": "fd-01930", "specification": "leadin", "source": "fd-00523", "placement": "ug", "length": 20.47, "duct_group": 5, "duct_assignment": "4" }, "geometry": { "type": "LineString", "coordinates": [ [ -119.284331057324721, 35.495242176911262 ], [ -119.284231064766345, 35.495076775349261 ] ] } },
{ "type": "Feature", "properties": { "id": "a-00951", "start_id": "fd-00524", "end_id": "fd-01926", "specification": "leadin", "source": "fd-00524", "placement": "ug", "length": 20.47, "duct_group": 5, "duct_assignment": "5" }, "geometry": { "type": "LineString", "coordinates": [ [ -119.283927902840688, 35.495240933996179 ], [ -119.283827903121022, 35.495075530014091 ] ] } },
{ "type": "Feature", "properties": { "id": "a-00952", "start_id": "fd-00524", "end_id": "fd-01931", "specification": "leadin", "source": "fd-00524", "placement": "ug", "length": 20.48, "duct_group": 5, "duct_assignment": "6" }, "geometry": { "type": "LineString", "coordinates": [ [ -119.283927902840688, 35.495240933996179 ], [ -119.284029484097388, 35.49507615311024 ] ] } },
{ "type": "Feature", "properties": { "id": "a-00953", "start_id": "fd-00525", "end_id": "fd-01932", "specification": "leadin", "source": "fd-00525", "placement": "ug", "length": 20.48, "duct_group": 5, "duct_assignment": "7" }, "geometry": { "type": "LineString", "coordinates": [ [ -119.283524750572894, 35.495239689735712 ], [ -119.283626322692797, 35.495074907183202 ] ] } },
{ "type": "Feature", "properties": { "id": "a-00954", "start_id": "fd-00525", "end_id": "fd-01933", "specification": "leadin", "source": "fd-00525", "placement": "ug", "length": 20.48, "duct_group": 5, "duct_assignment": "8" }, "geometry": { "type": "LineString", "coordinates": [ [ -119.283524750572894, 35.495239689735712 ], [ -119.283424742260664, 35.4950742835711 ] ] } },
{ "type": "Feature", "properties": { "id": "a-00955", "start_id": "fd-00526", "end_id": "fd-01916", "specification": "leadin", "source": "fd-00526", "placement": "ug", "length": 20.48, "duct_group": 5, "duct_assignment": "9" }, "geometry": { "type": "LineString", "coordinates": [ [ -119.283121597201259, 35.495238443263247 ], [ -119.283021580864499, 35.495073035510686 ] ] } },
{ "type": "Feature", "properties": { "id": "a-00956", "start_id": "fd-00526", "end_id": "fd-01915", "specification": "leadin", "source": "fd-00526", "placement": "ug", "length": 20.48, "duct_group": 5, "duct_assignment": "10" }, "geometry": { "type": "LineString", "coordinates": [ [ -119.283121597201259, 35.495238443263247 ], [ -119.283223161560457, 35.495073659180058 ] ] } },
{ "type": "Feature", "properties": { "id": "a-00957", "start_id": "fd-00527", "end_id": "fd-01921", "specification": "leadin", "source": "fd-00527", "placement": "ug", "length": 20.48, "duct_group": 5, "duct_assignment": "11" }, "geometry": { "type": "LineString", "coordinates": [ [ -119.282920019976018, 35.495237819987459 ], [ -119.282820000451451, 35.495072411056562 ] ] } },
{ "type": "Feature", "properties": { "id": "a-00958", "start_id": "fd-00528", "end_id": "fd-01953", "specification": "leadin", "source": "fd-00528", "placement": "ug", "length": 20.48, "duct_group": 6, "duct_assignment": "1" }, "geometry": { "type": "LineString", "coordinates": [ [ -119.282728020423463, 35.494356696698745 ], [ -119.2826279874634, 35.494191284182982 ] ] } },
{ "type": "Feature", "properties": { "id": "a-00959", "start_id": "fd-00528", "end_id": "fd-01952", "specification": "leadin", "source": "fd-00528", "placement": "ug", "length": 20.48, "duct_group": 6, "duct_assignment": "2" }, "geometry": { "type": "LineString", "coordinates": [ [ -119.282728020423463, 35.494356696698745 ], [ -119.282829588307933, 35.494191914268306 ] ] } },
{ "type": "Feature", "properties": { "id": "a-00960", "start_id": "fd-00529", "end_id": "fd-01954", "specification": "leadin", "source": "fd-00529", "placement": "ug", "length": 20.48, "duct_group": 6, "duct_assignment": "3" }, "geometry": { "type": "LineString", "coordinates": [ [ -119.282324826043421, 35.494355437269142 ], [ -119.282426386718441, 35.494190653302311 ] ] } },
{ "type": "Feature", "properties": { "id": "a-00961", "start_id": "fd-00530", "end_id": "fd-01956", "specification": "leadin", "source": "fd-00530", "placement": "ug", "length": 20.58, "duct_group": 6, "duct_assignment": "4" }, "geometry": { "type": "LineString", "coordinates": [ [ -119.282123228865117, 35.494354807508913 ], [ -119.282024324898416, 35.494187866814841 ] ] } },
{ "type": "Feature", "properties": { "id": "a-00962", "start_id": "fd-00530", "end_id": "fd-01955", "specification": "leadin", "source": "fd-00530", "placement": "ug", "length": 20.48, "duct_group": 6, "duct_assignment": "5" }, "geometry": { "type": "LineString", "coordinates": [ [ -119.282123228865117, 35.494354807508913 ], [ -119.28222478638871, 35.494190022772536 ] ] } },
{ "type": "Feature", "properties": { "id": "a-00963", "start_id": "fd-00531", "end_id": "fd-01924", "specification": "leadin", "source": "fd-00531", "placement": "ug", "length": 20.48, "duct_group": 6, "duct_assignment": "6" }, "geometry": { "type": "LineString", "coordinates": [ [ -119.282318624662992, 35.494520520767239 ], [ -119.282217051282672, 35.494685304294215 ] ] } },
{ "type": "Feature", "properties": { "id": "a-00964", "start_id": "fd-00531", "end_id": "fd-01925", "specification": "leadin", "source": "fd-00531", "placement": "ug", "length": 33.0, "duct_group": 6, "duct_assignment": "7" }, "geometry": { "type": "LineString", "coordinates": [ [ -119.282318624662992, 35.494520520767239 ], [ -119.282017260443709, 35.494686907924674 ] ] } },
{ "type": "Feature", "properties": { "id": "a-00965", "start_id": "fd-00531", "end_id": "fd-01923", "specification": "leadin", "source": "fd-00531", "placement": "ug", "length": 20.48, "duct_group": 6, "duct_assignment": "8" }, "geometry": { "type": "LineString", "coordinates": [ [ -119.282318624662992, 35.494520520767239 ], [ -119.282418639375464, 35.494685932429405 ] ] } },
{ "type": "Feature", "properties": { "id": "a-00966", "start_id": "fd-00532", "end_id": "fd-01920", "specification": "leadin", "source": "fd-00532", "placement": "ug", "length": 20.48, "duct_group": 6, "duct_assignment": "9" }, "geometry": { "type": "LineString", "coordinates": [ [ -119.282516866650781, 35.495236573333884 ], [ -119.282618419623518, 35.495071786191964 ] ] } },
{ "type": "Feature", "properties": { "id": "a-00967", "start_id": "fd-00532", "end_id": "fd-01919", "specification": "leadin", "source": "fd-00532", "placement": "ug", "length": 20.48, "duct_group": 6, "duct_assignment": "10" }, "geometry": { "type": "LineString", "coordinates": [ [ -119.282516866650781, 35.495236573333884 ], [ -119.282416839115911, 35.49507116078982 ] ] } },
{ "type": "Feature", "properties": { "id": "a-00968", "start_id": "fd-00533", "end_id": "fd-01918", "specification": "leadin", "source": "fd-00533", "placement": "ug", "length": 20.48, "duct_group": 6, "duct_assignment": "11" }, "geometry": { "type": "LineString", "coordinates": [ [ -119.282113714411778, 35.49523532354393 ], [ -119.282215258936787, 35.495070535263501 ] ] } },
{ "type": "Feature", "properties": { "id": "a-00969", "start_id": "fd-00533", "end_id": "fd-01917", "specification": "leadin", "source": "fd-00533", "placement": "ug", "length": 20.61, "duct_group": 6, "duct_assignment": "12" }, "geometry": { "type": "LineString", "coordinates": [ [ -119.282113714411778, 35.49523532354393 ], [ -119.282014011769434, 35.495068395137054 ] ] } },
{ "type": "Feature", "properties": { "id": "a-00970", "start_id": "fd-00534", "end_id": "fd-00864", "specification": "leadin", "source": "fd-00534", "placement": "ug", "length": 22.36, "duct_group": 0, "duct_assignment": "1" }, "geometry": { "type": "LineString", "coordinates": [ [ -119.285247758453053, 35.505765590681257 ], [ -119.285364769780614, 35.5059429516647 ] ] } },
{ "type": "Feature", "properties": { "id": "a-00971", "start_id": "fd-00534", "end_id": "fd-00863", "specification": "leadin", "source": "fd-00534", "placement": "ug", "length": 22.73, "duct_group": 0, "duct_assignment": "2" }, "geometry": { "type": "LineString", "coordinates": [ [ -119.285247758453053, 35.505765590681257 ], [ -119.285127132046199, 35.505945070502662 ] ] } },
{ "type": "Feature", "properties": { "id": "a-00972", "start_id": "fd-00535", "end_id": "fd-00865", "specification": "leadin", "source": "fd-00535", "placement": "ug", "length": 22.39, "duct_group": 0, "duct_assignment": "3" }, "geometry": { "type": "LineString", "coordinates": [ [ -119.285717348260405, 35.505766603641199 ], [ -119.285599810433467, 35.505943976453658 ] ] } },
{ "type": "Feature", "properties": { "id": "a-00973", "start_id": "fd-00535", "end_id": "fd-00866", "specification": "leadin", "source": "fd-00535", "placement": "ug", "length": 22.41, "duct_group": 0, "duct_assignment": "4" }, "geometry": { "type": "LineString", "coordinates": [ [ -119.285717348260405, 35.505766603641199 ], [ -119.285834421103047, 35.505944410324915 ] ] } },
{ "type": "Feature", "properties": { "id": "a-00974", "start_id": "fd-00536", "end_id": "fd-00868", "specification": "leadin", "source": "fd-00536", "placement": "ug", "length": 22.39, "duct_group": 0, "duct_assignment": "5" }, "geometry": { "type": "LineString", "coordinates": [ [ -119.286185921833464, 35.505767621835268 ], [ -119.286303057267332, 35.505945175133753 ] ] } },
{ "type": "Feature", "properties": { "id": "a-00975", "start_id": "fd-00536", "end_id": "fd-00867", "specification": "leadin", "source": "fd-00536", "placement": "ug", "length": 22.33, "duct_group": 0, "duct_assignment": "6" }, "geometry": { "type": "LineString", "coordinates": [ [ -119.286185921833464, 35.505767621835268 ], [ -119.286068853957005, 35.505944604625711 ] ] } },
{ "type": "Feature", "properties": { "id": "a-00976", "start_id": "fd-00537", "end_id": "fd-00870", "specification": "leadin", "source": "fd-00537", "placement": "ug", "length": 23.0, "duct_group": 0, "duct_assignment": "7" }, "geometry": { "type": "LineString", "coordinates": [ [ -119.286655242619673, 35.505768837738053 ], [ -119.286768866972906, 35.505954135809105 ] ] } },
{ "type": "Feature", "properties": { "id": "a-00977", "start_id": "fd-00537", "end_id": "fd-00869", "specification": "leadin", "source": "fd-00537", "placement": "ug", "length": 22.35, "duct_group": 0, "duct_assignment": "8" }, "geometry": { "type": "LineString", "coordinates": [ [ -119.286655242619673, 35.505768837738053 ], [ -119.286537597842099, 35.505945776989414 ] ] } },
{ "type": "Feature", "properties": { "id": "a-00978", "start_id": "fd-00538", "end_id": "fd-00973", "specification": "leadin", "source": "fd-00538", "placement": "ug", "length": 21.35, "duct_group": 0, "duct_assignment": "9" }, "geometry": { "type": "LineString", "coordinates": [ [ -119.287105674687339, 35.505699159160748 ], [ -119.287336149148913, 35.505660485682625 ] ] } },
{ "type": "Feature", "properties": { "id": "a-00979", "start_id": "fd-00538", "end_id": "fd-00887", "specification": "leadin", "source": "fd-00538", "placement": "ug", "length": 29.57, "duct_group": 0, "duct_assignment": "10" }, "geometry": { "type": "LineString", "coordinates": [ [ -119.287105674687339, 35.505699159160748 ], [ -119.287023086444265, 35.50595695199933 ] ] } },
{ "type": "Feature", "properties": { "id": "a-00980", "start_id": "fd-00538", "end_id": "fd-00974", "specification": "leadin", "source": "fd-00538", "placement": "ug", "length": 27.67, "duct_group": 0, "duct_assignment": "11" }, "geometry": { "type": "LineString", "coordinates": [ [ -119.287105674687339, 35.505699159160748 ], [ -119.287020050409438, 35.505459843418372 ] ] } },
{ "type": "Feature", "properties": { "id": "a-00981", "start_id": "fd-00539", "end_id": "fd-02155", "specification": "leadin", "source": "fd-00539", "placement": "ug", "length": 20.65, "duct_group": 1, "duct_assignment": "1" }, "geometry": { "type": "LineString", "coordinates": [ [ -119.285273690241937, 35.504980782526232 ], [ -119.285380967971122, 35.505144898032995 ] ] } },
{ "type": "Feature", "properties": { "id": "a-00982", "start_id": "fd-00539", "end_id": "fd-02147", "specification": "leadin", "source": "fd-00539", "placement": "ug", "length": 21.79, "duct_group": 1, "duct_assignment": "2" }, "geometry": { "type": "LineString", "coordinates": [ [ -119.285273690241937, 35.504980782526232 ], [ -119.285144783594248, 35.505146487516953 ] ] } },
{ "type": "Feature", "properties": { "id": "a-00983", "start_id": "fd-00540", "end_id": "fd-02105", "specification": "leadin", "source": "fd-00540", "placement": "ug", "length": 20.65, "duct_group": 1, "duct_assignment": "3" }, "geometry": { "type": "LineString", "coordinates": [ [ -119.285720554765916, 35.50498181941942 ], [ -119.285827752221124, 35.505145944739553 ] ] } },
{ "type": "Feature", "properties": { "id": "a-00984", "start_id": "fd-00540", "end_id": "fd-02173", "specification": "leadin", "source": "fd-00540", "placement": "ug", "length": 20.99, "duct_group": 1, "duct_assignment": "4" }, "geometry": { "type": "LineString", "coordinates": [ [ -119.285720554765916, 35.50498181941942 ], [ -119.285604328594403, 35.50514541074773 ] ] } },
{ "type": "Feature", "properties": { "id": "a-00985", "start_id": "fd-00541", "end_id": "fd-02163", "specification": "leadin", "source": "fd-00541", "placement": "ug", "length": 20.55, "duct_group": 1, "duct_assignment": "5" }, "geometry": { "type": "LineString", "coordinates": [ [ -119.286147391850463, 35.504982901995547 ], [ -119.286041145505195, 35.505146473764007 ] ] } },
{ "type": "Feature", "properties": { "id": "a-00986", "start_id": "fd-00542", "end_id": "fd-02118", "specification": "leadin", "source": "fd-00542", "placement": "ug", "length": 22.91, "duct_group": 1, "duct_assignment": "6" }, "geometry": { "type": "LineString", "coordinates": [ [ -119.286362538419738, 35.504987394747033 ], [ -119.286491515425197, 35.505164935480458 ] ] } },
{ "type": "Feature", "properties": { "id": "a-00987", "start_id": "fd-00542", "end_id": "fd-02100", "specification": "leadin", "source": "fd-00542", "placement": "ug", "length": 20.25, "duct_group": 1, "duct_assignment": "7" }, "geometry": { "type": "LineString", "coordinates": [ [ -119.286362538419738, 35.504987394747033 ], [ -119.286254526337103, 35.505147119768466 ] ] } },
{ "type": "Feature", "properties": { "id": "a-00988", "start_id": "fd-00543", "end_id": "fd-02136", "specification": "leadin", "source": "fd-00543", "placement": "ug", "length": 25.57, "duct_group": 1, "duct_assignment": "8" }, "geometry": { "type": "LineString", "coordinates": [ [ -119.286733815678176, 35.504961345760194 ], [ -119.286822519312935, 35.505180044514532 ] ] } },
{ "type": "Feature", "properties": { "id": "a-00989", "start_id": "fd-00543", "end_id": "fd-02127", "specification": "leadin", "source": "fd-00543", "placement": "ug", "length": 24.23, "duct_group": 1, "duct_assignment": "9" }, "geometry": { "type": "LineString", "coordinates": [ [ -119.286733815678176, 35.504961345760194 ], [ -119.286991716345796, 35.505017852120069 ] ] } },
{ "type": "Feature", "properties": { "id": "a-00990", "start_id": "fd-00544", "end_id": "fd-02139", "specification": "leadin", "source": "fd-00544", "placement": "ug", "length": 16.93, "duct_group": 1, "duct_assignment": "10" }, "geometry": { "type": "LineString", "coordinates": [ [ -119.286820620499256, 35.504690909884097 ], [ -119.286971513952466, 35.504601222898636 ] ] } },
{ "type": "Feature", "properties": { "id": "a-00991", "start_id": "fd-00544", "end_id": "fd-02144", "specification": "leadin", "source": "fd-00544", "placement": "ug", "length": 18.57, "duct_group": 1, "duct_assignment": "11" }, "geometry": { "type": "LineString", "coordinates": [ [ -119.286820620499256, 35.504690909884097 ], [ -119.286990063654869, 35.504784789797412 ] ] } },
{ "type": "Feature", "properties": { "id": "a-00992", "start_id": "fd-00545", "end_id": "fd-02112", "specification": "leadin", "source": "fd-00545", "placement": "ug", "length": 18.53, "duct_group": 2, "duct_assignment": "1" }, "geometry": { "type": "LineString", "coordinates": [ [ -119.285258455585009, 35.504282964453452 ], [ -119.285374057332817, 35.504420574252364 ] ] } },
{ "type": "Feature", "properties": { "id": "a-00993", "start_id": "fd-00545", "end_id": "fd-02170", "specification": "leadin", "source": "fd-00545", "placement": "ug", "length": 18.8, "duct_group": 2, "duct_assignment": "2" }, "geometry": { "type": "LineString", "coordinates": [ [ -119.285258455585009, 35.504282964453452 ], [ -119.285140581440587, 35.504422307431327 ] ] } },
{ "type": "Feature", "properties": { "id": "a-00994", "start_id": "fd-00546", "end_id": "fd-02097", "specification": "leadin", "source": "fd-00546", "placement": "ug", "length": 19.73, "duct_group": 2, "duct_assignment": "3" }, "geometry": { "type": "LineString", "coordinates": [ [ -119.285275586731501, 35.504140153639483 ], [ -119.285151556200418, 35.503994058630639 ] ] } },
{ "type": "Feature", "properties": { "id": "a-00995", "start_id": "fd-00546", "end_id": "fd-02113", "specification": "leadin", "source": "fd-00546", "placement": "ug", "length": 18.58, "duct_group": 2, "duct_assignment": "4" }, "geometry": { "type": "LineString", "coordinates": [ [ -119.285275586731501, 35.504140153639483 ], [ -119.285380137470838, 35.503996182620405 ] ] } },
{ "type": "Feature", "properties": { "id": "a-00996", "start_id": "fd-00547", "end_id": "fd-02157", "specification": "leadin", "source": "fd-00547", "placement": "ug", "length": 18.73, "duct_group": 2, "duct_assignment": "5" }, "geometry": { "type": "LineString", "coordinates": [ [ -119.285715852382694, 35.504141174772876 ], [ -119.285823790593739, 35.503997247327938 ] ] } },
{ "type": "Feature", "properties": { "id": "a-00997", "start_id": "fd-00547", "end_id": "fd-02117", "specification": "leadin", "source": "fd-00547", "placement": "ug", "length": 19.16, "duct_group": 2, "duct_assignment": "6" }, "geometry": { "type": "LineString", "coordinates": [ [ -119.285715852382694, 35.504141174772876 ], [ -119.285600270927276, 35.503996690833937 ] ] } },
{ "type": "Feature", "properties": { "id": "a-00998", "start_id": "fd-00548", "end_id": "fd-02158", "specification": "leadin", "source": "fd-00548", "placement": "ug", "length": 19.16, "duct_group": 2, "duct_assignment": "7" }, "geometry": { "type": "LineString", "coordinates": [ [ -119.286162940429008, 35.504142344681391 ], [ -119.286047337684636, 35.503997837796952 ] ] } },
{ "type": "Feature", "properties": { "id": "a-00999", "start_id": "fd-00549", "end_id": "fd-02099", "specification": "leadin", "source": "fd-00549", "placement": "ug", "length": 20.17, "duct_group": 2, "duct_assignment": "8" }, "geometry": { "type": "LineString", "coordinates": [ [ -119.286377945638947, 35.50413414300256 ], [ -119.286501424091469, 35.503983017406725 ] ] } },
{ "type": "Feature", "properties": { "id": "a-01000", "start_id": "fd-00549", "end_id": "fd-02128", "specification": "leadin", "source": "fd-00549", "placement": "ug", "length": 17.96, "duct_group": 2, "duct_assignment": "9" }, "geometry": { "type": "LineString", "coordinates": [ [ -119.286377945638947, 35.50413414300256 ], [ -119.286270674777882, 35.503998146471716 ] ] } },
{ "type": "Feature", "properties": { "id": "a-01001", "start_id": "fd-00550", "end_id": "fd-02143", "specification": "leadin", "source": "fd-00550", "placement": "ug", "length": 15.98, "duct_group": 2, "duct_assignment": "10" }, "geometry": { "type": "LineString", "coordinates": [ [ -119.286835831012823, 35.504322878079904 ], [ -119.286969300957779, 35.504228980785385 ] ] } },
{ "type": "Feature", "properties": { "id": "a-01002", "start_id": "fd-00550", "end_id": "fd-02171", "specification": "leadin", "source": "fd-00550", "placement": "ug", "length": 17.44, "duct_group": 2, "duct_assignment": "11" }, "geometry": { "type": "LineString", "coordinates": [ [ -119.286835831012823, 35.504322878079904 ], [ -119.286985926085407, 35.504421039793328 ] ] } },
{ "type": "Feature", "properties": { "id": "a-01003", "start_id": "fd-00550", "end_id": "fd-02365", "specification": "leadin", "source": "fd-00550", "placement": "ug", "length": 51.93, "duct_group": 2, "duct_assignment": "12" }, "geometry": { "type": "LineString", "coordinates": [ [ -119.286835831012823, 35.504322878079904 ], [ -119.28689566936869, 35.503857482719397 ] ] } },
{ "type": "Feature", "properties": { "id": "a-01004", "start_id": "fd-00551", "end_id": "fd-02131", "specification": "leadin", "source": "fd-00551", "placement": "ug", "length": 18.98, "duct_group": 3, "duct_assignment": "1" }, "geometry": { "type": "LineString", "coordinates": [ [ -119.284605964477478, 35.504836361475178 ], [ -119.284722651918528, 35.504694383366896 ] ] } },
{ "type": "Feature", "properties": { "id": "a-01005", "start_id": "fd-00551", "end_id": "fd-02116", "specification": "leadin", "source": "fd-00551", "placement": "ug", "length": 18.37, "duct_group": 3, "duct_assignment": "2" }, "geometry": { "type": "LineString", "coordinates": [ [ -119.284605964477478, 35.504836361475178 ], [ -119.284498905138321, 35.504695854256951 ] ] } },
{ "type": "Feature", "properties": { "id": "a-01006", "start_id": "fd-00552", "end_id": "fd-02148", "specification": "leadin", "source": "fd-00552", "placement": "ug", "length": 18.77, "duct_group": 3, "duct_assignment": "3" }, "geometry": { "type": "LineString", "coordinates": [ [ -119.284176014388052, 35.504835291655255 ], [ -119.284060451591884, 35.504694972011251 ] ] } },
{ "type": "Feature", "properties": { "id": "a-01007", "start_id": "fd-00552", "end_id": "fd-02107", "specification": "leadin", "source": "fd-00552", "placement": "ug", "length": 18.35, "duct_group": 3, "duct_assignment": "4" }, "geometry": { "type": "LineString", "coordinates": [ [ -119.284176014388052, 35.504835291655255 ], [ -119.284284112045697, 35.504695580620385 ] ] } },
{ "type": "Feature", "properties": { "id": "a-01008", "start_id": "fd-00553", "end_id": "fd-02167", "specification": "leadin", "source": "fd-00553", "placement": "ug", "length": 18.4, "duct_group": 3, "duct_assignment": "5" }, "geometry": { "type": "LineString", "coordinates": [ [ -119.283727771675203, 35.504834178819891 ], [ -119.283836483415271, 35.504694211364971 ] ] } },
{ "type": "Feature", "properties": { "id": "a-01009", "start_id": "fd-00554", "end_id": "fd-02145", "specification": "leadin", "source": "fd-00554", "placement": "ug", "length": 18.39, "duct_group": 3, "duct_assignment": "6" }, "geometry": { "type": "LineString", "coordinates": [ [ -119.283495732774313, 35.504774851499803 ], [ -119.283317945934058, 35.504695230484941 ] ] } },
{ "type": "Feature", "properties": { "id": "a-01010", "start_id": "fd-00554", "end_id": "fd-02114", "specification": "leadin", "source": "fd-00554", "placement": "ug", "length": 14.68, "duct_group": 3, "duct_assignment": "7" }, "geometry": { "type": "LineString", "coordinates": [ [ -119.283495732774313, 35.504774851499803 ], [ -119.283616771704175, 35.504687072912759 ] ] } },
{ "type": "Feature", "properties": { "id": "a-01011", "start_id": "fd-00554", "end_id": "fd-02092", "specification": "leadin", "source": "fd-00554", "placement": "ug", "length": 46.43, "duct_group": 3, "duct_assignment": "8" }, "geometry": { "type": "LineString", "coordinates": [ [ -119.283495732774313, 35.504774851499803 ], [ -119.282986283260286, 35.504814302443123 ] ] } },
{ "type": "Feature", "properties": { "id": "a-01012", "start_id": "fd-00555", "end_id": "fd-02160", "specification": "leadin", "source": "fd-00555", "placement": "ug", "length": 19.17, "duct_group": 4, "duct_assignment": "1" }, "geometry": { "type": "LineString", "coordinates": [ [ -119.284610353820526, 35.504138638409991 ], [ -119.284728381703758, 35.503995329867848 ] ] } },
{ "type": "Feature", "properties": { "id": "a-01013", "start_id": "fd-00555", "end_id": "fd-02162", "specification": "leadin", "source": "fd-00555", "placement": "ug", "length": 18.49, "duct_group": 4, "duct_assignment": "2" }, "geometry": { "type": "LineString", "coordinates": [ [ -119.284610353820526, 35.504138638409991 ], [ -119.284503176088393, 35.503996865376457 ] ] } },
{ "type": "Feature", "properties": { "id": "a-01014", "start_id": "fd-00556", "end_id": "fd-02129", "specification": "leadin", "source": "fd-00556", "placement": "ug", "length": 18.88, "duct_group": 4, "duct_assignment": "3" }, "geometry": { "type": "LineString", "coordinates": [ [ -119.284163553154016, 35.504137368813851 ], [ -119.284279740362351, 35.50399622374637 ] ] } },
{ "type": "Feature", "properties": { "id": "a-01015", "start_id": "fd-00556", "end_id": "fd-02135", "specification": "leadin", "source": "fd-00556", "placement": "ug", "length": 18.5, "duct_group": 4, "duct_assignment": "4" }, "geometry": { "type": "LineString", "coordinates": [ [ -119.284163553154016, 35.504137368813851 ], [ -119.284056362242325, 35.503995579451008 ] ] } },
{ "type": "Feature", "properties": { "id": "a-01016", "start_id": "fd-00557", "end_id": "fd-02153", "specification": "leadin", "source": "fd-00557", "placement": "ug", "length": 18.5, "duct_group": 4, "duct_assignment": "5" }, "geometry": { "type": "LineString", "coordinates": [ [ -119.283734098104759, 35.50413613998218 ], [ -119.283627010101824, 35.503994221474571 ] ] } },
{ "type": "Feature", "properties": { "id": "a-01017", "start_id": "fd-00557", "end_id": "fd-02132", "specification": "leadin", "source": "fd-00557", "placement": "ug", "length": 18.45, "duct_group": 4, "duct_assignment": "6" }, "geometry": { "type": "LineString", "coordinates": [ [ -119.283734098104759, 35.50413613998218 ], [ -119.283841503043504, 35.503994942141333 ] ] } },
{ "type": "Feature", "properties": { "id": "a-01018", "start_id": "fd-00558", "end_id": "fd-02108", "specification": "leadin", "source": "fd-00558", "placement": "ug", "length": 18.49, "duct_group": 4, "duct_assignment": "7" }, "geometry": { "type": "LineString", "coordinates": [ [ -119.283286824086559, 35.504135047911141 ], [ -119.283179757191462, 35.50399329610152 ] ] } },
{ "type": "Feature", "properties": { "id": "a-01019", "start_id": "fd-00558", "end_id": "fd-02111", "specification": "leadin", "source": "fd-00558", "placement": "ug", "length": 18.9, "duct_group": 4, "duct_assignment": "8" }, "geometry": { "type": "LineString", "coordinates": [ [ -119.283286824086559, 35.504135047911141 ], [ -119.283403685061515, 35.503994017711506 ] ] } },
{ "type": "Feature", "properties": { "id": "a-01020", "start_id": "fd-00559", "end_id": "fd-02140", "specification": "leadin", "source": "fd-00559", "placement": "ug", "length": 19.85, "duct_group": 4, "duct_assignment": "9" }, "geometry": { "type": "LineString", "coordinates": [ [ -119.283070941529388, 35.504134514515378 ], [ -119.282940396407142, 35.503990918597559 ] ] } },
{ "type": "Feature", "properties": { "id": "a-01021", "start_id": "fd-00560", "end_id": "fd-02431", "specification": "leadin", "source": "fd-00560", "placement": "ug", "length": 30.77, "duct_group": 5, "duct_assignment": "1" }, "geometry": { "type": "LineString", "coordinates": [ [ -119.284836516943571, 35.506159395974265 ], [ -119.284497710170029, 35.506148036521516 ] ] } },
{ "type": "Feature", "properties": { "id": "a-01022", "start_id": "fd-00561", "end_id": "fd-01146", "specification": "leadin", "source": "fd-00561", "placement": "ug", "length": 22.71, "duct_group": 5, "duct_assignment": "2" }, "geometry": { "type": "LineString", "coordinates": [ [ -119.285244903896952, 35.506474483374689 ], [ -119.285124583777502, 35.506295049665042 ] ] } },
{ "type": "Feature", "properties": { "id": "a-01023", "start_id": "fd-00561", "end_id": "fd-01145", "specification": "leadin", "source": "fd-00561", "placement": "ug", "length": 22.37, "duct_group": 5, "duct_assignment": "3" }, "geometry": { "type": "LineString", "coordinates": [ [ -119.285244903896952, 35.506474483374689 ], [ -119.285362936009321, 35.506297515611955 ] ] } },
{ "type": "Feature", "properties": { "id": "a-01024", "start_id": "fd-00562", "end_id": "fd-01142", "specification": "leadin", "source": "fd-00562", "placement": "ug", "length": 22.4, "duct_group": 5, "duct_assignment": "4" }, "geometry": { "type": "LineString", "coordinates": [ [ -119.28571461651326, 35.506475688898369 ], [ -119.285833292170764, 35.506298721600658 ] ] } },
{ "type": "Feature", "properties": { "id": "a-01025", "start_id": "fd-00562", "end_id": "fd-01144", "specification": "leadin", "source": "fd-00562", "placement": "ug", "length": 22.37, "duct_group": 5, "duct_assignment": "5" }, "geometry": { "type": "LineString", "coordinates": [ [ -119.28571461651326, 35.506475688898369 ], [ -119.285597987364781, 35.506298095095786 ] ] } },
{ "type": "Feature", "properties": { "id": "a-01026", "start_id": "fd-00563", "end_id": "fd-01141", "specification": "leadin", "source": "fd-00563", "placement": "ug", "length": 22.4, "duct_group": 5, "duct_assignment": "6" }, "geometry": { "type": "LineString", "coordinates": [ [ -119.286420458019336, 35.506477557568488 ], [ -119.286302890911315, 35.506300014883003 ] ] } },
{ "type": "Feature", "properties": { "id": "a-01027", "start_id": "fd-00563", "end_id": "fd-01140", "specification": "leadin", "source": "fd-00563", "placement": "ug", "length": 22.34, "duct_group": 5, "duct_assignment": "7" }, "geometry": { "type": "LineString", "coordinates": [ [ -119.286420458019336, 35.506477557568488 ], [ -119.28653734362301, 35.506300331222945 ] ] } },
{ "type": "Feature", "properties": { "id": "a-01028", "start_id": "fd-00564", "end_id": "fd-01139", "specification": "leadin", "source": "fd-00564", "placement": "ug", "length": 23.03, "duct_group": 5, "duct_assignment": "8" }, "geometry": { "type": "LineString", "coordinates": [ [ -119.286654300304193, 35.506477990000221 ], [ -119.286768060839435, 35.506292490840181 ] ] } },
{ "type": "Feature", "properties": { "id": "a-01029", "start_id": "fd-00565", "end_id": "fd-01082", "specification": "leadin", "source": "fd-00565", "placement": "ug", "length": 23.53, "duct_group": 5, "duct_assignment": "9" }, "geometry": { "type": "LineString", "coordinates": [ [ -119.286617941735358, 35.506620945360822 ], [ -119.286724819747448, 35.506814155217299 ] ] } },
{ "type": "Feature", "properties": { "id": "a-01030", "start_id": "fd-00565", "end_id": "fd-01071", "specification": "leadin", "source": "fd-00565", "placement": "ug", "length": 24.35, "duct_group": 5, "duct_assignment": "10" }, "geometry": { "type": "LineString", "coordinates": [ [ -119.286617941735358, 35.506620945360822 ], [ -119.286482266070365, 35.506810268462267 ] ] } },
{ "type": "Feature", "properties": { "id": "a-01031", "start_id": "fd-00566", "end_id": "fd-01135", "specification": "leadin", "source": "fd-00566", "placement": "ug", "length": 29.51, "duct_group": 5, "duct_assignment": "11" }, "geometry": { "type": "LineString", "coordinates": [ [ -119.287097434991068, 35.506550894197368 ], [ -119.287021015021494, 35.506292382101527 ] ] } },
{ "type": "Feature", "properties": { "id": "a-01032", "start_id": "fd-00566", "end_id": "fd-01100", "specification": "leadin", "source": "fd-00566", "placement": "ug", "length": 31.8, "duct_group": 5, "duct_assignment": "12" }, "geometry": { "type": "LineString", "coordinates": [ [ -119.287097434991068, 35.506550894197368 ], [ -119.286991073375034, 35.506823952113209 ] ] } },
{ "type": "Feature", "properties": { "id": "a-01033", "start_id": "fd-00567", "end_id": "fd-02109", "specification": "leadin", "source": "fd-00567", "placement": "ug", "length": 20.68, "duct_group": 6, "duct_assignment": "1" }, "geometry": { "type": "LineString", "coordinates": [ [ -119.284616462895556, 35.504979238535022 ], [ -119.284507756907132, 35.505143001204949 ] ] } },
{ "type": "Feature", "properties": { "id": "a-01034", "start_id": "fd-00567", "end_id": "fd-02146", "specification": "leadin", "source": "fd-00567", "placement": "ug", "length": 20.96, "duct_group": 6, "duct_assignment": "2" }, "geometry": { "type": "LineString", "coordinates": [ [ -119.284616462895556, 35.504979238535022 ], [ -119.284725696241708, 35.505145627785609 ] ] } },
{ "type": "Feature", "properties": { "id": "a-01035", "start_id": "fd-00568", "end_id": "fd-02134", "specification": "leadin", "source": "fd-00568", "placement": "ug", "length": 21.02, "duct_group": 6, "duct_assignment": "3" }, "geometry": { "type": "LineString", "coordinates": [ [ -119.28416825235378, 35.504978190958973 ], [ -119.284283755059889, 35.505142371186352 ] ] } },
{ "type": "Feature", "properties": { "id": "a-01036", "start_id": "fd-00568", "end_id": "fd-02096", "specification": "leadin", "source": "fd-00568", "placement": "ug", "length": 20.66, "duct_group": 6, "duct_assignment": "4" }, "geometry": { "type": "LineString", "coordinates": [ [ -119.28416825235378, 35.504978190958973 ], [ -119.284059739251106, 35.505141857693317 ] ] } },
{ "type": "Feature", "properties": { "id": "a-01037", "start_id": "fd-00569", "end_id": "fd-02130", "specification": "leadin", "source": "fd-00569", "placement": "ug", "length": 20.65, "duct_group": 6, "duct_assignment": "5" }, "geometry": { "type": "LineString", "coordinates": [ [ -119.28373723825564, 35.504977079334402 ], [ -119.283844310350659, 35.505141318198042 ] ] } },
{ "type": "Feature", "properties": { "id": "a-01038", "start_id": "fd-00570", "end_id": "fd-02122", "specification": "leadin", "source": "fd-00570", "placement": "ug", "length": 16.66, "duct_group": 6, "duct_assignment": "6" }, "geometry": { "type": "LineString", "coordinates": [ [ -119.283504840426232, 35.505032086051365 ], [ -119.283623772341102, 35.505146414038293 ] ] } },
{ "type": "Feature", "properties": { "id": "a-01039", "start_id": "fd-00570", "end_id": "fd-02094", "specification": "leadin", "source": "fd-00570", "placement": "ug", "length": 50.76, "duct_group": 6, "duct_assignment": "7" }, "geometry": { "type": "LineString", "coordinates": [ [ -119.283504840426232, 35.505032086051365 ], [ -119.282983337665769, 35.5051976486019 ] ] } },
{ "type": "Feature", "properties": { "id": "a-01040", "start_id": "fd-00570", "end_id": "fd-02093", "specification": "leadin", "source": "fd-00570", "placement": "ug", "length": 47.32, "duct_group": 6, "duct_assignment": "8" }, "geometry": { "type": "LineString", "coordinates": [ [ -119.283504840426232, 35.505032086051365 ], [ -119.282985005050378, 35.504997464574821 ] ] } },
{ "type": "Feature", "properties": { "id": "a-01041", "start_id": "fd-00570", "end_id": "fd-02121", "specification": "leadin", "source": "fd-00570", "placement": "ug", "length": 20.29, "duct_group": 6, "duct_assignment": "9" }, "geometry": { "type": "LineString", "coordinates": [ [ -119.283504840426232, 35.505032086051365 ], [ -119.283323706148252, 35.505139377629071 ] ] } },
{ "type": "Feature", "properties": { "id": "a-01042", "start_id": "fd-00571", "end_id": "fd-00983", "specification": "leadin", "source": "fd-00571", "placement": "ug", "length": 20.23, "duct_group": 7, "duct_assignment": "1" }, "geometry": { "type": "LineString", "coordinates": [ [ -119.285230077772965, 35.505622685145404 ], [ -119.285121713115956, 35.50546339755568 ] ] } },
{ "type": "Feature", "properties": { "id": "a-01043", "start_id": "fd-00571", "end_id": "fd-00982", "specification": "leadin", "source": "fd-00571", "placement": "ug", "length": 19.66, "duct_group": 7, "duct_assignment": "2" }, "geometry": { "type": "LineString", "coordinates": [ [ -119.285230077772965, 35.505622685145404 ], [ -119.285330689161384, 35.505465810063548 ] ] } },
{ "type": "Feature", "properties": { "id": "a-01044", "start_id": "fd-00572", "end_id": "fd-00981", "specification": "leadin", "source": "fd-00572", "placement": "ug", "length": 19.66, "duct_group": 7, "duct_assignment": "3" }, "geometry": { "type": "LineString", "coordinates": [ [ -119.285431604133947, 35.505623074676791 ], [ -119.285532056380504, 35.505466134247357 ] ] } },
{ "type": "Feature", "properties": { "id": "a-01045", "start_id": "fd-00573", "end_id": "fd-00980", "specification": "leadin", "source": "fd-00573", "placement": "ug", "length": 19.69, "duct_group": 7, "duct_assignment": "4" }, "geometry": { "type": "LineString", "coordinates": [ [ -119.285833981522103, 35.505623877840279 ], [ -119.285733434907598, 35.505466602423638 ] ] } },
{ "type": "Feature", "properties": { "id": "a-01046", "start_id": "fd-00573", "end_id": "fd-00979", "specification": "leadin", "source": "fd-00573", "placement": "ug", "length": 19.67, "duct_group": 7, "duct_assignment": "5" }, "geometry": { "type": "LineString", "coordinates": [ [ -119.285833981522103, 35.505623877840279 ], [ -119.285934975560991, 35.505467074630879 ] ] } },
{ "type": "Feature", "properties": { "id": "a-01047", "start_id": "fd-00574", "end_id": "fd-00978", "specification": "leadin", "source": "fd-00574", "placement": "ug", "length": 19.69, "duct_group": 7, "duct_assignment": "6" }, "geometry": { "type": "LineString", "coordinates": [ [ -119.28623714046941, 35.505624820235404 ], [ -119.286136603080365, 35.505467563153452 ] ] } },
{ "type": "Feature", "properties": { "id": "a-01048", "start_id": "fd-00574", "end_id": "fd-00977", "specification": "leadin", "source": "fd-00574", "placement": "ug", "length": 19.67, "duct_group": 7, "duct_assignment": "7" }, "geometry": { "type": "LineString", "coordinates": [ [ -119.28623714046941, 35.505624820235404 ], [ -119.286338299694265, 35.505468073265604 ] ] } },
{ "type": "Feature", "properties": { "id": "a-01049", "start_id": "fd-00575", "end_id": "fd-00976", "specification": "leadin", "source": "fd-00575", "placement": "ug", "length": 19.69, "duct_group": 7, "duct_assignment": "8" }, "geometry": { "type": "LineString", "coordinates": [ [ -119.286640654161602, 35.505625888294425 ], [ -119.286540074018987, 35.505468618885956 ] ] } },
{ "type": "Feature", "properties": { "id": "a-01050", "start_id": "fd-00575", "end_id": "fd-00975", "specification": "leadin", "source": "fd-00575", "placement": "ug", "length": 20.82, "duct_group": 7, "duct_assignment": "9" }, "geometry": { "type": "LineString", "coordinates": [ [ -119.286640654161602, 35.505625888294425 ], [ -119.286755213158003, 35.505463345697905 ] ] } },
{ "type": "Feature", "properties": { "id": "a-01051", "start_id": "fd-00576", "end_id": "fd-02151", "specification": "leadin", "source": "fd-00576", "placement": "ug", "length": 19.28, "duct_group": 8, "duct_assignment": "1" }, "geometry": { "type": "LineString", "coordinates": [ [ -119.28455129304821, 35.503575404438926 ], [ -119.284424898195923, 35.503715105476864 ] ] } },
{ "type": "Feature", "properties": { "id": "a-01052", "start_id": "fd-00576", "end_id": "fd-02165", "specification": "leadin", "source": "fd-00576", "placement": "ug", "length": 20.28, "duct_group": 8, "duct_assignment": "2" }, "geometry": { "type": "LineString", "coordinates": [ [ -119.28455129304821, 35.503575404438926 ], [ -119.284691181234606, 35.503717912033778 ] ] } },
{ "type": "Feature", "properties": { "id": "a-01053", "start_id": "fd-00577", "end_id": "fd-02133", "specification": "leadin", "source": "fd-00577", "placement": "ug", "length": 18.78, "duct_group": 8, "duct_assignment": "3" }, "geometry": { "type": "LineString", "coordinates": [ [ -119.284067327699404, 35.503573986590666 ], [ -119.284182936326403, 35.503714402853596 ] ] } },
{ "type": "Feature", "properties": { "id": "a-01054", "start_id": "fd-00577", "end_id": "fd-02126", "specification": "leadin", "source": "fd-00577", "placement": "ug", "length": 19.28, "duct_group": 8, "duct_assignment": "4" }, "geometry": { "type": "LineString", "coordinates": [ [ -119.284067327699404, 35.503573986590666 ], [ -119.283941005628179, 35.5037137024459 ] ] } },
{ "type": "Feature", "properties": { "id": "a-01055", "start_id": "fd-00578", "end_id": "fd-02159", "specification": "leadin", "source": "fd-00578", "placement": "ug", "length": 18.79, "duct_group": 8, "duct_assignment": "5" }, "geometry": { "type": "LineString", "coordinates": [ [ -119.283583445477419, 35.503572594812987 ], [ -119.283699131593977, 35.503712999049078 ] ] } },
{ "type": "Feature", "properties": { "id": "a-01056", "start_id": "fd-00578", "end_id": "fd-02104", "specification": "leadin", "source": "fd-00578", "placement": "ug", "length": 19.26, "duct_group": 8, "duct_assignment": "6" }, "geometry": { "type": "LineString", "coordinates": [ [ -119.283583445477419, 35.503572594812987 ], [ -119.283457413050684, 35.503712273498557 ] ] } },
{ "type": "Feature", "properties": { "id": "a-01057", "start_id": "fd-00579", "end_id": "fd-02166", "specification": "leadin", "source": "fd-00579", "placement": "ug", "length": 20.43, "duct_group": 8, "duct_assignment": "7" }, "geometry": { "type": "LineString", "coordinates": [ [ -119.283099830352754, 35.503571221778351 ], [ -119.282956243357972, 35.503712983904151 ] ] } },
{ "type": "Feature", "properties": { "id": "a-01058", "start_id": "fd-00579", "end_id": "fd-02124", "specification": "leadin", "source": "fd-00579", "placement": "ug", "length": 18.8, "duct_group": 8, "duct_assignment": "8" }, "geometry": { "type": "LineString", "coordinates": [ [ -119.283099830352754, 35.503571221778351 ], [ -119.283215806326155, 35.503711609396987 ] ] } },
{ "type": "Feature", "properties": { "id": "a-01059", "start_id": "fd-00580", "end_id": "fd-02098", "specification": "leadin", "source": "fd-00580", "placement": "ug", "length": 18.54, "duct_group": 9, "duct_assignment": "1" }, "geometry": { "type": "LineString", "coordinates": [ [ -119.284616747925384, 35.504281496207284 ], [ -119.284729127363534, 35.504421072353068 ] ] } },
{ "type": "Feature", "properties": { "id": "a-01060", "start_id": "fd-00580", "end_id": "fd-02123", "specification": "leadin", "source": "fd-00580", "placement": "ug", "length": 18.16, "duct_group": 9, "duct_assignment": "2" }, "geometry": { "type": "LineString", "coordinates": [ [ -119.284616747925384, 35.504281496207284 ], [ -119.284507361584019, 35.504418519059278 ] ] } },
{ "type": "Feature", "properties": { "id": "a-01061", "start_id": "fd-00581", "end_id": "fd-02154", "specification": "leadin", "source": "fd-00581", "placement": "ug", "length": 18.47, "duct_group": 9, "duct_assignment": "3" }, "geometry": { "type": "LineString", "coordinates": [ [ -119.284180153276395, 35.504280254305279 ], [ -119.284064536302708, 35.504417285056128 ] ] } },
{ "type": "Feature", "properties": { "id": "a-01062", "start_id": "fd-00581", "end_id": "fd-02141", "specification": "leadin", "source": "fd-00581", "placement": "ug", "length": 18.2, "duct_group": 9, "duct_assignment": "4" }, "geometry": { "type": "LineString", "coordinates": [ [ -119.284180153276395, 35.504280254305279 ], [ -119.284289236318727, 35.504417867230934 ] ] } },
{ "type": "Feature", "properties": { "id": "a-01063", "start_id": "fd-00582", "end_id": "fd-02152", "specification": "leadin", "source": "fd-00582", "placement": "ug", "length": 18.19, "duct_group": 9, "duct_assignment": "5" }, "geometry": { "type": "LineString", "coordinates": [ [ -119.283731442113009, 35.504278949909278 ], [ -119.283839592326814, 35.504416961560551 ] ] } },
{ "type": "Feature", "properties": { "id": "a-01064", "start_id": "fd-00582", "end_id": "fd-02110", "specification": "leadin", "source": "fd-00582", "placement": "ug", "length": 18.24, "duct_group": 9, "duct_assignment": "6" }, "geometry": { "type": "LineString", "coordinates": [ [ -119.283731442113009, 35.504278949909278 ], [ -119.283620732851091, 35.504416137107512 ] ] } },
{ "type": "Feature", "properties": { "id": "a-01065", "start_id": "fd-00583", "end_id": "fd-02095", "specification": "leadin", "source": "fd-00583", "placement": "ug", "length": 18.19, "duct_group": 9, "duct_assignment": "7" }, "geometry": { "type": "LineString", "coordinates": [ [ -119.283292635087534, 35.504277983951063 ], [ -119.283401545140094, 35.504415604386132 ] ] } },
{ "type": "Feature", "properties": { "id": "a-01066", "start_id": "fd-00584", "end_id": "fd-02172", "specification": "leadin", "source": "fd-00584", "placement": "ug", "length": 19.32, "duct_group": 9, "duct_assignment": "8" }, "geometry": { "type": "LineString", "coordinates": [ [ -119.283060178670581, 35.504277371180358 ], [ -119.282931920347252, 35.504416376261815 ] ] } },
{ "type": "Feature", "properties": { "id": "a-01067", "start_id": "fd-00584", "end_id": "fd-02103", "specification": "leadin", "source": "fd-00584", "placement": "ug", "length": 18.53, "duct_group": 9, "duct_assignment": "9" }, "geometry": { "type": "LineString", "coordinates": [ [ -119.283060178670581, 35.504277371180358 ], [ -119.283175815681261, 35.504415046635621 ] ] } },
{ "type": "Feature", "properties": { "id": "a-01068", "start_id": "fd-00584", "end_id": "fd-02091", "specification": "leadin", "source": "fd-00584", "placement": "ug", "length": 40.66, "duct_group": 9, "duct_assignment": "10" }, "geometry": { "type": "LineString", "coordinates": [ [ -119.283060178670581, 35.504277371180358 ], [ -119.282987847404939, 35.504638946785072 ] ] } },
{ "type": "Feature", "properties": { "id": "a-01069", "start_id": "fd-00585", "end_id": "fd-02101", "specification": "leadin", "source": "fd-00585", "placement": "ug", "length": 18.76, "duct_group": 10, "duct_assignment": "1" }, "geometry": { "type": "LineString", "coordinates": [ [ -119.285257160649564, 35.504837885646722 ], [ -119.285373400362971, 35.504698034504173 ] ] } },
{ "type": "Feature", "properties": { "id": "a-01070", "start_id": "fd-00585", "end_id": "fd-02169", "specification": "leadin", "source": "fd-00585", "placement": "ug", "length": 19.07, "duct_group": 10, "duct_assignment": "2" }, "geometry": { "type": "LineString", "coordinates": [ [ -119.285257160649564, 35.504837885646722 ], [ -119.285138927927861, 35.504695800312909 ] ] } },
{ "type": "Feature", "properties": { "id": "a-01071", "start_id": "fd-00586", "end_id": "fd-02156", "specification": "leadin", "source": "fd-00586", "placement": "ug", "length": 18.45, "duct_group": 10, "duct_assignment": "3" }, "geometry": { "type": "LineString", "coordinates": [ [ -119.285707428427344, 35.504838925753944 ], [ -119.285598546021788, 35.504698554610108 ] ] } },
{ "type": "Feature", "properties": { "id": "a-01072", "start_id": "fd-00586", "end_id": "fd-02168", "specification": "leadin", "source": "fd-00586", "placement": "ug", "length": 18.43, "duct_group": 10, "duct_assignment": "4" }, "geometry": { "type": "LineString", "coordinates": [ [ -119.285707428427344, 35.504838925753944 ], [ -119.285816997313717, 35.504699090751934 ] ] } },
{ "type": "Feature", "properties": { "id": "a-01073", "start_id": "fd-00587", "end_id": "fd-02106", "specification": "leadin", "source": "fd-00587", "placement": "ug", "length": 18.45, "duct_group": 10, "duct_assignment": "5" }, "geometry": { "type": "LineString", "coordinates": [ [ -119.286144369134462, 35.50484003695604 ], [ -119.286035475369786, 35.504699648887609 ] ] } },
{ "type": "Feature", "properties": { "id": "a-01074", "start_id": "fd-00587", "end_id": "fd-02125", "specification": "leadin", "source": "fd-00587", "placement": "ug", "length": 18.43, "duct_group": 10, "duct_assignment": "6" }, "geometry": { "type": "LineString", "coordinates": [ [ -119.286144369134462, 35.50484003695604 ], [ -119.286253984807942, 35.504700229168755 ] ] } },
{ "type": "Feature", "properties": { "id": "a-01075", "start_id": "fd-00588", "end_id": "fd-02142", "specification": "leadin", "source": "fd-00588", "placement": "ug", "length": 19.3, "duct_group": 10, "duct_assignment": "7" }, "geometry": { "type": "LineString", "coordinates": [ [ -119.286362892394493, 35.504840626574605 ], [ -119.286485731162912, 35.504698578630389 ] ] } },
{ "type": "Feature", "properties": { "id": "a-01076", "start_id": "fd-00589", "end_id": "fd-02138", "specification": "leadin", "source": "fd-00589", "placement": "ug", "length": 18.17, "duct_group": 10, "duct_assignment": "8" }, "geometry": { "type": "LineString", "coordinates": [ [ -119.285708794166069, 35.504284003783717 ], [ -119.285599220688908, 35.504421094125071 ] ] } },
{ "type": "Feature", "properties": { "id": "a-01077", "start_id": "fd-00589", "end_id": "fd-02115", "specification": "leadin", "source": "fd-00589", "placement": "ug", "length": 18.19, "duct_group": 10, "duct_assignment": "9" }, "geometry": { "type": "LineString", "coordinates": [ [ -119.285708794166069, 35.504284003783717 ], [ -119.285817687218724, 35.50442163300503 ] ] } },
{ "type": "Feature", "properties": { "id": "a-01078", "start_id": "fd-00590", "end_id": "fd-02174", "specification": "leadin", "source": "fd-00590", "placement": "ug", "length": 18.17, "duct_group": 10, "duct_assignment": "10" }, "geometry": { "type": "LineString", "coordinates": [ [ -119.286145786266488, 35.504285136045567 ], [ -119.286036177891361, 35.504422195809077 ] ] } },
{ "type": "Feature", "properties": { "id": "a-01079", "start_id": "fd-00591", "end_id": "fd-02119", "specification": "leadin", "source": "fd-00591", "placement": "ug", "length": 19.08, "duct_group": 10, "duct_assignment": "11" }, "geometry": { "type": "LineString", "coordinates": [ [ -119.286364322576574, 35.504285738129049 ], [ -119.28648640736057, 35.504425717449152 ] ] } },
{ "type": "Feature", "properties": { "id": "a-01080", "start_id": "fd-00591", "end_id": "fd-02161", "specification": "leadin", "source": "fd-00591", "placement": "ug", "length": 18.17, "duct_group": 10, "duct_assignment": "12" }, "geometry": { "type": "LineString", "coordinates": [ [ -119.286364322576574, 35.504285738129049 ], [ -119.286254696388056, 35.504422782179347 ] ] } },
{ "type": "Feature", "properties": { "id": "a-01081", "start_id": "fd-00592", "end_id": "fd-02164", "specification": "leadin", "source": "fd-00592", "placement": "ug", "length": 18.53, "duct_group": 11, "duct_assignment": "1" }, "geometry": { "type": "LineString", "coordinates": [ [ -119.285330847119482, 35.503577117179852 ], [ -119.285446434782116, 35.503714750362654 ] ] } },
{ "type": "Feature", "properties": { "id": "a-01082", "start_id": "fd-00592", "end_id": "fd-02150", "specification": "leadin", "source": "fd-00592", "placement": "ug", "length": 20.59, "duct_group": 11, "duct_assignment": "2" }, "geometry": { "type": "LineString", "coordinates": [ [ -119.285330847119482, 35.503577117179852 ], [ -119.285180304123685, 35.50371594428762 ] ] } },
{ "type": "Feature", "properties": { "id": "a-01083", "start_id": "fd-00593", "end_id": "fd-02120", "specification": "leadin", "source": "fd-00593", "placement": "ug", "length": 18.53, "duct_group": 11, "duct_assignment": "3" }, "geometry": { "type": "LineString", "coordinates": [ [ -119.285865250850165, 35.50357838910876 ], [ -119.285980873058861, 35.503716083305342 ] ] } },
{ "type": "Feature", "properties": { "id": "a-01084", "start_id": "fd-00593", "end_id": "fd-02102", "specification": "leadin", "source": "fd-00593", "placement": "ug", "length": 20.5, "duct_group": 11, "duct_assignment": "4" }, "geometry": { "type": "LineString", "coordinates": [ [ -119.285865250850165, 35.50357838910876 ], [ -119.285713636065211, 35.503715387590773 ] ] } },
{ "type": "Feature", "properties": { "id": "a-01085", "start_id": "fd-00594", "end_id": "fd-02137", "specification": "leadin", "source": "fd-00594", "placement": "ug", "length": 20.3, "duct_group": 11, "duct_assignment": "5" }, "geometry": { "type": "LineString", "coordinates": [ [ -119.286393098553958, 35.503579901292014 ], [ -119.286244794112008, 35.503716829960361 ] ] } },
{ "type": "Feature", "properties": { "id": "a-01086", "start_id": "fd-00594", "end_id": "fd-02149", "specification": "leadin", "source": "fd-00594", "placement": "ug", "length": 18.63, "duct_group": 11, "duct_assignment": "6" }, "geometry": { "type": "LineString", "coordinates": [ [ -119.286393098553958, 35.503579901292014 ], [ -119.286510442764538, 35.503717635842612 ] ] } },
{ "type": "Feature", "properties": { "id": "a-01087", "start_id": "fd-00595", "end_id": "fd-01288", "specification": "leadin", "source": "fd-00595", "placement": "ug", "length": 18.47, "duct_group": 11, "duct_assignment": "7" }, "geometry": { "type": "LineString", "coordinates": [ [ -119.287407566869206, 35.503554085728908 ], [ -119.287521863627092, 35.503691778058048 ] ] } },
{ "type": "Feature", "properties": { "id": "a-01088", "start_id": "fd-00596", "end_id": "fd-01286", "specification": "leadin", "source": "fd-00596", "placement": "ug", "length": 18.13, "duct_group": 11, "duct_assignment": "8" }, "geometry": { "type": "LineString", "coordinates": [ [ -119.287871190795769, 35.503555390777784 ], [ -119.287978770054281, 35.503693063883908 ] ] } },
{ "type": "Feature", "properties": { "id": "a-01089", "start_id": "fd-00596", "end_id": "fd-01287", "specification": "leadin", "source": "fd-00596", "placement": "ug", "length": 18.57, "duct_group": 11, "duct_assignment": "9" }, "geometry": { "type": "LineString", "coordinates": [ [ -119.287871190795769, 35.503555390777784 ], [ -119.287753676322495, 35.50369243070169 ] ] } },
{ "type": "Feature", "properties": { "id": "a-01090", "start_id": "fd-00597", "end_id": "fd-01284", "specification": "leadin", "source": "fd-00597", "placement": "ug", "length": 19.23, "duct_group": 11, "duct_assignment": "10" }, "geometry": { "type": "LineString", "coordinates": [ [ -119.288321378118908, 35.503556657339352 ], [ -119.288446951742571, 35.503696222607431 ] ] } },
{ "type": "Feature", "properties": { "id": "a-01091", "start_id": "fd-00597", "end_id": "fd-01285", "specification": "leadin", "source": "fd-00597", "placement": "ug", "length": 18.57, "duct_group": 11, "duct_assignment": "11" }, "geometry": { "type": "LineString", "coordinates": [ [ -119.288321378118908, 35.503556657339352 ], [ -119.288203863698641, 35.503693697295837 ] ] } },
{ "type": "Feature", "properties": { "id": "a-01092", "start_id": "fd-00598", "end_id": "fd-00986", "specification": "leadin", "source": "fd-00598", "placement": "ug", "length": 17.86, "duct_group": 0, "duct_assignment": "1" }, "geometry": { "type": "LineString", "coordinates": [ [ -119.283961669679883, 35.507773993926108 ], [ -119.284063384192962, 35.507636210082801 ] ] } },
{ "type": "Feature", "properties": { "id": "a-01093", "start_id": "fd-00598", "end_id": "fd-00985", "specification": "leadin", "source": "fd-00598", "placement": "ug", "length": 18.5, "duct_group": 0, "duct_assignment": "2" }, "geometry": { "type": "LineString", "coordinates": [ [ -119.283961669679883, 35.507773993926108 ], [ -119.283855015104592, 35.50763188985794 ] ] } },
{ "type": "Feature", "properties": { "id": "a-01094", "start_id": "fd-00599", "end_id": "fd-01009", "specification": "leadin", "source": "fd-00599", "placement": "ug", "length": 17.85, "duct_group": 0, "duct_assignment": "3" }, "geometry": { "type": "LineString", "coordinates": [ [ -119.283957596292694, 35.508463233389826 ], [ -119.284059411357831, 35.508325585591884 ] ] } },
{ "type": "Feature", "properties": { "id": "a-01095", "start_id": "fd-00599", "end_id": "fd-01010", "specification": "leadin", "source": "fd-00599", "placement": "ug", "length": 18.49, "duct_group": 0, "duct_assignment": "4" }, "geometry": { "type": "LineString", "coordinates": [ [ -119.283957596292694, 35.508463233389826 ], [ -119.283850831254043, 35.508321258164891 ] ] } },
{ "type": "Feature", "properties": { "id": "a-01096", "start_id": "fd-00600", "end_id": "fd-01030", "specification": "leadin", "source": "fd-00600", "placement": "ug", "length": 23.8, "duct_group": 1, "duct_assignment": "1" }, "geometry": { "type": "LineString", "coordinates": [ [ -119.28174699480661, 35.507031808550451 ], [ -119.281656755803596, 35.506830378974151 ] ] } },
{ "type": "Feature", "properties": { "id": "a-01097", "start_id": "fd-00600", "end_id": "fd-01031", "specification": "leadin", "source": "fd-00600", "placement": "ug", "length": 23.87, "duct_group": 1, "duct_assignment": "2" }, "geometry": { "type": "LineString", "coordinates": [ [ -119.28174699480661, 35.507031808550451 ], [ -119.281841906096886, 35.506831166603092 ] ] } },
{ "type": "Feature", "properties": { "id": "a-01098", "start_id": "fd-00601", "end_id": "fd-02319", "specification": "leadin", "source": "fd-00601", "placement": "ug", "length": 21.16, "duct_group": 2, "duct_assignment": "1" }, "geometry": { "type": "LineString", "coordinates": [ [ -119.283738631162507, 35.506317464325321 ], [ -119.283949918183339, 35.50623664430978 ] ] } },
{ "type": "Feature", "properties": { "id": "a-01099", "start_id": "fd-00601", "end_id": "fd-02318", "specification": "leadin", "source": "fd-00601", "placement": "ug", "length": 21.18, "duct_group": 2, "duct_assignment": "2" }, "geometry": { "type": "LineString", "coordinates": [ [ -119.283738631162507, 35.506317464325321 ], [ -119.283948199018837, 35.506401470181501 ] ] } },
{ "type": "Feature", "properties": { "id": "a-01100", "start_id": "fd-00602", "end_id": "fd-02321", "specification": "leadin", "source": "fd-00602", "placement": "ug", "length": 21.17, "duct_group": 2, "duct_assignment": "3" }, "geometry": { "type": "LineString", "coordinates": [ [ -119.283742095748082, 35.505987808451103 ], [ -119.283953391094968, 35.505906985030684 ] ] } },
{ "type": "Feature", "properties": { "id": "a-01101", "start_id": "fd-00602", "end_id": "fd-02320", "specification": "leadin", "source": "fd-00602", "placement": "ug", "length": 21.18, "duct_group": 2, "duct_assignment": "4" }, "geometry": { "type": "LineString", "coordinates": [ [ -119.283742095748082, 35.505987808451103 ], [ -119.283951648768081, 35.506071815559451 ] ] } },
{ "type": "Feature", "properties": { "id": "a-01102", "start_id": "fd-00603", "end_id": "fd-02322", "specification": "leadin", "source": "fd-00603", "placement": "ug", "length": 21.18, "duct_group": 2, "duct_assignment": "5" }, "geometry": { "type": "LineString", "coordinates": [ [ -119.283745596592524, 35.505658146746526 ], [ -119.283955146824027, 35.505742153156767 ] ] } },
{ "type": "Feature", "properties": { "id": "a-01103", "start_id": "fd-00604", "end_id": "fd-02323", "specification": "leadin", "source": "fd-00604", "placement": "ug", "length": 19.19, "duct_group": 2, "duct_assignment": "6" }, "geometry": { "type": "LineString", "coordinates": [ [ -119.28382161025911, 35.505459547218884 ], [ -119.283978830148499, 35.505575204788038 ] ] } },
{ "type": "Feature", "properties": { "id": "a-01104", "start_id": "fd-00604", "end_id": "fd-02324", "specification": "leadin", "source": "fd-00604", "placement": "ug", "length": 14.49, "duct_group": 2, "duct_assignment": "7" }, "geometry": { "type": "LineString", "coordinates": [ [ -119.28382161025911, 35.505459547218884 ], [ -119.28395379640564, 35.505386233679559 ] ] } },
{ "type": "Feature", "properties": { "id": "a-01105", "start_id": "fd-00605", "end_id": "fd-02346", "specification": "leadin", "source": "fd-00605", "placement": "ug", "length": 47.95, "duct_group": 2, "duct_assignment": "8" }, "geometry": { "type": "LineString", "coordinates": [ [ -119.283491831857177, 35.505490905796904 ], [ -119.282976625640288, 35.50539491172767 ] ] } },
{ "type": "Feature", "properties": { "id": "a-01106", "start_id": "fd-00605", "end_id": "fd-02326", "specification": "leadin", "source": "fd-00605", "placement": "ug", "length": 16.14, "duct_group": 2, "duct_assignment": "9" }, "geometry": { "type": "LineString", "coordinates": [ [ -119.283491831857177, 35.505490905796904 ], [ -119.283353222734888, 35.505582117500566 ] ] } },
{ "type": "Feature", "properties": { "id": "a-01107", "start_id": "fd-00605", "end_id": "fd-02325", "specification": "leadin", "source": "fd-00605", "placement": "ug", "length": 15.36, "duct_group": 2, "duct_assignment": "10" }, "geometry": { "type": "LineString", "coordinates": [ [ -119.283491831857177, 35.505490905796904 ], [ -119.283378348693887, 35.505388200034943 ] ] } },
{ "type": "Feature", "properties": { "id": "a-01108", "start_id": "fd-00605", "end_id": "fd-02344", "specification": "leadin", "source": "fd-00605", "placement": "ug", "length": 54.91, "duct_group": 2, "duct_assignment": "11" }, "geometry": { "type": "LineString", "coordinates": [ [ -119.283491831857177, 35.505490905796904 ], [ -119.282972556160246, 35.505745097763686 ] ] } },
{ "type": "Feature", "properties": { "id": "a-01109", "start_id": "fd-00605", "end_id": "fd-02345", "specification": "leadin", "source": "fd-00605", "placement": "ug", "length": 47.87, "duct_group": 2, "duct_assignment": "12" }, "geometry": { "type": "LineString", "coordinates": [ [ -119.283491831857177, 35.505490905796904 ], [ -119.282974358983324, 35.505574777489016 ] ] } },
{ "type": "Feature", "properties": { "id": "a-01110", "start_id": "fd-00606", "end_id": "fd-00984", "specification": "leadin", "source": "fd-00606", "placement": "ug", "length": 18.54, "duct_group": 3, "duct_assignment": "1" }, "geometry": { "type": "LineString", "coordinates": [ [ -119.28396493288443, 35.507221510068135 ], [ -119.283856646758082, 35.507363158824347 ] ] } },
{ "type": "Feature", "properties": { "id": "a-01111", "start_id": "fd-00606", "end_id": "fd-00987", "specification": "leadin", "source": "fd-00606", "placement": "ug", "length": 17.84, "duct_group": 3, "duct_assignment": "2" }, "geometry": { "type": "LineString", "coordinates": [ [ -119.28396493288443, 35.507221510068135 ], [ -119.284064975145412, 35.507359963290213 ] ] } },
{ "type": "Feature", "properties": { "id": "a-01112", "start_id": "fd-00607", "end_id": "fd-01024", "specification": "leadin", "source": "fd-00607", "placement": "ug", "length": 19.0, "duct_group": 4, "duct_assignment": "1" }, "geometry": { "type": "LineString", "coordinates": [ [ -119.283575361427339, 35.507399271419303 ], [ -119.283391588122612, 35.507481272864005 ] ] } },
{ "type": "Feature", "properties": { "id": "a-01113", "start_id": "fd-00607", "end_id": "fd-01025", "specification": "leadin", "source": "fd-00607", "placement": "ug", "length": 19.53, "duct_group": 4, "duct_assignment": "2" }, "geometry": { "type": "LineString", "coordinates": [ [ -119.283575361427339, 35.507399271419303 ], [ -119.283388795832238, 35.507311494801144 ] ] } },
{ "type": "Feature", "properties": { "id": "a-01114", "start_id": "fd-00608", "end_id": "fd-01023", "specification": "leadin", "source": "fd-00608", "placement": "ug", "length": 19.02, "duct_group": 4, "duct_assignment": "3" }, "geometry": { "type": "LineString", "coordinates": [ [ -119.283573222891278, 35.507729108848139 ], [ -119.283389772932935, 35.507646173433763 ] ] } },
{ "type": "Feature", "properties": { "id": "a-01115", "start_id": "fd-00608", "end_id": "fd-01022", "specification": "leadin", "source": "fd-00608", "placement": "ug", "length": 19.11, "duct_group": 4, "duct_assignment": "4" }, "geometry": { "type": "LineString", "coordinates": [ [ -119.283573222891278, 35.507729108848139 ], [ -119.283387957287061, 35.507811037223355 ] ] } },
{ "type": "Feature", "properties": { "id": "a-01116", "start_id": "fd-00609", "end_id": "fd-01011", "specification": "leadin", "source": "fd-00609", "placement": "ug", "length": 18.52, "duct_group": 4, "duct_assignment": "5" }, "geometry": { "type": "LineString", "coordinates": [ [ -119.283960857199119, 35.507911375260427 ], [ -119.283852460404731, 35.508052824084174 ] ] } },
{ "type": "Feature", "properties": { "id": "a-01117", "start_id": "fd-00609", "end_id": "fd-01008", "specification": "leadin", "source": "fd-00609", "placement": "ug", "length": 17.83, "duct_group": 4, "duct_assignment": "6" }, "geometry": { "type": "LineString", "coordinates": [ [ -119.283960857199119, 35.507911375260427 ], [ -119.284061001315848, 35.508049658447938 ] ] } },
{ "type": "Feature", "properties": { "id": "a-01118", "start_id": "fd-00610", "end_id": "fd-01004", "specification": "leadin", "source": "fd-00610", "placement": "ug", "length": 17.84, "duct_group": 4, "duct_assignment": "7" }, "geometry": { "type": "LineString", "coordinates": [ [ -119.28436461429321, 35.507912496137074 ], [ -119.284464840574046, 35.508050772736063 ] ] } },
{ "type": "Feature", "properties": { "id": "a-01119", "start_id": "fd-00610", "end_id": "fd-01006", "specification": "leadin", "source": "fd-00610", "placement": "ug", "length": 17.85, "duct_group": 4, "duct_assignment": "8" }, "geometry": { "type": "LineString", "coordinates": [ [ -119.28436461429321, 35.507912496137074 ], [ -119.284262921102723, 35.50805021891675 ] ] } },
{ "type": "Feature", "properties": { "id": "a-01120", "start_id": "fd-00611", "end_id": "fd-01000", "specification": "leadin", "source": "fd-00611", "placement": "ug", "length": 17.84, "duct_group": 4, "duct_assignment": "9" }, "geometry": { "type": "LineString", "coordinates": [ [ -119.284768371046084, 35.507913593156815 ], [ -119.284868679303273, 35.50805186507413 ] ] } },
{ "type": "Feature", "properties": { "id": "a-01121", "start_id": "fd-00611", "end_id": "fd-01002", "specification": "leadin", "source": "fd-00611", "placement": "ug", "length": 17.85, "duct_group": 4, "duct_assignment": "10" }, "geometry": { "type": "LineString", "coordinates": [ [ -119.284768371046084, 35.507913593156815 ], [ -119.284666759916178, 35.508051321153424 ] ] } },
{ "type": "Feature", "properties": { "id": "a-01122", "start_id": "fd-00612", "end_id": "fd-02316", "specification": "leadin", "source": "fd-00612", "placement": "ug", "length": 21.16, "duct_group": 5, "duct_assignment": "1" }, "geometry": { "type": "LineString", "coordinates": [ [ -119.283733538305, 35.506811906407002 ], [ -119.283944815241099, 35.506731102526537 ] ] } },
{ "type": "Feature", "properties": { "id": "a-01123", "start_id": "fd-00612", "end_id": "fd-02315", "specification": "leadin", "source": "fd-00612", "placement": "ug", "length": 21.8, "duct_group": 5, "duct_assignment": "2" }, "geometry": { "type": "LineString", "coordinates": [ [ -119.283733538305, 35.506811906407002 ], [ -119.283947386767295, 35.506901518547402 ] ] } },
{ "type": "Feature", "properties": { "id": "a-01124", "start_id": "fd-00613", "end_id": "fd-02317", "specification": "leadin", "source": "fd-00613", "placement": "ug", "length": 21.16, "duct_group": 5, "duct_assignment": "3" }, "geometry": { "type": "LineString", "coordinates": [ [ -119.283735212601044, 35.506647104352069 ], [ -119.283946495228051, 35.506566291162201 ] ] } },
{ "type": "Feature", "properties": { "id": "a-01125", "start_id": "fd-00614", "end_id": "fd-02331", "specification": "leadin", "source": "fd-00614", "placement": "ug", "length": 20.88, "duct_group": 5, "duct_assignment": "4" }, "geometry": { "type": "LineString", "coordinates": [ [ -119.28356361096489, 35.506326656249634 ], [ -119.283358512661451, 35.506411983215514 ] ] } },
{ "type": "Feature", "properties": { "id": "a-01126", "start_id": "fd-00615", "end_id": "fd-02330", "specification": "leadin", "source": "fd-00615", "placement": "ug", "length": 20.24, "duct_group": 5, "duct_assignment": "5" }, "geometry": { "type": "LineString", "coordinates": [ [ -119.283565340319868, 35.506161829256733 ], [ -119.283365441289703, 35.506242711221098 ] ] } },
{ "type": "Feature", "properties": { "id": "a-01127", "start_id": "fd-00615", "end_id": "fd-02329", "specification": "leadin", "source": "fd-00615", "placement": "ug", "length": 20.25, "duct_group": 5, "duct_assignment": "6" }, "geometry": { "type": "LineString", "coordinates": [ [ -119.283565340319868, 35.506161829256733 ], [ -119.283367176288905, 35.506077884056886 ] ] } },
{ "type": "Feature", "properties": { "id": "a-01128", "start_id": "fd-00616", "end_id": "fd-02327", "specification": "leadin", "source": "fd-00616", "placement": "ug", "length": 20.25, "duct_group": 5, "duct_assignment": "7" }, "geometry": { "type": "LineString", "coordinates": [ [ -119.283568820995939, 35.505832171403512 ], [ -119.283370662841037, 35.505748226338483 ] ] } },
{ "type": "Feature", "properties": { "id": "a-01129", "start_id": "fd-00616", "end_id": "fd-02328", "specification": "leadin", "source": "fd-00616", "placement": "ug", "length": 20.24, "duct_group": 5, "duct_assignment": "8" }, "geometry": { "type": "LineString", "coordinates": [ [ -119.283568820995939, 35.505832171403512 ], [ -119.283368916955695, 35.505913055700027 ] ] } },
{ "type": "Feature", "properties": { "id": "a-01130", "start_id": "fd-00617", "end_id": "fd-00991", "specification": "leadin", "source": "fd-00617", "placement": "ug", "length": 17.85, "duct_group": 6, "duct_assignment": "1" }, "geometry": { "type": "LineString", "coordinates": [ [ -119.284368280340502, 35.507222593713195 ], [ -119.284468404325793, 35.507361054654098 ] ] } },
{ "type": "Feature", "properties": { "id": "a-01131", "start_id": "fd-00617", "end_id": "fd-00989", "specification": "leadin", "source": "fd-00617", "placement": "ug", "length": 17.87, "duct_group": 6, "duct_assignment": "2" }, "geometry": { "type": "LineString", "coordinates": [ [ -119.284368280340502, 35.507222593713195 ], [ -119.284266689584129, 35.507360510214646 ] ] } },
{ "type": "Feature", "properties": { "id": "a-01132", "start_id": "fd-00618", "end_id": "fd-00995", "specification": "leadin", "source": "fd-00618", "placement": "ug", "length": 17.85, "duct_group": 6, "duct_assignment": "3" }, "geometry": { "type": "LineString", "coordinates": [ [ -119.284771628881174, 35.507223674220825 ], [ -119.284871834389548, 35.507362137173388 ] ] } },
{ "type": "Feature", "properties": { "id": "a-01133", "start_id": "fd-00618", "end_id": "fd-00993", "specification": "leadin", "source": "fd-00618", "placement": "ug", "length": 17.86, "duct_group": 6, "duct_assignment": "4" }, "geometry": { "type": "LineString", "coordinates": [ [ -119.284771628881174, 35.507223674220825 ], [ -119.284670119318974, 35.507361596831444 ] ] } },
{ "type": "Feature", "properties": { "id": "a-01134", "start_id": "fd-00619", "end_id": "fd-01029", "specification": "leadin", "source": "fd-00619", "placement": "ug", "length": 23.31, "duct_group": 6, "duct_assignment": "5" }, "geometry": { "type": "LineString", "coordinates": [ [ -119.285228948024923, 35.506617339446457 ], [ -119.285115389960922, 35.506805811854612 ] ] } },
{ "type": "Feature", "properties": { "id": "a-01135", "start_id": "fd-00619", "end_id": "fd-01043", "specification": "leadin", "source": "fd-00619", "placement": "ug", "length": 23.27, "duct_group": 6, "duct_assignment": "6" }, "geometry": { "type": "LineString", "coordinates": [ [ -119.285228948024923, 35.506617339446457 ], [ -119.285337708932119, 35.506807231631079 ] ] } },
{ "type": "Feature", "properties": { "id": "a-01136", "start_id": "fd-00620", "end_id": "fd-01050", "specification": "leadin", "source": "fd-00620", "placement": "ug", "length": 23.27, "duct_group": 6, "duct_assignment": "7" }, "geometry": { "type": "LineString", "coordinates": [ [ -119.28566620366415, 35.506618460871159 ], [ -119.285774937974523, 35.506808362078587 ] ] } },
{ "type": "Feature", "properties": { "id": "a-01137", "start_id": "fd-00620", "end_id": "fd-01049", "specification": "leadin", "source": "fd-00620", "placement": "ug", "length": 23.26, "duct_group": 6, "duct_assignment": "8" }, "geometry": { "type": "LineString", "coordinates": [ [ -119.28566620366415, 35.506618460871159 ], [ -119.285556269329803, 35.506807796776954 ] ] } },
{ "type": "Feature", "properties": { "id": "a-01138", "start_id": "fd-00621", "end_id": "fd-01067", "specification": "leadin", "source": "fd-00621", "placement": "ug", "length": 23.43, "duct_group": 6, "duct_assignment": "9" }, "geometry": { "type": "LineString", "coordinates": [ [ -119.286120809568501, 35.506619675028858 ], [ -119.286233753351624, 35.506809532696693 ] ] } },
{ "type": "Feature", "properties": { "id": "a-01139", "start_id": "fd-00621", "end_id": "fd-01062", "specification": "leadin", "source": "fd-00621", "placement": "ug", "length": 23.6, "duct_group": 6, "duct_assignment": "10" }, "geometry": { "type": "LineString", "coordinates": [ [ -119.286120809568501, 35.506619675028858 ], [ -119.286002146029858, 35.506808946333798 ] ] } },
{ "type": "Feature", "properties": { "id": "a-01140", "start_id": "fd-00621", "end_id": "fd-01143", "specification": "leadin", "source": "fd-00621", "placement": "ug", "length": 35.83, "duct_group": 6, "duct_assignment": "11" }, "geometry": { "type": "LineString", "coordinates": [ [ -119.286120809568501, 35.506619675028858 ], [ -119.286068280190364, 35.506299625169561 ] ] } },
{ "type": "Feature", "properties": { "id": "a-01141", "start_id": "fd-00622", "end_id": "fd-01020", "specification": "leadin", "source": "fd-00622", "placement": "ug", "length": 17.98, "duct_group": 7, "duct_assignment": "1" }, "geometry": { "type": "LineString", "coordinates": [ [ -119.283571086396293, 35.508058795682977 ], [ -119.283402188525656, 35.508143520501278 ] ] } },
{ "type": "Feature", "properties": { "id": "a-01142", "start_id": "fd-00622", "end_id": "fd-01021", "specification": "leadin", "source": "fd-00622", "placement": "ug", "length": 17.79, "duct_group": 7, "duct_assignment": "2" }, "geometry": { "type": "LineString", "coordinates": [ [ -119.283571086396293, 35.508058795682977 ], [ -119.283403318086542, 35.507975875489649 ] ] } },
{ "type": "Feature", "properties": { "id": "a-01143", "start_id": "fd-00623", "end_id": "fd-01019", "specification": "leadin", "source": "fd-00623", "placement": "ug", "length": 15.4, "duct_group": 7, "duct_assignment": "3" }, "geometry": { "type": "LineString", "coordinates": [ [ -119.283501653750108, 35.508417874045058 ], [ -119.283379805716066, 35.508321269637023 ] ] } },
{ "type": "Feature", "properties": { "id": "a-01144", "start_id": "fd-00623", "end_id": "fd-01028", "specification": "leadin", "source": "fd-00623", "placement": "ug", "length": 17.63, "duct_group": 7, "duct_assignment": "4" }, "geometry": { "type": "LineString", "coordinates": [ [ -119.283501653750108, 35.508417874045058 ], [ -119.283358928372081, 35.508525690654423 ] ] } },
{ "type": "Feature", "properties": { "id": "a-01145", "start_id": "fd-00624", "end_id": "fd-01026", "specification": "leadin", "source": "fd-00624", "placement": "ug", "length": 17.22, "duct_group": 7, "duct_assignment": "5" }, "geometry": { "type": "LineString", "coordinates": [ [ -119.283639461998419, 35.50861532025062 ], [ -119.283657732991841, 35.508769786872783 ] ] } },
{ "type": "Feature", "properties": { "id": "a-01146", "start_id": "fd-00624", "end_id": "fd-01027", "specification": "leadin", "source": "fd-00624", "placement": "ug", "length": 23.01, "duct_group": 7, "duct_assignment": "6" }, "geometry": { "type": "LineString", "coordinates": [ [ -119.283639461998419, 35.50861532025062 ], [ -119.283417327153415, 35.508715345503681 ] ] } },
{ "type": "Feature", "properties": { "id": "a-01147", "start_id": "fd-00625", "end_id": "fd-01012", "specification": "leadin", "source": "fd-00625", "placement": "ug", "length": 19.97, "duct_group": 7, "duct_assignment": "7" }, "geometry": { "type": "LineString", "coordinates": [ [ -119.284056940566757, 35.508600711449034 ], [ -119.283935298498363, 35.508750668387485 ] ] } },
{ "type": "Feature", "properties": { "id": "a-01148", "start_id": "fd-00625", "end_id": "fd-01013", "specification": "leadin", "source": "fd-00625", "placement": "ug", "length": 17.79, "duct_group": 7, "duct_assignment": "8" }, "geometry": { "type": "LineString", "coordinates": [ [ -119.284056940566757, 35.508600711449034 ], [ -119.28415805204051, 35.508738108284241 ] ] } },
{ "type": "Feature", "properties": { "id": "a-01149", "start_id": "fd-00626", "end_id": "fd-01015", "specification": "leadin", "source": "fd-00626", "placement": "ug", "length": 17.8, "duct_group": 7, "duct_assignment": "9" }, "geometry": { "type": "LineString", "coordinates": [ [ -119.284464474287773, 35.508601819623827 ], [ -119.284565668442667, 35.508739209492774 ] ] } },
{ "type": "Feature", "properties": { "id": "a-01150", "start_id": "fd-00626", "end_id": "fd-01014", "specification": "leadin", "source": "fd-00626", "placement": "ug", "length": 17.81, "duct_group": 7, "duct_assignment": "10" }, "geometry": { "type": "LineString", "coordinates": [ [ -119.284464474287773, 35.508601819623827 ], [ -119.284361860186635, 35.508738659786587 ] ] } },
{ "type": "Feature", "properties": { "id": "a-01151", "start_id": "fd-00627", "end_id": "fd-01016", "specification": "leadin", "source": "fd-00627", "placement": "ug", "length": 17.81, "duct_group": 7, "duct_assignment": "11" }, "geometry": { "type": "LineString", "coordinates": [ [ -119.284872007893057, 35.508602918336663 ], [ -119.284769476490666, 35.508739758381552 ] ] } },
{ "type": "Feature", "properties": { "id": "a-01152", "start_id": "fd-00627", "end_id": "fd-01017", "specification": "leadin", "source": "fd-00627", "placement": "ug", "length": 17.8, "duct_group": 7, "duct_assignment": "12" }, "geometry": { "type": "LineString", "coordinates": [ [ -119.284872007893057, 35.508602918336663 ], [ -119.284973284528505, 35.508740305730463 ] ] } },
{ "type": "Feature", "properties": { "id": "a-01153", "start_id": "fd-00628", "end_id": "fd-01663", "specification": "leadin", "source": "fd-00628", "placement": "ug", "length": 17.77, "duct_group": 0, "duct_assignment": "1" }, "geometry": { "type": "LineString", "coordinates": [ [ -119.281004013750689, 35.492469298633516 ], [ -119.280903868680753, 35.492331654894123 ] ] } },
{ "type": "Feature", "properties": { "id": "a-01154", "start_id": "fd-00628", "end_id": "fd-01662", "specification": "leadin", "source": "fd-00628", "placement": "ug", "length": 18.4, "duct_group": 0, "duct_assignment": "2" }, "geometry": { "type": "LineString", "coordinates": [ [ -119.281004013750689, 35.492469298633516 ], [ -119.281111061961298, 35.492328472555812 ] ] } },
{ "type": "Feature", "properties": { "id": "a-01155", "start_id": "fd-00629", "end_id": "fd-01686", "specification": "leadin", "source": "fd-00629", "placement": "ug", "length": 17.77, "duct_group": 1, "duct_assignment": "1" }, "geometry": { "type": "LineString", "coordinates": [ [ -119.281846208670174, 35.491922305393501 ], [ -119.281946366964945, 35.492059953715525 ] ] } },
{ "type": "Feature", "properties": { "id": "a-01156", "start_id": "fd-00630", "end_id": "fd-01742", "specification": "leadin", "source": "fd-00630", "placement": "ug", "length": 18.65, "duct_group": 1, "duct_assignment": "2" }, "geometry": { "type": "LineString", "coordinates": [ [ -119.282524085846603, 35.490083424217893 ], [ -119.282702114681626, 35.490167304146468 ] ] } },
{ "type": "Feature", "properties": { "id": "a-01157", "start_id": "fd-00631", "end_id": "fd-01781", "specification": "leadin", "source": "fd-00631", "placement": "ug", "length": 15.7, "duct_group": 1, "duct_assignment": "3" }, "geometry": { "type": "LineString", "coordinates": [ [ -119.282571736652699, 35.489918998516757 ], [ -119.282709700978543, 35.490004400781288 ] ] } },
{ "type": "Feature", "properties": { "id": "a-01158", "start_id": "fd-00632", "end_id": "fd-01782", "specification": "leadin", "source": "fd-00632", "placement": "ug", "length": 13.97, "duct_group": 1, "duct_assignment": "4" }, "geometry": { "type": "LineString", "coordinates": [ [ -119.282598654381189, 35.489818364256067 ], [ -119.282752404501522, 35.489824670972268 ] ] } },
{ "type": "Feature", "properties": { "id": "a-01159", "start_id": "fd-00633", "end_id": "fd-01784", "specification": "leadin", "source": "fd-00633", "placement": "ug", "length": 24.94, "duct_group": 1, "duct_assignment": "5" }, "geometry": { "type": "LineString", "coordinates": [ [ -119.282534653766248, 35.489693816265884 ], [ -119.282645174391178, 35.489488069297806 ] ] } },
{ "type": "Feature", "properties": { "id": "a-01160", "start_id": "fd-00633", "end_id": "fd-01783", "specification": "leadin", "source": "fd-00633", "placement": "ug", "length": 20.61, "duct_group": 1, "duct_assignment": "6" }, "geometry": { "type": "LineString", "coordinates": [ [ -119.282534653766248, 35.489693816265884 ], [ -119.282743870829805, 35.489621567761994 ] ] } },
{ "type": "Feature", "properties": { "id": "a-01161", "start_id": "fd-00634", "end_id": "fd-01786", "specification": "leadin", "source": "fd-00634", "placement": "ug", "length": 15.88, "duct_group": 1, "duct_assignment": "7" }, "geometry": { "type": "LineString", "coordinates": [ [ -119.282292386490226, 35.489577526295271 ], [ -119.28217629587536, 35.489470434216898 ] ] } },
{ "type": "Feature", "properties": { "id": "a-01162", "start_id": "fd-00634", "end_id": "fd-01785", "specification": "leadin", "source": "fd-00634", "placement": "ug", "length": 17.66, "duct_group": 1, "duct_assignment": "8" }, "geometry": { "type": "LineString", "coordinates": [ [ -119.282292386490226, 35.489577526295271 ], [ -119.282416156439851, 35.489454744817451 ] ] } },
{ "type": "Feature", "properties": { "id": "a-01163", "start_id": "fd-00635", "end_id": "fd-01764", "specification": "leadin", "source": "fd-00635", "placement": "ug", "length": 18.0, "duct_group": 1, "duct_assignment": "9" }, "geometry": { "type": "LineString", "coordinates": [ [ -119.281865585402059, 35.489625059293552 ], [ -119.281966968535329, 35.48948562788388 ] ] } },
{ "type": "Feature", "properties": { "id": "a-01164", "start_id": "fd-00635", "end_id": "fd-01756", "specification": "leadin", "source": "fd-00635", "placement": "ug", "length": 18.0, "duct_group": 1, "duct_assignment": "10" }, "geometry": { "type": "LineString", "coordinates": [ [ -119.281865585402059, 35.489625059293552 ], [ -119.281765439697836, 35.489485047082105 ] ] } },
{ "type": "Feature", "properties": { "id": "a-01165", "start_id": "fd-00636", "end_id": "fd-01757", "specification": "leadin", "source": "fd-00636", "placement": "ug", "length": 18.0, "duct_group": 1, "duct_assignment": "11" }, "geometry": { "type": "LineString", "coordinates": [ [ -119.281462529076435, 35.489623881466173 ], [ -119.281563909673636, 35.489484458192344 ] ] } },
{ "type": "Feature", "properties": { "id": "a-01166", "start_id": "fd-00636", "end_id": "fd-02090", "specification": "leadin", "source": "fd-00636", "placement": "ug", "length": 18.55, "duct_group": 1, "duct_assignment": "12" }, "geometry": { "type": "LineString", "coordinates": [ [ -119.281462529076435, 35.489623881466173 ], [ -119.281355900030007, 35.489481227811083 ] ] } },
{ "type": "Feature", "properties": { "id": "a-01167", "start_id": "fd-00637", "end_id": "fd-01753", "specification": "leadin", "source": "fd-00637", "placement": "ug", "length": 18.81, "duct_group": 2, "duct_assignment": "1" }, "geometry": { "type": "LineString", "coordinates": [ [ -119.282126207353869, 35.490473658004099 ], [ -119.282231074001203, 35.490619888755404 ] ] } },
{ "type": "Feature", "properties": { "id": "a-01168", "start_id": "fd-00637", "end_id": "fd-01752", "specification": "leadin", "source": "fd-00637", "placement": "ug", "length": 18.3, "duct_group": 2, "duct_assignment": "2" }, "geometry": { "type": "LineString", "coordinates": [ [ -119.282126207353869, 35.490473658004099 ], [ -119.282024810426222, 35.490616250093822 ] ] } },
{ "type": "Feature", "properties": { "id": "a-01169", "start_id": "fd-00638", "end_id": "fd-01743", "specification": "leadin", "source": "fd-00638", "placement": "ug", "length": 17.94, "duct_group": 2, "duct_assignment": "3" }, "geometry": { "type": "LineString", "coordinates": [ [ -119.282130213121576, 35.490330817054108 ], [ -119.282030060335302, 35.490191446190138 ] ] } },
{ "type": "Feature", "properties": { "id": "a-01170", "start_id": "fd-00638", "end_id": "fd-02089", "specification": "leadin", "source": "fd-00638", "placement": "ug", "length": 18.57, "duct_group": 2, "duct_assignment": "4" }, "geometry": { "type": "LineString", "coordinates": [ [ -119.282130213121576, 35.490330817054108 ], [ -119.28223676944134, 35.490187993487254 ] ] } },
{ "type": "Feature", "properties": { "id": "a-01171", "start_id": "fd-00639", "end_id": "fd-01755", "specification": "leadin", "source": "fd-00639", "placement": "ug", "length": 18.3, "duct_group": 2, "duct_assignment": "5" }, "geometry": { "type": "LineString", "coordinates": [ [ -119.28172314593057, 35.490472491858021 ], [ -119.281823279804783, 35.490615664024219 ] ] } },
{ "type": "Feature", "properties": { "id": "a-01172", "start_id": "fd-00640", "end_id": "fd-01740", "specification": "leadin", "source": "fd-00640", "placement": "ug", "length": 18.12, "duct_group": 2, "duct_assignment": "6" }, "geometry": { "type": "LineString", "coordinates": [ [ -119.281521613046266, 35.490473889542727 ], [ -119.281621777750203, 35.49061511439097 ] ] } },
{ "type": "Feature", "properties": { "id": "a-01173", "start_id": "fd-00640", "end_id": "fd-01774", "specification": "leadin", "source": "fd-00640", "placement": "ug", "length": 22.01, "duct_group": 2, "duct_assignment": "7" }, "geometry": { "type": "LineString", "coordinates": [ [ -119.281521613046266, 35.490473889542727 ], [ -119.281396635994938, 35.490643895998645 ] ] } },
{ "type": "Feature", "properties": { "id": "a-01174", "start_id": "fd-00641", "end_id": "fd-01754", "specification": "leadin", "source": "fd-00641", "placement": "ug", "length": 17.94, "duct_group": 2, "duct_assignment": "8" }, "geometry": { "type": "LineString", "coordinates": [ [ -119.281727151282652, 35.490329650031363 ], [ -119.281828529414895, 35.490190862131193 ] ] } },
{ "type": "Feature", "properties": { "id": "a-01175", "start_id": "fd-00642", "end_id": "fd-01773", "specification": "leadin", "source": "fd-00642", "placement": "ug", "length": 21.6, "duct_group": 2, "duct_assignment": "9" }, "geometry": { "type": "LineString", "coordinates": [ [ -119.28152563271243, 35.490327701658536 ], [ -119.281402234497747, 35.490161267552196 ] ] } },
{ "type": "Feature", "properties": { "id": "a-01176", "start_id": "fd-00642", "end_id": "fd-01735", "specification": "leadin", "source": "fd-00642", "placement": "ug", "length": 17.81, "duct_group": 2, "duct_assignment": "10" }, "geometry": { "type": "LineString", "coordinates": [ [ -119.28152563271243, 35.490327701658536 ], [ -119.28162701708483, 35.490190255499321 ] ] } },
{ "type": "Feature", "properties": { "id": "a-01177", "start_id": "fd-00643", "end_id": "fd-02432", "specification": "leadin", "source": "fd-00643", "placement": "ug", "length": 21.35, "duct_group": 2, "duct_assignment": "11" }, "geometry": { "type": "LineString", "coordinates": [ [ -119.28119128055188, 35.490390732623908 ], [ -119.280956409714904, 35.490402144605106 ] ] } },
{ "type": "Feature", "properties": { "id": "a-01178", "start_id": "fd-00644", "end_id": "fd-01771", "specification": "leadin", "source": "fd-00644", "placement": "ug", "length": 18.22, "duct_group": 3, "duct_assignment": "1" }, "geometry": { "type": "LineString", "coordinates": [ [ -119.282132695020636, 35.489768687555554 ], [ -119.282031300798337, 35.489910380876182 ] ] } },
{ "type": "Feature", "properties": { "id": "a-01179", "start_id": "fd-00644", "end_id": "fd-01770", "specification": "leadin", "source": "fd-00644", "placement": "ug", "length": 18.77, "duct_group": 3, "duct_assignment": "2" }, "geometry": { "type": "LineString", "coordinates": [ [ -119.282132695020636, 35.489768687555554 ], [ -119.282239879321651, 35.489913375034959 ] ] } },
{ "type": "Feature", "properties": { "id": "a-01180", "start_id": "fd-00645", "end_id": "fd-01772", "specification": "leadin", "source": "fd-00645", "placement": "ug", "length": 18.22, "duct_group": 3, "duct_assignment": "3" }, "geometry": { "type": "LineString", "coordinates": [ [ -119.281729630357674, 35.489767516091966 ], [ -119.281829769227798, 35.489909795582534 ] ] } },
{ "type": "Feature", "properties": { "id": "a-01181", "start_id": "fd-00645", "end_id": "fd-01761", "specification": "leadin", "source": "fd-00645", "placement": "ug", "length": 18.22, "duct_group": 3, "duct_assignment": "4" }, "geometry": { "type": "LineString", "coordinates": [ [ -119.281729630357674, 35.489767516091966 ], [ -119.281628248259395, 35.489909218441944 ] ] } },
{ "type": "Feature", "properties": { "id": "a-01182", "start_id": "fd-00646", "end_id": "fd-01778", "specification": "leadin", "source": "fd-00646", "placement": "ug", "length": 18.88, "duct_group": 3, "duct_assignment": "5" }, "geometry": { "type": "LineString", "coordinates": [ [ -119.281306463569237, 35.489815169673506 ], [ -119.281166358508628, 35.489940913610369 ] ] } },
{ "type": "Feature", "properties": { "id": "a-01183", "start_id": "fd-00646", "end_id": "fd-01777", "specification": "leadin", "source": "fd-00646", "placement": "ug", "length": 15.84, "duct_group": 3, "duct_assignment": "6" }, "geometry": { "type": "LineString", "coordinates": [ [ -119.281306463569237, 35.489815169673506 ], [ -119.281416072061987, 35.489926256563422 ] ] } },
{ "type": "Feature", "properties": { "id": "a-01184", "start_id": "fd-00647", "end_id": "fd-01780", "specification": "leadin", "source": "fd-00647", "placement": "ug", "length": 22.13, "duct_group": 3, "duct_assignment": "7" }, "geometry": { "type": "LineString", "coordinates": [ [ -119.281071733942994, 35.489709765808897 ], [ -119.280828188690791, 35.489719310826629 ] ] } },
{ "type": "Feature", "properties": { "id": "a-01185", "start_id": "fd-00647", "end_id": "fd-01776", "specification": "leadin", "source": "fd-00647", "placement": "ug", "length": 26.2, "duct_group": 3, "duct_assignment": "8" }, "geometry": { "type": "LineString", "coordinates": [ [ -119.281071733942994, 35.489709765808897 ], [ -119.280905902100798, 35.489903057967759 ] ] } },
{ "type": "Feature", "properties": { "id": "a-01186", "start_id": "fd-00648", "end_id": "fd-01779", "specification": "leadin", "source": "fd-00648", "placement": "ug", "length": 21.95, "duct_group": 3, "duct_assignment": "9" }, "geometry": { "type": "LineString", "coordinates": [ [ -119.281061082728883, 35.489411935877172 ], [ -119.280848023346707, 35.489505520447679 ] ] } },
{ "type": "Feature", "properties": { "id": "a-01187", "start_id": "fd-00648", "end_id": "fd-01762", "specification": "leadin", "source": "fd-00648", "placement": "ug", "length": 19.44, "duct_group": 3, "duct_assignment": "10" }, "geometry": { "type": "LineString", "coordinates": [ [ -119.281061082728883, 35.489411935877172 ], [ -119.280872455596651, 35.48932889449236 ] ] } },
{ "type": "Feature", "properties": { "id": "a-01188", "start_id": "fd-00649", "end_id": "fd-01759", "specification": "leadin", "source": "fd-00649", "placement": "ug", "length": 17.77, "duct_group": 3, "duct_assignment": "11" }, "geometry": { "type": "LineString", "coordinates": [ [ -119.281464991969301, 35.489069714856541 ], [ -119.281565143641416, 35.489207374163179 ] ] } },
{ "type": "Feature", "properties": { "id": "a-01189", "start_id": "fd-00649", "end_id": "fd-01760", "specification": "leadin", "source": "fd-00649", "placement": "ug", "length": 18.4, "duct_group": 3, "duct_assignment": "12" }, "geometry": { "type": "LineString", "coordinates": [ [ -119.281464991969301, 35.489069714856541 ], [ -119.281357951032092, 35.489210546878141 ] ] } },
{ "type": "Feature", "properties": { "id": "a-01190", "start_id": "fd-00650", "end_id": "fd-01665", "specification": "leadin", "source": "fd-00650", "placement": "ug", "length": 18.4, "duct_group": 4, "duct_assignment": "1" }, "geometry": { "type": "LineString", "coordinates": [ [ -119.281642231380175, 35.492471151985178 ], [ -119.281536443221242, 35.492329703785074 ] ] } },
{ "type": "Feature", "properties": { "id": "a-01191", "start_id": "fd-00651", "end_id": "fd-01673", "specification": "leadin", "source": "fd-00651", "placement": "ug", "length": 17.77, "duct_group": 4, "duct_assignment": "2" }, "geometry": { "type": "LineString", "coordinates": [ [ -119.281843774759679, 35.49247173888017 ], [ -119.281743609904524, 35.492334084736044 ] ] } },
{ "type": "Feature", "properties": { "id": "a-01192", "start_id": "fd-00651", "end_id": "fd-01668", "specification": "leadin", "source": "fd-00651", "placement": "ug", "length": 17.78, "duct_group": 4, "duct_assignment": "3" }, "geometry": { "type": "LineString", "coordinates": [ [ -119.281843774759679, 35.49247173888017 ], [ -119.281945151455488, 35.492334670898948 ] ] } },
{ "type": "Feature", "properties": { "id": "a-01193", "start_id": "fd-00652", "end_id": "fd-01669", "specification": "leadin", "source": "fd-00652", "placement": "ug", "length": 17.78, "duct_group": 4, "duct_assignment": "4" }, "geometry": { "type": "LineString", "coordinates": [ [ -119.282246862657459, 35.492472913469548 ], [ -119.282146694460877, 35.492335257720605 ] ] } },
{ "type": "Feature", "properties": { "id": "a-01194", "start_id": "fd-00652", "end_id": "fd-01670", "specification": "leadin", "source": "fd-00652", "placement": "ug", "length": 17.78, "duct_group": 4, "duct_assignment": "5" }, "geometry": { "type": "LineString", "coordinates": [ [ -119.282246862657459, 35.492472913469548 ], [ -119.282348239372823, 35.492335845515044 ] ] } },
{ "type": "Feature", "properties": { "id": "a-01195", "start_id": "fd-00653", "end_id": "fd-01671", "specification": "leadin", "source": "fd-00653", "placement": "ug", "length": 17.78, "duct_group": 4, "duct_assignment": "6" }, "geometry": { "type": "LineString", "coordinates": [ [ -119.282649956146955, 35.49247409118562 ], [ -119.282549787902724, 35.492336434718652 ] ] } },
{ "type": "Feature", "properties": { "id": "a-01196", "start_id": "fd-00653", "end_id": "fd-01672", "specification": "leadin", "source": "fd-00653", "placement": "ug", "length": 17.85, "duct_group": 4, "duct_assignment": "7" }, "geometry": { "type": "LineString", "coordinates": [ [ -119.282649956146955, 35.49247409118562 ], [ -119.282752389093076, 35.492336788403676 ] ] } },
{ "type": "Feature", "properties": { "id": "a-01197", "start_id": "fd-00654", "end_id": "fd-01681", "specification": "leadin", "source": "fd-00654", "placement": "ug", "length": 21.08, "duct_group": 4, "duct_assignment": "8" }, "geometry": { "type": "LineString", "coordinates": [ [ -119.283087565449961, 35.492475375053445 ], [ -119.282972031049624, 35.492310524728111 ] ] } },
{ "type": "Feature", "properties": { "id": "a-01198", "start_id": "fd-00654", "end_id": "fd-01696", "specification": "leadin", "source": "fd-00654", "placement": "ug", "length": 23.31, "duct_group": 4, "duct_assignment": "9" }, "geometry": { "type": "LineString", "coordinates": [ [ -119.283087565449961, 35.492475375053445 ], [ -119.283249167684374, 35.492312117391357 ] ] } },
{ "type": "Feature", "properties": { "id": "a-01199", "start_id": "fd-00655", "end_id": "fd-01889", "specification": "leadin", "source": "fd-00655", "placement": "ug", "length": 17.88, "duct_group": 5, "duct_assignment": "1" }, "geometry": { "type": "LineString", "coordinates": [ [ -119.281507449791235, 35.491756496228348 ], [ -119.281607646153688, 35.49161778123154 ] ] } },
{ "type": "Feature", "properties": { "id": "a-01200", "start_id": "fd-00655", "end_id": "fd-01692", "specification": "leadin", "source": "fd-00655", "placement": "ug", "length": 17.88, "duct_group": 5, "duct_assignment": "2" }, "geometry": { "type": "LineString", "coordinates": [ [ -119.281507449791235, 35.491756496228348 ], [ -119.281408503460611, 35.491617203765905 ] ] } },
{ "type": "Feature", "properties": { "id": "a-01201", "start_id": "fd-00656", "end_id": "fd-01891", "specification": "leadin", "source": "fd-00656", "placement": "ug", "length": 17.88, "duct_group": 5, "duct_assignment": "3" }, "geometry": { "type": "LineString", "coordinates": [ [ -119.281905745005147, 35.491757650665917 ], [ -119.281806792603007, 35.491618359036742 ] ] } },
{ "type": "Feature", "properties": { "id": "a-01202", "start_id": "fd-00657", "end_id": "fd-01892", "specification": "leadin", "source": "fd-00657", "placement": "ug", "length": 17.88, "duct_group": 5, "duct_assignment": "4" }, "geometry": { "type": "LineString", "coordinates": [ [ -119.282104898161251, 35.491758229596186 ], [ -119.282005942709304, 35.491618937482471 ] ] } },
{ "type": "Feature", "properties": { "id": "a-01203", "start_id": "fd-00657", "end_id": "fd-01893", "specification": "leadin", "source": "fd-00657", "placement": "ug", "length": 18.56, "duct_group": 5, "duct_assignment": "5" }, "geometry": { "type": "LineString", "coordinates": [ [ -119.282104898161251, 35.491758229596186 ], [ -119.282211988810687, 35.491615752752722 ] ] } },
{ "type": "Feature", "properties": { "id": "a-01204", "start_id": "fd-00658", "end_id": "fd-01885", "specification": "leadin", "source": "fd-00658", "placement": "ug", "length": 17.93, "duct_group": 5, "duct_assignment": "6" }, "geometry": { "type": "LineString", "coordinates": [ [ -119.2825271225812, 35.491237229654828 ], [ -119.282696802214886, 35.491320087897158 ] ] } },
{ "type": "Feature", "properties": { "id": "a-01205", "start_id": "fd-00658", "end_id": "fd-01746", "specification": "leadin", "source": "fd-00658", "placement": "ug", "length": 17.99, "duct_group": 5, "duct_assignment": "7" }, "geometry": { "type": "LineString", "coordinates": [ [ -119.2825271225812, 35.491237229654828 ], [ -119.282698193276403, 35.491155261943483 ] ] } },
{ "type": "Feature", "properties": { "id": "a-01206", "start_id": "fd-00659", "end_id": "fd-01745", "specification": "leadin", "source": "fd-00659", "placement": "ug", "length": 18.04, "duct_group": 5, "duct_assignment": "8" }, "geometry": { "type": "LineString", "coordinates": [ [ -119.282528589964812, 35.490907575616951 ], [ -119.282699583944918, 35.490990435683678 ] ] } },
{ "type": "Feature", "properties": { "id": "a-01207", "start_id": "fd-00659", "end_id": "fd-01744", "specification": "leadin", "source": "fd-00659", "placement": "ug", "length": 18.1, "duct_group": 5, "duct_assignment": "9" }, "geometry": { "type": "LineString", "coordinates": [ [ -119.282528589964812, 35.490907575616951 ], [ -119.282700975266479, 35.490825609207519 ] ] } },
{ "type": "Feature", "properties": { "id": "a-01208", "start_id": "fd-00660", "end_id": "fd-01775", "specification": "leadin", "source": "fd-00660", "placement": "ug", "length": 18.65, "duct_group": 5, "duct_assignment": "10" }, "geometry": { "type": "LineString", "coordinates": [ [ -119.282515887994009, 35.49074270896709 ], [ -119.282695623521107, 35.490661291037718 ] ] } },
{ "type": "Feature", "properties": { "id": "a-01209", "start_id": "fd-00661", "end_id": "fd-01750", "specification": "leadin", "source": "fd-00661", "placement": "ug", "length": 18.65, "duct_group": 5, "duct_assignment": "11" }, "geometry": { "type": "LineString", "coordinates": [ [ -119.282519987452559, 35.49041306435501 ], [ -119.28269801511874, 35.490496946591726 ] ] } },
{ "type": "Feature", "properties": { "id": "a-01210", "start_id": "fd-00661", "end_id": "fd-01751", "specification": "leadin", "source": "fd-00661", "placement": "ug", "length": 18.65, "duct_group": 5, "duct_assignment": "12" }, "geometry": { "type": "LineString", "coordinates": [ [ -119.282519987452559, 35.49041306435501 ], [ -119.282700064879961, 35.490332125391397 ] ] } },
{ "type": "Feature", "properties": { "id": "a-01211", "start_id": "fd-00662", "end_id": "fd-02364", "specification": "leadin", "source": "fd-00662", "placement": "ug", "length": 23.26, "duct_group": 0, "duct_assignment": "1" }, "geometry": { "type": "LineString", "coordinates": [ [ -119.282377363009957, 35.506075008953374 ], [ -119.282485415335955, 35.505884922628937 ] ] } },
{ "type": "Feature", "properties": { "id": "a-01212", "start_id": "fd-00663", "end_id": "fd-02362", "specification": "leadin", "source": "fd-00663", "placement": "ug", "length": 23.07, "duct_group": 0, "duct_assignment": "2" }, "geometry": { "type": "LineString", "coordinates": [ [ -119.2821500544309, 35.506074784180001 ], [ -119.282036624877918, 35.505888730597867 ] ] } },
{ "type": "Feature", "properties": { "id": "a-01213", "start_id": "fd-00663", "end_id": "fd-02363", "specification": "leadin", "source": "fd-00663", "placement": "ug", "length": 23.05, "duct_group": 0, "duct_assignment": "3" }, "geometry": { "type": "LineString", "coordinates": [ [ -119.2821500544309, 35.506074784180001 ], [ -119.282263940194966, 35.505889052777377 ] ] } },
{ "type": "Feature", "properties": { "id": "a-01214", "start_id": "fd-00664", "end_id": "fd-02360", "specification": "leadin", "source": "fd-00664", "placement": "ug", "length": 23.09, "duct_group": 0, "duct_assignment": "4" }, "geometry": { "type": "LineString", "coordinates": [ [ -119.281695352983959, 35.506074229691869 ], [ -119.281581922830028, 35.505887999503237 ] ] } },
{ "type": "Feature", "properties": { "id": "a-01215", "start_id": "fd-00664", "end_id": "fd-02361", "specification": "leadin", "source": "fd-00664", "placement": "ug", "length": 23.07, "duct_group": 0, "duct_assignment": "5" }, "geometry": { "type": "LineString", "coordinates": [ [ -119.281695352983959, 35.506074229691869 ], [ -119.281809282940046, 35.505888376054806 ] ] } },
{ "type": "Feature", "properties": { "id": "a-01216", "start_id": "fd-00664", "end_id": "fd-01147", "specification": "leadin", "source": "fd-00664", "placement": "ug", "length": 39.42, "duct_group": 0, "duct_assignment": "6" }, "geometry": { "type": "LineString", "coordinates": [ [ -119.281695352983959, 35.506074229691869 ], [ -119.281661283512065, 35.506428379875388 ] ] } },
{ "type": "Feature", "properties": { "id": "a-01217", "start_id": "fd-00665", "end_id": "fd-02359", "specification": "leadin", "source": "fd-00665", "placement": "ug", "length": 23.08, "duct_group": 0, "duct_assignment": "7" }, "geometry": { "type": "LineString", "coordinates": [ [ -119.281240577325235, 35.506073579651236 ], [ -119.281354542499884, 35.505887600279593 ] ] } },
{ "type": "Feature", "properties": { "id": "a-01218", "start_id": "fd-00665", "end_id": "fd-02358", "specification": "leadin", "source": "fd-00665", "placement": "ug", "length": 23.1, "duct_group": 0, "duct_assignment": "8" }, "geometry": { "type": "LineString", "coordinates": [ [ -119.281240577325235, 35.506073579651236 ], [ -119.281127132470445, 35.505887172623879 ] ] } },
{ "type": "Feature", "properties": { "id": "a-01219", "start_id": "fd-00665", "end_id": "fd-01032", "specification": "leadin", "source": "fd-00665", "placement": "ug", "length": 63.34, "duct_group": 0, "duct_assignment": "9" }, "geometry": { "type": "LineString", "coordinates": [ [ -119.281240577325235, 35.506073579651236 ], [ -119.281069234051998, 35.506626900178929 ] ] } },
{ "type": "Feature", "properties": { "id": "a-01220", "start_id": "fd-00666", "end_id": "fd-02357", "specification": "leadin", "source": "fd-00666", "placement": "ug", "length": 23.1, "duct_group": 0, "duct_assignment": "10" }, "geometry": { "type": "LineString", "coordinates": [ [ -119.280785630542965, 35.506072769266765 ], [ -119.280899664886689, 35.505886694352647 ] ] } },
{ "type": "Feature", "properties": { "id": "a-01221", "start_id": "fd-00666", "end_id": "fd-02356", "specification": "leadin", "source": "fd-00666", "placement": "ug", "length": 23.25, "duct_group": 0, "duct_assignment": "11" }, "geometry": { "type": "LineString", "coordinates": [ [ -119.280785630542965, 35.506072769266765 ], [ -119.280677603752011, 35.50588274788052 ] ] } },
{ "type": "Feature", "properties": { "id": "a-01222", "start_id": "fd-00667", "end_id": "fd-02339", "specification": "leadin", "source": "fd-00667", "placement": "ug", "length": 22.7, "duct_group": 1, "duct_assignment": "1" }, "geometry": { "type": "LineString", "coordinates": [ [ -119.282210207625511, 35.506217694131799 ], [ -119.282073837106481, 35.506389243090041 ] ] } },
{ "type": "Feature", "properties": { "id": "a-01223", "start_id": "fd-00667", "end_id": "fd-01148", "specification": "leadin", "source": "fd-00667", "placement": "ug", "length": 40.5, "duct_group": 1, "duct_assignment": "2" }, "geometry": { "type": "LineString", "coordinates": [ [ -119.282210207625511, 35.506217694131799 ], [ -119.281846332010176, 35.506429049213693 ] ] } },
{ "type": "Feature", "properties": { "id": "a-01224", "start_id": "fd-00667", "end_id": "fd-02338", "specification": "leadin", "source": "fd-00667", "placement": "ug", "length": 24.7, "duct_group": 1, "duct_assignment": "3" }, "geometry": { "type": "LineString", "coordinates": [ [ -119.282210207625511, 35.506217694131799 ], [ -119.282384304343637, 35.506388768338489 ] ] } },
{ "type": "Feature", "properties": { "id": "a-01225", "start_id": "fd-00668", "end_id": "fd-02340", "specification": "leadin", "source": "fd-00668", "placement": "ug", "length": 21.23, "duct_group": 2, "duct_assignment": "1" }, "geometry": { "type": "LineString", "coordinates": [ [ -119.282767396003976, 35.506320382702654 ], [ -119.282975382417931, 35.506407960426756 ] ] } },
{ "type": "Feature", "properties": { "id": "a-01226", "start_id": "fd-00668", "end_id": "fd-02342", "specification": "leadin", "source": "fd-00668", "placement": "ug", "length": 32.83, "duct_group": 2, "duct_assignment": "2" }, "geometry": { "type": "LineString", "coordinates": [ [ -119.282767396003976, 35.506320382702654 ], [ -119.282969074270355, 35.506074749432955 ] ] } },
{ "type": "Feature", "properties": { "id": "a-01227", "start_id": "fd-00668", "end_id": "fd-02343", "specification": "leadin", "source": "fd-00668", "placement": "ug", "length": 49.14, "duct_group": 2, "duct_assignment": "3" }, "geometry": { "type": "LineString", "coordinates": [ [ -119.282767396003976, 35.506320382702654 ], [ -119.282970814302473, 35.505909923579516 ] ] } },
{ "type": "Feature", "properties": { "id": "a-01228", "start_id": "fd-00668", "end_id": "fd-02341", "specification": "leadin", "source": "fd-00668", "placement": "ug", "length": 20.24, "duct_group": 2, "duct_assignment": "4" }, "geometry": { "type": "LineString", "coordinates": [ [ -119.282767396003976, 35.506320382702654 ], [ -119.282967336333286, 35.506239575070424 ] ] } },
{ "type": "Feature", "properties": { "id": "a-01229", "start_id": "fd-00669", "end_id": "fd-02347", "specification": "leadin", "source": "fd-00669", "placement": "ug", "length": 24.54, "duct_group": 3, "duct_assignment": "1" }, "geometry": { "type": "LineString", "coordinates": [ [ -119.282379121893968, 35.505301586842478 ], [ -119.282489169842748, 35.505503566365135 ] ] } },
{ "type": "Feature", "properties": { "id": "a-01230", "start_id": "fd-00669", "end_id": "fd-02348", "specification": "leadin", "source": "fd-00669", "placement": "ug", "length": 24.56, "duct_group": 3, "duct_assignment": "2" }, "geometry": { "type": "LineString", "coordinates": [ [ -119.282379121893968, 35.505301586842478 ], [ -119.282264830436091, 35.505502264852908 ] ] } },
{ "type": "Feature", "properties": { "id": "a-01231", "start_id": "fd-00670", "end_id": "fd-02349", "specification": "leadin", "source": "fd-00670", "placement": "ug", "length": 24.57, "duct_group": 3, "duct_assignment": "3" }, "geometry": { "type": "LineString", "coordinates": [ [ -119.282151853643512, 35.505301054305527 ], [ -119.2820375336388, 35.505501788598295 ] ] } },
{ "type": "Feature", "properties": { "id": "a-01232", "start_id": "fd-00671", "end_id": "fd-02350", "specification": "leadin", "source": "fd-00671", "placement": "ug", "length": 24.59, "duct_group": 3, "duct_assignment": "4" }, "geometry": { "type": "LineString", "coordinates": [ [ -119.281697216439923, 35.505299891672863 ], [ -119.281810207749658, 35.505501282783634 ] ] } },
{ "type": "Feature", "properties": { "id": "a-01233", "start_id": "fd-00671", "end_id": "fd-02351", "specification": "leadin", "source": "fd-00671", "placement": "ug", "length": 24.59, "duct_group": 3, "duct_assignment": "5" }, "geometry": { "type": "LineString", "coordinates": [ [ -119.281697216439923, 35.505299891672863 ], [ -119.281582862492598, 35.505500755753992 ] ] } },
{ "type": "Feature", "properties": { "id": "a-01234", "start_id": "fd-00672", "end_id": "fd-02352", "specification": "leadin", "source": "fd-00672", "placement": "ug", "length": 24.6, "duct_group": 3, "duct_assignment": "6" }, "geometry": { "type": "LineString", "coordinates": [ [ -119.281242498671958, 35.505298649779029 ], [ -119.281355496534459, 35.505500209339431 ] ] } },
{ "type": "Feature", "properties": { "id": "a-01235", "start_id": "fd-00672", "end_id": "fd-02353", "specification": "leadin", "source": "fd-00672", "placement": "ug", "length": 24.6, "duct_group": 3, "duct_assignment": "7" }, "geometry": { "type": "LineString", "coordinates": [ [ -119.281242498671958, 35.505298649779029 ], [ -119.281128100630099, 35.505499635383856 ] ] } },
{ "type": "Feature", "properties": { "id": "a-01236", "start_id": "fd-00673", "end_id": "fd-02355", "specification": "leadin", "source": "fd-00673", "placement": "ug", "length": 24.58, "duct_group": 3, "duct_assignment": "8" }, "geometry": { "type": "LineString", "coordinates": [ [ -119.280787607640463, 35.505297251169729 ], [ -119.280678857125793, 35.505500142770678 ] ] } },
{ "type": "Feature", "properties": { "id": "a-01237", "start_id": "fd-00673", "end_id": "fd-02354", "specification": "leadin", "source": "fd-00673", "placement": "ug", "length": 24.63, "duct_group": 3, "duct_assignment": "9" }, "geometry": { "type": "LineString", "coordinates": [ [ -119.280787607640463, 35.505297251169729 ], [ -119.280900647168338, 35.505499009902465 ] ] } },
{ "type": "Feature", "properties": { "id": "a-01238", "start_id": "fd-00674", "end_id": "fd-02337", "specification": "leadin", "source": "fd-00674", "placement": "ug", "length": 39.14, "duct_group": 4, "duct_assignment": "1" }, "geometry": { "type": "LineString", "coordinates": [ [ -119.282584291371194, 35.506561352905798 ], [ -119.282216911834894, 35.506746248201814 ] ] } },
{ "type": "Feature", "properties": { "id": "a-01239", "start_id": "fd-00675", "end_id": "fd-02336", "specification": "leadin", "source": "fd-00675", "placement": "ug", "length": 27.49, "duct_group": 4, "duct_assignment": "2" }, "geometry": { "type": "LineString", "coordinates": [ [ -119.282786310487467, 35.506679758460145 ], [ -119.282562147818581, 35.506846387971017 ] ] } },
{ "type": "Feature", "properties": { "id": "a-01240", "start_id": "fd-00675", "end_id": "fd-02335", "specification": "leadin", "source": "fd-00675", "placement": "ug", "length": 19.57, "duct_group": 4, "duct_assignment": "3" }, "geometry": { "type": "LineString", "coordinates": [ [ -119.282786310487467, 35.506679758460145 ], [ -119.28283795629028, 35.506850998019573 ] ] } },
{ "type": "Feature", "properties": { "id": "a-01241", "start_id": "fd-00676", "end_id": "fd-02334", "specification": "leadin", "source": "fd-00676", "placement": "ug", "length": 21.04, "duct_group": 4, "duct_assignment": "4" }, "geometry": { "type": "LineString", "coordinates": [ [ -119.28313714845055, 35.506644927220663 ], [ -119.283042498067203, 35.506817985821172 ] ] } },
{ "type": "Feature", "properties": { "id": "a-01242", "start_id": "fd-00677", "end_id": "fd-02333", "specification": "leadin", "source": "fd-00677", "placement": "ug", "length": 21.26, "duct_group": 4, "duct_assignment": "5" }, "geometry": { "type": "LineString", "coordinates": [ [ -119.283338972821298, 35.506645466725729 ], [ -119.283237610602285, 35.506818227475797 ] ] } },
{ "type": "Feature", "properties": { "id": "a-01243", "start_id": "fd-00677", "end_id": "fd-02332", "specification": "leadin", "source": "fd-00677", "placement": "ug", "length": 21.43, "duct_group": 4, "duct_assignment": "6" }, "geometry": { "type": "LineString", "coordinates": [ [ -119.283338972821298, 35.506645466725729 ], [ -119.283444070466018, 35.506818398232546 ] ] } },
{ "type": "Feature", "properties": { "id": "a-01244", "start_id": "fd-00678", "end_id": "fd-01996", "specification": "leadin", "source": "fd-00678", "placement": "ug", "length": 24.82, "duct_group": 0, "duct_assignment": "1" }, "geometry": { "type": "LineString", "coordinates": [ [ -119.280081106785573, 35.492315518306803 ], [ -119.280341682554834, 35.492247600843399 ] ] } },
{ "type": "Feature", "properties": { "id": "a-01245", "start_id": "fd-00679", "end_id": "fd-02085", "specification": "leadin", "source": "fd-00679", "placement": "ug", "length": 17.85, "duct_group": 0, "duct_assignment": "2" }, "geometry": { "type": "LineString", "coordinates": [ [ -119.280270866815101, 35.491195264766077 ], [ -119.280179610794562, 35.491337729900465 ] ] } },
{ "type": "Feature", "properties": { "id": "a-01246", "start_id": "fd-00679", "end_id": "fd-01914", "specification": "leadin", "source": "fd-00679", "placement": "ug", "length": 18.48, "duct_group": 0, "duct_assignment": "3" }, "geometry": { "type": "LineString", "coordinates": [ [ -119.280270866815101, 35.491195264766077 ], [ -119.280380867280002, 35.491335390207787 ] ] } },
{ "type": "Feature", "properties": { "id": "a-01247", "start_id": "fd-00680", "end_id": "fd-01894", "specification": "leadin", "source": "fd-00680", "placement": "ug", "length": 18.51, "duct_group": 0, "duct_assignment": "4" }, "geometry": { "type": "LineString", "coordinates": [ [ -119.280492124146463, 35.491195909877341 ], [ -119.280602035978561, 35.491336433372275 ] ] } },
{ "type": "Feature", "properties": { "id": "a-01248", "start_id": "fd-00681", "end_id": "fd-01880", "specification": "leadin", "source": "fd-00681", "placement": "ug", "length": 17.88, "duct_group": 0, "duct_assignment": "5" }, "geometry": { "type": "LineString", "coordinates": [ [ -119.280912540537003, 35.491198733521266 ], [ -119.281011481480746, 35.491338032632704 ] ] } },
{ "type": "Feature", "properties": { "id": "a-01249", "start_id": "fd-00681", "end_id": "fd-01884", "specification": "leadin", "source": "fd-00681", "placement": "ug", "length": 17.88, "duct_group": 0, "duct_assignment": "6" }, "geometry": { "type": "LineString", "coordinates": [ [ -119.280912540537003, 35.491198733521266 ], [ -119.280812349693704, 35.491337448084764 ] ] } },
{ "type": "Feature", "properties": { "id": "a-01250", "start_id": "fd-00682", "end_id": "fd-01881", "specification": "leadin", "source": "fd-00682", "placement": "ug", "length": 17.88, "duct_group": 0, "duct_assignment": "7" }, "geometry": { "type": "LineString", "coordinates": [ [ -119.281111673626825, 35.49119931605879 ], [ -119.281210615655382, 35.491338613550063 ] ] } },
{ "type": "Feature", "properties": { "id": "a-01251", "start_id": "fd-00683", "end_id": "fd-01883", "specification": "leadin", "source": "fd-00683", "placement": "ug", "length": 17.88, "duct_group": 0, "duct_assignment": "8" }, "geometry": { "type": "LineString", "coordinates": [ [ -119.281509946384574, 35.491200477393349 ], [ -119.281608893242449, 35.491339772623526 ] ] } },
{ "type": "Feature", "properties": { "id": "a-01252", "start_id": "fd-00683", "end_id": "fd-01882", "specification": "leadin", "source": "fd-00683", "placement": "ug", "length": 17.88, "duct_group": 0, "duct_assignment": "9" }, "geometry": { "type": "LineString", "coordinates": [ [ -119.281509946384574, 35.491200477393349 ], [ -119.281409752741425, 35.491339193190541 ] ] } },
{ "type": "Feature", "properties": { "id": "a-01253", "start_id": "fd-00684", "end_id": "fd-01887", "specification": "leadin", "source": "fd-00684", "placement": "ug", "length": 17.88, "duct_group": 0, "duct_assignment": "10" }, "geometry": { "type": "LineString", "coordinates": [ [ -119.281908232377177, 35.491201637299376 ], [ -119.282007185460259, 35.491340930770704 ] ] } },
{ "type": "Feature", "properties": { "id": "a-01254", "start_id": "fd-00684", "end_id": "fd-01886", "specification": "leadin", "source": "fd-00684", "placement": "ug", "length": 17.88, "duct_group": 0, "duct_assignment": "11" }, "geometry": { "type": "LineString", "coordinates": [ [ -119.281908232377177, 35.491201637299376 ], [ -119.281808037389339, 35.491340351539471 ] ] } },
{ "type": "Feature", "properties": { "id": "a-01255", "start_id": "fd-00685", "end_id": "fd-01888", "specification": "leadin", "source": "fd-00685", "placement": "ug", "length": 18.56, "duct_group": 0, "duct_assignment": "12" }, "geometry": { "type": "LineString", "coordinates": [ [ -119.28210738199644, 35.491202217149969 ], [ -119.282213194753638, 35.491345315550738 ] ] } },
{ "type": "Feature", "properties": { "id": "a-01256", "start_id": "fd-00686", "end_id": "fd-02003", "specification": "leadin", "source": "fd-00686", "placement": "ug", "length": 17.72, "duct_group": 1, "duct_assignment": "1" }, "geometry": { "type": "LineString", "coordinates": [ [ -119.27990650411725, 35.492310912652506 ], [ -119.279730511077332, 35.492241715337329 ] ] } },
{ "type": "Feature", "properties": { "id": "a-01257", "start_id": "fd-00686", "end_id": "fd-02040", "specification": "leadin", "source": "fd-00686", "placement": "ug", "length": 18.43, "duct_group": 1, "duct_assignment": "2" }, "geometry": { "type": "LineString", "coordinates": [ [ -119.27990650411725, 35.492310912652506 ], [ -119.279724407965332, 35.492384541517609 ] ] } },
{ "type": "Feature", "properties": { "id": "a-01258", "start_id": "fd-00687", "end_id": "fd-02002", "specification": "leadin", "source": "fd-00687", "placement": "ug", "length": 17.72, "duct_group": 1, "duct_assignment": "3" }, "geometry": { "type": "LineString", "coordinates": [ [ -119.279907734131939, 35.49203619405462 ], [ -119.279731123066313, 35.492104355623013 ] ] } },
{ "type": "Feature", "properties": { "id": "a-01259", "start_id": "fd-00687", "end_id": "fd-02001", "specification": "leadin", "source": "fd-00687", "placement": "ug", "length": 17.72, "duct_group": 1, "duct_assignment": "4" }, "geometry": { "type": "LineString", "coordinates": [ [ -119.279907734131939, 35.49203619405462 ], [ -119.279731737243551, 35.491966995499283 ] ] } },
{ "type": "Feature", "properties": { "id": "a-01260", "start_id": "fd-00688", "end_id": "fd-01683", "specification": "leadin", "source": "fd-00688", "placement": "ug", "length": 16.9, "duct_group": 1, "duct_assignment": "5" }, "geometry": { "type": "LineString", "coordinates": [ [ -119.280267660455408, 35.491906729055628 ], [ -119.280351002936129, 35.492042960324866 ] ] } },
{ "type": "Feature", "properties": { "id": "a-01261", "start_id": "fd-00688", "end_id": "fd-02083", "specification": "leadin", "source": "fd-00688", "placement": "ug", "length": 17.47, "duct_group": 1, "duct_assignment": "6" }, "geometry": { "type": "LineString", "coordinates": [ [ -119.280267660455408, 35.491906729055628 ], [ -119.280176469744461, 35.492045369457102 ] ] } },
{ "type": "Feature", "properties": { "id": "a-01262", "start_id": "fd-00689", "end_id": "fd-02084", "specification": "leadin", "source": "fd-00689", "placement": "ug", "length": 18.31, "duct_group": 1, "duct_assignment": "7" }, "geometry": { "type": "LineString", "coordinates": [ [ -119.280268306651578, 35.491763874603649 ], [ -119.280178299829473, 35.491616167570598 ] ] } },
{ "type": "Feature", "properties": { "id": "a-01263", "start_id": "fd-00689", "end_id": "fd-01684", "specification": "leadin", "source": "fd-00689", "placement": "ug", "length": 18.92, "duct_group": 1, "duct_assignment": "8" }, "geometry": { "type": "LineString", "coordinates": [ [ -119.280268306651578, 35.491763874603649 ], [ -119.280379586138295, 35.491619696033808 ] ] } },
{ "type": "Feature", "properties": { "id": "a-01264", "start_id": "fd-00690", "end_id": "fd-01698", "specification": "leadin", "source": "fd-00690", "placement": "ug", "length": 18.19, "duct_group": 1, "duct_assignment": "9" }, "geometry": { "type": "LineString", "coordinates": [ [ -119.280710903475807, 35.491754183021818 ], [ -119.280599801909162, 35.491617746171571 ] ] } },
{ "type": "Feature", "properties": { "id": "a-01265", "start_id": "fd-00690", "end_id": "fd-01693", "specification": "leadin", "source": "fd-00690", "placement": "ug", "length": 17.88, "duct_group": 1, "duct_assignment": "10" }, "geometry": { "type": "LineString", "coordinates": [ [ -119.280710903475807, 35.491754183021818 ], [ -119.280811096736585, 35.491615466467117 ] ] } },
{ "type": "Feature", "properties": { "id": "a-01266", "start_id": "fd-00691", "end_id": "fd-01691", "specification": "leadin", "source": "fd-00691", "placement": "ug", "length": 17.88, "duct_group": 1, "duct_assignment": "11" }, "geometry": { "type": "LineString", "coordinates": [ [ -119.281109168942208, 35.491755342153269 ], [ -119.281209364568284, 35.491616625821152 ] ] } },
{ "type": "Feature", "properties": { "id": "a-01267", "start_id": "fd-00691", "end_id": "fd-01690", "specification": "leadin", "source": "fd-00691", "placement": "ug", "length": 17.88, "duct_group": 1, "duct_assignment": "12" }, "geometry": { "type": "LineString", "coordinates": [ [ -119.281109168942208, 35.491755342153269 ], [ -119.281010228765481, 35.49161604680323 ] ] } },
{ "type": "Feature", "properties": { "id": "a-01268", "start_id": "fd-00692", "end_id": "fd-02087", "specification": "leadin", "source": "fd-00692", "placement": "ug", "length": 18.38, "duct_group": 2, "duct_assignment": "1" }, "geometry": { "type": "LineString", "coordinates": [ [ -119.279910819503101, 35.491349391012818 ], [ -119.279731356427348, 35.491272663117783 ] ] } },
{ "type": "Feature", "properties": { "id": "a-01269", "start_id": "fd-00693", "end_id": "fd-01852", "specification": "leadin", "source": "fd-00693", "placement": "ug", "length": 17.24, "duct_group": 2, "duct_assignment": "2" }, "geometry": { "type": "LineString", "coordinates": [ [ -119.280356812582141, 35.491052658290677 ], [ -119.280441945281538, 35.490913741867701 ] ] } },
{ "type": "Feature", "properties": { "id": "a-01270", "start_id": "fd-00693", "end_id": "fd-01853", "specification": "leadin", "source": "fd-00693", "placement": "ug", "length": 17.04, "duct_group": 2, "duct_assignment": "3" }, "geometry": { "type": "LineString", "coordinates": [ [ -119.280356812582141, 35.491052658290677 ], [ -119.280273461541611, 35.490915052045445 ] ] } },
{ "type": "Feature", "properties": { "id": "a-01271", "start_id": "fd-00694", "end_id": "fd-01787", "specification": "leadin", "source": "fd-00694", "placement": "ug", "length": 16.6, "duct_group": 2, "duct_assignment": "4" }, "geometry": { "type": "LineString", "coordinates": [ [ -119.280714151173612, 35.491033309617734 ], [ -119.2806222875911, 35.490903975151511 ] ] } },
{ "type": "Feature", "properties": { "id": "a-01272", "start_id": "fd-00694", "end_id": "fd-01741", "specification": "leadin", "source": "fd-00694", "placement": "ug", "length": 17.88, "duct_group": 2, "duct_assignment": "5" }, "geometry": { "type": "LineString", "coordinates": [ [ -119.280714151173612, 35.491033309617734 ], [ -119.280814339122927, 35.490894599143246 ] ] } },
{ "type": "Feature", "properties": { "id": "a-01273", "start_id": "fd-00695", "end_id": "fd-01736", "specification": "leadin", "source": "fd-00695", "placement": "ug", "length": 17.88, "duct_group": 2, "duct_assignment": "6" }, "geometry": { "type": "LineString", "coordinates": [ [ -119.281112413400464, 35.491034484961233 ], [ -119.28101346977266, 35.490895185346332 ] ] } },
{ "type": "Feature", "properties": { "id": "a-01274", "start_id": "fd-00695", "end_id": "fd-01737", "specification": "leadin", "source": "fd-00695", "placement": "ug", "length": 17.88, "duct_group": 2, "duct_assignment": "7" }, "geometry": { "type": "LineString", "coordinates": [ [ -119.281112413400464, 35.491034484961233 ], [ -119.281212602860236, 35.490895768565743 ] ] } },
{ "type": "Feature", "properties": { "id": "a-01275", "start_id": "fd-00696", "end_id": "fd-01738", "specification": "leadin", "source": "fd-00696", "placement": "ug", "length": 17.88, "duct_group": 2, "duct_assignment": "8" }, "geometry": { "type": "LineString", "coordinates": [ [ -119.281510684285763, 35.491035648107378 ], [ -119.281411738256296, 35.490896351078973 ] ] } },
{ "type": "Feature", "properties": { "id": "a-01276", "start_id": "fd-00696", "end_id": "fd-01739", "specification": "leadin", "source": "fd-00696", "placement": "ug", "length": 17.88, "duct_group": 2, "duct_assignment": "9" }, "geometry": { "type": "LineString", "coordinates": [ [ -119.281510684285763, 35.491035648107378 ], [ -119.281610876957686, 35.490896932896604 ] ] } },
{ "type": "Feature", "properties": { "id": "a-01277", "start_id": "fd-00697", "end_id": "fd-01747", "specification": "leadin", "source": "fd-00697", "placement": "ug", "length": 17.88, "duct_group": 2, "duct_assignment": "10" }, "geometry": { "type": "LineString", "coordinates": [ [ -119.281908969507867, 35.491036809813536 ], [ -119.281810019283739, 35.490897514096751 ] ] } },
{ "type": "Feature", "properties": { "id": "a-01278", "start_id": "fd-00698", "end_id": "fd-01748", "specification": "leadin", "source": "fd-00698", "placement": "ug", "length": 17.88, "duct_group": 2, "duct_assignment": "11" }, "geometry": { "type": "LineString", "coordinates": [ [ -119.282108118727848, 35.491037389663035 ], [ -119.282009165403338, 35.490898095671426 ] ] } },
{ "type": "Feature", "properties": { "id": "a-01279", "start_id": "fd-00698", "end_id": "fd-01749", "specification": "leadin", "source": "fd-00698", "placement": "ug", "length": 18.56, "duct_group": 2, "duct_assignment": "12" }, "geometry": { "type": "LineString", "coordinates": [ [ -119.282108118727848, 35.491037389663035 ], [ -119.282215203762405, 35.490894911857893 ] ] } },
{ "type": "Feature", "properties": { "id": "a-01280", "start_id": "fd-00699", "end_id": "fd-01994", "specification": "leadin", "source": "fd-00699", "placement": "ug", "length": 24.67, "duct_group": 3, "duct_assignment": "1" }, "geometry": { "type": "LineString", "coordinates": [ [ -119.280600938262964, 35.492468136063927 ], [ -119.280346863144047, 35.492389103141583 ] ] } },
{ "type": "Feature", "properties": { "id": "a-01281", "start_id": "fd-00699", "end_id": "fd-01667", "specification": "leadin", "source": "fd-00699", "placement": "ug", "length": 17.78, "duct_group": 3, "duct_assignment": "2" }, "geometry": { "type": "LineString", "coordinates": [ [ -119.280600938262964, 35.492468136063927 ], [ -119.280702336920797, 35.492331071251868 ] ] } },
{ "type": "Feature", "properties": { "id": "a-01282", "start_id": "fd-00700", "end_id": "fd-01960", "specification": "leadin", "source": "fd-00700", "placement": "ug", "length": 18.95, "duct_group": 3, "duct_assignment": "3" }, "geometry": { "type": "LineString", "coordinates": [ [ -119.280378007316926, 35.492712929439136 ], [ -119.280280393218462, 35.492863853125577 ] ] } },
{ "type": "Feature", "properties": { "id": "a-01283", "start_id": "fd-00700", "end_id": "fd-01995", "specification": "leadin", "source": "fd-00700", "placement": "ug", "length": 19.54, "duct_group": 3, "duct_assignment": "4" }, "geometry": { "type": "LineString", "coordinates": [ [ -119.280378007316926, 35.492712929439136 ], [ -119.280473146917245, 35.492870869797514 ] ] } },
{ "type": "Feature", "properties": { "id": "a-01284", "start_id": "fd-00701", "end_id": "fd-02039", "specification": "leadin", "source": "fd-00701", "placement": "ug", "length": 18.95, "duct_group": 3, "duct_assignment": "5" }, "geometry": { "type": "LineString", "coordinates": [ [ -119.279995102071439, 35.49271181343142 ], [ -119.279897487862115, 35.492862737088053 ] ] } },
{ "type": "Feature", "properties": { "id": "a-01285", "start_id": "fd-00701", "end_id": "fd-01969", "specification": "leadin", "source": "fd-00701", "placement": "ug", "length": 18.84, "duct_group": 3, "duct_assignment": "6" }, "geometry": { "type": "LineString", "coordinates": [ [ -119.279995102071439, 35.49271181343142 ], [ -119.280088940486024, 35.492863295407737 ] ] } },
{ "type": "Feature", "properties": { "id": "a-01286", "start_id": "fd-00702", "end_id": "fd-02042", "specification": "leadin", "source": "fd-00702", "placement": "ug", "length": 18.88, "duct_group": 3, "duct_assignment": "7" }, "geometry": { "type": "LineString", "coordinates": [ [ -119.279612195734416, 35.492710696242263 ], [ -119.27951626136506, 35.492861624856495 ] ] } },
{ "type": "Feature", "properties": { "id": "a-01287", "start_id": "fd-00702", "end_id": "fd-02041", "specification": "leadin", "source": "fd-00702", "placement": "ug", "length": 18.84, "duct_group": 3, "duct_assignment": "8" }, "geometry": { "type": "LineString", "coordinates": [ [ -119.279612195734416, 35.492710696242263 ], [ -119.27970603479379, 35.4928621784981 ] ] } },
{ "type": "Feature", "properties": { "id": "a-01288", "start_id": "fd-00703", "end_id": "fd-02043", "specification": "leadin", "source": "fd-00703", "placement": "ug", "length": 18.77, "duct_group": 3, "duct_assignment": "9" }, "geometry": { "type": "LineString", "coordinates": [ [ -119.279236008502323, 35.492709598061367 ], [ -119.279328167414391, 35.492861075927742 ] ] } },
{ "type": "Feature", "properties": { "id": "a-01289", "start_id": "fd-00704", "end_id": "fd-02044", "specification": "leadin", "source": "fd-00704", "placement": "ug", "length": 19.43, "duct_group": 3, "duct_assignment": "10" }, "geometry": { "type": "LineString", "coordinates": [ [ -119.279017684510137, 35.492708959780607 ], [ -119.279124958511716, 35.492860481811739 ] ] } },
{ "type": "Feature", "properties": { "id": "a-01290", "start_id": "fd-00704", "end_id": "fd-02007", "specification": "leadin", "source": "fd-00704", "placement": "ug", "length": 29.75, "duct_group": 3, "duct_assignment": "11" }, "geometry": { "type": "LineString", "coordinates": [ [ -119.279017684510137, 35.492708959780607 ], [ -119.278782462042969, 35.492895724983946 ] ] } },
{ "type": "Feature", "properties": { "id": "a-01291", "start_id": "fd-00705", "end_id": "fd-01666", "specification": "leadin", "source": "fd-00705", "placement": "ug", "length": 18.83, "duct_group": 4, "duct_assignment": "1" }, "geometry": { "type": "LineString", "coordinates": [ [ -119.2806035057624, 35.491907713494832 ], [ -119.280703593061588, 35.492056355046039 ] ] } },
{ "type": "Feature", "properties": { "id": "a-01292", "start_id": "fd-00705", "end_id": "fd-01680", "specification": "leadin", "source": "fd-00705", "placement": "ug", "length": 16.91, "duct_group": 4, "duct_assignment": "2" }, "geometry": { "type": "LineString", "coordinates": [ [ -119.2806035057624, 35.491907713494832 ], [ -119.280518923555832, 35.492043452664845 ] ] } },
{ "type": "Feature", "properties": { "id": "a-01293", "start_id": "fd-00706", "end_id": "fd-01661", "specification": "leadin", "source": "fd-00706", "placement": "ug", "length": 18.4, "duct_group": 4, "duct_assignment": "3" }, "geometry": { "type": "LineString", "coordinates": [ [ -119.281006500841073, 35.491919876385154 ], [ -119.281112266766968, 35.492061319253708 ] ] } },
{ "type": "Feature", "properties": { "id": "a-01294", "start_id": "fd-00706", "end_id": "fd-01660", "specification": "leadin", "source": "fd-00706", "placement": "ug", "length": 17.78, "duct_group": 4, "duct_assignment": "4" }, "geometry": { "type": "LineString", "coordinates": [ [ -119.281006500841073, 35.491919876385154 ], [ -119.280905117294836, 35.492056941106867 ] ] } },
{ "type": "Feature", "properties": { "id": "a-01295", "start_id": "fd-00707", "end_id": "fd-01664", "specification": "leadin", "source": "fd-00707", "placement": "ug", "length": 18.4, "duct_group": 4, "duct_assignment": "5" }, "geometry": { "type": "LineString", "coordinates": [ [ -119.281644673291638, 35.491921721137167 ], [ -119.28153763293858, 35.492062547703249 ] ] } },
{ "type": "Feature", "properties": { "id": "a-01296", "start_id": "fd-00707", "end_id": "fd-01685", "specification": "leadin", "source": "fd-00707", "placement": "ug", "length": 17.77, "duct_group": 4, "duct_assignment": "6" }, "geometry": { "type": "LineString", "coordinates": [ [ -119.281644673291638, 35.491921721137167 ], [ -119.281744828694727, 35.49205936864572 ] ] } },
{ "type": "Feature", "properties": { "id": "a-01297", "start_id": "fd-00708", "end_id": "fd-01688", "specification": "leadin", "source": "fd-00708", "placement": "ug", "length": 17.95, "duct_group": 4, "duct_assignment": "7" }, "geometry": { "type": "LineString", "coordinates": [ [ -119.282262593258963, 35.491964654095995 ], [ -119.282388942048854, 35.49208916497696 ] ] } },
{ "type": "Feature", "properties": { "id": "a-01298", "start_id": "fd-00708", "end_id": "fd-01687", "specification": "leadin", "source": "fd-00708", "placement": "ug", "length": 15.59, "duct_group": 4, "duct_assignment": "8" }, "geometry": { "type": "LineString", "coordinates": [ [ -119.282262593258963, 35.491964654095995 ], [ -119.282152608159549, 35.492072635875452 ] ] } },
{ "type": "Feature", "properties": { "id": "a-01299", "start_id": "fd-00709", "end_id": "fd-01695", "specification": "leadin", "source": "fd-00709", "placement": "ug", "length": 18.46, "duct_group": 4, "duct_assignment": "9" }, "geometry": { "type": "LineString", "coordinates": [ [ -119.282519022856761, 35.491851876818629 ], [ -119.282722146389389, 35.491860930835003 ] ] } },
{ "type": "Feature", "properties": { "id": "a-01300", "start_id": "fd-00709", "end_id": "fd-01689", "specification": "leadin", "source": "fd-00709", "placement": "ug", "length": 24.78, "duct_group": 4, "duct_assignment": "10" }, "geometry": { "type": "LineString", "coordinates": [ [ -119.282519022856761, 35.491851876818629 ], [ -119.282645049655514, 35.492049979830867 ] ] } },
{ "type": "Feature", "properties": { "id": "a-01301", "start_id": "fd-00710", "end_id": "fd-01890", "specification": "leadin", "source": "fd-00710", "placement": "ug", "length": 17.56, "duct_group": 4, "duct_assignment": "11" }, "geometry": { "type": "LineString", "coordinates": [ [ -119.282530067276966, 35.491566896196858 ], [ -119.282695520581569, 35.491484864974602 ] ] } },
{ "type": "Feature", "properties": { "id": "a-01302", "start_id": "fd-00710", "end_id": "fd-01694", "specification": "leadin", "source": "fd-00710", "placement": "ug", "length": 19.71, "duct_group": 4, "duct_assignment": "12" }, "geometry": { "type": "LineString", "coordinates": [ [ -119.282530067276966, 35.491566896196858 ], [ -119.282716393774862, 35.491658179279284 ] ] } },
{ "type": "Feature", "properties": { "id": "a-01303", "start_id": "fd-00711", "end_id": "fd-02000", "specification": "leadin", "source": "fd-00711", "placement": "ug", "length": 17.72, "duct_group": 5, "duct_assignment": "1" }, "geometry": { "type": "LineString", "coordinates": [ [ -119.279908968518185, 35.491761473578777 ], [ -119.279732352491308, 35.491829634830971 ] ] } },
{ "type": "Feature", "properties": { "id": "a-01304", "start_id": "fd-00711", "end_id": "fd-01999", "specification": "leadin", "source": "fd-00711", "placement": "ug", "length": 17.72, "duct_group": 5, "duct_assignment": "2" }, "geometry": { "type": "LineString", "coordinates": [ [ -119.279908968518185, 35.491761473578777 ], [ -119.27973296880748, 35.49169227396542 ] ] } },
{ "type": "Feature", "properties": { "id": "a-01305", "start_id": "fd-00712", "end_id": "fd-01997", "specification": "leadin", "source": "fd-00712", "placement": "ug", "length": 17.72, "duct_group": 5, "duct_assignment": "3" }, "geometry": { "type": "LineString", "coordinates": [ [ -119.279910202882178, 35.491486752172079 ], [ -119.279734200153982, 35.491417552177047 ] ] } },
{ "type": "Feature", "properties": { "id": "a-01306", "start_id": "fd-00712", "end_id": "fd-01998", "specification": "leadin", "source": "fd-00712", "placement": "ug", "length": 17.72, "duct_group": 5, "duct_assignment": "4" }, "geometry": { "type": "LineString", "coordinates": [ [ -119.279910202882178, 35.491486752172079 ], [ -119.279733584415141, 35.491554913056142 ] ] } },
{ "type": "Feature", "properties": { "id": "a-01307", "start_id": "fd-00713", "end_id": "fd-01868", "specification": "leadin", "source": "fd-00713", "placement": "ug", "length": 17.04, "duct_group": 5, "duct_assignment": "5" }, "geometry": { "type": "LineString", "coordinates": [ [ -119.280020966419613, 35.491051676827865 ], [ -119.279937617040062, 35.490914069592279 ] ] } },
{ "type": "Feature", "properties": { "id": "a-01308", "start_id": "fd-00713", "end_id": "fd-01855", "specification": "leadin", "source": "fd-00713", "placement": "ug", "length": 17.04, "duct_group": 5, "duct_assignment": "6" }, "geometry": { "type": "LineString", "coordinates": [ [ -119.280020966419613, 35.491051676827865 ], [ -119.2801055384177, 35.490914560945249 ] ] } },
{ "type": "Feature", "properties": { "id": "a-01309", "start_id": "fd-00714", "end_id": "fd-01871", "specification": "leadin", "source": "fd-00714", "placement": "ug", "length": 17.04, "duct_group": 5, "duct_assignment": "7" }, "geometry": { "type": "LineString", "coordinates": [ [ -119.279685129080818, 35.491050694355479 ], [ -119.279769699468943, 35.490913569820599 ] ] } },
{ "type": "Feature", "properties": { "id": "a-01310", "start_id": "fd-00714", "end_id": "fd-01877", "specification": "leadin", "source": "fd-00714", "placement": "ug", "length": 17.04, "duct_group": 5, "duct_assignment": "8" }, "geometry": { "type": "LineString", "coordinates": [ [ -119.279685129080818, 35.491050694355479 ], [ -119.279601782724569, 35.490913077894284 ] ] } },
{ "type": "Feature", "properties": { "id": "a-01311", "start_id": "fd-00715", "end_id": "fd-01879", "specification": "leadin", "source": "fd-00715", "placement": "ug", "length": 17.04, "duct_group": 5, "duct_assignment": "9" }, "geometry": { "type": "LineString", "coordinates": [ [ -119.27934930165371, 35.491049709961025 ], [ -119.279433868416234, 35.490912585332111 ] ] } },
{ "type": "Feature", "properties": { "id": "a-01312", "start_id": "fd-00715", "end_id": "fd-02086", "specification": "leadin", "source": "fd-00715", "placement": "ug", "length": 17.6, "duct_group": 5, "duct_assignment": "10" }, "geometry": { "type": "LineString", "coordinates": [ [ -119.27934930165371, 35.491049709961025 ], [ -119.279259348370744, 35.490909150064859 ] ] } },
{ "type": "Feature", "properties": { "id": "a-01313", "start_id": "fd-00716", "end_id": "fd-02088", "specification": "leadin", "source": "fd-00716", "placement": "ug", "length": 20.03, "duct_group": 5, "duct_assignment": "11" }, "geometry": { "type": "LineString", "coordinates": [ [ -119.279163299645589, 35.491343114865927 ], [ -119.279364714389104, 35.491269390208899 ] ] } },
{ "type": "Feature", "properties": { "id": "a-01314", "start_id": "fd-00716", "end_id": "fd-02080", "specification": "leadin", "source": "fd-00716", "placement": "ug", "length": 19.48, "duct_group": 5, "duct_assignment": "12" }, "geometry": { "type": "LineString", "coordinates": [ [ -119.279163299645589, 35.491343114865927 ], [ -119.279360606708053, 35.491412329047009 ] ] } },
{ "type": "Feature", "properties": { "id": "a-01315", "start_id": "fd-00717", "end_id": "fd-02014", "specification": "leadin", "source": "fd-00717", "placement": "ug", "length": 18.16, "duct_group": 0, "duct_assignment": "1" }, "geometry": { "type": "LineString", "coordinates": [ [ -119.28021487604174, 35.493620026741098 ], [ -119.280040143444253, 35.493540307179096 ] ] } },
{ "type": "Feature", "properties": { "id": "a-01316", "start_id": "fd-00718", "end_id": "fd-02032", "specification": "leadin", "source": "fd-00718", "placement": "ug", "length": 17.45, "duct_group": 0, "duct_assignment": "2" }, "geometry": { "type": "LineString", "coordinates": [ [ -119.280212989865944, 35.493771307462119 ], [ -119.28004410274113, 35.493846454145718 ] ] } },
{ "type": "Feature", "properties": { "id": "a-01317", "start_id": "fd-00718", "end_id": "fd-02013", "specification": "leadin", "source": "fd-00718", "placement": "ug", "length": 17.35, "duct_group": 0, "duct_assignment": "3" }, "geometry": { "type": "LineString", "coordinates": [ [ -119.280212989865944, 35.493771307462119 ], [ -119.280045989972265, 35.493695175537958 ] ] } },
{ "type": "Feature", "properties": { "id": "a-01318", "start_id": "fd-00719", "end_id": "fd-02030", "specification": "leadin", "source": "fd-00719", "placement": "ug", "length": 17.35, "duct_group": 0, "duct_assignment": "4" }, "geometry": { "type": "LineString", "coordinates": [ [ -119.280209216377557, 35.494073867987254 ], [ -119.280042215823556, 35.493997732912732 ] ] } },
{ "type": "Feature", "properties": { "id": "a-01319", "start_id": "fd-00720", "end_id": "fd-02012", "specification": "leadin", "source": "fd-00720", "placement": "ug", "length": 17.35, "duct_group": 0, "duct_assignment": "5" }, "geometry": { "type": "LineString", "coordinates": [ [ -119.279543102126368, 35.493618061853809 ], [ -119.279710102241992, 35.493694191474709 ] ] } },
{ "type": "Feature", "properties": { "id": "a-01320", "start_id": "fd-00720", "end_id": "fd-02046", "specification": "leadin", "source": "fd-00720", "placement": "ug", "length": 18.25, "duct_group": 0, "duct_assignment": "6" }, "geometry": { "type": "LineString", "coordinates": [ [ -119.279543102126368, 35.493618061853809 ], [ -119.279719618928738, 35.493539296178369 ] ] } },
{ "type": "Feature", "properties": { "id": "a-01321", "start_id": "fd-00721", "end_id": "fd-02026", "specification": "leadin", "source": "fd-00721", "placement": "ug", "length": 18.25, "duct_group": 0, "duct_assignment": "7" }, "geometry": { "type": "LineString", "coordinates": [ [ -119.280207329064879, 35.494225147791411 ], [ -119.280030811920497, 35.494303908887964 ] ] } },
{ "type": "Feature", "properties": { "id": "a-01322", "start_id": "fd-00721", "end_id": "fd-02028", "specification": "leadin", "source": "fd-00721", "placement": "ug", "length": 17.35, "duct_group": 0, "duct_assignment": "8" }, "geometry": { "type": "LineString", "coordinates": [ [ -119.280207329064879, 35.494225147791411 ], [ -119.280040328578536, 35.494149011502472 ] ] } },
{ "type": "Feature", "properties": { "id": "a-01323", "start_id": "fd-00722", "end_id": "fd-02031", "specification": "leadin", "source": "fd-00722", "placement": "ug", "length": 17.35, "duct_group": 0, "duct_assignment": "9" }, "geometry": { "type": "LineString", "coordinates": [ [ -119.27954121351415, 35.493769336267455 ], [ -119.279708214507423, 35.493845467232468 ] ] } },
{ "type": "Feature", "properties": { "id": "a-01324", "start_id": "fd-00723", "end_id": "fd-02027", "specification": "leadin", "source": "fd-00723", "placement": "ug", "length": 17.35, "duct_group": 0, "duct_assignment": "10" }, "geometry": { "type": "LineString", "coordinates": [ [ -119.279537438472929, 35.49407188504469 ], [ -119.2797044394529, 35.494148018535633 ] ] } },
{ "type": "Feature", "properties": { "id": "a-01325", "start_id": "fd-00723", "end_id": "fd-02029", "specification": "leadin", "source": "fd-00723", "placement": "ug", "length": 17.45, "duct_group": 0, "duct_assignment": "11" }, "geometry": { "type": "LineString", "coordinates": [ [ -119.279537438472929, 35.49407188504469 ], [ -119.27970632704465, 35.493996742937028 ] ] } },
{ "type": "Feature", "properties": { "id": "a-01326", "start_id": "fd-00724", "end_id": "fd-02025", "specification": "leadin", "source": "fd-00724", "placement": "ug", "length": 18.16, "duct_group": 0, "duct_assignment": "12" }, "geometry": { "type": "LineString", "coordinates": [ [ -119.279535549825852, 35.494223158530069 ], [ -119.279710284131269, 35.494302884040735 ] ] } },
{ "type": "Feature", "properties": { "id": "a-01327", "start_id": "fd-00725", "end_id": "fd-01934", "specification": "leadin", "source": "fd-00725", "placement": "ug", "length": 18.3, "duct_group": 1, "duct_assignment": "1" }, "geometry": { "type": "LineString", "coordinates": [ [ -119.280382819411514, 35.493620563135373 ], [ -119.28056008588311, 35.493541963547642 ] ] } },
{ "type": "Feature", "properties": { "id": "a-01328", "start_id": "fd-00725", "end_id": "fd-01935", "specification": "leadin", "source": "fd-00725", "placement": "ug", "length": 17.41, "duct_group": 1, "duct_assignment": "2" }, "geometry": { "type": "LineString", "coordinates": [ [ -119.280382819411514, 35.493620563135373 ], [ -119.280550479502708, 35.493696892194258 ] ] } },
{ "type": "Feature", "properties": { "id": "a-01329", "start_id": "fd-00726", "end_id": "fd-01937", "specification": "leadin", "source": "fd-00726", "placement": "ug", "length": 17.41, "duct_group": 1, "duct_assignment": "3" }, "geometry": { "type": "LineString", "coordinates": [ [ -119.280380933116618, 35.493771887129462 ], [ -119.280548584692653, 35.493848191263098 ] ] } },
{ "type": "Feature", "properties": { "id": "a-01330", "start_id": "fd-00727", "end_id": "fd-01939", "specification": "leadin", "source": "fd-00727", "placement": "ug", "length": 17.42, "duct_group": 1, "duct_assignment": "4" }, "geometry": { "type": "LineString", "coordinates": [ [ -119.280377158287962, 35.494074534212331 ], [ -119.280544998440888, 35.49415074773119 ] ] } },
{ "type": "Feature", "properties": { "id": "a-01331", "start_id": "fd-00727", "end_id": "fd-01938", "specification": "leadin", "source": "fd-00727", "placement": "ug", "length": 17.49, "duct_group": 1, "duct_assignment": "5" }, "geometry": { "type": "LineString", "coordinates": [ [ -119.280377158287962, 35.494074534212331 ], [ -119.280546689823183, 35.49399949010806 ] ] } },
{ "type": "Feature", "properties": { "id": "a-01332", "start_id": "fd-00728", "end_id": "fd-01940", "specification": "leadin", "source": "fd-00728", "placement": "ug", "length": 15.84, "duct_group": 1, "duct_assignment": "6" }, "geometry": { "type": "LineString", "coordinates": [ [ -119.280402965892705, 35.494363513760263 ], [ -119.280569361149787, 35.49432027490009 ] ] } },
{ "type": "Feature", "properties": { "id": "a-01333", "start_id": "fd-00728", "end_id": "fd-01941", "specification": "leadin", "source": "fd-00728", "placement": "ug", "length": 21.3, "duct_group": 1, "duct_assignment": "7" }, "geometry": { "type": "LineString", "coordinates": [ [ -119.280402965892705, 35.494363513760263 ], [ -119.28054983625016, 35.494513195675907 ] ] } },
{ "type": "Feature", "properties": { "id": "a-01334", "start_id": "fd-00729", "end_id": "fd-01936", "specification": "leadin", "source": "fd-00729", "placement": "ug", "length": 29.3, "duct_group": 1, "duct_assignment": "8" }, "geometry": { "type": "LineString", "coordinates": [ [ -119.280188013983391, 35.494548468420739 ], [ -119.280467907624654, 35.49468006316939 ] ] } },
{ "type": "Feature", "properties": { "id": "a-01335", "start_id": "fd-00729", "end_id": "fd-01970", "specification": "leadin", "source": "fd-00729", "placement": "ug", "length": 17.69, "duct_group": 1, "duct_assignment": "9" }, "geometry": { "type": "LineString", "coordinates": [ [ -119.280188013983391, 35.494548468420739 ], [ -119.280214538099941, 35.49470640961151 ] ] } },
{ "type": "Feature", "properties": { "id": "a-01336", "start_id": "fd-00730", "end_id": "fd-02023", "specification": "leadin", "source": "fd-00730", "placement": "ug", "length": 17.19, "duct_group": 1, "duct_assignment": "10" }, "geometry": { "type": "LineString", "coordinates": [ [ -119.280036218623266, 35.494543939918913 ], [ -119.279992498991476, 35.494694711682513 ] ] } },
{ "type": "Feature", "properties": { "id": "a-01337", "start_id": "fd-00731", "end_id": "fd-02022", "specification": "leadin", "source": "fd-00731", "placement": "ug", "length": 19.07, "duct_group": 1, "duct_assignment": "11" }, "geometry": { "type": "LineString", "coordinates": [ [ -119.279693290038466, 35.494526188942949 ], [ -119.279792362937215, 35.49467776642858 ] ] } },
{ "type": "Feature", "properties": { "id": "a-01338", "start_id": "fd-00731", "end_id": "fd-02021", "specification": "leadin", "source": "fd-00731", "placement": "ug", "length": 19.16, "duct_group": 1, "duct_assignment": "12" }, "geometry": { "type": "LineString", "coordinates": [ [ -119.279693290038466, 35.494526188942949 ], [ -119.279590827976136, 35.494677164217279 ] ] } },
{ "type": "Feature", "properties": { "id": "a-01339", "start_id": "fd-00732", "end_id": "fd-01968", "specification": "leadin", "source": "fd-00732", "placement": "ug", "length": 18.71, "duct_group": 2, "duct_assignment": "1" }, "geometry": { "type": "LineString", "coordinates": [ [ -119.280185548644738, 35.49331736567467 ], [ -119.280095126273949, 35.493165827285715 ] ] } },
{ "type": "Feature", "properties": { "id": "a-01340", "start_id": "fd-00733", "end_id": "fd-02036", "specification": "leadin", "source": "fd-00733", "placement": "ug", "length": 21.18, "duct_group": 2, "duct_assignment": "2" }, "geometry": { "type": "LineString", "coordinates": [ [ -119.279815850692543, 35.49331628727613 ], [ -119.279713834288259, 35.493144577584737 ] ] } },
{ "type": "Feature", "properties": { "id": "a-01341", "start_id": "fd-00733", "end_id": "fd-02035", "specification": "leadin", "source": "fd-00733", "placement": "ug", "length": 18.82, "duct_group": 2, "duct_assignment": "3" }, "geometry": { "type": "LineString", "coordinates": [ [ -119.279815850692543, 35.49331628727613 ], [ -119.279910334384596, 35.493165288479787 ] ] } },
{ "type": "Feature", "properties": { "id": "a-01342", "start_id": "fd-00734", "end_id": "fd-02038", "specification": "leadin", "source": "fd-00734", "placement": "ug", "length": 29.03, "duct_group": 2, "duct_assignment": "4" }, "geometry": { "type": "LineString", "coordinates": [ [ -119.279521142263206, 35.493305510651723 ], [ -119.279243629695543, 35.493175304901875 ] ] } },
{ "type": "Feature", "properties": { "id": "a-01343", "start_id": "fd-00734", "end_id": "fd-02037", "specification": "leadin", "source": "fd-00734", "placement": "ug", "length": 18.97, "duct_group": 2, "duct_assignment": "5" }, "geometry": { "type": "LineString", "coordinates": [ [ -119.279521142263206, 35.493305510651723 ], [ -119.279480018883149, 35.493137879255819 ] ] } },
{ "type": "Feature", "properties": { "id": "a-01344", "start_id": "fd-00735", "end_id": "fd-02045", "specification": "leadin", "source": "fd-00735", "placement": "ug", "length": 23.13, "duct_group": 2, "duct_assignment": "6" }, "geometry": { "type": "LineString", "coordinates": [ [ -119.279344662772743, 35.493495015552462 ], [ -119.279176916479358, 35.49333812143027 ] ] } },
{ "type": "Feature", "properties": { "id": "a-01345", "start_id": "fd-00735", "end_id": "fd-02047", "specification": "leadin", "source": "fd-00735", "placement": "ug", "length": 16.36, "duct_group": 2, "duct_assignment": "7" }, "geometry": { "type": "LineString", "coordinates": [ [ -119.279344662772743, 35.493495015552462 ], [ -119.279165059687699, 35.493507279999449 ] ] } },
{ "type": "Feature", "properties": { "id": "a-01346", "start_id": "fd-00736", "end_id": "fd-02011", "specification": "leadin", "source": "fd-00736", "placement": "ug", "length": 18.77, "duct_group": 2, "duct_assignment": "8" }, "geometry": { "type": "LineString", "coordinates": [ [ -119.279373614392256, 35.493741365319003 ], [ -119.279188266874399, 35.49381645160819 ] ] } },
{ "type": "Feature", "properties": { "id": "a-01347", "start_id": "fd-00736", "end_id": "fd-02015", "specification": "leadin", "source": "fd-00736", "placement": "ug", "length": 19.65, "duct_group": 2, "duct_assignment": "9" }, "geometry": { "type": "LineString", "coordinates": [ [ -119.279373614392256, 35.493741365319003 ], [ -119.279178575794404, 35.493664501720858 ] ] } },
{ "type": "Feature", "properties": { "id": "a-01348", "start_id": "fd-00737", "end_id": "fd-02034", "specification": "leadin", "source": "fd-00737", "placement": "ug", "length": 18.67, "duct_group": 2, "duct_assignment": "10" }, "geometry": { "type": "LineString", "coordinates": [ [ -119.279369837787726, 35.494043924019458 ], [ -119.279186378269372, 35.493967731036122 ] ] } },
{ "type": "Feature", "properties": { "id": "a-01349", "start_id": "fd-00738", "end_id": "fd-02024", "specification": "leadin", "source": "fd-00738", "placement": "ug", "length": 19.46, "duct_group": 2, "duct_assignment": "11" }, "geometry": { "type": "LineString", "coordinates": [ [ -119.279367948931082, 35.494195203812531 ], [ -119.279179169280312, 35.494278442856526 ] ] } },
{ "type": "Feature", "properties": { "id": "a-01350", "start_id": "fd-00738", "end_id": "fd-02033", "specification": "leadin", "source": "fd-00738", "placement": "ug", "length": 18.67, "duct_group": 2, "duct_assignment": "12" }, "geometry": { "type": "LineString", "coordinates": [ [ -119.279367948931082, 35.494195203812531 ], [ -119.279184489593405, 35.494119010294952 ] ] } },
{ "type": "Feature", "properties": { "id": "a-01351", "start_id": "fd-00739", "end_id": "fd-01959", "specification": "leadin", "source": "fd-00739", "placement": "ug", "length": 18.71, "duct_group": 3, "duct_assignment": "1" }, "geometry": { "type": "LineString", "coordinates": [ [ -119.280370397610497, 35.493317903555699 ], [ -119.280279918396104, 35.493166365435222 ] ] } },
{ "type": "Feature", "properties": { "id": "a-01352", "start_id": "fd-00739", "end_id": "fd-02082", "specification": "leadin", "source": "fd-00739", "placement": "ug", "length": 19.64, "duct_group": 3, "duct_assignment": "2" }, "geometry": { "type": "LineString", "coordinates": [ [ -119.280370397610497, 35.493317903555699 ], [ -119.280469601871204, 35.493160618808844 ] ] } },
{ "type": "Feature", "properties": { "id": "a-01353", "start_id": "fd-00740", "end_id": "fd-01870", "specification": "leadin", "source": "fd-00740", "placement": "ug", "length": 17.04, "duct_group": 0, "duct_assignment": "1" }, "geometry": { "type": "LineString", "coordinates": [ [ -119.279852157420365, 35.490501736233121 ], [ -119.279767582265166, 35.490638839964461 ] ] } },
{ "type": "Feature", "properties": { "id": "a-01354", "start_id": "fd-00741", "end_id": "fd-01733", "specification": "leadin", "source": "fd-00741", "placement": "ug", "length": 17.04, "duct_group": 0, "duct_assignment": "2" }, "geometry": { "type": "LineString", "coordinates": [ [ -119.280336829555424, 35.489490438082299 ], [ -119.28050389716843, 35.489560497800078 ] ] } },
{ "type": "Feature", "properties": { "id": "a-01355", "start_id": "fd-00741", "end_id": "fd-01734", "specification": "leadin", "source": "fd-00741", "placement": "ug", "length": 17.04, "duct_group": 0, "duct_assignment": "3" }, "geometry": { "type": "LineString", "coordinates": [ [ -119.280336829555424, 35.489490438082299 ], [ -119.2805055869309, 35.489423140952489 ] ] } },
{ "type": "Feature", "properties": { "id": "a-01356", "start_id": "fd-00742", "end_id": "fd-01731", "specification": "leadin", "source": "fd-00742", "placement": "ug", "length": 17.91, "duct_group": 0, "duct_assignment": "4" }, "geometry": { "type": "LineString", "coordinates": [ [ -119.280340208389319, 35.489215723816137 ], [ -119.28051773516971, 35.489145162378868 ] ] } },
{ "type": "Feature", "properties": { "id": "a-01357", "start_id": "fd-00742", "end_id": "fd-01732", "specification": "leadin", "source": "fd-00742", "placement": "ug", "length": 17.04, "duct_group": 0, "duct_assignment": "5" }, "geometry": { "type": "LineString", "coordinates": [ [ -119.280340208389319, 35.489215723816137 ], [ -119.280507275453118, 35.489285783903618 ] ] } },
{ "type": "Feature", "properties": { "id": "a-01358", "start_id": "fd-00743", "end_id": "fd-01763", "specification": "leadin", "source": "fd-00743", "placement": "ug", "length": 18.84, "duct_group": 0, "duct_assignment": "6" }, "geometry": { "type": "LineString", "coordinates": [ [ -119.281071206487255, 35.489247135743931 ], [ -119.280889499757777, 35.48916503042679 ] ] } },
{ "type": "Feature", "properties": { "id": "a-01359", "start_id": "fd-00744", "end_id": "fd-01769", "specification": "leadin", "source": "fd-00744", "placement": "ug", "length": 17.77, "duct_group": 0, "duct_assignment": "7" }, "geometry": { "type": "LineString", "coordinates": [ [ -119.281868066472541, 35.489070889754032 ], [ -119.281968214574263, 35.489208549146369 ] ] } },
{ "type": "Feature", "properties": { "id": "a-01360", "start_id": "fd-00744", "end_id": "fd-01758", "specification": "leadin", "source": "fd-00744", "placement": "ug", "length": 17.78, "duct_group": 0, "duct_assignment": "8" }, "geometry": { "type": "LineString", "coordinates": [ [ -119.281868066472541, 35.489070889754032 ], [ -119.281766678153488, 35.489207962443402 ] ] } },
{ "type": "Feature", "properties": { "id": "a-01361", "start_id": "fd-00745", "end_id": "fd-01767", "specification": "leadin", "source": "fd-00745", "placement": "ug", "length": 17.87, "duct_group": 0, "duct_assignment": "9" }, "geometry": { "type": "LineString", "coordinates": [ [ -119.282271143149046, 35.489072060602908 ], [ -119.282373391539878, 35.489209724641242 ] ] } },
{ "type": "Feature", "properties": { "id": "a-01362", "start_id": "fd-00745", "end_id": "fd-01768", "specification": "leadin", "source": "fd-00745", "placement": "ug", "length": 17.78, "duct_group": 0, "duct_assignment": "10" }, "geometry": { "type": "LineString", "coordinates": [ [ -119.282271143149046, 35.489072060602908 ], [ -119.282169752301186, 35.489209134500882 ] ] } },
{ "type": "Feature", "properties": { "id": "a-01363", "start_id": "fd-00746", "end_id": "fd-01765", "specification": "leadin", "source": "fd-00746", "placement": "ug", "length": 17.98, "duct_group": 0, "duct_assignment": "11" }, "geometry": { "type": "LineString", "coordinates": [ [ -119.282682624890072, 35.489073251471986 ], [ -119.282787544084783, 35.489210673211488 ] ] } },
{ "type": "Feature", "properties": { "id": "a-01364", "start_id": "fd-00746", "end_id": "fd-01766", "specification": "leadin", "source": "fd-00746", "placement": "ug", "length": 17.88, "duct_group": 0, "duct_assignment": "12" }, "geometry": { "type": "LineString", "coordinates": [ [ -119.282682624890072, 35.489073251471986 ], [ -119.282579135442532, 35.489210318662025 ] ] } },
{ "type": "Feature", "properties": { "id": "a-01365", "start_id": "fd-00747", "end_id": "fd-02277", "specification": "leadin", "source": "fd-00747", "placement": "ug", "length": 24.7, "duct_group": 1, "duct_assignment": "1" }, "geometry": { "type": "LineString", "coordinates": [ [ -119.276757382254445, 35.489618872876363 ], [ -119.276995501974483, 35.489510995708322 ] ] } },
{ "type": "Feature", "properties": { "id": "a-01366", "start_id": "fd-00748", "end_id": "fd-02311", "specification": "leadin", "source": "fd-00748", "placement": "ug", "length": 20.12, "duct_group": 1, "duct_assignment": "2" }, "geometry": { "type": "LineString", "coordinates": [ [ -119.274739642107633, 35.489250394974945 ], [ -119.274862932224323, 35.489099670300959 ] ] } },
{ "type": "Feature", "properties": { "id": "a-01367", "start_id": "fd-00748", "end_id": "fd-02312", "specification": "leadin", "source": "fd-00748", "placement": "ug", "length": 20.12, "duct_group": 1, "duct_assignment": "3" }, "geometry": { "type": "LineString", "coordinates": [ [ -119.274739642107633, 35.489250394974945 ], [ -119.274617750969597, 35.489098917560909 ] ] } },
{ "type": "Feature", "properties": { "id": "a-01368", "start_id": "fd-00749", "end_id": "fd-02304", "specification": "leadin", "source": "fd-00749", "placement": "ug", "length": 23.32, "duct_group": 1, "duct_assignment": "4" }, "geometry": { "type": "LineString", "coordinates": [ [ -119.274544003405268, 35.489612065072116 ], [ -119.274770257844452, 35.489711662237816 ] ] } },
{ "type": "Feature", "properties": { "id": "a-01369", "start_id": "fd-00749", "end_id": "fd-02305", "specification": "leadin", "source": "fd-00749", "placement": "ug", "length": 24.04, "duct_group": 1, "duct_assignment": "5" }, "geometry": { "type": "LineString", "coordinates": [ [ -119.274544003405268, 35.489612065072116 ], [ -119.274773726141248, 35.489504206266837 ] ] } },
{ "type": "Feature", "properties": { "id": "a-01370", "start_id": "fd-00750", "end_id": "fd-02314", "specification": "leadin", "source": "fd-00750", "placement": "ug", "length": 20.08, "duct_group": 1, "duct_assignment": "6" }, "geometry": { "type": "LineString", "coordinates": [ [ -119.274249277735692, 35.489248881323668 ], [ -119.274127687712067, 35.489097743706019 ] ] } },
{ "type": "Feature", "properties": { "id": "a-01371", "start_id": "fd-00750", "end_id": "fd-02313", "specification": "leadin", "source": "fd-00750", "placement": "ug", "length": 20.12, "duct_group": 1, "duct_assignment": "7" }, "geometry": { "type": "LineString", "coordinates": [ [ -119.274249277735692, 35.489248881323668 ], [ -119.274372569962949, 35.489098164339936 ] ] } },
{ "type": "Feature", "properties": { "id": "a-01372", "start_id": "fd-00751", "end_id": "fd-02306", "specification": "leadin", "source": "fd-00751", "placement": "ug", "length": 21.02, "duct_group": 1, "duct_assignment": "8" }, "geometry": { "type": "LineString", "coordinates": [ [ -119.274369324760798, 35.489617018726008 ], [ -119.274182095725749, 35.489505513836406 ] ] } },
{ "type": "Feature", "properties": { "id": "a-01373", "start_id": "fd-00752", "end_id": "fd-02308", "specification": "leadin", "source": "fd-00752", "placement": "ug", "length": 20.26, "duct_group": 1, "duct_assignment": "9" }, "geometry": { "type": "LineString", "coordinates": [ [ -119.274368370469233, 35.489823056664306 ], [ -119.27418034223453, 35.489921468546555 ] ] } },
{ "type": "Feature", "properties": { "id": "a-01374", "start_id": "fd-00752", "end_id": "fd-02307", "specification": "leadin", "source": "fd-00752", "placement": "ug", "length": 20.42, "duct_group": 1, "duct_assignment": "10" }, "geometry": { "type": "LineString", "coordinates": [ [ -119.274368370469233, 35.489823056664306 ], [ -119.274182357942806, 35.489719563518406 ] ] } },
{ "type": "Feature", "properties": { "id": "a-01375", "start_id": "fd-00753", "end_id": "fd-02309", "specification": "leadin", "source": "fd-00753", "placement": "ug", "length": 20.33, "duct_group": 1, "duct_assignment": "11" }, "geometry": { "type": "LineString", "coordinates": [ [ -119.27436653586021, 35.49021864822172 ], [ -119.274178367638399, 35.490119261112632 ] ] } },
{ "type": "Feature", "properties": { "id": "a-01376", "start_id": "fd-00753", "end_id": "fd-02225", "specification": "leadin", "source": "fd-00753", "placement": "ug", "length": 20.42, "duct_group": 1, "duct_assignment": "12" }, "geometry": { "type": "LineString", "coordinates": [ [ -119.27436653586021, 35.49021864822172 ], [ -119.274176393177711, 35.490317053745152 ] ] } },
{ "type": "Feature", "properties": { "id": "a-01377", "start_id": "fd-00754", "end_id": "fd-02064", "specification": "leadin", "source": "fd-00754", "placement": "ug", "length": 18.7, "duct_group": 2, "duct_assignment": "1" }, "geometry": { "type": "LineString", "coordinates": [ [ -119.278830937631142, 35.489061996164793 ], [ -119.278740344857511, 35.489213385526014 ] ] } },
{ "type": "Feature", "properties": { "id": "a-01378", "start_id": "fd-00754", "end_id": "fd-02063", "specification": "leadin", "source": "fd-00754", "placement": "ug", "length": 17.74, "duct_group": 2, "duct_assignment": "2" }, "geometry": { "type": "LineString", "coordinates": [ [ -119.278830937631142, 35.489061996164793 ], [ -119.278913094839808, 35.489207035571624 ] ] } },
{ "type": "Feature", "properties": { "id": "a-01379", "start_id": "fd-00755", "end_id": "fd-02061", "specification": "leadin", "source": "fd-00755", "placement": "ug", "length": 17.74, "duct_group": 2, "duct_assignment": "3" }, "geometry": { "type": "LineString", "coordinates": [ [ -119.279166759107994, 35.489062980150962 ], [ -119.279248915201194, 35.489208020522121 ] ] } },
{ "type": "Feature", "properties": { "id": "a-01380", "start_id": "fd-00755", "end_id": "fd-02062", "specification": "leadin", "source": "fd-00755", "placement": "ug", "length": 17.83, "duct_group": 2, "duct_assignment": "4" }, "geometry": { "type": "LineString", "coordinates": [ [ -119.279166759107994, 35.489062980150962 ], [ -119.279081003974483, 35.489207528223638 ] ] } },
{ "type": "Feature", "properties": { "id": "a-01381", "start_id": "fd-00756", "end_id": "fd-01874", "specification": "leadin", "source": "fd-00756", "placement": "ug", "length": 17.74, "duct_group": 2, "duct_assignment": "5" }, "geometry": { "type": "LineString", "coordinates": [ [ -119.279502582796781, 35.489063963196635 ], [ -119.279584741673261, 35.489209002419081 ] ] } },
{ "type": "Feature", "properties": { "id": "a-01382", "start_id": "fd-00756", "end_id": "fd-02052", "specification": "leadin", "source": "fd-00756", "placement": "ug", "length": 17.83, "duct_group": 2, "duct_assignment": "6" }, "geometry": { "type": "LineString", "coordinates": [ [ -119.279502582796781, 35.489063963196635 ], [ -119.279416827932238, 35.489208511820095 ] ] } },
{ "type": "Feature", "properties": { "id": "a-01383", "start_id": "fd-00757", "end_id": "fd-01860", "specification": "leadin", "source": "fd-00757", "placement": "ug", "length": 17.94, "duct_group": 2, "duct_assignment": "7" }, "geometry": { "type": "LineString", "coordinates": [ [ -119.28016886506532, 35.48949309912377 ], [ -119.279991773926071, 35.489564991249331 ] ] } },
{ "type": "Feature", "properties": { "id": "a-01384", "start_id": "fd-00757", "end_id": "fd-01859", "specification": "leadin", "source": "fd-00757", "placement": "ug", "length": 17.0, "duct_group": 2, "duct_assignment": "8" }, "geometry": { "type": "LineString", "coordinates": [ [ -119.28016886506532, 35.48949309912377 ], [ -119.280001842252219, 35.489423813613108 ] ] } },
{ "type": "Feature", "properties": { "id": "a-01385", "start_id": "fd-00758", "end_id": "fd-01865", "specification": "leadin", "source": "fd-00758", "placement": "ug", "length": 17.83, "duct_group": 2, "duct_assignment": "9" }, "geometry": { "type": "LineString", "coordinates": [ [ -119.279838408683418, 35.489064944400504 ], [ -119.279752655219809, 35.489209493231741 ] ] } },
{ "type": "Feature", "properties": { "id": "a-01386", "start_id": "fd-00758", "end_id": "fd-01862", "specification": "leadin", "source": "fd-00758", "placement": "ug", "length": 16.85, "duct_group": 2, "duct_assignment": "10" }, "geometry": { "type": "LineString", "coordinates": [ [ -119.279838408683418, 35.489064944400504 ], [ -119.27999676125448, 35.489144166773471 ] ] } },
{ "type": "Feature", "properties": { "id": "a-01387", "start_id": "fd-00759", "end_id": "fd-01861", "specification": "leadin", "source": "fd-00759", "placement": "ug", "length": 17.11, "duct_group": 2, "duct_assignment": "11" }, "geometry": { "type": "LineString", "coordinates": [ [ -119.280172265127504, 35.489217022663304 ], [ -119.280003543318529, 35.489285776780029 ] ] } },
{ "type": "Feature", "properties": { "id": "a-01388", "start_id": "fd-00760", "end_id": "fd-02292", "specification": "leadin", "source": "fd-00760", "placement": "ug", "length": 20.12, "duct_group": 3, "duct_assignment": "1" }, "geometry": { "type": "LineString", "coordinates": [ [ -119.275720373123448, 35.489253417286307 ], [ -119.275598476968611, 35.48910192589625 ] ] } },
{ "type": "Feature", "properties": { "id": "a-01389", "start_id": "fd-00760", "end_id": "fd-02291", "specification": "leadin", "source": "fd-00760", "placement": "ug", "length": 20.12, "duct_group": 3, "duct_assignment": "2" }, "geometry": { "type": "LineString", "coordinates": [ [ -119.275720373123448, 35.489253417286307 ], [ -119.275843658396511, 35.489102676559668 ] ] } },
{ "type": "Feature", "properties": { "id": "a-01390", "start_id": "fd-00761", "end_id": "fd-02295", "specification": "leadin", "source": "fd-00761", "placement": "ug", "length": 23.99, "duct_group": 3, "duct_assignment": "3" }, "geometry": { "type": "LineString", "coordinates": [ [ -119.275642296430021, 35.489615447986914 ], [ -119.275876950931902, 35.489715067918254 ] ] } },
{ "type": "Feature", "properties": { "id": "a-01391", "start_id": "fd-00761", "end_id": "fd-02294", "specification": "leadin", "source": "fd-00761", "placement": "ug", "length": 24.7, "duct_group": 3, "duct_assignment": "4" }, "geometry": { "type": "LineString", "coordinates": [ [ -119.275642296430021, 35.489615447986914 ], [ -119.275880418731859, 35.489507572294976 ] ] } },
{ "type": "Feature", "properties": { "id": "a-01392", "start_id": "fd-00762", "end_id": "fd-02296", "specification": "leadin", "source": "fd-00762", "placement": "ug", "length": 24.7, "duct_group": 3, "duct_assignment": "5" }, "geometry": { "type": "LineString", "coordinates": [ [ -119.275467643940161, 35.48961491083184 ], [ -119.275230520480378, 35.489505572824484 ] ] } },
{ "type": "Feature", "properties": { "id": "a-01393", "start_id": "fd-00763", "end_id": "fd-02293", "specification": "leadin", "source": "fd-00763", "placement": "ug", "length": 20.12, "duct_group": 3, "duct_assignment": "6" }, "geometry": { "type": "LineString", "coordinates": [ [ -119.275230007599575, 35.489251906658254 ], [ -119.27535329560564, 35.489101174294078 ] ] } },
{ "type": "Feature", "properties": { "id": "a-01394", "start_id": "fd-00763", "end_id": "fd-02310", "specification": "leadin", "source": "fd-00763", "placement": "ug", "length": 20.12, "duct_group": 3, "duct_assignment": "7" }, "geometry": { "type": "LineString", "coordinates": [ [ -119.275230007599575, 35.489251906658254 ], [ -119.275108113790935, 35.48910042253798 ] ] } },
{ "type": "Feature", "properties": { "id": "a-01395", "start_id": "fd-00764", "end_id": "fd-02298", "specification": "leadin", "source": "fd-00764", "placement": "ug", "length": 25.03, "duct_group": 3, "duct_assignment": "8" }, "geometry": { "type": "LineString", "coordinates": [ [ -119.275641387132836, 35.489813242395506 ], [ -119.2758910958228, 35.489908966215388 ] ] } },
{ "type": "Feature", "properties": { "id": "a-01396", "start_id": "fd-00765", "end_id": "fd-02297", "specification": "leadin", "source": "fd-00765", "placement": "ug", "length": 23.99, "duct_group": 3, "duct_assignment": "9" }, "geometry": { "type": "LineString", "coordinates": [ [ -119.275466733120908, 35.489812705250642 ], [ -119.27523207948353, 35.489713084618693 ] ] } },
{ "type": "Feature", "properties": { "id": "a-01397", "start_id": "fd-00765", "end_id": "fd-02301", "specification": "leadin", "source": "fd-00765", "placement": "ug", "length": 25.03, "duct_group": 3, "duct_assignment": "10" }, "geometry": { "type": "LineString", "coordinates": [ [ -119.275466733120908, 35.489812705250642 ], [ -119.275216151058302, 35.489906891530367 ] ] } },
{ "type": "Feature", "properties": { "id": "a-01398", "start_id": "fd-00766", "end_id": "fd-02300", "specification": "leadin", "source": "fd-00766", "placement": "ug", "length": 29.47, "duct_group": 3, "duct_assignment": "11" }, "geometry": { "type": "LineString", "coordinates": [ [ -119.275552493449197, 35.490153620547296 ], [ -119.275230899048267, 35.490116605647373 ] ] } },
{ "type": "Feature", "properties": { "id": "a-01399", "start_id": "fd-00766", "end_id": "fd-02299", "specification": "leadin", "source": "fd-00766", "placement": "ug", "length": 29.47, "duct_group": 3, "duct_assignment": "12" }, "geometry": { "type": "LineString", "coordinates": [ [ -119.275552493449197, 35.490153620547296 ], [ -119.275874419039098, 35.490118583113428 ] ] } },
{ "type": "Feature", "properties": { "id": "a-01400", "start_id": "fd-00767", "end_id": "fd-02058", "specification": "leadin", "source": "fd-00767", "placement": "ug", "length": 17.93, "duct_group": 4, "duct_assignment": "1" }, "geometry": { "type": "LineString", "coordinates": [ [ -119.278814888750901, 35.490361321375218 ], [ -119.278900637082515, 35.490215748377402 ] ] } },
{ "type": "Feature", "properties": { "id": "a-01401", "start_id": "fd-00767", "end_id": "fd-02057", "specification": "leadin", "source": "fd-00767", "placement": "ug", "length": 18.73, "duct_group": 4, "duct_assignment": "2" }, "geometry": { "type": "LineString", "coordinates": [ [ -119.278814888750901, 35.490361321375218 ], [ -119.278728140817734, 35.490208195944568 ] ] } },
{ "type": "Feature", "properties": { "id": "a-01402", "start_id": "fd-00768", "end_id": "fd-02056", "specification": "leadin", "source": "fd-00768", "placement": "ug", "length": 17.84, "duct_group": 4, "duct_assignment": "3" }, "geometry": { "type": "LineString", "coordinates": [ [ -119.27915069910425, 35.490362311885484 ], [ -119.279068542457935, 35.490216243932544 ] ] } },
{ "type": "Feature", "properties": { "id": "a-01403", "start_id": "fd-00768", "end_id": "fd-02049", "specification": "leadin", "source": "fd-00768", "placement": "ug", "length": 17.93, "duct_group": 4, "duct_assignment": "4" }, "geometry": { "type": "LineString", "coordinates": [ [ -119.27915069910425, 35.490362311885484 ], [ -119.279236453446941, 35.490216738133988 ] ] } },
{ "type": "Feature", "properties": { "id": "a-01404", "start_id": "fd-00769", "end_id": "fd-01869", "specification": "leadin", "source": "fd-00769", "placement": "ug", "length": 17.93, "duct_group": 4, "duct_assignment": "5" }, "geometry": { "type": "LineString", "coordinates": [ [ -119.279654448753789, 35.490363791969813 ], [ -119.279740207579593, 35.490218218420083 ] ] } },
{ "type": "Feature", "properties": { "id": "a-01405", "start_id": "fd-00769", "end_id": "fd-01872", "specification": "leadin", "source": "fd-00769", "placement": "ug", "length": 17.84, "duct_group": 4, "duct_assignment": "6" }, "geometry": { "type": "LineString", "coordinates": [ [ -119.279654448753789, 35.490363791969813 ], [ -119.279572286831907, 35.490217725214222 ] ] } },
{ "type": "Feature", "properties": { "id": "a-01406", "start_id": "fd-00770", "end_id": "fd-01856", "specification": "leadin", "source": "fd-00770", "placement": "ug", "length": 17.94, "duct_group": 4, "duct_assignment": "7" }, "geometry": { "type": "LineString", "coordinates": [ [ -119.280159983899807, 35.490214173997856 ], [ -119.279982888890771, 35.490286065978552 ] ] } },
{ "type": "Feature", "properties": { "id": "a-01407", "start_id": "fd-00770", "end_id": "fd-01857", "specification": "leadin", "source": "fd-00770", "placement": "ug", "length": 17.07, "duct_group": 4, "duct_assignment": "8" }, "geometry": { "type": "LineString", "coordinates": [ [ -119.280159983899807, 35.490214173997856 ], [ -119.279992975005626, 35.490143409225091 ] ] } },
{ "type": "Feature", "properties": { "id": "a-01408", "start_id": "fd-00771", "end_id": "fd-01864", "specification": "leadin", "source": "fd-00771", "placement": "ug", "length": 17.17, "duct_group": 4, "duct_assignment": "9" }, "geometry": { "type": "LineString", "coordinates": [ [ -119.280163453481237, 35.489932649859277 ], [ -119.279994709622542, 35.490002646973011 ] ] } },
{ "type": "Feature", "properties": { "id": "a-01409", "start_id": "fd-00771", "end_id": "fd-01863", "specification": "leadin", "source": "fd-00771", "placement": "ug", "length": 17.86, "duct_group": 4, "duct_assignment": "10" }, "geometry": { "type": "LineString", "coordinates": [ [ -119.280163453481237, 35.489932649859277 ], [ -119.279987993306577, 35.489859779498452 ] ] } },
{ "type": "Feature", "properties": { "id": "a-01410", "start_id": "fd-00772", "end_id": "fd-01867", "specification": "leadin", "source": "fd-00772", "placement": "ug", "length": 17.86, "duct_group": 4, "duct_assignment": "11" }, "geometry": { "type": "LineString", "coordinates": [ [ -119.279661644959916, 35.489780076971236 ], [ -119.279743805294572, 35.489926360700025 ] ] } },
{ "type": "Feature", "properties": { "id": "a-01411", "start_id": "fd-00772", "end_id": "fd-01876", "specification": "leadin", "source": "fd-00772", "placement": "ug", "length": 17.95, "duct_group": 4, "duct_assignment": "12" }, "geometry": { "type": "LineString", "coordinates": [ [ -119.279661644959916, 35.489780076971236 ], [ -119.279575884994543, 35.489925867658791 ] ] } },
{ "type": "Feature", "properties": { "id": "a-01412", "start_id": "fd-00773", "end_id": "fd-02059", "specification": "leadin", "source": "fd-00773", "placement": "ug", "length": 17.91, "duct_group": 5, "duct_assignment": "1" }, "geometry": { "type": "LineString", "coordinates": [ [ -119.278811112590986, 35.490498675779151 ], [ -119.278722458641781, 35.490642858987187 ] ] } },
{ "type": "Feature", "properties": { "id": "a-01413", "start_id": "fd-00774", "end_id": "fd-02060", "specification": "leadin", "source": "fd-00774", "placement": "ug", "length": 16.75, "duct_group": 5, "duct_assignment": "2" }, "geometry": { "type": "LineString", "coordinates": [ [ -119.278991197451376, 35.490773928798781 ], [ -119.278898936708956, 35.490643191184958 ] ] } },
{ "type": "Feature", "properties": { "id": "a-01414", "start_id": "fd-00775", "end_id": "fd-02072", "specification": "leadin", "source": "fd-00775", "placement": "ug", "length": 18.34, "duct_group": 5, "duct_assignment": "3" }, "geometry": { "type": "LineString", "coordinates": [ [ -119.278990589201811, 35.490911288979952 ], [ -119.278806473010633, 35.490979459730397 ] ] } },
{ "type": "Feature", "properties": { "id": "a-01415", "start_id": "fd-00775", "end_id": "fd-02071", "specification": "leadin", "source": "fd-00775", "placement": "ug", "length": 18.3, "duct_group": 5, "duct_assignment": "4" }, "geometry": { "type": "LineString", "coordinates": [ [ -119.278990589201811, 35.490911288979952 ], [ -119.278807586837857, 35.490842077817916 ] ] } },
{ "type": "Feature", "properties": { "id": "a-01416", "start_id": "fd-00776", "end_id": "fd-02073", "specification": "leadin", "source": "fd-00776", "placement": "ug", "length": 18.38, "duct_group": 5, "duct_assignment": "5" }, "geometry": { "type": "LineString", "coordinates": [ [ -119.278989373770443, 35.491186007506229 ], [ -119.278805325744997, 35.491116817778533 ] ] } },
{ "type": "Feature", "properties": { "id": "a-01417", "start_id": "fd-00776", "end_id": "fd-02074", "specification": "leadin", "source": "fd-00776", "placement": "ug", "length": 18.43, "duct_group": 5, "duct_assignment": "6" }, "geometry": { "type": "LineString", "coordinates": [ [ -119.278989373770443, 35.491186007506229 ], [ -119.278804178967007, 35.491254175941229 ] ] } },
{ "type": "Feature", "properties": { "id": "a-01418", "start_id": "fd-00777", "end_id": "fd-02075", "specification": "leadin", "source": "fd-00777", "placement": "ug", "length": 18.46, "duct_group": 5, "duct_assignment": "7" }, "geometry": { "type": "LineString", "coordinates": [ [ -119.278987973172534, 35.491460726127123 ], [ -119.278803029817809, 35.491391533570251 ] ] } },
{ "type": "Feature", "properties": { "id": "a-01419", "start_id": "fd-00778", "end_id": "fd-02076", "specification": "leadin", "source": "fd-00778", "placement": "ug", "length": 14.57, "duct_group": 5, "duct_assignment": "8" }, "geometry": { "type": "LineString", "coordinates": [ [ -119.27890699035261, 35.491611586148238 ], [ -119.278779316650031, 35.491531940953173 ] ] } },
{ "type": "Feature", "properties": { "id": "a-01420", "start_id": "fd-00778", "end_id": "fd-02081", "specification": "leadin", "source": "fd-00778", "placement": "ug", "length": 59.28, "duct_group": 5, "duct_assignment": "9" }, "geometry": { "type": "LineString", "coordinates": [ [ -119.27890699035261, 35.491611586148238 ], [ -119.279039644681205, 35.492134722314439 ] ] } },
{ "type": "Feature", "properties": { "id": "a-01421", "start_id": "fd-00778", "end_id": "fd-02077", "specification": "leadin", "source": "fd-00778", "placement": "ug", "length": 13.87, "duct_group": 5, "duct_assignment": "10" }, "geometry": { "type": "LineString", "coordinates": [ [ -119.27890699035261, 35.491611586148238 ], [ -119.278791906335883, 35.491693817527306 ] ] } },
{ "type": "Feature", "properties": { "id": "a-01422", "start_id": "fd-00779", "end_id": "fd-02079", "specification": "leadin", "source": "fd-00779", "placement": "ug", "length": 15.41, "duct_group": 5, "duct_assignment": "11" }, "geometry": { "type": "LineString", "coordinates": [ [ -119.279241932271731, 35.491620821391571 ], [ -119.279386856097133, 35.491548403232365 ] ] } },
{ "type": "Feature", "properties": { "id": "a-01423", "start_id": "fd-00779", "end_id": "fd-02078", "specification": "leadin", "source": "fd-00779", "placement": "ug", "length": 14.25, "duct_group": 5, "duct_assignment": "12" }, "geometry": { "type": "LineString", "coordinates": [ [ -119.279241932271731, 35.491620821391571 ], [ -119.27936658036046, 35.491698872970936 ] ] } },
{ "type": "Feature", "properties": { "id": "a-01424", "start_id": "fd-00780", "end_id": "fd-02051", "specification": "leadin", "source": "fd-00780", "placement": "ug", "length": 17.91, "duct_group": 6, "duct_assignment": "1" }, "geometry": { "type": "LineString", "coordinates": [ [ -119.279348408037961, 35.490500257849 ], [ -119.279259287555945, 35.490644243496156 ] ] } },
{ "type": "Feature", "properties": { "id": "a-01425", "start_id": "fd-00780", "end_id": "fd-01873", "specification": "leadin", "source": "fd-00780", "placement": "ug", "length": 27.47, "duct_group": 6, "duct_assignment": "2" }, "geometry": { "type": "LineString", "coordinates": [ [ -119.279348408037961, 35.490500257849 ], [ -119.279599664199708, 35.490638347968201 ] ] } },
{ "type": "Feature", "properties": { "id": "a-01426", "start_id": "fd-00780", "end_id": "fd-01878", "specification": "leadin", "source": "fd-00780", "placement": "ug", "length": 17.04, "duct_group": 6, "duct_assignment": "3" }, "geometry": { "type": "LineString", "coordinates": [ [ -119.279348408037961, 35.490500257849 ], [ -119.279431747968317, 35.490637855717083 ] ] } },
{ "type": "Feature", "properties": { "id": "a-01427", "start_id": "fd-00781", "end_id": "fd-01858", "specification": "leadin", "source": "fd-00781", "placement": "ug", "length": 16.2, "duct_group": 6, "duct_assignment": "4" }, "geometry": { "type": "LineString", "coordinates": [ [ -119.280086728270334, 35.490543394950279 ], [ -119.279964736565645, 35.490649956538114 ] ] } },
{ "type": "Feature", "properties": { "id": "a-01428", "start_id": "fd-00782", "end_id": "fd-01727", "specification": "leadin", "source": "fd-00782", "placement": "ug", "length": 24.86, "duct_group": 6, "duct_assignment": "5" }, "geometry": { "type": "LineString", "coordinates": [ [ -119.280217174608964, 35.490514525188907 ], [ -119.280449526331296, 35.490633131200276 ] ] } },
{ "type": "Feature", "properties": { "id": "a-01429", "start_id": "fd-00782", "end_id": "fd-01854", "specification": "leadin", "source": "fd-00782", "placement": "ug", "length": 17.45, "duct_group": 6, "duct_assignment": "6" }, "geometry": { "type": "LineString", "coordinates": [ [ -119.280217174608964, 35.490514525188907 ], [ -119.280218675252499, 35.490671748186621 ] ] } },
{ "type": "Feature", "properties": { "id": "a-01430", "start_id": "fd-00783", "end_id": "fd-01725", "specification": "leadin", "source": "fd-00783", "placement": "ug", "length": 14.9, "duct_group": 6, "duct_assignment": "7" }, "geometry": { "type": "LineString", "coordinates": [ [ -119.280373313684279, 35.490336204926166 ], [ -119.280527475163552, 35.490290020722746 ] ] } },
{ "type": "Feature", "properties": { "id": "a-01431", "start_id": "fd-00783", "end_id": "fd-01726", "specification": "leadin", "source": "fd-00783", "placement": "ug", "length": 20.59, "duct_group": 6, "duct_assignment": "8" }, "geometry": { "type": "LineString", "coordinates": [ [ -119.280373313684279, 35.490336204926166 ], [ -119.280521813801926, 35.490476528704562 ] ] } },
{ "type": "Feature", "properties": { "id": "a-01432", "start_id": "fd-00784", "end_id": "fd-01724", "specification": "leadin", "source": "fd-00784", "placement": "ug", "length": 15.86, "duct_group": 6, "duct_assignment": "9" }, "geometry": { "type": "LineString", "coordinates": [ [ -119.280355357363476, 35.490203926269608 ], [ -119.280498882786048, 35.490122395651461 ] ] } },
{ "type": "Feature", "properties": { "id": "a-01433", "start_id": "fd-00785", "end_id": "fd-01728", "specification": "leadin", "source": "fd-00785", "placement": "ug", "length": 17.04, "duct_group": 6, "duct_assignment": "10" }, "geometry": { "type": "LineString", "coordinates": [ [ -119.280330066268093, 35.490039863879488 ], [ -119.280498823444177, 35.489972566500178 ] ] } },
{ "type": "Feature", "properties": { "id": "a-01434", "start_id": "fd-00786", "end_id": "fd-01730", "specification": "leadin", "source": "fd-00786", "placement": "ug", "length": 17.04, "duct_group": 6, "duct_assignment": "11" }, "geometry": { "type": "LineString", "coordinates": [ [ -119.280333449583011, 35.489765151429054 ], [ -119.28050220701445, 35.4896978542413 ] ] } },
{ "type": "Feature", "properties": { "id": "a-01435", "start_id": "fd-00786", "end_id": "fd-01729", "specification": "leadin", "source": "fd-00786", "placement": "ug", "length": 17.04, "duct_group": 6, "duct_assignment": "12" }, "geometry": { "type": "LineString", "coordinates": [ [ -119.280333449583011, 35.489765151429054 ], [ -119.280500515643212, 35.489835210476151 ] ] } },
{ "type": "Feature", "properties": { "id": "a-01436", "start_id": "fd-00787", "end_id": "fd-02050", "specification": "leadin", "source": "fd-00787", "placement": "ug", "length": 17.84, "duct_group": 7, "duct_assignment": "1" }, "geometry": { "type": "LineString", "coordinates": [ [ -119.279486529272731, 35.49036329946918 ], [ -119.279404368506164, 35.49021723208002 ] ] } },
{ "type": "Feature", "properties": { "id": "a-01437", "start_id": "fd-00788", "end_id": "fd-01875", "specification": "leadin", "source": "fd-00788", "placement": "ug", "length": 17.69, "duct_group": 7, "duct_assignment": "2" }, "geometry": { "type": "LineString", "coordinates": [ [ -119.279663337675544, 35.489642717140015 ], [ -119.279581161449158, 35.489498133540245 ] ] } },
{ "type": "Feature", "properties": { "id": "a-01438", "start_id": "fd-00788", "end_id": "fd-01866", "specification": "leadin", "source": "fd-00788", "placement": "ug", "length": 17.78, "duct_group": 7, "duct_assignment": "3" }, "geometry": { "type": "LineString", "coordinates": [ [ -119.279663337675544, 35.489642717140015 ], [ -119.279749078955575, 35.489498625235747 ] ] } },
{ "type": "Feature", "properties": { "id": "a-01439", "start_id": "fd-00789", "end_id": "fd-02055", "specification": "leadin", "source": "fd-00789", "placement": "ug", "length": 17.86, "duct_group": 7, "duct_assignment": "4" }, "geometry": { "type": "LineString", "coordinates": [ [ -119.27932580944416, 35.489779089044895 ], [ -119.279407966898788, 35.489925373914716 ] ] } },
{ "type": "Feature", "properties": { "id": "a-01440", "start_id": "fd-00789", "end_id": "fd-02067", "specification": "leadin", "source": "fd-00789", "placement": "ug", "length": 18.83, "duct_group": 7, "duct_assignment": "5" }, "geometry": { "type": "LineString", "coordinates": [ [ -119.27932580944416, 35.489779089044895 ], [ -119.279235832358353, 35.489931969644857 ] ] } },
{ "type": "Feature", "properties": { "id": "a-01441", "start_id": "fd-00790", "end_id": "fd-02054", "specification": "leadin", "source": "fd-00790", "placement": "ug", "length": 17.78, "duct_group": 7, "duct_assignment": "6" }, "geometry": { "type": "LineString", "coordinates": [ [ -119.279327504924808, 35.489641729195277 ], [ -119.279413245952938, 35.489497641051315 ] ] } },
{ "type": "Feature", "properties": { "id": "a-01442", "start_id": "fd-00790", "end_id": "fd-02053", "specification": "leadin", "source": "fd-00790", "placement": "ug", "length": 18.51, "duct_group": 7, "duct_assignment": "7" }, "geometry": { "type": "LineString", "coordinates": [ [ -119.279327504924808, 35.489641729195277 ], [ -119.279241700634984, 35.489490350750401 ] ] } },
{ "type": "Feature", "properties": { "id": "a-01443", "start_id": "fd-00791", "end_id": "fd-02066", "specification": "leadin", "source": "fd-00791", "placement": "ug", "length": 14.97, "duct_group": 7, "duct_assignment": "8" }, "geometry": { "type": "LineString", "coordinates": [ [ -119.279013313399233, 35.489837518666228 ], [ -119.279020600124468, 35.489972251362005 ] ] } },
{ "type": "Feature", "properties": { "id": "a-01444", "start_id": "fd-00791", "end_id": "fd-02068", "specification": "leadin", "source": "fd-00791", "placement": "ug", "length": 21.94, "duct_group": 7, "duct_assignment": "9" }, "geometry": { "type": "LineString", "coordinates": [ [ -119.279013313399233, 35.489837518666228 ], [ -119.278795709224028, 35.489923611300007 ] ] } },
{ "type": "Feature", "properties": { "id": "a-01445", "start_id": "fd-00792", "end_id": "fd-02065", "specification": "leadin", "source": "fd-00792", "placement": "ug", "length": 14.73, "duct_group": 7, "duct_assignment": "10" }, "geometry": { "type": "LineString", "coordinates": [ [ -119.27901438509231, 35.489581477159135 ], [ -119.279027315015014, 35.489449112764476 ] ] } },
{ "type": "Feature", "properties": { "id": "a-01446", "start_id": "fd-00793", "end_id": "fd-02070", "specification": "leadin", "source": "fd-00793", "placement": "ug", "length": 16.24, "duct_group": 7, "duct_assignment": "11" }, "geometry": { "type": "LineString", "coordinates": [ [ -119.278920298323072, 35.489655725793099 ], [ -119.278754003367567, 35.489709808032728 ] ] } },
{ "type": "Feature", "properties": { "id": "a-01447", "start_id": "fd-00793", "end_id": "fd-02069", "specification": "leadin", "source": "fd-00793", "placement": "ug", "length": 20.81, "duct_group": 7, "duct_assignment": "12" }, "geometry": { "type": "LineString", "coordinates": [ [ -119.278920298323072, 35.489655725793099 ], [ -119.27880001131193, 35.489496104572048 ] ] } },
{ "type": "Feature", "properties": { "id": "a-01448", "start_id": "fd-00794", "end_id": "fd-02234", "specification": "leadin", "source": "fd-00794", "placement": "ug", "length": 20.21, "duct_group": 0, "duct_assignment": "1" }, "geometry": { "type": "LineString", "coordinates": [ [ -119.275926970100755, 35.491259135980869 ], [ -119.275803385151661, 35.491107663058109 ] ] } },
{ "type": "Feature", "properties": { "id": "a-01449", "start_id": "fd-00794", "end_id": "fd-02235", "specification": "leadin", "source": "fd-00794", "placement": "ug", "length": 20.21, "duct_group": 0, "duct_assignment": "2" }, "geometry": { "type": "LineString", "coordinates": [ [ -119.275926970100755, 35.491259135980869 ], [ -119.27605194066598, 35.491108424429498 ] ] } },
{ "type": "Feature", "properties": { "id": "a-01450", "start_id": "fd-00795", "end_id": "fd-02233", "specification": "leadin", "source": "fd-00795", "placement": "ug", "length": 20.21, "duct_group": 0, "duct_assignment": "3" }, "geometry": { "type": "LineString", "coordinates": [ [ -119.275429856114414, 35.49125761316224 ], [ -119.275554829710316, 35.491106901188083 ] ] } },
{ "type": "Feature", "properties": { "id": "a-01451", "start_id": "fd-00795", "end_id": "fd-02232", "specification": "leadin", "source": "fd-00795", "placement": "ug", "length": 20.55, "duct_group": 0, "duct_assignment": "4" }, "geometry": { "type": "LineString", "coordinates": [ [ -119.275429856114414, 35.49125761316224 ], [ -119.275299556474423, 35.491106117934486 ] ] } },
{ "type": "Feature", "properties": { "id": "a-01452", "start_id": "fd-00795", "end_id": "fd-02231", "specification": "leadin", "source": "fd-00795", "placement": "ug", "length": 39.41, "duct_group": 0, "duct_assignment": "5" }, "geometry": { "type": "LineString", "coordinates": [ [ -119.275429856114414, 35.49125761316224 ], [ -119.275037565568837, 35.491105313810543 ] ] } },
{ "type": "Feature", "properties": { "id": "a-01453", "start_id": "fd-00796", "end_id": "fd-02230", "specification": "leadin", "source": "fd-00796", "placement": "ug", "length": 21.35, "duct_group": 0, "duct_assignment": "6" }, "geometry": { "type": "LineString", "coordinates": [ [ -119.274537490037744, 35.491018613310139 ], [ -119.274723958364945, 35.491135907382962 ] ] } },
{ "type": "Feature", "properties": { "id": "a-01454", "start_id": "fd-00797", "end_id": "fd-02228", "specification": "leadin", "source": "fd-00797", "placement": "ug", "length": 20.21, "duct_group": 0, "duct_assignment": "7" }, "geometry": { "type": "LineString", "coordinates": [ [ -119.274538431412211, 35.490815322996575 ], [ -119.27472363723119, 35.490714246525528 ] ] } },
{ "type": "Feature", "properties": { "id": "a-01455", "start_id": "fd-00797", "end_id": "fd-02229", "specification": "leadin", "source": "fd-00797", "placement": "ug", "length": 20.21, "duct_group": 0, "duct_assignment": "8" }, "geometry": { "type": "LineString", "coordinates": [ [ -119.274538431412211, 35.490815322996575 ], [ -119.274722696801604, 35.49091753638821 ] ] } },
{ "type": "Feature", "properties": { "id": "a-01456", "start_id": "fd-00798", "end_id": "fd-02226", "specification": "leadin", "source": "fd-00798", "placement": "ug", "length": 20.21, "duct_group": 0, "duct_assignment": "9" }, "geometry": { "type": "LineString", "coordinates": [ [ -119.274540314161271, 35.490408743222282 ], [ -119.274725517276039, 35.490307666973479 ] ] } },
{ "type": "Feature", "properties": { "id": "a-01457", "start_id": "fd-00798", "end_id": "fd-02227", "specification": "leadin", "source": "fd-00798", "placement": "ug", "length": 20.21, "duct_group": 0, "duct_assignment": "10" }, "geometry": { "type": "LineString", "coordinates": [ [ -119.274540314161271, 35.490408743222282 ], [ -119.274724577201752, 35.490510956922016 ] ] } },
{ "type": "Feature", "properties": { "id": "a-01458", "start_id": "fd-00799", "end_id": "fd-02302", "specification": "leadin", "source": "fd-00799", "placement": "ug", "length": 23.32, "duct_group": 0, "duct_assignment": "11" }, "geometry": { "type": "LineString", "coordinates": [ [ -119.27454217185003, 35.490007656641978 ], [ -119.274768428499456, 35.490107253393937 ] ] } },
{ "type": "Feature", "properties": { "id": "a-01459", "start_id": "fd-00799", "end_id": "fd-02303", "specification": "leadin", "source": "fd-00799", "placement": "ug", "length": 23.32, "duct_group": 0, "duct_assignment": "12" }, "geometry": { "type": "LineString", "coordinates": [ [ -119.27454217185003, 35.490007656641978 ], [ -119.274769343337994, 35.489909457714475 ] ] } },
{ "type": "Feature", "properties": { "id": "a-01460", "start_id": "fd-00800", "end_id": "fd-02250", "specification": "leadin", "source": "fd-00800", "placement": "ug", "length": 20.21, "duct_group": 1, "duct_assignment": "1" }, "geometry": { "type": "LineString", "coordinates": [ [ -119.277418308906164, 35.49126369511076 ], [ -119.277294717701807, 35.491112224742004 ] ] } },
{ "type": "Feature", "properties": { "id": "a-01461", "start_id": "fd-00800", "end_id": "fd-02251", "specification": "leadin", "source": "fd-00800", "placement": "ug", "length": 20.91, "duct_group": 1, "duct_assignment": "2" }, "geometry": { "type": "LineString", "coordinates": [ [ -119.277418308906164, 35.49126369511076 ], [ -119.27755332828319, 35.491111025150659 ] ] } },
{ "type": "Feature", "properties": { "id": "a-01462", "start_id": "fd-00801", "end_id": "fd-02249", "specification": "leadin", "source": "fd-00801", "placement": "ug", "length": 20.21, "duct_group": 1, "duct_assignment": "3" }, "geometry": { "type": "LineString", "coordinates": [ [ -119.276921195952625, 35.491262177411457 ], [ -119.277046162441522, 35.491111465769414 ] ] } },
{ "type": "Feature", "properties": { "id": "a-01463", "start_id": "fd-00801", "end_id": "fd-02248", "specification": "leadin", "source": "fd-00801", "placement": "ug", "length": 20.21, "duct_group": 1, "duct_assignment": "4" }, "geometry": { "type": "LineString", "coordinates": [ [ -119.276921195952625, 35.491262177411457 ], [ -119.276797606703241, 35.491110706303978 ] ] } },
{ "type": "Feature", "properties": { "id": "a-01464", "start_id": "fd-00802", "end_id": "fd-02247", "specification": "leadin", "source": "fd-00802", "placement": "ug", "length": 20.21, "duct_group": 1, "duct_assignment": "5" }, "geometry": { "type": "LineString", "coordinates": [ [ -119.276424083017488, 35.491260657701496 ], [ -119.276549051301743, 35.49110994622135 ] ] } },
{ "type": "Feature", "properties": { "id": "a-01465", "start_id": "fd-00802", "end_id": "fd-02246", "specification": "leadin", "source": "fd-00802", "placement": "ug", "length": 20.21, "duct_group": 1, "duct_assignment": "6" }, "geometry": { "type": "LineString", "coordinates": [ [ -119.276424083017488, 35.491260657701496 ], [ -119.276300496055228, 35.49110918574074 ] ] } },
{ "type": "Feature", "properties": { "id": "a-01466", "start_id": "fd-00803", "end_id": "fd-02188", "specification": "leadin", "source": "fd-00803", "placement": "ug", "length": 20.95, "duct_group": 1, "duct_assignment": "7" }, "geometry": { "type": "LineString", "coordinates": [ [ -119.27674272439576, 35.492008369656851 ], [ -119.276607413089067, 35.491855367692352 ] ] } },
{ "type": "Feature", "properties": { "id": "a-01467", "start_id": "fd-00803", "end_id": "fd-02189", "specification": "leadin", "source": "fd-00803", "placement": "ug", "length": 21.13, "duct_group": 1, "duct_assignment": "8" }, "geometry": { "type": "LineString", "coordinates": [ [ -119.27674272439576, 35.492008369656851 ], [ -119.276870433465248, 35.491849130091552 ] ] } },
{ "type": "Feature", "properties": { "id": "a-01468", "start_id": "fd-00804", "end_id": "fd-02192", "specification": "leadin", "source": "fd-00804", "placement": "ug", "length": 20.17, "duct_group": 1, "duct_assignment": "9" }, "geometry": { "type": "LineString", "coordinates": [ [ -119.276742085980672, 35.492151268099619 ], [ -119.276871157608113, 35.492299285449604 ] ] } },
{ "type": "Feature", "properties": { "id": "a-01469", "start_id": "fd-00804", "end_id": "fd-02193", "specification": "leadin", "source": "fd-00804", "placement": "ug", "length": 20.19, "duct_group": 1, "duct_assignment": "10" }, "geometry": { "type": "LineString", "coordinates": [ [ -119.276742085980672, 35.492151268099619 ], [ -119.276607888465364, 35.492296399171799 ] ] } },
{ "type": "Feature", "properties": { "id": "a-01470", "start_id": "fd-00805", "end_id": "fd-02190", "specification": "leadin", "source": "fd-00805", "placement": "ug", "length": 24.95, "duct_group": 1, "duct_assignment": "11" }, "geometry": { "type": "LineString", "coordinates": [ [ -119.277223244534099, 35.492071600332864 ], [ -119.277164971921223, 35.491851859978922 ] ] } },
{ "type": "Feature", "properties": { "id": "a-01471", "start_id": "fd-00805", "end_id": "fd-02191", "specification": "leadin", "source": "fd-00805", "placement": "ug", "length": 24.77, "duct_group": 1, "duct_assignment": "12" }, "geometry": { "type": "LineString", "coordinates": [ [ -119.277223244534099, 35.492071600332864 ], [ -119.277164100231275, 35.492289494624799 ] ] } },
{ "type": "Feature", "properties": { "id": "a-01472", "start_id": "fd-00806", "end_id": "fd-02267", "specification": "leadin", "source": "fd-00806", "placement": "ug", "length": 20.66, "duct_group": 2, "duct_assignment": "1" }, "geometry": { "type": "LineString", "coordinates": [ [ -119.277868626009933, 35.490478236158609 ], [ -119.278063204656291, 35.490574918134456 ] ] } },
{ "type": "Feature", "properties": { "id": "a-01473", "start_id": "fd-00806", "end_id": "fd-02268", "specification": "leadin", "source": "fd-00806", "placement": "ug", "length": 20.73, "duct_group": 2, "duct_assignment": "2" }, "geometry": { "type": "LineString", "coordinates": [ [ -119.277868626009933, 35.490478236158609 ], [ -119.278064821261452, 35.4903826231441 ] ] } },
{ "type": "Feature", "properties": { "id": "a-01474", "start_id": "fd-00807", "end_id": "fd-02269", "specification": "leadin", "source": "fd-00807", "placement": "ug", "length": 20.78, "duct_group": 2, "duct_assignment": "3" }, "geometry": { "type": "LineString", "coordinates": [ [ -119.277870367827134, 35.490093640395088 ], [ -119.278066438326363, 35.490190328276782 ] ] } },
{ "type": "Feature", "properties": { "id": "a-01475", "start_id": "fd-00807", "end_id": "fd-02270", "specification": "leadin", "source": "fd-00807", "placement": "ug", "length": 20.93, "duct_group": 2, "duct_assignment": "4" }, "geometry": { "type": "LineString", "coordinates": [ [ -119.277870367827134, 35.490093640395088 ], [ -119.278066617358022, 35.48999450131106 ] ] } },
{ "type": "Feature", "properties": { "id": "a-01476", "start_id": "fd-00808", "end_id": "fd-02271", "specification": "leadin", "source": "fd-00808", "placement": "ug", "length": 19.26, "duct_group": 2, "duct_assignment": "5" }, "geometry": { "type": "LineString", "coordinates": [ [ -119.277920077657114, 35.489508647025893 ], [ -119.278075984229602, 35.489626354132632 ] ] } },
{ "type": "Feature", "properties": { "id": "a-01477", "start_id": "fd-00808", "end_id": "fd-02272", "specification": "leadin", "source": "fd-00808", "placement": "ug", "length": 36.38, "duct_group": 2, "duct_assignment": "6" }, "geometry": { "type": "LineString", "coordinates": [ [ -119.277920077657114, 35.489508647025893 ], [ -119.277925770866503, 35.489180860929629 ] ] } },
{ "type": "Feature", "properties": { "id": "a-01478", "start_id": "fd-00809", "end_id": "fd-02286", "specification": "leadin", "source": "fd-00809", "placement": "ug", "length": 20.13, "duct_group": 2, "duct_assignment": "7" }, "geometry": { "type": "LineString", "coordinates": [ [ -119.277191468659211, 35.489257934739278 ], [ -119.277069565813505, 35.489106423326319 ] ] } },
{ "type": "Feature", "properties": { "id": "a-01479", "start_id": "fd-00809", "end_id": "fd-02285", "specification": "leadin", "source": "fd-00809", "placement": "ug", "length": 20.13, "duct_group": 2, "duct_assignment": "8" }, "geometry": { "type": "LineString", "coordinates": [ [ -119.277191468659211, 35.489257934739278 ], [ -119.277314737427758, 35.489107158673505 ] ] } },
{ "type": "Feature", "properties": { "id": "a-01480", "start_id": "fd-00810", "end_id": "fd-02287", "specification": "leadin", "source": "fd-00810", "placement": "ug", "length": 20.12, "duct_group": 2, "duct_assignment": "9" }, "geometry": { "type": "LineString", "coordinates": [ [ -119.276701103095363, 35.489256430881937 ], [ -119.27682438421111, 35.48910567500225 ] ] } },
{ "type": "Feature", "properties": { "id": "a-01481", "start_id": "fd-00810", "end_id": "fd-02288", "specification": "leadin", "source": "fd-00810", "placement": "ug", "length": 20.12, "duct_group": 2, "duct_assignment": "10" }, "geometry": { "type": "LineString", "coordinates": [ [ -119.276701103095363, 35.489256430881937 ], [ -119.276579202643518, 35.489104926291262 ] ] } },
{ "type": "Feature", "properties": { "id": "a-01482", "start_id": "fd-00811", "end_id": "fd-02289", "specification": "leadin", "source": "fd-00811", "placement": "ug", "length": 20.12, "duct_group": 2, "duct_assignment": "11" }, "geometry": { "type": "LineString", "coordinates": [ [ -119.276210738651372, 35.489254925056656 ], [ -119.276334021604072, 35.48910417675684 ] ] } },
{ "type": "Feature", "properties": { "id": "a-01483", "start_id": "fd-00811", "end_id": "fd-02290", "specification": "leadin", "source": "fd-00811", "placement": "ug", "length": 20.12, "duct_group": 2, "duct_assignment": "12" }, "geometry": { "type": "LineString", "coordinates": [ [ -119.276210738651372, 35.489254925056656 ], [ -119.276088840102844, 35.489103426844295 ] ] } },
{ "type": "Feature", "properties": { "id": "a-01484", "start_id": "fd-00812", "end_id": "fd-02186", "specification": "leadin", "source": "fd-00812", "placement": "ug", "length": 20.64, "duct_group": 3, "duct_assignment": "1" }, "geometry": { "type": "LineString", "coordinates": [ [ -119.277010831413861, 35.49140530340344 ], [ -119.276877466623276, 35.491555989872388 ] ] } },
{ "type": "Feature", "properties": { "id": "a-01485", "start_id": "fd-00812", "end_id": "fd-02185", "specification": "leadin", "source": "fd-00812", "placement": "ug", "length": 21.11, "duct_group": 3, "duct_assignment": "2" }, "geometry": { "type": "LineString", "coordinates": [ [ -119.277010831413861, 35.49140530340344 ], [ -119.27715145312051, 35.491556825868336 ] ] } },
{ "type": "Feature", "properties": { "id": "a-01486", "start_id": "fd-00813", "end_id": "fd-02187", "specification": "leadin", "source": "fd-00813", "placement": "ug", "length": 20.99, "duct_group": 3, "duct_assignment": "3" }, "geometry": { "type": "LineString", "coordinates": [ [ -119.276745479790193, 35.491404492660237 ], [ -119.276608790937217, 35.491557133550167 ] ] } },
{ "type": "Feature", "properties": { "id": "a-01487", "start_id": "fd-00814", "end_id": "fd-02214", "specification": "leadin", "source": "fd-00814", "placement": "ug", "length": 20.21, "duct_group": 3, "duct_assignment": "4" }, "geometry": { "type": "LineString", "coordinates": [ [ -119.276030625166612, 35.492006682933791 ], [ -119.275907036996813, 35.491855211419832 ] ] } },
{ "type": "Feature", "properties": { "id": "a-01488", "start_id": "fd-00814", "end_id": "fd-02213", "specification": "leadin", "source": "fd-00814", "placement": "ug", "length": 20.65, "duct_group": 3, "duct_assignment": "5" }, "geometry": { "type": "LineString", "coordinates": [ [ -119.276030625166612, 35.492006682933791 ], [ -119.276160612533602, 35.491853920360931 ] ] } },
{ "type": "Feature", "properties": { "id": "a-01489", "start_id": "fd-00815", "end_id": "fd-02194", "specification": "leadin", "source": "fd-00815", "placement": "ug", "length": 20.41, "duct_group": 3, "duct_assignment": "6" }, "geometry": { "type": "LineString", "coordinates": [ [ -119.276023239276824, 35.492149513505737 ], [ -119.276152558394116, 35.492299997218254 ] ] } },
{ "type": "Feature", "properties": { "id": "a-01490", "start_id": "fd-00815", "end_id": "fd-02195", "specification": "leadin", "source": "fd-00815", "placement": "ug", "length": 20.29, "duct_group": 3, "duct_assignment": "7" }, "geometry": { "type": "LineString", "coordinates": [ [ -119.276023239276824, 35.492149513505737 ], [ -119.275896584835351, 35.492300220789986 ] ] } },
{ "type": "Feature", "properties": { "id": "a-01491", "start_id": "fd-00816", "end_id": "fd-02215", "specification": "leadin", "source": "fd-00816", "placement": "ug", "length": 20.21, "duct_group": 3, "duct_assignment": "8" }, "geometry": { "type": "LineString", "coordinates": [ [ -119.275782062617964, 35.49200592292123 ], [ -119.27565847572528, 35.491854450809676 ] ] } },
{ "type": "Feature", "properties": { "id": "a-01492", "start_id": "fd-00817", "end_id": "fd-02217", "specification": "leadin", "source": "fd-00817", "placement": "ug", "length": 20.21, "duct_group": 3, "duct_assignment": "9" }, "geometry": { "type": "LineString", "coordinates": [ [ -119.275284937534479, 35.49200440138803 ], [ -119.275161353483071, 35.491852928194234 ] ] } },
{ "type": "Feature", "properties": { "id": "a-01493", "start_id": "fd-00817", "end_id": "fd-02216", "specification": "leadin", "source": "fd-00817", "placement": "ug", "length": 20.21, "duct_group": 3, "duct_assignment": "10" }, "geometry": { "type": "LineString", "coordinates": [ [ -119.275284937534479, 35.49200440138803 ], [ -119.275409914526648, 35.491853689700953 ] ] } },
{ "type": "Feature", "properties": { "id": "a-01494", "start_id": "fd-00818", "end_id": "fd-02218", "specification": "leadin", "source": "fd-00818", "placement": "ug", "length": 20.21, "duct_group": 3, "duct_assignment": "11" }, "geometry": { "type": "LineString", "coordinates": [ [ -119.274787813571422, 35.492002877832519 ], [ -119.274912792502363, 35.491852165961546 ] ] } },
{ "type": "Feature", "properties": { "id": "a-01495", "start_id": "fd-00818", "end_id": "fd-02219", "specification": "leadin", "source": "fd-00818", "placement": "ug", "length": 20.48, "duct_group": 3, "duct_assignment": "12" }, "geometry": { "type": "LineString", "coordinates": [ [ -119.274787813571422, 35.492002877832519 ], [ -119.274662888967214, 35.491849143382375 ] ] } },
{ "type": "Feature", "properties": { "id": "a-01496", "start_id": "fd-00819", "end_id": "fd-02264", "specification": "leadin", "source": "fd-00819", "placement": "ug", "length": 20.7, "duct_group": 4, "duct_assignment": "1" }, "geometry": { "type": "LineString", "coordinates": [ [ -119.277866013783481, 35.491055128337827 ], [ -119.278056976468591, 35.491157201425978 ] ] } },
{ "type": "Feature", "properties": { "id": "a-01497", "start_id": "fd-00820", "end_id": "fd-02266", "specification": "leadin", "source": "fd-00820", "placement": "ug", "length": 20.61, "duct_group": 4, "duct_assignment": "2" }, "geometry": { "type": "LineString", "coordinates": [ [ -119.277866885264316, 35.490862830951642 ], [ -119.278061588128026, 35.490767212964123 ] ] } },
{ "type": "Feature", "properties": { "id": "a-01498", "start_id": "fd-00820", "end_id": "fd-02265", "specification": "leadin", "source": "fd-00820", "placement": "ug", "length": 20.55, "duct_group": 4, "duct_assignment": "3" }, "geometry": { "type": "LineString", "coordinates": [ [ -119.277866885264316, 35.490862830951642 ], [ -119.278059971468693, 35.490959507511043 ] ] } },
{ "type": "Feature", "properties": { "id": "a-01499", "start_id": "fd-00821", "end_id": "fd-02262", "specification": "leadin", "source": "fd-00821", "placement": "ug", "length": 20.12, "duct_group": 4, "duct_assignment": "4" }, "geometry": { "type": "LineString", "coordinates": [ [ -119.277394832775784, 35.490516398193321 ], [ -119.277272923561796, 35.490364932022153 ] ] } },
{ "type": "Feature", "properties": { "id": "a-01500", "start_id": "fd-00822", "end_id": "fd-02261", "specification": "leadin", "source": "fd-00822", "placement": "ug", "length": 20.12, "duct_group": 4, "duct_assignment": "5" }, "geometry": { "type": "LineString", "coordinates": [ [ -119.276904448723982, 35.4905148979663 ], [ -119.277027732527429, 35.490364181806378 ] ] } },
{ "type": "Feature", "properties": { "id": "a-01501", "start_id": "fd-00822", "end_id": "fd-02260", "specification": "leadin", "source": "fd-00822", "placement": "ug", "length": 20.12, "duct_group": 4, "duct_assignment": "6" }, "geometry": { "type": "LineString", "coordinates": [ [ -119.276904448723982, 35.4905148979663 ], [ -119.276782541715974, 35.490363431500228 ] ] } },
{ "type": "Feature", "properties": { "id": "a-01502", "start_id": "fd-00823", "end_id": "fd-02258", "specification": "leadin", "source": "fd-00823", "placement": "ug", "length": 20.12, "duct_group": 4, "duct_assignment": "7" }, "geometry": { "type": "LineString", "coordinates": [ [ -119.276414064704142, 35.490513396683951 ], [ -119.276292159981978, 35.490361929185916 ] ] } },
{ "type": "Feature", "properties": { "id": "a-01503", "start_id": "fd-00823", "end_id": "fd-02259", "specification": "leadin", "source": "fd-00823", "placement": "ug", "length": 20.12, "duct_group": 4, "duct_assignment": "8" }, "geometry": { "type": "LineString", "coordinates": [ [ -119.276414064704142, 35.490513396683951 ], [ -119.276537351050237, 35.490362680548003 ] ] } },
{ "type": "Feature", "properties": { "id": "a-01504", "start_id": "fd-00824", "end_id": "fd-02245", "specification": "leadin", "source": "fd-00824", "placement": "ug", "length": 20.12, "duct_group": 4, "duct_assignment": "9" }, "geometry": { "type": "LineString", "coordinates": [ [ -119.275923680702107, 35.490511893444925 ], [ -119.276046969029238, 35.490361177414641 ] ] } },
{ "type": "Feature", "properties": { "id": "a-01505", "start_id": "fd-00824", "end_id": "fd-02244", "specification": "leadin", "source": "fd-00824", "placement": "ug", "length": 20.12, "duct_group": 4, "duct_assignment": "10" }, "geometry": { "type": "LineString", "coordinates": [ [ -119.275923680702107, 35.490511893444925 ], [ -119.275801777703649, 35.490360425114375 ] ] } },
{ "type": "Feature", "properties": { "id": "a-01506", "start_id": "fd-00825", "end_id": "fd-02242", "specification": "leadin", "source": "fd-00825", "placement": "ug", "length": 21.06, "duct_group": 4, "duct_assignment": "11" }, "geometry": { "type": "LineString", "coordinates": [ [ -119.275433295616139, 35.490510388260695 ], [ -119.275308789544212, 35.490350192031073 ] ] } },
{ "type": "Feature", "properties": { "id": "a-01507", "start_id": "fd-00825", "end_id": "fd-02243", "specification": "leadin", "source": "fd-00825", "placement": "ug", "length": 20.12, "duct_group": 4, "duct_assignment": "12" }, "geometry": { "type": "LineString", "coordinates": [ [ -119.275433295616139, 35.490510388260695 ], [ -119.275556586770421, 35.490359672244104 ] ] } },
{ "type": "Feature", "properties": { "id": "a-01508", "start_id": "fd-00826", "end_id": "fd-02008", "specification": "leadin", "source": "fd-00826", "placement": "ug", "length": 23.86, "duct_group": 5, "duct_assignment": "1" }, "geometry": { "type": "LineString", "coordinates": [ [ -119.278542811160236, 35.493078982212865 ], [ -119.278776714278791, 35.493177273982496 ] ] } },
{ "type": "Feature", "properties": { "id": "a-01509", "start_id": "fd-00827", "end_id": "fd-02010", "specification": "leadin", "source": "fd-00827", "placement": "ug", "length": 22.99, "duct_group": 5, "duct_assignment": "2" }, "geometry": { "type": "LineString", "coordinates": [ [ -119.278537967707507, 35.493466772767881 ], [ -119.278772111429546, 35.493545830461443 ] ] } },
{ "type": "Feature", "properties": { "id": "a-01510", "start_id": "fd-00827", "end_id": "fd-02009", "specification": "leadin", "source": "fd-00827", "placement": "ug", "length": 23.93, "duct_group": 5, "duct_assignment": "3" }, "geometry": { "type": "LineString", "coordinates": [ [ -119.278537967707507, 35.493466772767881 ], [ -119.2787742926253, 35.493371178693955 ] ] } },
{ "type": "Feature", "properties": { "id": "a-01511", "start_id": "fd-00828", "end_id": "fd-02005", "specification": "leadin", "source": "fd-00828", "placement": "ug", "length": 24.05, "duct_group": 5, "duct_assignment": "4" }, "geometry": { "type": "LineString", "coordinates": [ [ -119.278500699297879, 35.493760955416477 ], [ -119.278751761170412, 35.493830449836047 ] ] } },
{ "type": "Feature", "properties": { "id": "a-01512", "start_id": "fd-00828", "end_id": "fd-02004", "specification": "leadin", "source": "fd-00828", "placement": "ug", "length": 24.15, "duct_group": 5, "duct_assignment": "5" }, "geometry": { "type": "LineString", "coordinates": [ [ -119.278500699297879, 35.493760955416477 ], [ -119.278753478751426, 35.493692929344881 ] ] } },
{ "type": "Feature", "properties": { "id": "a-01513", "start_id": "fd-00829", "end_id": "fd-02006", "specification": "leadin", "source": "fd-00829", "placement": "ug", "length": 26.95, "duct_group": 5, "duct_assignment": "6" }, "geometry": { "type": "LineString", "coordinates": [ [ -119.27852890014897, 35.494192683174624 ], [ -119.278765861062297, 35.494046324715654 ] ] } },
{ "type": "Feature", "properties": { "id": "a-01514", "start_id": "fd-00829", "end_id": "fd-02048", "specification": "leadin", "source": "fd-00829", "placement": "ug", "length": 23.73, "duct_group": 5, "duct_assignment": "7" }, "geometry": { "type": "LineString", "coordinates": [ [ -119.27852890014897, 35.494192683174624 ], [ -119.278771147655917, 35.494273321784242 ] ] } },
{ "type": "Feature", "properties": { "id": "a-01515", "start_id": "fd-00830", "end_id": "fd-02016", "specification": "leadin", "source": "fd-00830", "placement": "ug", "length": 21.05, "duct_group": 5, "duct_assignment": "8" }, "geometry": { "type": "LineString", "coordinates": [ [ -119.278726517658768, 35.494495262097452 ], [ -119.278626970460479, 35.494666641646958 ] ] } },
{ "type": "Feature", "properties": { "id": "a-01516", "start_id": "fd-00830", "end_id": "fd-02017", "specification": "leadin", "source": "fd-00830", "placement": "ug", "length": 20.18, "duct_group": 5, "duct_assignment": "9" }, "geometry": { "type": "LineString", "coordinates": [ [ -119.278726517658768, 35.494495262097452 ], [ -119.278818505718547, 35.494660873011142 ] ] } },
{ "type": "Feature", "properties": { "id": "a-01517", "start_id": "fd-00831", "end_id": "fd-02018", "specification": "leadin", "source": "fd-00831", "placement": "ug", "length": 20.22, "duct_group": 5, "duct_assignment": "10" }, "geometry": { "type": "LineString", "coordinates": [ [ -119.278914340029431, 35.49449582624338 ], [ -119.279006383997526, 35.494661810735764 ] ] } },
{ "type": "Feature", "properties": { "id": "a-01518", "start_id": "fd-00832", "end_id": "fd-02020", "specification": "leadin", "source": "fd-00832", "placement": "ug", "length": 19.63, "duct_group": 5, "duct_assignment": "11" }, "geometry": { "type": "LineString", "coordinates": [ [ -119.279290301007237, 35.494518051622563 ], [ -119.279388921908435, 35.49467551111259 ] ] } },
{ "type": "Feature", "properties": { "id": "a-01519", "start_id": "fd-00832", "end_id": "fd-02019", "specification": "leadin", "source": "fd-00832", "placement": "ug", "length": 18.77, "duct_group": 5, "duct_assignment": "12" }, "geometry": { "type": "LineString", "coordinates": [ [ -119.279290301007237, 35.494518051622563 ], [ -119.279193647877463, 35.494667642232059 ] ] } },
{ "type": "Feature", "properties": { "id": "a-01520", "start_id": "fd-00833", "end_id": "fd-02197", "specification": "leadin", "source": "fd-00833", "placement": "ug", "length": 20.29, "duct_group": 6, "duct_assignment": "1" }, "geometry": { "type": "LineString", "coordinates": [ [ -119.275519394272862, 35.492147972544075 ], [ -119.275392738089067, 35.49229867987858 ] ] } },
{ "type": "Feature", "properties": { "id": "a-01521", "start_id": "fd-00833", "end_id": "fd-02196", "specification": "leadin", "source": "fd-00833", "placement": "ug", "length": 20.29, "duct_group": 6, "duct_assignment": "2" }, "geometry": { "type": "LineString", "coordinates": [ [ -119.275519394272862, 35.492147972544075 ], [ -119.275644661260301, 35.492299450536827 ] ] } },
{ "type": "Feature", "properties": { "id": "a-01522", "start_id": "fd-00834", "end_id": "fd-02220", "specification": "leadin", "source": "fd-00834", "placement": "ug", "length": 20.82, "duct_group": 6, "duct_assignment": "3" }, "geometry": { "type": "LineString", "coordinates": [ [ -119.274361034159213, 35.491405424306024 ], [ -119.274166520698145, 35.491306016147718 ] ] } },
{ "type": "Feature", "properties": { "id": "a-01523", "start_id": "fd-00834", "end_id": "fd-02205", "specification": "leadin", "source": "fd-00834", "placement": "ug", "length": 20.91, "duct_group": 6, "duct_assignment": "4" }, "geometry": { "type": "LineString", "coordinates": [ [ -119.274361034159213, 35.491405424306024 ], [ -119.27416454632511, 35.491503808498457 ] ] } },
{ "type": "Feature", "properties": { "id": "a-01524", "start_id": "fd-00835", "end_id": "fd-02198", "specification": "leadin", "source": "fd-00835", "placement": "ug", "length": 20.29, "duct_group": 6, "duct_assignment": "5" }, "geometry": { "type": "LineString", "coordinates": [ [ -119.27501555038981, 35.492146429505588 ], [ -119.275140814523439, 35.492297908592711 ] ] } },
{ "type": "Feature", "properties": { "id": "a-01525", "start_id": "fd-00836", "end_id": "fd-02200", "specification": "leadin", "source": "fd-00836", "placement": "ug", "length": 22.29, "duct_group": 6, "duct_assignment": "6" }, "geometry": { "type": "LineString", "coordinates": [ [ -119.274763578675064, 35.492156270546914 ], [ -119.274621918647455, 35.492320388159094 ] ] } },
{ "type": "Feature", "properties": { "id": "a-01526", "start_id": "fd-00836", "end_id": "fd-02199", "specification": "leadin", "source": "fd-00836", "placement": "ug", "length": 19.37, "duct_group": 6, "duct_assignment": "7" }, "geometry": { "type": "LineString", "coordinates": [ [ -119.274763578675064, 35.492156270546914 ], [ -119.274889135252764, 35.492297455804454 ] ] } },
{ "type": "Feature", "properties": { "id": "a-01527", "start_id": "fd-00837", "end_id": "fd-02203", "specification": "leadin", "source": "fd-00837", "placement": "ug", "length": 23.19, "duct_group": 6, "duct_assignment": "8" }, "geometry": { "type": "LineString", "coordinates": [ [ -119.27435315391925, 35.491800998082596 ], [ -119.274132689619734, 35.491906651038889 ] ] } },
{ "type": "Feature", "properties": { "id": "a-01528", "start_id": "fd-00837", "end_id": "fd-02204", "specification": "leadin", "source": "fd-00837", "placement": "ug", "length": 20.53, "duct_group": 6, "duct_assignment": "9" }, "geometry": { "type": "LineString", "coordinates": [ [ -119.27435315391925, 35.491800998082596 ], [ -119.274162437020181, 35.491701536956 ] ] } },
{ "type": "Feature", "properties": { "id": "a-01529", "start_id": "fd-00838", "end_id": "fd-02201", "specification": "leadin", "source": "fd-00838", "placement": "ug", "length": 27.02, "duct_group": 6, "duct_assignment": "10" }, "geometry": { "type": "LineString", "coordinates": [ [ -119.274363745909923, 35.492078245918329 ], [ -119.274293907886801, 35.492314945906145 ] ] } },
{ "type": "Feature", "properties": { "id": "a-01530", "start_id": "fd-00838", "end_id": "fd-02202", "specification": "leadin", "source": "fd-00838", "placement": "ug", "length": 23.52, "duct_group": 6, "duct_assignment": "11" }, "geometry": { "type": "LineString", "coordinates": [ [ -119.274363745909923, 35.492078245918329 ], [ -119.274125861970631, 35.492162275086621 ] ] } },
{ "type": "Feature", "properties": { "id": "a-01531", "start_id": "fd-00839", "end_id": "fd-02256", "specification": "leadin", "source": "fd-00839", "placement": "ug", "length": 20.21, "duct_group": 7, "duct_assignment": "1" }, "geometry": { "type": "LineString", "coordinates": [ [ -119.277421053926162, 35.490659329431871 ], [ -119.277296091219583, 35.49081004189815 ] ] } },
{ "type": "Feature", "properties": { "id": "a-01532", "start_id": "fd-00839", "end_id": "fd-02257", "specification": "leadin", "source": "fd-00839", "placement": "ug", "length": 20.91, "duct_group": 7, "duct_assignment": "2" }, "geometry": { "type": "LineString", "coordinates": [ [ -119.277421053926162, 35.490659329431871 ], [ -119.277554681321178, 35.490812820537194 ] ] } },
{ "type": "Feature", "properties": { "id": "a-01533", "start_id": "fd-00840", "end_id": "fd-02254", "specification": "leadin", "source": "fd-00840", "placement": "ug", "length": 20.21, "duct_group": 7, "duct_assignment": "3" }, "geometry": { "type": "LineString", "coordinates": [ [ -119.276923950123006, 35.490657810784782 ], [ -119.276798985063166, 35.490808522644379 ] ] } },
{ "type": "Feature", "properties": { "id": "a-01534", "start_id": "fd-00840", "end_id": "fd-02255", "specification": "leadin", "source": "fd-00840", "placement": "ug", "length": 20.21, "duct_group": 7, "duct_assignment": "4" }, "geometry": { "type": "LineString", "coordinates": [ [ -119.276923950123006, 35.490657810784782 ], [ -119.277047538310214, 35.490809282579015 ] ] } },
{ "type": "Feature", "properties": { "id": "a-01535", "start_id": "fd-00841", "end_id": "fd-02252", "specification": "leadin", "source": "fd-00841", "placement": "ug", "length": 20.21, "duct_group": 7, "duct_assignment": "5" }, "geometry": { "type": "LineString", "coordinates": [ [ -119.276426846324256, 35.490656289225946 ], [ -119.276301878986459, 35.490807000933486 ] ] } },
{ "type": "Feature", "properties": { "id": "a-01536", "start_id": "fd-00841", "end_id": "fd-02253", "specification": "leadin", "source": "fd-00841", "placement": "ug", "length": 20.21, "duct_group": 7, "duct_assignment": "6" }, "geometry": { "type": "LineString", "coordinates": [ [ -119.276426846324256, 35.490656289225946 ], [ -119.2765504319473, 35.490807761987917 ] ] } },
{ "type": "Feature", "properties": { "id": "a-01537", "start_id": "fd-00842", "end_id": "fd-02239", "specification": "leadin", "source": "fd-00842", "placement": "ug", "length": 20.21, "duct_group": 7, "duct_assignment": "7" }, "geometry": { "type": "LineString", "coordinates": [ [ -119.275929742543838, 35.490654765656437 ], [ -119.275804772716356, 35.490805477553742 ] ] } },
{ "type": "Feature", "properties": { "id": "a-01538", "start_id": "fd-00842", "end_id": "fd-02240", "specification": "leadin", "source": "fd-00842", "placement": "ug", "length": 20.21, "duct_group": 7, "duct_assignment": "8" }, "geometry": { "type": "LineString", "coordinates": [ [ -119.275929742543838, 35.490654765656437 ], [ -119.276053325876703, 35.490806239494937 ] ] } },
{ "type": "Feature", "properties": { "id": "a-01539", "start_id": "fd-00843", "end_id": "fd-02237", "specification": "leadin", "source": "fd-00843", "placement": "ug", "length": 21.06, "duct_group": 7, "duct_assignment": "9" }, "geometry": { "type": "LineString", "coordinates": [ [ -119.27543263878195, 35.490653240076377 ], [ -119.275306658771186, 35.490812667561059 ] ] } },
{ "type": "Feature", "properties": { "id": "a-01540", "start_id": "fd-00843", "end_id": "fd-02238", "specification": "leadin", "source": "fd-00843", "placement": "ug", "length": 20.21, "duct_group": 7, "duct_assignment": "10" }, "geometry": { "type": "LineString", "coordinates": [ [ -119.27543263878195, 35.490653240076377 ], [ -119.275556219769356, 35.490804714991327 ] ] } },
{ "type": "Feature", "properties": { "id": "a-01541", "start_id": "fd-00844", "end_id": "fd-02236", "specification": "leadin", "source": "fd-00844", "placement": "ug", "length": 25.16, "duct_group": 7, "duct_assignment": "11" }, "geometry": { "type": "LineString", "coordinates": [ [ -119.274976160337985, 35.490580410268237 ], [ -119.275025489525007, 35.490803522243816 ] ] } },
{ "type": "Feature", "properties": { "id": "a-01542", "start_id": "fd-00844", "end_id": "fd-02241", "specification": "leadin", "source": "fd-00844", "placement": "ug", "length": 25.16, "duct_group": 7, "duct_assignment": "12" }, "geometry": { "type": "LineString", "coordinates": [ [ -119.274976160337985, 35.490580410268237 ], [ -119.275027547693824, 35.490357608972182 ] ] } },
{ "type": "Feature", "properties": { "id": "a-01543", "start_id": "fd-00845", "end_id": "fd-02263", "specification": "leadin", "source": "fd-00845", "placement": "ug", "length": 21.51, "duct_group": 8, "duct_assignment": "1" }, "geometry": { "type": "LineString", "coordinates": [ [ -119.277695159774439, 35.490215129081228 ], [ -119.277543261734834, 35.490363950394624 ] ] } },
{ "type": "Feature", "properties": { "id": "a-01544", "start_id": "fd-00846", "end_id": "fd-02273", "specification": "leadin", "source": "fd-00846", "placement": "ug", "length": 23.99, "duct_group": 8, "duct_assignment": "2" }, "geometry": { "type": "LineString", "coordinates": [ [ -119.277696056448903, 35.490017336571213 ], [ -119.27746048017886, 35.490115514061173 ] ] } },
{ "type": "Feature", "properties": { "id": "a-01545", "start_id": "fd-00846", "end_id": "fd-02274", "specification": "leadin", "source": "fd-00846", "placement": "ug", "length": 24.0, "duct_group": 8, "duct_assignment": "3" }, "geometry": { "type": "LineString", "coordinates": [ [ -119.277696056448903, 35.490017336571213 ], [ -119.277461378059016, 35.489917721778802 ] ] } },
{ "type": "Feature", "properties": { "id": "a-01546", "start_id": "fd-00847", "end_id": "fd-02275", "specification": "leadin", "source": "fd-00847", "placement": "ug", "length": 23.99, "duct_group": 8, "duct_assignment": "4" }, "geometry": { "type": "LineString", "coordinates": [ [ -119.277697849798955, 35.489621752406563 ], [ -119.277462276298095, 35.489719929504041 ] ] } },
{ "type": "Feature", "properties": { "id": "a-01547", "start_id": "fd-00847", "end_id": "fd-02276", "specification": "leadin", "source": "fd-00847", "placement": "ug", "length": 24.71, "duct_group": 8, "duct_assignment": "5" }, "geometry": { "type": "LineString", "coordinates": [ [ -119.277697849798955, 35.489621752406563 ], [ -119.27746055410249, 35.489512480299794 ] ] } },
{ "type": "Feature", "properties": { "id": "a-01548", "start_id": "fd-00848", "end_id": "fd-02284", "specification": "leadin", "source": "fd-00848", "placement": "ug", "length": 24.7, "duct_group": 8, "duct_assignment": "6" }, "geometry": { "type": "LineString", "coordinates": [ [ -119.276582729736063, 35.489618336404703 ], [ -119.27634560265156, 35.489509001465969 ] ] } },
{ "type": "Feature", "properties": { "id": "a-01549", "start_id": "fd-00848", "end_id": "fd-02283", "specification": "leadin", "source": "fd-00848", "placement": "ug", "length": 23.99, "duct_group": 8, "duct_assignment": "7" }, "geometry": { "type": "LineString", "coordinates": [ [ -119.276582729736063, 35.489618336404703 ], [ -119.276347169070547, 35.48971651189089 ] ] } },
{ "type": "Feature", "properties": { "id": "a-01550", "start_id": "fd-00849", "end_id": "fd-02278", "specification": "leadin", "source": "fd-00849", "placement": "ug", "length": 23.99, "duct_group": 8, "duct_assignment": "8" }, "geometry": { "type": "LineString", "coordinates": [ [ -119.276756480019955, 35.4898166654447 ], [ -119.276992041136836, 35.489718489707258 ] ] } },
{ "type": "Feature", "properties": { "id": "a-01551", "start_id": "fd-00849", "end_id": "fd-02279", "specification": "leadin", "source": "fd-00849", "placement": "ug", "length": 25.03, "duct_group": 8, "duct_assignment": "9" }, "geometry": { "type": "LineString", "coordinates": [ [ -119.276756480019955, 35.4898166654447 ], [ -119.277006193027361, 35.489912386577224 ] ] } },
{ "type": "Feature", "properties": { "id": "a-01552", "start_id": "fd-00850", "end_id": "fd-02282", "specification": "leadin", "source": "fd-00850", "placement": "ug", "length": 25.03, "duct_group": 8, "duct_assignment": "10" }, "geometry": { "type": "LineString", "coordinates": [ [ -119.276581827095441, 35.489816129872992 ], [ -119.276331247400847, 35.489910317534054 ] ] } },
{ "type": "Feature", "properties": { "id": "a-01553", "start_id": "fd-00851", "end_id": "fd-02281", "specification": "leadin", "source": "fd-00851", "placement": "ug", "length": 29.47, "duct_group": 8, "duct_assignment": "11" }, "geometry": { "type": "LineString", "coordinates": [ [ -119.276667598621245, 35.490157041618737 ], [ -119.276346002567124, 35.490120030103462 ] ] } },
{ "type": "Feature", "properties": { "id": "a-01554", "start_id": "fd-00851", "end_id": "fd-02280", "specification": "leadin", "source": "fd-00851", "placement": "ug", "length": 29.47, "duct_group": 8, "duct_assignment": "12" }, "geometry": { "type": "LineString", "coordinates": [ [ -119.276667598621245, 35.490157041618737 ], [ -119.276989523167259, 35.490122001933813 ] ] } },
{ "type": "Feature", "properties": { "id": "a-01555", "start_id": "fd-00852", "end_id": "fd-02178", "specification": "leadin", "source": "fd-00852", "placement": "ug", "length": 20.32, "duct_group": 9, "duct_assignment": "1" }, "geometry": { "type": "LineString", "coordinates": [ [ -119.277863458320297, 35.491619438361305 ], [ -119.278051694316758, 35.491718660188425 ] ] } },
{ "type": "Feature", "properties": { "id": "a-01556", "start_id": "fd-00852", "end_id": "fd-02179", "specification": "leadin", "source": "fd-00852", "placement": "ug", "length": 20.63, "duct_group": 9, "duct_assignment": "2" }, "geometry": { "type": "LineString", "coordinates": [ [ -119.277863458320297, 35.491619438361305 ], [ -119.27805366623025, 35.491517574669771 ] ] } },
{ "type": "Feature", "properties": { "id": "a-01557", "start_id": "fd-00853", "end_id": "fd-02181", "specification": "leadin", "source": "fd-00853", "placement": "ug", "length": 20.91, "duct_group": 9, "duct_assignment": "3" }, "geometry": { "type": "LineString", "coordinates": [ [ -119.277688745268847, 35.491629890042333 ], [ -119.277490153376959, 35.491725434434819 ] ] } },
{ "type": "Feature", "properties": { "id": "a-01558", "start_id": "fd-00853", "end_id": "fd-02180", "specification": "leadin", "source": "fd-00853", "placement": "ug", "length": 21.91, "duct_group": 9, "duct_assignment": "4" }, "geometry": { "type": "LineString", "coordinates": [ [ -119.277688745268847, 35.491629890042333 ], [ -119.2774886437047, 35.491519332538402 ] ] } },
{ "type": "Feature", "properties": { "id": "a-01559", "start_id": "fd-00854", "end_id": "fd-02175", "specification": "leadin", "source": "fd-00854", "placement": "ug", "length": 21.34, "duct_group": 9, "duct_assignment": "5" }, "geometry": { "type": "LineString", "coordinates": [ [ -119.277853521567025, 35.492014999634335 ], [ -119.278053553072496, 35.492116144376006 ] ] } },
{ "type": "Feature", "properties": { "id": "a-01560", "start_id": "fd-00854", "end_id": "fd-02177", "specification": "leadin", "source": "fd-00854", "placement": "ug", "length": 20.63, "duct_group": 9, "duct_assignment": "6" }, "geometry": { "type": "LineString", "coordinates": [ [ -119.277853521567025, 35.492014999634335 ], [ -119.278046718641562, 35.491916963453512 ] ] } },
{ "type": "Feature", "properties": { "id": "a-01561", "start_id": "fd-00855", "end_id": "fd-02183", "specification": "leadin", "source": "fd-00855", "placement": "ug", "length": 22.09, "duct_group": 9, "duct_assignment": "7" }, "geometry": { "type": "LineString", "coordinates": [ [ -119.277678738227593, 35.49201445971827 ], [ -119.277467754522448, 35.492113801466473 ] ] } },
{ "type": "Feature", "properties": { "id": "a-01562", "start_id": "fd-00855", "end_id": "fd-02182", "specification": "leadin", "source": "fd-00855", "placement": "ug", "length": 20.44, "duct_group": 9, "duct_assignment": "8" }, "geometry": { "type": "LineString", "coordinates": [ [ -119.277678738227593, 35.49201445971827 ], [ -119.277487305020429, 35.491917382604221 ] ] } },
{ "type": "Feature", "properties": { "id": "a-01563", "start_id": "fd-00856", "end_id": "fd-02184", "specification": "leadin", "source": "fd-00856", "placement": "ug", "length": 25.3, "duct_group": 9, "duct_assignment": "9" }, "geometry": { "type": "LineString", "coordinates": [ [ -119.277754739694188, 35.492369076547327 ], [ -119.277479014639098, 35.49233540441233 ] ] } },
{ "type": "Feature", "properties": { "id": "a-01564", "start_id": "fd-00856", "end_id": "fd-02176", "specification": "leadin", "source": "fd-00856", "placement": "ug", "length": 25.32, "duct_group": 9, "duct_assignment": "10" }, "geometry": { "type": "LineString", "coordinates": [ [ -119.277754739694188, 35.492369076547327 ], [ -119.27803030609185, 35.492333155194423 ] ] } },
{ "type": "Feature", "properties": { "id": "a-01565", "start_id": "fd-00857", "end_id": "fd-02212", "specification": "leadin", "source": "fd-00857", "placement": "ug", "length": 20.65, "duct_group": 10, "duct_assignment": "1" }, "geometry": { "type": "LineString", "coordinates": [ [ -119.276033395812931, 35.491402315499045 ], [ -119.276161977793109, 35.491555870213304 ] ] } },
{ "type": "Feature", "properties": { "id": "a-01566", "start_id": "fd-00858", "end_id": "fd-02211", "specification": "leadin", "source": "fd-00858", "placement": "ug", "length": 20.21, "duct_group": 10, "duct_assignment": "2" }, "geometry": { "type": "LineString", "coordinates": [ [ -119.275784838383586, 35.49140155455639 ], [ -119.275908423660027, 35.491553027583571 ] ] } },
{ "type": "Feature", "properties": { "id": "a-01567", "start_id": "fd-00858", "end_id": "fd-02210", "specification": "leadin", "source": "fd-00858", "placement": "ug", "length": 20.21, "duct_group": 10, "duct_assignment": "3" }, "geometry": { "type": "LineString", "coordinates": [ [ -119.275784838383586, 35.49140155455639 ], [ -119.275659864677195, 35.491552266176363 ] ] } },
{ "type": "Feature", "properties": { "id": "a-01568", "start_id": "fd-00859", "end_id": "fd-02208", "specification": "leadin", "source": "fd-00859", "placement": "ug", "length": 20.21, "duct_group": 10, "duct_assignment": "4" }, "geometry": { "type": "LineString", "coordinates": [ [ -119.275287722422689, 35.49140003027312 ], [ -119.27516274699326, 35.491550742409189 ] ] } },
{ "type": "Feature", "properties": { "id": "a-01569", "start_id": "fd-00859", "end_id": "fd-02209", "specification": "leadin", "source": "fd-00859", "placement": "ug", "length": 20.21, "duct_group": 10, "duct_assignment": "5" }, "geometry": { "type": "LineString", "coordinates": [ [ -119.275287722422689, 35.49140003027312 ], [ -119.275411305569349, 35.49155150470893 ] ] } },
{ "type": "Feature", "properties": { "id": "a-01570", "start_id": "fd-00860", "end_id": "fd-02207", "specification": "leadin", "source": "fd-00860", "placement": "ug", "length": 20.21, "duct_group": 10, "duct_assignment": "6" }, "geometry": { "type": "LineString", "coordinates": [ [ -119.274790607596216, 35.491398504869004 ], [ -119.274914188295199, 35.491549979825962 ] ] } },
{ "type": "Feature", "properties": { "id": "a-01571", "start_id": "fd-00860", "end_id": "fd-02206", "specification": "leadin", "source": "fd-00860", "placement": "ug", "length": 20.48, "duct_group": 10, "duct_assignment": "7" }, "geometry": { "type": "LineString", "coordinates": [ [ -119.274790607596216, 35.491398504869004 ], [ -119.274664168003525, 35.491551337676441 ] ] } },
{ "type": "Feature", "properties": { "id": "a-01572", "start_id": "fd-00861", "end_id": "fd-02221", "specification": "leadin", "source": "fd-00861", "placement": "ug", "length": 20.74, "duct_group": 10, "duct_assignment": "8" }, "geometry": { "type": "LineString", "coordinates": [ [ -119.274362867719191, 35.491009832943845 ], [ -119.274168495068736, 35.491108223693345 ] ] } },
{ "type": "Feature", "properties": { "id": "a-01573", "start_id": "fd-00861", "end_id": "fd-02222", "specification": "leadin", "source": "fd-00861", "placement": "ug", "length": 20.65, "duct_group": 10, "duct_assignment": "9" }, "geometry": { "type": "LineString", "coordinates": [ [ -119.274362867719191, 35.491009832943845 ], [ -119.274170469723785, 35.490910431231434 ] ] } },
{ "type": "Feature", "properties": { "id": "a-01574", "start_id": "fd-00862", "end_id": "fd-02223", "specification": "leadin", "source": "fd-00862", "placement": "ug", "length": 20.58, "duct_group": 10, "duct_assignment": "10" }, "geometry": { "type": "LineString", "coordinates": [ [ -119.274364702349516, 35.490614240607741 ], [ -119.274172444485998, 35.490712638671432 ] ] } },
{ "type": "Feature", "properties": { "id": "a-01575", "start_id": "fd-00862", "end_id": "fd-02224", "specification": "leadin", "source": "fd-00862", "placement": "ug", "length": 20.49, "duct_group": 10, "duct_assignment": "11" }, "geometry": { "type": "LineString", "coordinates": [ [ -119.274364702349516, 35.490614240607741 ], [ -119.274174419120769, 35.490514846189349 ] ] } }
]
}
