{
"type": "FeatureCollection",
"name": "fibre_devices",
"crs": { "type": "name", "properties": { "name": "urn:ogc:def:crs:OGC:1.3:CRS84" } },
"features": [
{ "type": "Feature", "properties": { "id": "fd-00000", "input_id": "", "specification": "fdh-144", "source": "", "demand": 74, "placement": "ug", "duct_group": "", "duct_assignment": "" }, "geometry": { "type": "Point", "coordinates": [ -119.293665777053732, 35.49942037365993 ] } },
{ "type": "Feature", "properties": { "id": "fd-00001", "input_id": "", "specification": "fdh-144", "source": "", "demand": 104, "placement": "ug", "duct_group": "", "duct_assignment": "" }, "geometry": { "type": "Point", "coordinates": [ -119.29241609100508, 35.49580079798524 ] } },
{ "type": "Feature", "properties": { "id": "fd-00002", "input_id": "", "specification": "fdh-144", "source": "", "demand": 85, "placement": "ug", "duct_group": "", "duct_assignment": "" }, "geometry": { "type": "Point", "coordinates": [ -119.289429398288661, 35.497176020380927 ] } },
{ "type": "Feature", "properties": { "id": "fd-00003", "input_id": "", "specification": "fdh-144", "source": "", "demand": 78, "placement": "ug", "duct_group": "", "duct_assignment": "" }, "geometry": { "type": "Point", "coordinates": [ -119.291052343258414, 35.500002485193392 ] } },
{ "type": "Feature", "properties": { "id": "fd-00004", "input_id": "", "specification": "fdh-144", "source": "", "demand": 101, "placement": "ug", "duct_group": "", "duct_assignment": "" }, "geometry": { "type": "Point", "coordinates": [ -119.290474843379997, 35.49801460686551 ] } },
{ "type": "Feature", "properties": { "id": "fd-00005", "input_id": "", "specification": "fdh-144", "source": "", "demand": 139, "placement": "ug", "duct_group": "", "duct_assignment": "" }, "geometry": { "type": "Point", "coordinates": [ -119.28983648303705, 35.503440638885287 ] } },
{ "type": "Feature", "properties": { "id": "fd-00006", "input_id": "", "specification": "fdh-144", "source": "", "demand": 128, "placement": "ug", "duct_group": "", "duct_assignment": "" }, "geometry": { "type": "Point", "coordinates": [ -119.289938819907476, 35.505808394679704 ] } },
{ "type": "Feature", "properties": { "id": "fd-00007", "input_id": "", "specification": "fdh-144", "source": "", "demand": 76, "placement": "ug", "duct_group": "", "duct_assignment": "" }, "geometry": { "type": "Point", "coordinates": [ -119.286642221644342, 35.507276909663211 ] } },
{ "type": "Feature", "properties": { "id": "fd-00008", "input_id": "", "specification": "fdh-144", "source": "", "demand": 111, "placement": "ug", "duct_group": "", "duct_assignment": "" }, "geometry": { "type": "Point", "coordinates": [ -119.28449912314494, 35.492512432963501 ] } },
{ "type": "Feature", "properties": { "id": "fd-00009", "input_id": "", "specification": "fdh-144", "source": "", "demand": 73, "placement": "ug", "duct_group": "", "duct_assignment": "" }, "geometry": { "type": "Point", "coordinates": [ -119.284993791040137, 35.493428950910292 ] } },
{ "type": "Feature", "properties": { "id": "fd-00010", "input_id": "", "specification": "fdh-144", "source": "", "demand": 122, "placement": "ug", "duct_group": "", "duct_assignment": "" }, "geometry": { "type": "Point", "coordinates": [ -119.28506207102275, 35.505655236152222 ] } },
{ "type": "Feature", "properties": { "id": "fd-00011", "input_id": "", "specification": "fdh-144", "source": "", "demand": 61, "placement": "ug", "duct_group": "", "duct_assignment": "" }, "geometry": { "type": "Point", "coordinates": [ -119.283811904480871, 35.507188155912914 ] } },
{ "type": "Feature", "properties": { "id": "fd-00012", "input_id": "", "specification": "fdh-144", "source": "", "demand": 58, "placement": "ug", "duct_group": "", "duct_assignment": "" }, "geometry": { "type": "Point", "coordinates": [ -119.281490948729058, 35.492503677947148 ] } },
{ "type": "Feature", "properties": { "id": "fd-00013", "input_id": "", "specification": "fdh-144", "source": "", "demand": 33, "placement": "ug", "duct_group": "", "duct_assignment": "" }, "geometry": { "type": "Point", "coordinates": [ -119.28273192534391, 35.506106851939819 ] } },
{ "type": "Feature", "properties": { "id": "fd-00014", "input_id": "", "specification": "fdh-144", "source": "", "demand": 71, "placement": "ug", "duct_group": "", "duct_assignment": "" }, "geometry": { "type": "Point", "coordinates": [ -119.280147479989907, 35.492497028438606 ] } },
{ "type": "Feature", "properties": { "id": "fd-00015", "input_id": "", "specification": "fdh-144", "source": "", "demand": 38, "placement": "ug", "duct_group": "", "duct_assignment": "" }, "geometry": { "type": "Point", "coordinates": [ -119.280468982928014, 35.493422769015325 ] } },
{ "type": "Feature", "properties": { "id": "fd-00016", "input_id": "", "specification": "fdh-144", "source": "", "demand": 95, "placement": "ug", "duct_group": "", "duct_assignment": "" }, "geometry": { "type": "Point", "coordinates": [ -119.278590902580817, 35.490559361392499 ] } },
{ "type": "Feature", "properties": { "id": "fd-00017", "input_id": "", "specification": "fdh-144", "source": "", "demand": 128, "placement": "ug", "duct_group": "", "duct_assignment": "" }, "geometry": { "type": "Point", "coordinates": [ -119.278285006354594, 35.491464709885683 ] } },
{ "type": "Feature", "properties": { "id": "fd-00018", "input_id": "", "specification": "access_point", "source": "fd-00000", "demand": 2, "placement": "ug", "duct_group": "0", "duct_assignment": "1,2" }, "geometry": { "type": "Point", "coordinates": [ -119.293834972063422, 35.498497729099846 ] } },
{ "type": "Feature", "properties": { "id": "fd-00019", "input_id": "", "specification": "access_point", "source": "fd-00000", "demand": 2, "placement": "ug", "duct_group": "0", "duct_assignment": "3,4" }, "geometry": { "type": "Point", "coordinates": [ -119.293231631476502, 35.498496552255624 ] } },
{ "type": "Feature", "properties": { "id": "fd-00020", "input_id": "", "specification": "access_point", "source": "fd-00000", "demand": 2, "placement": "ug", "duct_group": "0", "duct_assignment": "5,6" }, "geometry": { "type": "Point", "coordinates": [ -119.292625591985228, 35.498494331899096 ] } },
{ "type": "Feature", "properties": { "id": "fd-00021", "input_id": "", "specification": "access_point", "source": "fd-00000", "demand": 1, "placement": "ug", "duct_group": "0", "duct_assignment": "7" }, "geometry": { "type": "Point", "coordinates": [ -119.292626184697568, 35.498351471780367 ] } },
{ "type": "Feature", "properties": { "id": "fd-00022", "input_id": "", "specification": "access_point", "source": "fd-00000", "demand": 2, "placement": "ug", "duct_group": "0", "duct_assignment": "8,9" }, "geometry": { "type": "Point", "coordinates": [ -119.292323836905879, 35.498350620206523 ] } },
{ "type": "Feature", "properties": { "id": "fd-00023", "input_id": "", "specification": "access_point", "source": "fd-00000", "demand": 2, "placement": "ug", "duct_group": "0", "duct_assignment": "10,11" }, "geometry": { "type": "Point", "coordinates": [ -119.292020646170585, 35.498553067967372 ] } },
{ "type": "Feature", "properties": { "id": "fd-00024", "input_id": "", "specification": "access_point", "source": "fd-00000", "demand": 1, "placement": "ug", "duct_group": "0", "duct_assignment": "12" }, "geometry": { "type": "Point", "coordinates": [ -119.291806187399914, 35.498420591501279 ] } },
{ "type": "Feature", "properties": { "id": "fd-00025", "input_id": "", "specification": "access_point", "source": "fd-00000", "demand": 2, "placement": "ug", "duct_group": "1", "duct_assignment": "1,2" }, "geometry": { "type": "Point", "coordinates": [ -119.294039654686543, 35.499366490466777 ] } },
{ "type": "Feature", "properties": { "id": "fd-00026", "input_id": "", "specification": "access_point", "source": "fd-00000", "demand": 2, "placement": "ug", "duct_group": "1", "duct_assignment": "3,4" }, "geometry": { "type": "Point", "coordinates": [ -119.294644331391964, 35.49936818831253 ] } },
{ "type": "Feature", "properties": { "id": "fd-00027", "input_id": "", "specification": "access_point", "source": "fd-00000", "demand": 2, "placement": "ug", "duct_group": "1", "duct_assignment": "5,6" }, "geometry": { "type": "Point", "coordinates": [ -119.294678496615475, 35.499225418944881 ] } },
{ "type": "Feature", "properties": { "id": "fd-00028", "input_id": "", "specification": "access_point", "source": "fd-00000", "demand": 2, "placement": "ug", "duct_group": "1", "duct_assignment": "7,8" }, "geometry": { "type": "Point", "coordinates": [ -119.295249007034499, 35.499369884096438 ] } },
{ "type": "Feature", "properties": { "id": "fd-00029", "input_id": "", "specification": "access_point", "source": "fd-00000", "demand": 2, "placement": "ug", "duct_group": "1", "duct_assignment": "9,10" }, "geometry": { "type": "Point", "coordinates": [ -119.295283174500454, 35.499227113624805 ] } },
{ "type": "Feature", "properties": { "id": "fd-00030", "input_id": "", "specification": "access_point", "source": "fd-00000", "demand": 2, "placement": "ug", "duct_group": "1", "duct_assignment": "11,12" }, "geometry": { "type": "Point", "coordinates": [ -119.29575317628732, 35.499299863803238 ] } },
{ "type": "Feature", "properties": { "id": "fd-00031", "input_id": "", "specification": "access_point", "source": "fd-00000", "demand": 2, "placement": "ug", "duct_group": "2", "duct_assignment": "1,2" }, "geometry": { "type": "Point", "coordinates": [ -119.293227267620466, 35.499221341582448 ] } },
{ "type": "Feature", "properties": { "id": "fd-00032", "input_id": "", "specification": "access_point", "source": "fd-00000", "demand": 1, "placement": "ug", "duct_group": "2", "duct_assignment": "3" }, "geometry": { "type": "Point", "coordinates": [ -119.292622587616407, 35.499219636811915 ] } },
{ "type": "Feature", "properties": { "id": "fd-00033", "input_id": "", "specification": "access_point", "source": "fd-00000", "demand": 2, "placement": "ug", "duct_group": "2", "duct_assignment": "4,5" }, "geometry": { "type": "Point", "coordinates": [ -119.292320247609567, 35.499218782409955 ] } },
{ "type": "Feature", "properties": { "id": "fd-00034", "input_id": "", "specification": "access_point", "source": "fd-00000", "demand": 3, "placement": "ug", "duct_group": "2", "duct_assignment": "6,7,8" }, "geometry": { "type": "Point", "coordinates": [ -119.291802635571472, 35.499288750510175 ] } },
{ "type": "Feature", "properties": { "id": "fd-00035", "input_id": "", "specification": "access_point", "source": "fd-00000", "demand": 2, "placement": "ug", "duct_group": "3", "duct_assignment": "1,2" }, "geometry": { "type": "Point", "coordinates": [ -119.294681534413456, 35.498500099018372 ] } },
{ "type": "Feature", "properties": { "id": "fd-00036", "input_id": "", "specification": "access_point", "source": "fd-00000", "demand": 1, "placement": "ug", "duct_group": "3", "duct_assignment": "3" }, "geometry": { "type": "Point", "coordinates": [ -119.294983877254779, 35.498500943949608 ] } },
{ "type": "Feature", "properties": { "id": "fd-00037", "input_id": "", "specification": "access_point", "source": "fd-00000", "demand": 2, "placement": "ug", "duct_group": "3", "duct_assignment": "4,5" }, "geometry": { "type": "Point", "coordinates": [ -119.29558856078043, 35.498502633406609 ] } },
{ "type": "Feature", "properties": { "id": "fd-00038", "input_id": "", "specification": "access_point", "source": "fd-00000", "demand": 2, "placement": "ug", "duct_group": "4", "duct_assignment": "1,2" }, "geometry": { "type": "Point", "coordinates": [ -119.293166232331458, 35.499364032676439 ] } },
{ "type": "Feature", "properties": { "id": "fd-00039", "input_id": "", "specification": "access_point", "source": "fd-00000", "demand": 2, "placement": "ug", "duct_group": "4", "duct_assignment": "3,4" }, "geometry": { "type": "Point", "coordinates": [ -119.292561554570938, 35.499362326669718 ] } },
{ "type": "Feature", "properties": { "id": "fd-00040", "input_id": "", "specification": "access_point", "source": "fd-00000", "demand": 2, "placement": "ug", "duct_group": "5", "duct_assignment": "1,2" }, "geometry": { "type": "Point", "coordinates": [ -119.293839250172283, 35.497486681794193 ] } },
{ "type": "Feature", "properties": { "id": "fd-00041", "input_id": "", "specification": "access_point", "source": "fd-00000", "demand": 2, "placement": "ug", "duct_group": "5", "duct_assignment": "3,4" }, "geometry": { "type": "Point", "coordinates": [ -119.293234552451679, 35.497484935284746 ] } },
{ "type": "Feature", "properties": { "id": "fd-00042", "input_id": "", "specification": "access_point", "source": "fd-00000", "demand": 2, "placement": "ug", "duct_group": "5", "duct_assignment": "5,6" }, "geometry": { "type": "Point", "coordinates": [ -119.292629247659747, 35.49762604161247 ] } },
{ "type": "Feature", "properties": { "id": "fd-00043", "input_id": "", "specification": "access_point", "source": "fd-00000", "demand": 2, "placement": "ug", "duct_group": "5", "duct_assignment": "7,8" }, "geometry": { "type": "Point", "coordinates": [ -119.292629852510245, 35.497483183119925 ] } },
{ "type": "Feature", "properties": { "id": "fd-00044", "input_id": "", "specification": "access_point", "source": "fd-00000", "demand": 2, "placement": "ug", "duct_group": "5", "duct_assignment": "9,10" }, "geometry": { "type": "Point", "coordinates": [ -119.292024287579238, 35.4976847256561 ] } },
{ "type": "Feature", "properties": { "id": "fd-00045", "input_id": "", "specification": "access_point", "source": "fd-00000", "demand": 2, "placement": "ug", "duct_group": "5", "duct_assignment": "11,12" }, "geometry": { "type": "Point", "coordinates": [ -119.292025409432327, 35.497420984306061 ] } },
{ "type": "Feature", "properties": { "id": "fd-00046", "input_id": "", "specification": "access_point", "source": "fd-00000", "demand": 2, "placement": "ug", "duct_group": "6", "duct_assignment": "1,2" }, "geometry": { "type": "Point", "coordinates": [ -119.293831946533416, 35.499223042488659 ] } },
{ "type": "Feature", "properties": { "id": "fd-00047", "input_id": "", "specification": "access_point", "source": "fd-00000", "demand": 2, "placement": "ug", "duct_group": "6", "duct_assignment": "3,4" }, "geometry": { "type": "Point", "coordinates": [ -119.293835568169925, 35.498354868016285 ] } },
{ "type": "Feature", "properties": { "id": "fd-00048", "input_id": "", "specification": "access_point", "source": "fd-00000", "demand": 1, "placement": "ug", "duct_group": "6", "duct_assignment": "5" }, "geometry": { "type": "Point", "coordinates": [ -119.294682132326471, 35.498357236093547 ] } },
{ "type": "Feature", "properties": { "id": "fd-00049", "input_id": "", "specification": "access_point", "source": "fd-00000", "demand": 2, "placement": "ug", "duct_group": "6", "duct_assignment": "6,7" }, "geometry": { "type": "Point", "coordinates": [ -119.294984475744442, 35.498358081011745 ] } },
{ "type": "Feature", "properties": { "id": "fd-00050", "input_id": "", "specification": "access_point", "source": "fd-00000", "demand": 2, "placement": "ug", "duct_group": "6", "duct_assignment": "8,9" }, "geometry": { "type": "Point", "coordinates": [ -119.293230878081417, 35.49835317181897 ] } },
{ "type": "Feature", "properties": { "id": "fd-00051", "input_id": "", "specification": "access_point", "source": "fd-00000", "demand": 2, "placement": "ug", "duct_group": "6", "duct_assignment": "10,11" }, "geometry": { "type": "Point", "coordinates": [ -119.295589161496892, 35.498359768628639 ] } },
{ "type": "Feature", "properties": { "id": "fd-00052", "input_id": "", "specification": "access_point", "source": "fd-00000", "demand": 2, "placement": "ug", "duct_group": "7", "duct_assignment": "1,2" }, "geometry": { "type": "Point", "coordinates": [ -119.294685218484602, 35.497631981209452 ] } },
{ "type": "Feature", "properties": { "id": "fd-00053", "input_id": "", "specification": "access_point", "source": "fd-00000", "demand": 2, "placement": "ug", "duct_group": "7", "duct_assignment": "3,4" }, "geometry": { "type": "Point", "coordinates": [ -119.2946858362359, 35.497489118928023 ] } },
{ "type": "Feature", "properties": { "id": "fd-00054", "input_id": "", "specification": "access_point", "source": "fd-00000", "demand": 2, "placement": "ug", "duct_group": "7", "duct_assignment": "5,6" }, "geometry": { "type": "Point", "coordinates": [ -119.295289911764755, 35.497633717936374 ] } },
{ "type": "Feature", "properties": { "id": "fd-00055", "input_id": "", "specification": "access_point", "source": "fd-00000", "demand": 2, "placement": "ug", "duct_group": "7", "duct_assignment": "7,8" }, "geometry": { "type": "Point", "coordinates": [ -119.29529053065508, 35.497490854727623 ] } },
{ "type": "Feature", "properties": { "id": "fd-00056", "input_id": "", "specification": "access_point", "source": "fd-00000", "demand": 2, "placement": "ug", "duct_group": "7", "duct_assignment": "9,10" }, "geometry": { "type": "Point", "coordinates": [ -119.295807570363365, 35.4975637624161 ] } },
{ "type": "Feature", "properties": { "id": "fd-00057", "input_id": "", "specification": "access_point", "source": "fd-00001", "demand": 2, "placement": "ug", "duct_group": "0", "duct_assignment": "1,2" }, "geometry": { "type": "Point", "coordinates": [ -119.292932319409957, 35.495912164664347 ] } },
{ "type": "Feature", "properties": { "id": "fd-00058", "input_id": "", "specification": "access_point", "source": "fd-00001", "demand": 3, "placement": "ug", "duct_group": "0", "duct_assignment": "3,4,5" }, "geometry": { "type": "Point", "coordinates": [ -119.292935943752752, 35.496615918979053 ] } },
{ "type": "Feature", "properties": { "id": "fd-00059", "input_id": "", "specification": "access_point", "source": "fd-00001", "demand": 2, "placement": "ug", "duct_group": "0", "duct_assignment": "6,7" }, "geometry": { "type": "Point", "coordinates": [ -119.292331239204287, 35.496614166361695 ] } },
{ "type": "Feature", "properties": { "id": "fd-00060", "input_id": "", "specification": "access_point", "source": "fd-00001", "demand": 2, "placement": "ug", "duct_group": "0", "duct_assignment": "8,9" }, "geometry": { "type": "Point", "coordinates": [ -119.292330616194448, 35.496757024185783 ] } },
{ "type": "Feature", "properties": { "id": "fd-00061", "input_id": "", "specification": "access_point", "source": "fd-00001", "demand": 2, "placement": "ug", "duct_group": "0", "duct_assignment": "10,11" }, "geometry": { "type": "Point", "coordinates": [ -119.291813574428872, 35.496684083026906 ] } },
{ "type": "Feature", "properties": { "id": "fd-00062", "input_id": "", "specification": "access_point", "source": "fd-00001", "demand": 2, "placement": "ug", "duct_group": "1", "duct_assignment": "1,2" }, "geometry": { "type": "Point", "coordinates": [ -119.292980908923411, 35.495769561135468 ] } },
{ "type": "Feature", "properties": { "id": "fd-00063", "input_id": "", "specification": "access_point", "source": "fd-00001", "demand": 2, "placement": "ug", "duct_group": "1", "duct_assignment": "3,4" }, "geometry": { "type": "Point", "coordinates": [ -119.29337526654399, 35.495779696859657 ] } },
{ "type": "Feature", "properties": { "id": "fd-00064", "input_id": "", "specification": "access_point", "source": "fd-00001", "demand": 1, "placement": "ug", "duct_group": "1", "duct_assignment": "5" }, "geometry": { "type": "Point", "coordinates": [ -119.293782529652205, 35.496618363143845 ] } },
{ "type": "Feature", "properties": { "id": "fd-00065", "input_id": "", "specification": "access_point", "source": "fd-00001", "demand": 2, "placement": "ug", "duct_group": "1", "duct_assignment": "6,7" }, "geometry": { "type": "Point", "coordinates": [ -119.294387606940319, 35.496617134612158 ] } },
{ "type": "Feature", "properties": { "id": "fd-00066", "input_id": "", "specification": "access_point", "source": "fd-00001", "demand": 2, "placement": "ug", "duct_group": "1", "duct_assignment": "8,9" }, "geometry": { "type": "Point", "coordinates": [ -119.294688971338374, 35.496763826323381 ] } },
{ "type": "Feature", "properties": { "id": "fd-00067", "input_id": "", "specification": "access_point", "source": "fd-00001", "demand": 1, "placement": "ug", "duct_group": "1", "duct_assignment": "10" }, "geometry": { "type": "Point", "coordinates": [ -119.294991323534518, 35.496764690901323 ] } },
{ "type": "Feature", "properties": { "id": "fd-00068", "input_id": "", "specification": "access_point", "source": "fd-00001", "demand": 2, "placement": "ug", "duct_group": "1", "duct_assignment": "11,12" }, "geometry": { "type": "Point", "coordinates": [ -119.295596028962663, 35.496766412407013 ] } },
{ "type": "Feature", "properties": { "id": "fd-00069", "input_id": "", "specification": "access_point", "source": "fd-00001", "demand": 2, "placement": "ug", "duct_group": "2", "duct_assignment": "1,2" }, "geometry": { "type": "Point", "coordinates": [ -119.294991941891979, 35.496621831261699 ] } },
{ "type": "Feature", "properties": { "id": "fd-00070", "input_id": "", "specification": "access_point", "source": "fd-00001", "demand": 1, "placement": "ug", "duct_group": "2", "duct_assignment": "3" }, "geometry": { "type": "Point", "coordinates": [ -119.295908207255266, 35.49662443248392 ] } },
{ "type": "Feature", "properties": { "id": "fd-00071", "input_id": "", "specification": "access_point", "source": "fd-00001", "demand": 1, "placement": "ug", "duct_group": "2", "duct_assignment": "4" }, "geometry": { "type": "Point", "coordinates": [ -119.296002671706617, 35.49626204046973 ] } },
{ "type": "Feature", "properties": { "id": "fd-00072", "input_id": "", "specification": "access_point", "source": "fd-00001", "demand": 1, "placement": "ug", "duct_group": "2", "duct_assignment": "5" }, "geometry": { "type": "Point", "coordinates": [ -119.296007309180425, 35.495853817610737 ] } },
{ "type": "Feature", "properties": { "id": "fd-00073", "input_id": "", "specification": "access_point", "source": "fd-00001", "demand": 2, "placement": "ug", "duct_group": "2", "duct_assignment": "6,7" }, "geometry": { "type": "Point", "coordinates": [ -119.296016551321216, 35.495037956133892 ] } },
{ "type": "Feature", "properties": { "id": "fd-00074", "input_id": "", "specification": "access_point", "source": "fd-00001", "demand": 2, "placement": "ug", "duct_group": "2", "duct_assignment": "8,9" }, "geometry": { "type": "Point", "coordinates": [ -119.296025789958321, 35.494222093528535 ] } },
{ "type": "Feature", "properties": { "id": "fd-00075", "input_id": "", "specification": "access_point", "source": "fd-00001", "demand": 1, "placement": "ug", "duct_group": "2", "duct_assignment": "10" }, "geometry": { "type": "Point", "coordinates": [ -119.296034700645379, 35.493435074656091 ] } },
{ "type": "Feature", "properties": { "id": "fd-00076", "input_id": "", "specification": "access_point", "source": "fd-00001", "demand": 2, "placement": "ug", "duct_group": "2", "duct_assignment": "11,12" }, "geometry": { "type": "Point", "coordinates": [ -119.295584008814942, 35.492750004324776 ] } },
{ "type": "Feature", "properties": { "id": "fd-00077", "input_id": "", "specification": "access_point", "source": "fd-00001", "demand": 2, "placement": "ug", "duct_group": "3", "duct_assignment": "1,2" }, "geometry": { "type": "Point", "coordinates": [ -119.29213361965914, 35.495767174820827 ] } },
{ "type": "Feature", "properties": { "id": "fd-00078", "input_id": "", "specification": "access_point", "source": "fd-00001", "demand": 2, "placement": "ug", "duct_group": "3", "duct_assignment": "3,4" }, "geometry": { "type": "Point", "coordinates": [ -119.291678393194218, 35.495908972054835 ] } },
{ "type": "Feature", "properties": { "id": "fd-00079", "input_id": "", "specification": "access_point", "source": "fd-00001", "demand": 2, "placement": "ug", "duct_group": "3", "duct_assignment": "5,6" }, "geometry": { "type": "Point", "coordinates": [ -119.29103779016144, 35.495907185679386 ] } },
{ "type": "Feature", "properties": { "id": "fd-00080", "input_id": "", "specification": "access_point", "source": "fd-00001", "demand": 2, "placement": "ug", "duct_group": "4", "duct_assignment": "1,2" }, "geometry": { "type": "Point", "coordinates": [ -119.292137003625413, 35.495065680308656 ] } },
{ "type": "Feature", "properties": { "id": "fd-00081", "input_id": "", "specification": "access_point", "source": "fd-00001", "demand": 1, "placement": "ug", "duct_group": "4", "duct_assignment": "3" }, "geometry": { "type": "Point", "coordinates": [ -119.291872835731354, 35.494952541844974 ] } },
{ "type": "Feature", "properties": { "id": "fd-00082", "input_id": "", "specification": "access_point", "source": "fd-00001", "demand": 2, "placement": "ug", "duct_group": "5", "duct_assignment": "1,2" }, "geometry": { "type": "Point", "coordinates": [ -119.292446882197737, 35.494883118038082 ] } },
{ "type": "Feature", "properties": { "id": "fd-00083", "input_id": "", "specification": "access_point", "source": "fd-00001", "demand": 2, "placement": "ug", "duct_group": "5", "duct_assignment": "3,4" }, "geometry": { "type": "Point", "coordinates": [ -119.293050657995124, 35.494884723786448 ] } },
{ "type": "Feature", "properties": { "id": "fd-00084", "input_id": "", "specification": "access_point", "source": "fd-00001", "demand": 2, "placement": "ug", "duct_group": "5", "duct_assignment": "5,6" }, "geometry": { "type": "Point", "coordinates": [ -119.293054629439126, 35.494160047389883 ] } },
{ "type": "Feature", "properties": { "id": "fd-00085", "input_id": "", "specification": "access_point", "source": "fd-00001", "demand": 2, "placement": "ug", "duct_group": "5", "duct_assignment": "7,8" }, "geometry": { "type": "Point", "coordinates": [ -119.292449813691604, 35.494157925345981 ] } },
{ "type": "Feature", "properties": { "id": "fd-00086", "input_id": "", "specification": "access_point", "source": "fd-00001", "demand": 2, "placement": "ug", "duct_group": "5", "duct_assignment": "9,10" }, "geometry": { "type": "Point", "coordinates": [ -119.292456846212318, 35.494015032419895 ] } },
{ "type": "Feature", "properties": { "id": "fd-00087", "input_id": "", "specification": "access_point", "source": "fd-00001", "demand": 2, "placement": "ug", "duct_group": "5", "duct_assignment": "11,12" }, "geometry": { "type": "Point", "coordinates": [ -119.291883149255085, 35.494084708678479 ] } },
{ "type": "Feature", "properties": { "id": "fd-00088", "input_id": "", "specification": "access_point", "source": "fd-00001", "demand": 1, "placement": "ug", "duct_group": "6", "duct_assignment": "1" }, "geometry": { "type": "Point", "coordinates": [ -119.292983439855547, 35.495027539603043 ] } },
{ "type": "Feature", "properties": { "id": "fd-00089", "input_id": "", "specification": "access_point", "source": "fd-00001", "demand": 2, "placement": "ug", "duct_group": "6", "duct_assignment": "2,3" }, "geometry": { "type": "Point", "coordinates": [ -119.293285563877504, 35.495028463891956 ] } },
{ "type": "Feature", "properties": { "id": "fd-00090", "input_id": "", "specification": "access_point", "source": "fd-00001", "demand": 2, "placement": "ug", "duct_group": "6", "duct_assignment": "4,5" }, "geometry": { "type": "Point", "coordinates": [ -119.293907382486296, 35.495030758933979 ] } },
{ "type": "Feature", "properties": { "id": "fd-00091", "input_id": "", "specification": "access_point", "source": "fd-00001", "demand": 1, "placement": "ug", "duct_group": "6", "duct_assignment": "6" }, "geometry": { "type": "Point", "coordinates": [ -119.293569967720913, 35.494573007592521 ] } },
{ "type": "Feature", "properties": { "id": "fd-00092", "input_id": "", "specification": "access_point", "source": "fd-00001", "demand": 2, "placement": "ug", "duct_group": "6", "duct_assignment": "7,8" }, "geometry": { "type": "Point", "coordinates": [ -119.293571312771093, 35.494283494883938 ] } },
{ "type": "Feature", "properties": { "id": "fd-00093", "input_id": "", "specification": "access_point", "source": "fd-00001", "demand": 2, "placement": "ug", "duct_group": "6", "duct_assignment": "9,10" }, "geometry": { "type": "Point", "coordinates": [ -119.293061871511597, 35.494017300039651 ] } },
{ "type": "Feature", "properties": { "id": "fd-00094", "input_id": "", "specification": "access_point", "source": "fd-00001", "demand": 2, "placement": "ug", "duct_group": "6", "duct_assignment": "11,12" }, "geometry": { "type": "Point", "coordinates": [ -119.293573971807689, 35.493709921235521 ] } },
{ "type": "Feature", "properties": { "id": "fd-00095", "input_id": "", "specification": "access_point", "source": "fd-00001", "demand": 1, "placement": "ug", "duct_group": "7", "duct_assignment": "1" }, "geometry": { "type": "Point", "coordinates": [ -119.292157783231687, 35.493288901949981 ] } },
{ "type": "Feature", "properties": { "id": "fd-00096", "input_id": "", "specification": "access_point", "source": "fd-00001", "demand": 2, "placement": "ug", "duct_group": "7", "duct_assignment": "2,3" }, "geometry": { "type": "Point", "coordinates": [ -119.292165966939052, 35.493146224941924 ] } },
{ "type": "Feature", "properties": { "id": "fd-00097", "input_id": "", "specification": "access_point", "source": "fd-00001", "demand": 2, "placement": "ug", "duct_group": "7", "duct_assignment": "4,5" }, "geometry": { "type": "Point", "coordinates": [ -119.293572094247637, 35.493218290022874 ] } },
{ "type": "Feature", "properties": { "id": "fd-00098", "input_id": "", "specification": "access_point", "source": "fd-00001", "demand": 2, "placement": "ug", "duct_group": "7", "duct_assignment": "6,7" }, "geometry": { "type": "Point", "coordinates": [ -119.292460460667357, 35.493290173018458 ] } },
{ "type": "Feature", "properties": { "id": "fd-00099", "input_id": "", "specification": "access_point", "source": "fd-00001", "demand": 2, "placement": "ug", "duct_group": "7", "duct_assignment": "8,9" }, "geometry": { "type": "Point", "coordinates": [ -119.293065315910724, 35.493292409003132 ] } },
{ "type": "Feature", "properties": { "id": "fd-00100", "input_id": "", "specification": "access_point", "source": "fd-00001", "demand": 1, "placement": "ug", "duct_group": "7", "duct_assignment": "10" }, "geometry": { "type": "Point", "coordinates": [ -119.293073356744145, 35.49314964779046 ] } },
{ "type": "Feature", "properties": { "id": "fd-00101", "input_id": "", "specification": "access_point", "source": "fd-00001", "demand": 2, "placement": "ug", "duct_group": "7", "duct_assignment": "11,12" }, "geometry": { "type": "Point", "coordinates": [ -119.292770986870622, 35.493148559784203 ] } },
{ "type": "Feature", "properties": { "id": "fd-00102", "input_id": "", "specification": "access_point", "source": "fd-00001", "demand": 2, "placement": "ug", "duct_group": "8", "duct_assignment": "1,2" }, "geometry": { "type": "Point", "coordinates": [ -119.293497411907595, 35.49600733808407 ] } },
{ "type": "Feature", "properties": { "id": "fd-00103", "input_id": "", "specification": "access_point", "source": "fd-00001", "demand": 1, "placement": "ug", "duct_group": "8", "duct_assignment": "3" }, "geometry": { "type": "Point", "coordinates": [ -119.293448141298057, 35.496254754928771 ] } },
{ "type": "Feature", "properties": { "id": "fd-00104", "input_id": "", "specification": "access_point", "source": "fd-00001", "demand": 2, "placement": "ug", "duct_group": "8", "duct_assignment": "4,5" }, "geometry": { "type": "Point", "coordinates": [ -119.29323767183395, 35.496759651128471 ] } },
{ "type": "Feature", "properties": { "id": "fd-00105", "input_id": "", "specification": "access_point", "source": "fd-00001", "demand": 2, "placement": "ug", "duct_group": "8", "duct_assignment": "6,7" }, "geometry": { "type": "Point", "coordinates": [ -119.293842375211085, 35.496761395704581 ] } },
{ "type": "Feature", "properties": { "id": "fd-00106", "input_id": "", "specification": "access_point", "source": "fd-00001", "demand": 2, "placement": "ug", "duct_group": "8", "duct_assignment": "8,9" }, "geometry": { "type": "Point", "coordinates": [ -119.293838644145779, 35.497629542129793 ] } },
{ "type": "Feature", "properties": { "id": "fd-00107", "input_id": "", "specification": "access_point", "source": "fd-00001", "demand": 2, "placement": "ug", "duct_group": "8", "duct_assignment": "10,11" }, "geometry": { "type": "Point", "coordinates": [ -119.29323394646218, 35.49762779470462 ] } },
{ "type": "Feature", "properties": { "id": "fd-00108", "input_id": "", "specification": "access_point", "source": "fd-00001", "demand": 2, "placement": "ug", "duct_group": "9", "duct_assignment": "1,2" }, "geometry": { "type": "Point", "coordinates": [ -119.290400090470072, 35.495905402439661 ] } },
{ "type": "Feature", "properties": { "id": "fd-00109", "input_id": "", "specification": "access_point", "source": "fd-00001", "demand": 2, "placement": "ug", "duct_group": "9", "duct_assignment": "3,4" }, "geometry": { "type": "Point", "coordinates": [ -119.289762390806416, 35.495903615891265 ] } },
{ "type": "Feature", "properties": { "id": "fd-00110", "input_id": "", "specification": "access_point", "source": "fd-00001", "demand": 2, "placement": "ug", "duct_group": "9", "duct_assignment": "5,6" }, "geometry": { "type": "Point", "coordinates": [ -119.289124691184639, 35.495901826935643 ] } },
{ "type": "Feature", "properties": { "id": "fd-00111", "input_id": "", "specification": "access_point", "source": "fd-00001", "demand": 2, "placement": "ug", "duct_group": "9", "duct_assignment": "7,8" }, "geometry": { "type": "Point", "coordinates": [ -119.28848699054511, 35.495900038287914 ] } },
{ "type": "Feature", "properties": { "id": "fd-00112", "input_id": "", "specification": "access_point", "source": "fd-00001", "demand": 1, "placement": "ug", "duct_group": "9", "duct_assignment": "9" }, "geometry": { "type": "Point", "coordinates": [ -119.287849288930218, 35.495898252651791 ] } },
{ "type": "Feature", "properties": { "id": "fd-00113", "input_id": "", "specification": "access_point", "source": "fd-00001", "demand": 2, "placement": "ug", "duct_group": "9", "duct_assignment": "10,11" }, "geometry": { "type": "Point", "coordinates": [ -119.287530437652734, 35.495897363104859 ] } },
{ "type": "Feature", "properties": { "id": "fd-00114", "input_id": "", "specification": "access_point", "source": "fd-00001", "demand": 2, "placement": "ug", "duct_group": "10", "duct_assignment": "1,2" }, "geometry": { "type": "Point", "coordinates": [ -119.29230554094751, 35.495910362052157 ] } },
{ "type": "Feature", "properties": { "id": "fd-00115", "input_id": "", "specification": "access_point", "source": "fd-00002", "demand": 2, "placement": "ug", "duct_group": "0", "duct_assignment": "1,2" }, "geometry": { "type": "Point", "coordinates": [ -119.289211735171321, 35.497348466823567 ] } },
{ "type": "Feature", "properties": { "id": "fd-00116", "input_id": "", "specification": "access_point", "source": "fd-00002", "demand": 2, "placement": "ug", "duct_group": "0", "duct_assignment": "3,4" }, "geometry": { "type": "Point", "coordinates": [ -119.28880863777664, 35.497347186029351 ] } },
{ "type": "Feature", "properties": { "id": "fd-00117", "input_id": "", "specification": "access_point", "source": "fd-00002", "demand": 2, "placement": "ug", "duct_group": "0", "duct_assignment": "5,6" }, "geometry": { "type": "Point", "coordinates": [ -119.288392046284329, 35.497345861485854 ] } },
{ "type": "Feature", "properties": { "id": "fd-00118", "input_id": "", "specification": "access_point", "source": "fd-00002", "demand": 2, "placement": "ug", "duct_group": "0", "duct_assignment": "7,8" }, "geometry": { "type": "Point", "coordinates": [ -119.288171731503809, 35.497790724385567 ] } },
{ "type": "Feature", "properties": { "id": "fd-00119", "input_id": "", "specification": "access_point", "source": "fd-00002", "demand": 2, "placement": "ug", "duct_group": "0", "duct_assignment": "9,10" }, "geometry": { "type": "Point", "coordinates": [ -119.288202143880284, 35.498055561006694 ] } },
{ "type": "Feature", "properties": { "id": "fd-00120", "input_id": "", "specification": "access_point", "source": "fd-00002", "demand": 2, "placement": "ug", "duct_group": "0", "duct_assignment": "11,12" }, "geometry": { "type": "Point", "coordinates": [ -119.287977041824831, 35.498054415525239 ] } },
{ "type": "Feature", "properties": { "id": "fd-00121", "input_id": "", "specification": "access_point", "source": "fd-00002", "demand": 1, "placement": "ug", "duct_group": "1", "duct_assignment": "1" }, "geometry": { "type": "Point", "coordinates": [ -119.287782841873508, 35.496654437569532 ] } },
{ "type": "Feature", "properties": { "id": "fd-00122", "input_id": "", "specification": "access_point", "source": "fd-00002", "demand": 1, "placement": "ug", "duct_group": "1", "duct_assignment": "2" }, "geometry": { "type": "Point", "coordinates": [ -119.287567746120374, 35.496653844540305 ] } },
{ "type": "Feature", "properties": { "id": "fd-00123", "input_id": "", "specification": "access_point", "source": "fd-00002", "demand": 2, "placement": "ug", "duct_group": "1", "duct_assignment": "3,4" }, "geometry": { "type": "Point", "coordinates": [ -119.287331961556802, 35.496936294790132 ] } },
{ "type": "Feature", "properties": { "id": "fd-00124", "input_id": "", "specification": "access_point", "source": "fd-00002", "demand": 2, "placement": "ug", "duct_group": "1", "duct_assignment": "5,6" }, "geometry": { "type": "Point", "coordinates": [ -119.287327641186948, 35.497286162725693 ] } },
{ "type": "Feature", "properties": { "id": "fd-00125", "input_id": "", "specification": "access_point", "source": "fd-00002", "demand": 2, "placement": "ug", "duct_group": "1", "duct_assignment": "7,8" }, "geometry": { "type": "Point", "coordinates": [ -119.287323437586579, 35.497626809204185 ] } },
{ "type": "Feature", "properties": { "id": "fd-00126", "input_id": "", "specification": "access_point", "source": "fd-00002", "demand": 3, "placement": "ug", "duct_group": "1", "duct_assignment": "9,10,11" }, "geometry": { "type": "Point", "coordinates": [ -119.287319413349792, 35.497953714971366 ] } },
{ "type": "Feature", "properties": { "id": "fd-00127", "input_id": "", "specification": "access_point", "source": "fd-00002", "demand": 2, "placement": "ug", "duct_group": "2", "duct_assignment": "1,2" }, "geometry": { "type": "Point", "coordinates": [ -119.290924926863255, 35.497221853491538 ] } },
{ "type": "Feature", "properties": { "id": "fd-00128", "input_id": "", "specification": "access_point", "source": "fd-00002", "demand": 2, "placement": "ug", "duct_group": "2", "duct_assignment": "3,4" }, "geometry": { "type": "Point", "coordinates": [ -119.290927471760156, 35.496664184063057 ] } },
{ "type": "Feature", "properties": { "id": "fd-00129", "input_id": "", "specification": "access_point", "source": "fd-00002", "demand": 2, "placement": "ug", "duct_group": "2", "duct_assignment": "5,6" }, "geometry": { "type": "Point", "coordinates": [ -119.290497462656859, 35.496662838160326 ] } },
{ "type": "Feature", "properties": { "id": "fd-00130", "input_id": "", "specification": "access_point", "source": "fd-00002", "demand": 3, "placement": "ug", "duct_group": "2", "duct_assignment": "7,8,9" }, "geometry": { "type": "Point", "coordinates": [ -119.290141814402887, 35.496655578674833 ] } },
{ "type": "Feature", "properties": { "id": "fd-00131", "input_id": "", "specification": "access_point", "source": "fd-00002", "demand": 1, "placement": "ug", "duct_group": "2", "duct_assignment": "10" }, "geometry": { "type": "Point", "coordinates": [ -119.290689083874824, 35.496531558543111 ] } },
{ "type": "Feature", "properties": { "id": "fd-00132", "input_id": "", "specification": "access_point", "source": "fd-00002", "demand": 2, "placement": "ug", "duct_group": "2", "duct_assignment": "11,12" }, "geometry": { "type": "Point", "coordinates": [ -119.290487515303568, 35.4965309322303 ] } },
{ "type": "Feature", "properties": { "id": "fd-00133", "input_id": "", "specification": "access_point", "source": "fd-00002", "demand": 1, "placement": "ug", "duct_group": "3", "duct_assignment": "1" }, "geometry": { "type": "Point", "coordinates": [ -119.289531396796036, 35.496753223889996 ] } },
{ "type": "Feature", "properties": { "id": "fd-00134", "input_id": "", "specification": "access_point", "source": "fd-00002", "demand": 2, "placement": "ug", "duct_group": "4", "duct_assignment": "1,2" }, "geometry": { "type": "Point", "coordinates": [ -119.289685251896259, 35.497218049883131 ] } },
{ "type": "Feature", "properties": { "id": "fd-00135", "input_id": "", "specification": "access_point", "source": "fd-00002", "demand": 2, "placement": "ug", "duct_group": "4", "duct_assignment": "3,4" }, "geometry": { "type": "Point", "coordinates": [ -119.290088326305096, 35.497219307305571 ] } },
{ "type": "Feature", "properties": { "id": "fd-00136", "input_id": "", "specification": "access_point", "source": "fd-00002", "demand": 2, "placement": "ug", "duct_group": "4", "duct_assignment": "5,6" }, "geometry": { "type": "Point", "coordinates": [ -119.290031271759318, 35.497351051167755 ] } },
{ "type": "Feature", "properties": { "id": "fd-00137", "input_id": "", "specification": "access_point", "source": "fd-00002", "demand": 2, "placement": "ug", "duct_group": "4", "duct_assignment": "7,8" }, "geometry": { "type": "Point", "coordinates": [ -119.290521713953794, 35.497220624603727 ] } },
{ "type": "Feature", "properties": { "id": "fd-00138", "input_id": "", "specification": "access_point", "source": "fd-00002", "demand": 2, "placement": "ug", "duct_group": "5", "duct_assignment": "1,2" }, "geometry": { "type": "Point", "coordinates": [ -119.289087407215746, 35.497216184041449 ] } },
{ "type": "Feature", "properties": { "id": "fd-00139", "input_id": "", "specification": "access_point", "source": "fd-00002", "demand": 2, "placement": "ug", "duct_group": "5", "duct_assignment": "3,4" }, "geometry": { "type": "Point", "coordinates": [ -119.288684285110591, 35.497214902203986 ] } },
{ "type": "Feature", "properties": { "id": "fd-00140", "input_id": "", "specification": "access_point", "source": "fd-00002", "demand": 1, "placement": "ug", "duct_group": "5", "duct_assignment": "5" }, "geometry": { "type": "Point", "coordinates": [ -119.288473034507973, 35.497214231668096 ] } },
{ "type": "Feature", "properties": { "id": "fd-00141", "input_id": "", "specification": "access_point", "source": "fd-00002", "demand": 2, "placement": "ug", "duct_group": "5", "duct_assignment": "6,7" }, "geometry": { "type": "Point", "coordinates": [ -119.288091169558342, 35.497200968376447 ] } },
{ "type": "Feature", "properties": { "id": "fd-00142", "input_id": "", "specification": "access_point", "source": "fd-00002", "demand": 2, "placement": "ug", "duct_group": "5", "duct_assignment": "8,9" }, "geometry": { "type": "Point", "coordinates": [ -119.287948672662822, 35.497427523846653 ] } },
{ "type": "Feature", "properties": { "id": "fd-00143", "input_id": "", "specification": "access_point", "source": "fd-00002", "demand": 2, "placement": "ug", "duct_group": "5", "duct_assignment": "10,11" }, "geometry": { "type": "Point", "coordinates": [ -119.288010532936497, 35.497767830500329 ] } },
{ "type": "Feature", "properties": { "id": "fd-00144", "input_id": "", "specification": "access_point", "source": "fd-00002", "demand": 2, "placement": "ug", "duct_group": "6", "duct_assignment": "1,2" }, "geometry": { "type": "Point", "coordinates": [ -119.289614795052472, 35.497349743084023 ] } },
{ "type": "Feature", "properties": { "id": "fd-00145", "input_id": "", "specification": "access_point", "source": "fd-00002", "demand": 1, "placement": "ug", "duct_group": "6", "duct_assignment": "3" }, "geometry": { "type": "Point", "coordinates": [ -119.290709918998573, 35.497353095990711 ] } },
{ "type": "Feature", "properties": { "id": "fd-00146", "input_id": "", "specification": "access_point", "source": "fd-00002", "demand": 2, "placement": "ug", "duct_group": "6", "duct_assignment": "4,5" }, "geometry": { "type": "Point", "coordinates": [ -119.290961747330755, 35.497391449430921 ] } },
{ "type": "Feature", "properties": { "id": "fd-00147", "input_id": "", "specification": "access_point", "source": "fd-00002", "demand": 2, "placement": "ug", "duct_group": "6", "duct_assignment": "6,7" }, "geometry": { "type": "Point", "coordinates": [ -119.291372950498683, 35.497122181454259 ] } },
{ "type": "Feature", "properties": { "id": "fd-00148", "input_id": "", "specification": "access_point", "source": "fd-00002", "demand": 1, "placement": "ug", "duct_group": "6", "duct_assignment": "8" }, "geometry": { "type": "Point", "coordinates": [ -119.291370874937726, 35.496784439907898 ] } },
{ "type": "Feature", "properties": { "id": "fd-00149", "input_id": "", "specification": "access_point", "source": "fd-00002", "demand": 2, "placement": "ug", "duct_group": "6", "duct_assignment": "9,10" }, "geometry": { "type": "Point", "coordinates": [ -119.291349679468183, 35.496628981138493 ] } },
{ "type": "Feature", "properties": { "id": "fd-00150", "input_id": "", "specification": "access_point", "source": "fd-00002", "demand": 1, "placement": "ug", "duct_group": "6", "duct_assignment": "11" }, "geometry": { "type": "Point", "coordinates": [ -119.291263924946534, 35.496537706309894 ] } },
{ "type": "Feature", "properties": { "id": "fd-00151", "input_id": "", "specification": "access_point", "source": "fd-00002", "demand": 1, "placement": "ug", "duct_group": "6", "duct_assignment": "12" }, "geometry": { "type": "Point", "coordinates": [ -119.291126052134899, 35.496485006259142 ] } },
{ "type": "Feature", "properties": { "id": "fd-00152", "input_id": "", "specification": "access_point", "source": "fd-00002", "demand": 2, "placement": "ug", "duct_group": "7", "duct_assignment": "1,2" }, "geometry": { "type": "Point", "coordinates": [ -119.289496577327284, 35.496608534117961 ] } },
{ "type": "Feature", "properties": { "id": "fd-00153", "input_id": "", "specification": "access_point", "source": "fd-00002", "demand": 2, "placement": "ug", "duct_group": "7", "duct_assignment": "3,4" }, "geometry": { "type": "Point", "coordinates": [ -119.289260210714176, 35.496476579605392 ] } },
{ "type": "Feature", "properties": { "id": "fd-00154", "input_id": "", "specification": "access_point", "source": "fd-00002", "demand": 2, "placement": "ug", "duct_group": "7", "duct_assignment": "5,6" }, "geometry": { "type": "Point", "coordinates": [ -119.288824967925862, 35.496525752695213 ] } },
{ "type": "Feature", "properties": { "id": "fd-00155", "input_id": "", "specification": "access_point", "source": "fd-00002", "demand": 2, "placement": "ug", "duct_group": "7", "duct_assignment": "7,8" }, "geometry": { "type": "Point", "coordinates": [ -119.288408345924509, 35.496524466427935 ] } },
{ "type": "Feature", "properties": { "id": "fd-00156", "input_id": "", "specification": "access_point", "source": "fd-00002", "demand": 2, "placement": "ug", "duct_group": "7", "duct_assignment": "9,10" }, "geometry": { "type": "Point", "coordinates": [ -119.287991692372685, 35.496523204317938 ] } },
{ "type": "Feature", "properties": { "id": "fd-00157", "input_id": "", "specification": "access_point", "source": "fd-00002", "demand": 2, "placement": "ug", "duct_group": "7", "duct_assignment": "11,12" }, "geometry": { "type": "Point", "coordinates": [ -119.287588433525414, 35.496522048350435 ] } },
{ "type": "Feature", "properties": { "id": "fd-00158", "input_id": "", "specification": "access_point", "source": "fd-00002", "demand": 2, "placement": "ug", "duct_group": "8", "duct_assignment": "1,2" }, "geometry": { "type": "Point", "coordinates": [ -119.289076450828659, 35.496658407605665 ] } },
{ "type": "Feature", "properties": { "id": "fd-00159", "input_id": "", "specification": "access_point", "source": "fd-00002", "demand": 2, "placement": "ug", "duct_group": "8", "duct_assignment": "3,4" }, "geometry": { "type": "Point", "coordinates": [ -119.288646411027841, 35.496657061859274 ] } },
{ "type": "Feature", "properties": { "id": "fd-00160", "input_id": "", "specification": "access_point", "source": "fd-00002", "demand": 2, "placement": "ug", "duct_group": "8", "duct_assignment": "5,6" }, "geometry": { "type": "Point", "coordinates": [ -119.288199531041712, 35.496655680190855 ] } },
{ "type": "Feature", "properties": { "id": "fd-00161", "input_id": "", "specification": "access_point", "source": "fd-00003", "demand": 2, "placement": "ug", "duct_group": "0", "duct_assignment": "1,2" }, "geometry": { "type": "Point", "coordinates": [ -119.29184782827339, 35.501924725074069 ] } },
{ "type": "Feature", "properties": { "id": "fd-00162", "input_id": "", "specification": "access_point", "source": "fd-00003", "demand": 2, "placement": "ug", "duct_group": "0", "duct_assignment": "3,4" }, "geometry": { "type": "Point", "coordinates": [ -119.291249952023406, 35.501920235905402 ] } },
{ "type": "Feature", "properties": { "id": "fd-00163", "input_id": "", "specification": "access_point", "source": "fd-00003", "demand": 2, "placement": "ug", "duct_group": "0", "duct_assignment": "5,6" }, "geometry": { "type": "Point", "coordinates": [ -119.290846804859228, 35.501917222429242 ] } },
{ "type": "Feature", "properties": { "id": "fd-00164", "input_id": "", "specification": "access_point", "source": "fd-00003", "demand": 2, "placement": "ug", "duct_group": "0", "duct_assignment": "7,8" }, "geometry": { "type": "Point", "coordinates": [ -119.290443612382674, 35.501914198191798 ] } },
{ "type": "Feature", "properties": { "id": "fd-00165", "input_id": "", "specification": "access_point", "source": "fd-00003", "demand": 2, "placement": "ug", "duct_group": "0", "duct_assignment": "9,10" }, "geometry": { "type": "Point", "coordinates": [ -119.290040339442754, 35.501916227490661 ] } },
{ "type": "Feature", "properties": { "id": "fd-00166", "input_id": "", "specification": "access_point", "source": "fd-00003", "demand": 2, "placement": "ug", "duct_group": "0", "duct_assignment": "11,12" }, "geometry": { "type": "Point", "coordinates": [ -119.289729560515411, 35.501842882715351 ] } },
{ "type": "Feature", "properties": { "id": "fd-00167", "input_id": "", "specification": "access_point", "source": "fd-00003", "demand": 2, "placement": "ug", "duct_group": "1", "duct_assignment": "1,2" }, "geometry": { "type": "Point", "coordinates": [ -119.290562846554622, 35.500330027984319 ] } },
{ "type": "Feature", "properties": { "id": "fd-00168", "input_id": "", "specification": "access_point", "source": "fd-00003", "demand": 2, "placement": "ug", "duct_group": "1", "duct_assignment": "3,4" }, "geometry": { "type": "Point", "coordinates": [ -119.290575201812118, 35.500461931869978 ] } },
{ "type": "Feature", "properties": { "id": "fd-00169", "input_id": "", "specification": "access_point", "source": "fd-00003", "demand": 2, "placement": "ug", "duct_group": "1", "duct_assignment": "5,6" }, "geometry": { "type": "Point", "coordinates": [ -119.290159709078338, 35.500326920292778 ] } },
{ "type": "Feature", "properties": { "id": "fd-00170", "input_id": "", "specification": "access_point", "source": "fd-00003", "demand": 2, "placement": "ug", "duct_group": "1", "duct_assignment": "7,8" }, "geometry": { "type": "Point", "coordinates": [ -119.290172052780775, 35.500458831544648 ] } },
{ "type": "Feature", "properties": { "id": "fd-00171", "input_id": "", "specification": "access_point", "source": "fd-00003", "demand": 2, "placement": "ug", "duct_group": "1", "duct_assignment": "9,10" }, "geometry": { "type": "Point", "coordinates": [ -119.289820567979831, 35.500297183697995 ] } },
{ "type": "Feature", "properties": { "id": "fd-00172", "input_id": "", "specification": "access_point", "source": "fd-00003", "demand": 2, "placement": "ug", "duct_group": "1", "duct_assignment": "11,12" }, "geometry": { "type": "Point", "coordinates": [ -119.289819023260321, 35.500483225049571 ] } },
{ "type": "Feature", "properties": { "id": "fd-00173", "input_id": "", "specification": "access_point", "source": "fd-00003", "demand": 2, "placement": "ug", "duct_group": "2", "duct_assignment": "1,2" }, "geometry": { "type": "Point", "coordinates": [ -119.291194912445306, 35.501061455664036 ] } },
{ "type": "Feature", "properties": { "id": "fd-00174", "input_id": "", "specification": "access_point", "source": "fd-00003", "demand": 2, "placement": "ug", "duct_group": "2", "duct_assignment": "3,4" }, "geometry": { "type": "Point", "coordinates": [ -119.291109766157419, 35.501192612467484 ] } },
{ "type": "Feature", "properties": { "id": "fd-00175", "input_id": "", "specification": "access_point", "source": "fd-00003", "demand": 2, "placement": "ug", "duct_group": "2", "duct_assignment": "5,6" }, "geometry": { "type": "Point", "coordinates": [ -119.291526280652306, 35.501195781140297 ] } },
{ "type": "Feature", "properties": { "id": "fd-00176", "input_id": "", "specification": "access_point", "source": "fd-00003", "demand": 2, "placement": "ug", "duct_group": "2", "duct_assignment": "7,8" }, "geometry": { "type": "Point", "coordinates": [ -119.291942719460451, 35.501198969929249 ] } },
{ "type": "Feature", "properties": { "id": "fd-00177", "input_id": "", "specification": "access_point", "source": "fd-00003", "demand": 2, "placement": "ug", "duct_group": "3", "duct_assignment": "1,2" }, "geometry": { "type": "Point", "coordinates": [ -119.290679759437808, 35.501189347901324 ] } },
{ "type": "Feature", "properties": { "id": "fd-00178", "input_id": "", "specification": "access_point", "source": "fd-00003", "demand": 2, "placement": "ug", "duct_group": "3", "duct_assignment": "3,4" }, "geometry": { "type": "Point", "coordinates": [ -119.290570071192931, 35.501056699379198 ] } },
{ "type": "Feature", "properties": { "id": "fd-00179", "input_id": "", "specification": "access_point", "source": "fd-00003", "demand": 2, "placement": "ug", "duct_group": "3", "duct_assignment": "5,6" }, "geometry": { "type": "Point", "coordinates": [ -119.290166898743379, 35.50105362719566 ] } },
{ "type": "Feature", "properties": { "id": "fd-00180", "input_id": "", "specification": "access_point", "source": "fd-00003", "demand": 2, "placement": "ug", "duct_group": "3", "duct_assignment": "7,8" }, "geometry": { "type": "Point", "coordinates": [ -119.29025474993864, 35.50118611770926 ] } },
{ "type": "Feature", "properties": { "id": "fd-00181", "input_id": "", "specification": "access_point", "source": "fd-00003", "demand": 2, "placement": "ug", "duct_group": "3", "duct_assignment": "9,10" }, "geometry": { "type": "Point", "coordinates": [ -119.289803546376646, 35.501010186853954 ] } },
{ "type": "Feature", "properties": { "id": "fd-00182", "input_id": "", "specification": "access_point", "source": "fd-00003", "demand": 2, "placement": "ug", "duct_group": "3", "duct_assignment": "11,12" }, "geometry": { "type": "Point", "coordinates": [ -119.289810634694106, 35.501228402315675 ] } },
{ "type": "Feature", "properties": { "id": "fd-00183", "input_id": "", "specification": "access_point", "source": "fd-00003", "demand": 2, "placement": "ug", "duct_group": "4", "duct_assignment": "1,2" }, "geometry": { "type": "Point", "coordinates": [ -119.291597978167701, 35.501064531907723 ] } },
{ "type": "Feature", "properties": { "id": "fd-00184", "input_id": "", "specification": "access_point", "source": "fd-00003", "demand": 2, "placement": "ug", "duct_group": "4", "duct_assignment": "3,4" }, "geometry": { "type": "Point", "coordinates": [ -119.292088727765105, 35.501016280149841 ] } },
{ "type": "Feature", "properties": { "id": "fd-00185", "input_id": "", "specification": "access_point", "source": "fd-00003", "demand": 2, "placement": "ug", "duct_group": "4", "duct_assignment": "5,6" }, "geometry": { "type": "Point", "coordinates": [ -119.292332667042899, 35.501128112857693 ] } },
{ "type": "Feature", "properties": { "id": "fd-00186", "input_id": "", "specification": "access_point", "source": "fd-00003", "demand": 2, "placement": "ug", "duct_group": "4", "duct_assignment": "7,8" }, "geometry": { "type": "Point", "coordinates": [ -119.292331700317902, 35.501411475164801 ] } },
{ "type": "Feature", "properties": { "id": "fd-00187", "input_id": "", "specification": "access_point", "source": "fd-00003", "demand": 2, "placement": "ug", "duct_group": "4", "duct_assignment": "9,10" }, "geometry": { "type": "Point", "coordinates": [ -119.292378058039574, 35.501762491106248 ] } },
{ "type": "Feature", "properties": { "id": "fd-00188", "input_id": "", "specification": "access_point", "source": "fd-00003", "demand": 2, "placement": "ug", "duct_group": "4", "duct_assignment": "11,12" }, "geometry": { "type": "Point", "coordinates": [ -119.292220319488337, 35.501947977971575 ] } },
{ "type": "Feature", "properties": { "id": "fd-00189", "input_id": "", "specification": "access_point", "source": "fd-00003", "demand": 2, "placement": "ug", "duct_group": "5", "duct_assignment": "1,2" }, "geometry": { "type": "Point", "coordinates": [ -119.291201113801563, 35.500334950578896 ] } },
{ "type": "Feature", "properties": { "id": "fd-00190", "input_id": "", "specification": "access_point", "source": "fd-00003", "demand": 2, "placement": "ug", "duct_group": "5", "duct_assignment": "3,4" }, "geometry": { "type": "Point", "coordinates": [ -119.291200031621756, 35.500466738679648 ] } },
{ "type": "Feature", "properties": { "id": "fd-00191", "input_id": "", "specification": "access_point", "source": "fd-00003", "demand": 2, "placement": "ug", "duct_group": "5", "duct_assignment": "5,6" }, "geometry": { "type": "Point", "coordinates": [ -119.291634424250631, 35.500338301145376 ] } },
{ "type": "Feature", "properties": { "id": "fd-00192", "input_id": "", "specification": "access_point", "source": "fd-00003", "demand": 2, "placement": "ug", "duct_group": "5", "duct_assignment": "7,8" }, "geometry": { "type": "Point", "coordinates": [ -119.291603110395414, 35.500469848991777 ] } },
{ "type": "Feature", "properties": { "id": "fd-00193", "input_id": "", "specification": "access_point", "source": "fd-00003", "demand": 3, "placement": "ug", "duct_group": "5", "duct_assignment": "9,10,11" }, "geometry": { "type": "Point", "coordinates": [ -119.292034393696753, 35.500432961525362 ] } },
{ "type": "Feature", "properties": { "id": "fd-00194", "input_id": "", "specification": "access_point", "source": "fd-00003", "demand": 2, "placement": "ug", "duct_group": "6", "duct_assignment": "1,2" }, "geometry": { "type": "Point", "coordinates": [ -119.291937405026289, 35.501793618573721 ] } },
{ "type": "Feature", "properties": { "id": "fd-00195", "input_id": "", "specification": "access_point", "source": "fd-00003", "demand": 2, "placement": "ug", "duct_group": "6", "duct_assignment": "3,4" }, "geometry": { "type": "Point", "coordinates": [ -119.291520950589216, 35.50179046865923 ] } },
{ "type": "Feature", "properties": { "id": "fd-00196", "input_id": "", "specification": "access_point", "source": "fd-00003", "demand": 2, "placement": "ug", "duct_group": "6", "duct_assignment": "5,6" }, "geometry": { "type": "Point", "coordinates": [ -119.291104415010736, 35.501787342523578 ] } },
{ "type": "Feature", "properties": { "id": "fd-00197", "input_id": "", "specification": "access_point", "source": "fd-00003", "demand": 2, "placement": "ug", "duct_group": "6", "duct_assignment": "7,8" }, "geometry": { "type": "Point", "coordinates": [ -119.290674378221865, 35.501784116080252 ] } },
{ "type": "Feature", "properties": { "id": "fd-00198", "input_id": "", "specification": "access_point", "source": "fd-00003", "demand": 1, "placement": "ug", "duct_group": "6", "duct_assignment": "9" }, "geometry": { "type": "Point", "coordinates": [ -119.290257736736038, 35.501780977371801 ] } },
{ "type": "Feature", "properties": { "id": "fd-00199", "input_id": "", "specification": "access_point", "source": "fd-00003", "demand": 2, "placement": "ug", "duct_group": "6", "duct_assignment": "10,11" }, "geometry": { "type": "Point", "coordinates": [ -119.290042727839733, 35.50177462873188 ] } },
{ "type": "Feature", "properties": { "id": "fd-00200", "input_id": "", "specification": "access_point", "source": "fd-00004", "demand": 2, "placement": "ug", "duct_group": "0", "duct_assignment": "1,2" }, "geometry": { "type": "Point", "coordinates": [ -119.288808676797544, 35.498740423360488 ] } },
{ "type": "Feature", "properties": { "id": "fd-00201", "input_id": "", "specification": "access_point", "source": "fd-00004", "demand": 2, "placement": "ug", "duct_group": "0", "duct_assignment": "3,4" }, "geometry": { "type": "Point", "coordinates": [ -119.288405526451683, 35.498739221951311 ] } },
{ "type": "Feature", "properties": { "id": "fd-00202", "input_id": "", "specification": "access_point", "source": "fd-00004", "demand": 2, "placement": "ug", "duct_group": "0", "duct_assignment": "5,6" }, "geometry": { "type": "Point", "coordinates": [ -119.289713314763361, 35.499303568058359 ] } },
{ "type": "Feature", "properties": { "id": "fd-00203", "input_id": "", "specification": "access_point", "source": "fd-00004", "demand": 2, "placement": "ug", "duct_group": "0", "duct_assignment": "7,8" }, "geometry": { "type": "Point", "coordinates": [ -119.289296720095749, 35.499302325832446 ] } },
{ "type": "Feature", "properties": { "id": "fd-00204", "input_id": "", "specification": "access_point", "source": "fd-00004", "demand": 2, "placement": "ug", "duct_group": "0", "duct_assignment": "9,10" }, "geometry": { "type": "Point", "coordinates": [ -119.28843329688948, 35.499299751164457 ] } },
{ "type": "Feature", "properties": { "id": "fd-00205", "input_id": "", "specification": "access_point", "source": "fd-00004", "demand": 2, "placement": "ug", "duct_group": "0", "duct_assignment": "11,12" }, "geometry": { "type": "Point", "coordinates": [ -119.28884989038653, 35.499300993624558 ] } },
{ "type": "Feature", "properties": { "id": "fd-00206", "input_id": "", "specification": "access_point", "source": "fd-00004", "demand": 2, "placement": "ug", "duct_group": "1", "duct_assignment": "1,2" }, "geometry": { "type": "Point", "coordinates": [ -119.291242197557565, 35.49942808560742 ] } },
{ "type": "Feature", "properties": { "id": "fd-00207", "input_id": "", "specification": "access_point", "source": "fd-00004", "demand": 2, "placement": "ug", "duct_group": "1", "duct_assignment": "3,4" }, "geometry": { "type": "Point", "coordinates": [ -119.290831712972363, 35.499439259752663 ] } },
{ "type": "Feature", "properties": { "id": "fd-00208", "input_id": "", "specification": "access_point", "source": "fd-00004", "demand": 2, "placement": "ug", "duct_group": "1", "duct_assignment": "5,6" }, "geometry": { "type": "Point", "coordinates": [ -119.290324192799801, 35.499437258447308 ] } },
{ "type": "Feature", "properties": { "id": "fd-00209", "input_id": "", "specification": "access_point", "source": "fd-00004", "demand": 2, "placement": "ug", "duct_group": "1", "duct_assignment": "7,8" }, "geometry": { "type": "Point", "coordinates": [ -119.289907597431267, 35.499436017390614 ] } },
{ "type": "Feature", "properties": { "id": "fd-00210", "input_id": "", "specification": "access_point", "source": "fd-00004", "demand": 2, "placement": "ug", "duct_group": "1", "duct_assignment": "9,10" }, "geometry": { "type": "Point", "coordinates": [ -119.289491002103574, 35.499434776724357 ] } },
{ "type": "Feature", "properties": { "id": "fd-00211", "input_id": "", "specification": "access_point", "source": "fd-00004", "demand": 2, "placement": "ug", "duct_group": "1", "duct_assignment": "11,12" }, "geometry": { "type": "Point", "coordinates": [ -119.288819075439704, 35.499432773504765 ] } },
{ "type": "Feature", "properties": { "id": "fd-00212", "input_id": "", "specification": "access_point", "source": "fd-00004", "demand": 2, "placement": "ug", "duct_group": "2", "duct_assignment": "1,2" }, "geometry": { "type": "Point", "coordinates": [ -119.290649984539925, 35.497916222719304 ] } },
{ "type": "Feature", "properties": { "id": "fd-00213", "input_id": "", "specification": "access_point", "source": "fd-00004", "demand": 3, "placement": "ug", "duct_group": "2", "duct_assignment": "3,4,5" }, "geometry": { "type": "Point", "coordinates": [ -119.291053351469586, 35.497865356303357 ] } },
{ "type": "Feature", "properties": { "id": "fd-00214", "input_id": "", "specification": "access_point", "source": "fd-00004", "demand": 2, "placement": "ug", "duct_group": "2", "duct_assignment": "6,7" }, "geometry": { "type": "Point", "coordinates": [ -119.29134201145574, 35.49817928596196 ] } },
{ "type": "Feature", "properties": { "id": "fd-00215", "input_id": "", "specification": "access_point", "source": "fd-00004", "demand": 2, "placement": "ug", "duct_group": "2", "duct_assignment": "8,9" }, "geometry": { "type": "Point", "coordinates": [ -119.291285670587442, 35.4985197800249 ] } },
{ "type": "Feature", "properties": { "id": "fd-00216", "input_id": "", "specification": "access_point", "source": "fd-00004", "demand": 2, "placement": "ug", "duct_group": "2", "duct_assignment": "10,11" }, "geometry": { "type": "Point", "coordinates": [ -119.291283872274064, 35.498934611744232 ] } },
{ "type": "Feature", "properties": { "id": "fd-00217", "input_id": "", "specification": "access_point", "source": "fd-00004", "demand": 1, "placement": "ug", "duct_group": "2", "duct_assignment": "12" }, "geometry": { "type": "Point", "coordinates": [ -119.291324140125781, 35.499333013727565 ] } },
{ "type": "Feature", "properties": { "id": "fd-00218", "input_id": "", "specification": "access_point", "source": "fd-00004", "demand": 2, "placement": "ug", "duct_group": "3", "duct_assignment": "1,2" }, "geometry": { "type": "Point", "coordinates": [ -119.290045414389638, 35.4979143581944 ] } },
{ "type": "Feature", "properties": { "id": "fd-00219", "input_id": "", "specification": "access_point", "source": "fd-00004", "demand": 2, "placement": "ug", "duct_group": "3", "duct_assignment": "3,4" }, "geometry": { "type": "Point", "coordinates": [ -119.28962227911201, 35.497913022645427 ] } },
{ "type": "Feature", "properties": { "id": "fd-00220", "input_id": "", "specification": "access_point", "source": "fd-00004", "demand": 2, "placement": "ug", "duct_group": "3", "duct_assignment": "5,6" }, "geometry": { "type": "Point", "coordinates": [ -119.289218633539548, 35.498043660950266 ] } },
{ "type": "Feature", "properties": { "id": "fd-00221", "input_id": "", "specification": "access_point", "source": "fd-00004", "demand": 2, "placement": "ug", "duct_group": "3", "duct_assignment": "7,8" }, "geometry": { "type": "Point", "coordinates": [ -119.289209167195338, 35.497911732836656 ] } },
{ "type": "Feature", "properties": { "id": "fd-00222", "input_id": "", "specification": "access_point", "source": "fd-00004", "demand": 2, "placement": "ug", "duct_group": "3", "duct_assignment": "9,10" }, "geometry": { "type": "Point", "coordinates": [ -119.288906829182594, 35.498064626065506 ] } },
{ "type": "Feature", "properties": { "id": "fd-00223", "input_id": "", "specification": "access_point", "source": "fd-00004", "demand": 2, "placement": "ug", "duct_group": "3", "duct_assignment": "11,12" }, "geometry": { "type": "Point", "coordinates": [ -119.288907652178878, 35.497888874146277 ] } },
{ "type": "Feature", "properties": { "id": "fd-00224", "input_id": "", "specification": "access_point", "source": "fd-00004", "demand": 2, "placement": "ug", "duct_group": "4", "duct_assignment": "1,2" }, "geometry": { "type": "Point", "coordinates": [ -119.289198960656336, 35.498609716611071 ] } },
{ "type": "Feature", "properties": { "id": "fd-00225", "input_id": "", "specification": "access_point", "source": "fd-00004", "demand": 2, "placement": "ug", "duct_group": "4", "duct_assignment": "3,4" }, "geometry": { "type": "Point", "coordinates": [ -119.288782371759496, 35.498608475322044 ] } },
{ "type": "Feature", "properties": { "id": "fd-00226", "input_id": "", "specification": "access_point", "source": "fd-00004", "demand": 2, "placement": "ug", "duct_group": "4", "duct_assignment": "5,6" }, "geometry": { "type": "Point", "coordinates": [ -119.288348985030325, 35.49860718335394 ] } },
{ "type": "Feature", "properties": { "id": "fd-00227", "input_id": "", "specification": "access_point", "source": "fd-00004", "demand": 2, "placement": "ug", "duct_group": "4", "duct_assignment": "7,8" }, "geometry": { "type": "Point", "coordinates": [ -119.287958703108998, 35.499182945674612 ] } },
{ "type": "Feature", "properties": { "id": "fd-00228", "input_id": "", "specification": "access_point", "source": "fd-00004", "demand": 2, "placement": "ug", "duct_group": "4", "duct_assignment": "9,10" }, "geometry": { "type": "Point", "coordinates": [ -119.288057633305826, 35.499419979623731 ] } },
{ "type": "Feature", "properties": { "id": "fd-00229", "input_id": "", "specification": "access_point", "source": "fd-00004", "demand": 2, "placement": "ug", "duct_group": "4", "duct_assignment": "11,12" }, "geometry": { "type": "Point", "coordinates": [ -119.288388912296128, 35.499461120242856 ] } },
{ "type": "Feature", "properties": { "id": "fd-00230", "input_id": "", "specification": "access_point", "source": "fd-00004", "demand": 2, "placement": "ug", "duct_group": "5", "duct_assignment": "1,2" }, "geometry": { "type": "Point", "coordinates": [ -119.290423411186666, 35.498256215260064 ] } },
{ "type": "Feature", "properties": { "id": "fd-00231", "input_id": "", "specification": "access_point", "source": "fd-00004", "demand": 1, "placement": "ug", "duct_group": "5", "duct_assignment": "3" }, "geometry": { "type": "Point", "coordinates": [ -119.290470676692607, 35.498622508273897 ] } },
{ "type": "Feature", "properties": { "id": "fd-00232", "input_id": "", "specification": "access_point", "source": "fd-00004", "demand": 1, "placement": "ug", "duct_group": "5", "duct_assignment": "4" }, "geometry": { "type": "Point", "coordinates": [ -119.290378826399404, 35.49873531275631 ] } },
{ "type": "Feature", "properties": { "id": "fd-00233", "input_id": "", "specification": "access_point", "source": "fd-00004", "demand": 2, "placement": "ug", "duct_group": "5", "duct_assignment": "5,6" }, "geometry": { "type": "Point", "coordinates": [ -119.290255866412409, 35.498788313788573 ] } },
{ "type": "Feature", "properties": { "id": "fd-00234", "input_id": "", "specification": "access_point", "source": "fd-00004", "demand": 1, "placement": "ug", "duct_group": "5", "duct_assignment": "7" }, "geometry": { "type": "Point", "coordinates": [ -119.290061653848937, 35.498778464129565 ] } },
{ "type": "Feature", "properties": { "id": "fd-00235", "input_id": "", "specification": "access_point", "source": "fd-00004", "demand": 2, "placement": "ug", "duct_group": "5", "duct_assignment": "8,9" }, "geometry": { "type": "Point", "coordinates": [ -119.289628416775727, 35.498742865984553 ] } },
{ "type": "Feature", "properties": { "id": "fd-00236", "input_id": "", "specification": "access_point", "source": "fd-00004", "demand": 2, "placement": "ug", "duct_group": "5", "duct_assignment": "10,11" }, "geometry": { "type": "Point", "coordinates": [ -119.289225266363516, 35.498741664560278 ] } },
{ "type": "Feature", "properties": { "id": "fd-00237", "input_id": "", "specification": "access_point", "source": "fd-00004", "demand": 2, "placement": "ug", "duct_group": "6", "duct_assignment": "1,2" }, "geometry": { "type": "Point", "coordinates": [ -119.291125657403683, 35.498233576465651 ] } },
{ "type": "Feature", "properties": { "id": "fd-00238", "input_id": "", "specification": "access_point", "source": "fd-00004", "demand": 1, "placement": "ug", "duct_group": "6", "duct_assignment": "3" }, "geometry": { "type": "Point", "coordinates": [ -119.291124941049588, 35.498398413430678 ] } },
{ "type": "Feature", "properties": { "id": "fd-00239", "input_id": "", "specification": "access_point", "source": "fd-00004", "demand": 2, "placement": "ug", "duct_group": "6", "duct_assignment": "4,5" }, "geometry": { "type": "Point", "coordinates": [ -119.291123400704876, 35.498752812330139 ] } },
{ "type": "Feature", "properties": { "id": "fd-00240", "input_id": "", "specification": "access_point", "source": "fd-00004", "demand": 2, "placement": "ug", "duct_group": "6", "duct_assignment": "6,7" }, "geometry": { "type": "Point", "coordinates": [ -119.291121900631396, 35.499098969467781 ] } },
{ "type": "Feature", "properties": { "id": "fd-00241", "input_id": "", "specification": "access_point", "source": "fd-00004", "demand": 2, "placement": "ug", "duct_group": "6", "duct_assignment": "8,9" }, "geometry": { "type": "Point", "coordinates": [ -119.290563301065831, 35.499306099956627 ] } },
{ "type": "Feature", "properties": { "id": "fd-00242", "input_id": "", "specification": "access_point", "source": "fd-00004", "demand": 2, "placement": "ug", "duct_group": "6", "duct_assignment": "10,11" }, "geometry": { "type": "Point", "coordinates": [ -119.290116470156875, 35.49930476875975 ] } },
{ "type": "Feature", "properties": { "id": "fd-00243", "input_id": "", "specification": "access_point", "source": "fd-00004", "demand": 2, "placement": "ug", "duct_group": "7", "duct_assignment": "1,2" }, "geometry": { "type": "Point", "coordinates": [ -119.290035496144029, 35.498612209287828 ] } },
{ "type": "Feature", "properties": { "id": "fd-00244", "input_id": "", "specification": "access_point", "source": "fd-00004", "demand": 2, "placement": "ug", "duct_group": "7", "duct_assignment": "3,4" }, "geometry": { "type": "Point", "coordinates": [ -119.289632346352533, 35.498611008297459 ] } },
{ "type": "Feature", "properties": { "id": "fd-00245", "input_id": "", "specification": "access_point", "source": "fd-00004", "demand": 2, "placement": "ug", "duct_group": "8", "duct_assignment": "1,2" }, "geometry": { "type": "Point", "coordinates": [ -119.290038118070115, 35.498046208910367 ] } },
{ "type": "Feature", "properties": { "id": "fd-00246", "input_id": "", "specification": "access_point", "source": "fd-00004", "demand": 2, "placement": "ug", "duct_group": "8", "duct_assignment": "3,4" }, "geometry": { "type": "Point", "coordinates": [ -119.289635118898545, 35.498044946886182 ] } },
{ "type": "Feature", "properties": { "id": "fd-00247", "input_id": "", "specification": "access_point", "source": "fd-00004", "demand": 2, "placement": "ug", "duct_group": "9", "duct_assignment": "1,2" }, "geometry": { "type": "Point", "coordinates": [ -119.287932396201569, 35.498605941887945 ] } },
{ "type": "Feature", "properties": { "id": "fd-00248", "input_id": "", "specification": "access_point", "source": "fd-00004", "demand": 2, "placement": "ug", "duct_group": "9", "duct_assignment": "3,4" }, "geometry": { "type": "Point", "coordinates": [ -119.287794079726751, 35.498737398543874 ] } },
{ "type": "Feature", "properties": { "id": "fd-00249", "input_id": "", "specification": "access_point", "source": "fd-00004", "demand": 2, "placement": "ug", "duct_group": "9", "duct_assignment": "5,6" }, "geometry": { "type": "Point", "coordinates": [ -119.287529244366297, 35.498604740331331 ] } },
{ "type": "Feature", "properties": { "id": "fd-00250", "input_id": "", "specification": "access_point", "source": "fd-00004", "demand": 1, "placement": "ug", "duct_group": "9", "duct_assignment": "7" }, "geometry": { "type": "Point", "coordinates": [ -119.287562266980856, 35.498736708384072 ] } },
{ "type": "Feature", "properties": { "id": "fd-00251", "input_id": "", "specification": "access_point", "source": "fd-00004", "demand": 2, "placement": "ug", "duct_group": "9", "duct_assignment": "8,9" }, "geometry": { "type": "Point", "coordinates": [ -119.287304305275683, 35.499190214966603 ] } },
{ "type": "Feature", "properties": { "id": "fd-00252", "input_id": "", "specification": "access_point", "source": "fd-00004", "demand": 2, "placement": "ug", "duct_group": "9", "duct_assignment": "10,11" }, "geometry": { "type": "Point", "coordinates": [ -119.287299962670744, 35.499541845011777 ] } },
{ "type": "Feature", "properties": { "id": "fd-00253", "input_id": "", "specification": "access_point", "source": "fd-00005", "demand": 2, "placement": "ug", "duct_group": "0", "duct_assignment": "1,2" }, "geometry": { "type": "Point", "coordinates": [ -119.289668359148052, 35.50424175207479 ] } },
{ "type": "Feature", "properties": { "id": "fd-00254", "input_id": "", "specification": "access_point", "source": "fd-00005", "demand": 2, "placement": "ug", "duct_group": "0", "duct_assignment": "3,4" }, "geometry": { "type": "Point", "coordinates": [ -119.289231607014656, 35.50424052886649 ] } },
{ "type": "Feature", "properties": { "id": "fd-00255", "input_id": "", "specification": "access_point", "source": "fd-00005", "demand": 2, "placement": "ug", "duct_group": "0", "duct_assignment": "5,6" }, "geometry": { "type": "Point", "coordinates": [ -119.2887948559964, 35.504239304094853 ] } },
{ "type": "Feature", "properties": { "id": "fd-00256", "input_id": "", "specification": "access_point", "source": "fd-00005", "demand": 2, "placement": "ug", "duct_group": "0", "duct_assignment": "7,8" }, "geometry": { "type": "Point", "coordinates": [ -119.288335608941253, 35.504106156691023 ] } },
{ "type": "Feature", "properties": { "id": "fd-00257", "input_id": "", "specification": "access_point", "source": "fd-00005", "demand": 2, "placement": "ug", "duct_group": "0", "duct_assignment": "9,10" }, "geometry": { "type": "Point", "coordinates": [ -119.288358103874884, 35.504238076881819 ] } },
{ "type": "Feature", "properties": { "id": "fd-00258", "input_id": "", "specification": "access_point", "source": "fd-00005", "demand": 2, "placement": "ug", "duct_group": "0", "duct_assignment": "11,12" }, "geometry": { "type": "Point", "coordinates": [ -119.287921351780554, 35.504236849018206 ] } },
{ "type": "Feature", "properties": { "id": "fd-00259", "input_id": "", "specification": "access_point", "source": "fd-00005", "demand": 1, "placement": "ug", "duct_group": "1", "duct_assignment": "1" }, "geometry": { "type": "Point", "coordinates": [ -119.29077067406007, 35.502516136128655 ] } },
{ "type": "Feature", "properties": { "id": "fd-00260", "input_id": "", "specification": "access_point", "source": "fd-00005", "demand": 2, "placement": "ug", "duct_group": "1", "duct_assignment": "2,3" }, "geometry": { "type": "Point", "coordinates": [ -119.291207473946542, 35.502519361536926 ] } },
{ "type": "Feature", "properties": { "id": "fd-00261", "input_id": "", "specification": "access_point", "source": "fd-00005", "demand": 1, "placement": "ug", "duct_group": "1", "duct_assignment": "4" }, "geometry": { "type": "Point", "coordinates": [ -119.291380191203189, 35.502847394668265 ] } },
{ "type": "Feature", "properties": { "id": "fd-00262", "input_id": "", "specification": "access_point", "source": "fd-00005", "demand": 1, "placement": "ug", "duct_group": "1", "duct_assignment": "5" }, "geometry": { "type": "Point", "coordinates": [ -119.291541449633385, 35.502848567632313 ] } },
{ "type": "Feature", "properties": { "id": "fd-00263", "input_id": "", "specification": "access_point", "source": "fd-00005", "demand": 2, "placement": "ug", "duct_group": "1", "duct_assignment": "6,7" }, "geometry": { "type": "Point", "coordinates": [ -119.291323922730513, 35.503033707948475 ] } },
{ "type": "Feature", "properties": { "id": "fd-00264", "input_id": "", "specification": "access_point", "source": "fd-00005", "demand": 2, "placement": "ug", "duct_group": "1", "duct_assignment": "8,9" }, "geometry": { "type": "Point", "coordinates": [ -119.291596328451817, 35.503035815378837 ] } },
{ "type": "Feature", "properties": { "id": "fd-00265", "input_id": "", "specification": "access_point", "source": "fd-00005", "demand": 2, "placement": "ug", "duct_group": "1", "duct_assignment": "10,11" }, "geometry": { "type": "Point", "coordinates": [ -119.291457128112413, 35.50323840437192 ] } },
{ "type": "Feature", "properties": { "id": "fd-00266", "input_id": "", "specification": "access_point", "source": "fd-00005", "demand": 2, "placement": "ug", "duct_group": "2", "duct_assignment": "1,2" }, "geometry": { "type": "Point", "coordinates": [ -119.288356955370631, 35.503403988500153 ] } },
{ "type": "Feature", "properties": { "id": "fd-00267", "input_id": "", "specification": "access_point", "source": "fd-00005", "demand": 2, "placement": "ug", "duct_group": "2", "duct_assignment": "3,4" }, "geometry": { "type": "Point", "coordinates": [ -119.28836263872158, 35.502830178009511 ] } },
{ "type": "Feature", "properties": { "id": "fd-00268", "input_id": "", "specification": "access_point", "source": "fd-00005", "demand": 2, "placement": "ug", "duct_group": "2", "duct_assignment": "5,6" }, "geometry": { "type": "Point", "coordinates": [ -119.288765235616822, 35.502874382074481 ] } },
{ "type": "Feature", "properties": { "id": "fd-00269", "input_id": "", "specification": "access_point", "source": "fd-00005", "demand": 2, "placement": "ug", "duct_group": "2", "duct_assignment": "7,8" }, "geometry": { "type": "Point", "coordinates": [ -119.289014454621949, 35.502782452409527 ] } },
{ "type": "Feature", "properties": { "id": "fd-00270", "input_id": "", "specification": "access_point", "source": "fd-00005", "demand": 2, "placement": "ug", "duct_group": "2", "duct_assignment": "9,10" }, "geometry": { "type": "Point", "coordinates": [ -119.289038882855209, 35.502486499121602 ] } },
{ "type": "Feature", "properties": { "id": "fd-00271", "input_id": "", "specification": "access_point", "source": "fd-00005", "demand": 2, "placement": "ug", "duct_group": "2", "duct_assignment": "11,12" }, "geometry": { "type": "Point", "coordinates": [ -119.289038444014665, 35.502157210509651 ] } },
{ "type": "Feature", "properties": { "id": "fd-00272", "input_id": "", "specification": "access_point", "source": "fd-00005", "demand": 2, "placement": "ug", "duct_group": "3", "duct_assignment": "1,2" }, "geometry": { "type": "Point", "coordinates": [ -119.289715031544205, 35.50322269318027 ] } },
{ "type": "Feature", "properties": { "id": "fd-00273", "input_id": "", "specification": "access_point", "source": "fd-00005", "demand": 2, "placement": "ug", "duct_group": "3", "duct_assignment": "3,4" }, "geometry": { "type": "Point", "coordinates": [ -119.289713283478818, 35.502860229732477 ] } },
{ "type": "Feature", "properties": { "id": "fd-00274", "input_id": "", "specification": "access_point", "source": "fd-00005", "demand": 2, "placement": "ug", "duct_group": "3", "duct_assignment": "5,6" }, "geometry": { "type": "Point", "coordinates": [ -119.289752716983102, 35.502526906452331 ] } },
{ "type": "Feature", "properties": { "id": "fd-00275", "input_id": "", "specification": "access_point", "source": "fd-00005", "demand": 2, "placement": "ug", "duct_group": "3", "duct_assignment": "7,8" }, "geometry": { "type": "Point", "coordinates": [ -119.290110915468347, 35.502487856712428 ] } },
{ "type": "Feature", "properties": { "id": "fd-00276", "input_id": "", "specification": "access_point", "source": "fd-00005", "demand": 1, "placement": "ug", "duct_group": "3", "duct_assignment": "9" }, "geometry": { "type": "Point", "coordinates": [ -119.290333829642321, 35.502512878989357 ] } },
{ "type": "Feature", "properties": { "id": "fd-00277", "input_id": "", "specification": "access_point", "source": "fd-00005", "demand": 1, "placement": "ug", "duct_group": "3", "duct_assignment": "10" }, "geometry": { "type": "Point", "coordinates": [ -119.290552255224028, 35.502514512224458 ] } },
{ "type": "Feature", "properties": { "id": "fd-00278", "input_id": "", "specification": "access_point", "source": "fd-00005", "demand": 2, "placement": "ug", "duct_group": "4", "duct_assignment": "1,2" }, "geometry": { "type": "Point", "coordinates": [ -119.287964026386391, 35.503212908690138 ] } },
{ "type": "Feature", "properties": { "id": "fd-00279", "input_id": "", "specification": "access_point", "source": "fd-00005", "demand": 2, "placement": "ug", "duct_group": "4", "duct_assignment": "3,4" }, "geometry": { "type": "Point", "coordinates": [ -119.28796712492904, 35.502883703932277 ] } },
{ "type": "Feature", "properties": { "id": "fd-00280", "input_id": "", "specification": "access_point", "source": "fd-00005", "demand": 2, "placement": "ug", "duct_group": "4", "duct_assignment": "5,6" }, "geometry": { "type": "Point", "coordinates": [ -119.287970212058525, 35.502554475815067 ] } },
{ "type": "Feature", "properties": { "id": "fd-00281", "input_id": "", "specification": "access_point", "source": "fd-00005", "demand": 2, "placement": "ug", "duct_group": "4", "duct_assignment": "7,8" }, "geometry": { "type": "Point", "coordinates": [ -119.28797328795855, 35.502225236054493 ] } },
{ "type": "Feature", "properties": { "id": "fd-00282", "input_id": "", "specification": "access_point", "source": "fd-00005", "demand": 2, "placement": "ug", "duct_group": "4", "duct_assignment": "9,10" }, "geometry": { "type": "Point", "coordinates": [ -119.287976348277397, 35.501895988301612 ] } },
{ "type": "Feature", "properties": { "id": "fd-00283", "input_id": "", "specification": "access_point", "source": "fd-00005", "demand": 2, "placement": "ug", "duct_group": "4", "duct_assignment": "11,12" }, "geometry": { "type": "Point", "coordinates": [ -119.288152975148805, 35.501682094168252 ] } },
{ "type": "Feature", "properties": { "id": "fd-00284", "input_id": "", "specification": "access_point", "source": "fd-00005", "demand": 2, "placement": "ug", "duct_group": "5", "duct_assignment": "1,2" }, "geometry": { "type": "Point", "coordinates": [ -119.289875992256526, 35.503259076475516 ] } },
{ "type": "Feature", "properties": { "id": "fd-00285", "input_id": "", "specification": "access_point", "source": "fd-00005", "demand": 2, "placement": "ug", "duct_group": "5", "duct_assignment": "3,4" }, "geometry": { "type": "Point", "coordinates": [ -119.289880112786989, 35.502836250327825 ] } },
{ "type": "Feature", "properties": { "id": "fd-00286", "input_id": "", "specification": "access_point", "source": "fd-00005", "demand": 1, "placement": "ug", "duct_group": "5", "duct_assignment": "5" }, "geometry": { "type": "Point", "coordinates": [ -119.290549538942585, 35.502841286687854 ] } },
{ "type": "Feature", "properties": { "id": "fd-00287", "input_id": "", "specification": "access_point", "source": "fd-00005", "demand": 1, "placement": "ug", "duct_group": "5", "duct_assignment": "6" }, "geometry": { "type": "Point", "coordinates": [ -119.290710841815766, 35.502842484611847 ] } },
{ "type": "Feature", "properties": { "id": "fd-00288", "input_id": "", "specification": "access_point", "source": "fd-00005", "demand": 2, "placement": "ug", "duct_group": "5", "duct_assignment": "7,8" }, "geometry": { "type": "Point", "coordinates": [ -119.290493224449861, 35.503027596446245 ] } },
{ "type": "Feature", "properties": { "id": "fd-00289", "input_id": "", "specification": "access_point", "source": "fd-00005", "demand": 2, "placement": "ug", "duct_group": "5", "duct_assignment": "9,10" }, "geometry": { "type": "Point", "coordinates": [ -119.290765938379593, 35.503031393910035 ] } },
{ "type": "Feature", "properties": { "id": "fd-00290", "input_id": "", "specification": "access_point", "source": "fd-00005", "demand": 2, "placement": "ug", "duct_group": "5", "duct_assignment": "11,12" }, "geometry": { "type": "Point", "coordinates": [ -119.290626384191739, 35.503232327578651 ] } },
{ "type": "Feature", "properties": { "id": "fd-00291", "input_id": "", "specification": "access_point", "source": "fd-00005", "demand": 2, "placement": "ug", "duct_group": "6", "duct_assignment": "1,2" }, "geometry": { "type": "Point", "coordinates": [ -119.289452632580421, 35.503559821181717 ] } },
{ "type": "Feature", "properties": { "id": "fd-00292", "input_id": "", "specification": "access_point", "source": "fd-00005", "demand": 2, "placement": "ug", "duct_group": "6", "duct_assignment": "3,4" }, "geometry": { "type": "Point", "coordinates": [ -119.289163220203932, 35.503405216610943 ] } },
{ "type": "Feature", "properties": { "id": "fd-00293", "input_id": "", "specification": "access_point", "source": "fd-00005", "demand": 2, "placement": "ug", "duct_group": "6", "duct_assignment": "5,6" }, "geometry": { "type": "Point", "coordinates": [ -119.288759693091635, 35.503404941347895 ] } },
{ "type": "Feature", "properties": { "id": "fd-00294", "input_id": "", "specification": "access_point", "source": "fd-00005", "demand": 2, "placement": "ug", "duct_group": "6", "duct_assignment": "7,8" }, "geometry": { "type": "Point", "coordinates": [ -119.288989007501684, 35.503558522109017 ] } },
{ "type": "Feature", "properties": { "id": "fd-00295", "input_id": "", "specification": "access_point", "source": "fd-00005", "demand": 2, "placement": "ug", "duct_group": "6", "duct_assignment": "9,10" }, "geometry": { "type": "Point", "coordinates": [ -119.289446210128574, 35.504109242391216 ] } },
{ "type": "Feature", "properties": { "id": "fd-00296", "input_id": "", "specification": "access_point", "source": "fd-00005", "demand": 2, "placement": "ug", "duct_group": "6", "duct_assignment": "11,12" }, "geometry": { "type": "Point", "coordinates": [ -119.288982581950833, 35.504107943294564 ] } },
{ "type": "Feature", "properties": { "id": "fd-00297", "input_id": "", "specification": "access_point", "source": "fd-00005", "demand": 2, "placement": "ug", "duct_group": "7", "duct_assignment": "1,2" }, "geometry": { "type": "Point", "coordinates": [ -119.291859161515575, 35.502524170557635 ] } },
{ "type": "Feature", "properties": { "id": "fd-00298", "input_id": "", "specification": "access_point", "source": "fd-00005", "demand": 2, "placement": "ug", "duct_group": "7", "duct_assignment": "3,4" }, "geometry": { "type": "Point", "coordinates": [ -119.292286261262959, 35.502510074092918 ] } },
{ "type": "Feature", "properties": { "id": "fd-00299", "input_id": "", "specification": "access_point", "source": "fd-00005", "demand": 1, "placement": "ug", "duct_group": "7", "duct_assignment": "5" }, "geometry": { "type": "Point", "coordinates": [ -119.292210558747954, 35.502853538789125 ] } },
{ "type": "Feature", "properties": { "id": "fd-00300", "input_id": "", "specification": "access_point", "source": "fd-00005", "demand": 2, "placement": "ug", "duct_group": "7", "duct_assignment": "6,7" }, "geometry": { "type": "Point", "coordinates": [ -119.292142338700273, 35.503057453179323 ] } },
{ "type": "Feature", "properties": { "id": "fd-00301", "input_id": "", "specification": "access_point", "source": "fd-00005", "demand": 1, "placement": "ug", "duct_group": "7", "duct_assignment": "8" }, "geometry": { "type": "Point", "coordinates": [ -119.29237391419511, 35.502887482998247 ] } },
{ "type": "Feature", "properties": { "id": "fd-00302", "input_id": "", "specification": "access_point", "source": "fd-00005", "demand": 2, "placement": "ug", "duct_group": "7", "duct_assignment": "9,10" }, "geometry": { "type": "Point", "coordinates": [ -119.292287581666145, 35.50324457865765 ] } },
{ "type": "Feature", "properties": { "id": "fd-00303", "input_id": "", "specification": "access_point", "source": "fd-00005", "demand": 2, "placement": "ug", "duct_group": "7", "duct_assignment": "11,12" }, "geometry": { "type": "Point", "coordinates": [ -119.29244206401215, 35.503072261811312 ] } },
{ "type": "Feature", "properties": { "id": "fd-00304", "input_id": "", "specification": "access_point", "source": "fd-00005", "demand": 2, "placement": "ug", "duct_group": "8", "duct_assignment": "1,2" }, "geometry": { "type": "Point", "coordinates": [ -119.289041714237655, 35.50180324385191 ] } },
{ "type": "Feature", "properties": { "id": "fd-00305", "input_id": "", "specification": "access_point", "source": "fd-00005", "demand": 2, "placement": "ug", "duct_group": "8", "duct_assignment": "3,4" }, "geometry": { "type": "Point", "coordinates": [ -119.289044721302261, 35.501473966785653 ] } },
{ "type": "Feature", "properties": { "id": "fd-00306", "input_id": "", "specification": "access_point", "source": "fd-00005", "demand": 1, "placement": "ug", "duct_group": "8", "duct_assignment": "5" }, "geometry": { "type": "Point", "coordinates": [ -119.288872632065548, 35.501193706576736 ] } },
{ "type": "Feature", "properties": { "id": "fd-00307", "input_id": "", "specification": "access_point", "source": "fd-00005", "demand": 2, "placement": "ug", "duct_group": "8", "duct_assignment": "6,7" }, "geometry": { "type": "Point", "coordinates": [ -119.289047917446979, 35.501119989090739 ] } },
{ "type": "Feature", "properties": { "id": "fd-00308", "input_id": "", "specification": "access_point", "source": "fd-00005", "demand": 2, "placement": "ug", "duct_group": "8", "duct_assignment": "8,9" }, "geometry": { "type": "Point", "coordinates": [ -119.288874093455362, 35.501029065752675 ] } },
{ "type": "Feature", "properties": { "id": "fd-00309", "input_id": "", "specification": "access_point", "source": "fd-00005", "demand": 2, "placement": "ug", "duct_group": "8", "duct_assignment": "10,11" }, "geometry": { "type": "Point", "coordinates": [ -119.289052359561282, 35.500788633670822 ] } },
{ "type": "Feature", "properties": { "id": "fd-00310", "input_id": "", "specification": "access_point", "source": "fd-00005", "demand": 2, "placement": "ug", "duct_group": "9", "duct_assignment": "1,2" }, "geometry": { "type": "Point", "coordinates": [ -119.28798097519892, 35.501396602043513 ] } },
{ "type": "Feature", "properties": { "id": "fd-00311", "input_id": "", "specification": "access_point", "source": "fd-00005", "demand": 2, "placement": "ug", "duct_group": "9", "duct_assignment": "3,4" }, "geometry": { "type": "Point", "coordinates": [ -119.287983996671002, 35.50106734106857 ] } },
{ "type": "Feature", "properties": { "id": "fd-00312", "input_id": "", "specification": "access_point", "source": "fd-00005", "demand": 2, "placement": "ug", "duct_group": "9", "duct_assignment": "5,6" }, "geometry": { "type": "Point", "coordinates": [ -119.287989137140215, 35.500716804961414 ] } },
{ "type": "Feature", "properties": { "id": "fd-00313", "input_id": "", "specification": "access_point", "source": "fd-00005", "demand": 2, "placement": "ug", "duct_group": "9", "duct_assignment": "7,8" }, "geometry": { "type": "Point", "coordinates": [ -119.288204616063041, 35.500524472075043 ] } },
{ "type": "Feature", "properties": { "id": "fd-00314", "input_id": "", "specification": "access_point", "source": "fd-00005", "demand": 2, "placement": "ug", "duct_group": "9", "duct_assignment": "9,10" }, "geometry": { "type": "Point", "coordinates": [ -119.287924791774174, 35.500400013009646 ] } },
{ "type": "Feature", "properties": { "id": "fd-00315", "input_id": "", "specification": "access_point", "source": "fd-00005", "demand": 2, "placement": "ug", "duct_group": "9", "duct_assignment": "11,12" }, "geometry": { "type": "Point", "coordinates": [ -119.288138704973235, 35.500322343307673 ] } },
{ "type": "Feature", "properties": { "id": "fd-00316", "input_id": "", "specification": "access_point", "source": "fd-00005", "demand": 2, "placement": "ug", "duct_group": "10", "duct_assignment": "1,2" }, "geometry": { "type": "Point", "coordinates": [ -119.288149948707542, 35.502011347915364 ] } },
{ "type": "Feature", "properties": { "id": "fd-00317", "input_id": "", "specification": "access_point", "source": "fd-00005", "demand": 2, "placement": "ug", "duct_group": "10", "duct_assignment": "3,4" }, "geometry": { "type": "Point", "coordinates": [ -119.288156012445612, 35.501352831250415 ] } },
{ "type": "Feature", "properties": { "id": "fd-00318", "input_id": "", "specification": "access_point", "source": "fd-00005", "demand": 2, "placement": "ug", "duct_group": "10", "duct_assignment": "5,6" }, "geometry": { "type": "Point", "coordinates": [ -119.288159020978867, 35.501023563182699 ] } },
{ "type": "Feature", "properties": { "id": "fd-00319", "input_id": "", "specification": "access_point", "source": "fd-00005", "demand": 2, "placement": "ug", "duct_group": "10", "duct_assignment": "7,8" }, "geometry": { "type": "Point", "coordinates": [ -119.288826363579147, 35.500515539414288 ] } },
{ "type": "Feature", "properties": { "id": "fd-00320", "input_id": "", "specification": "access_point", "source": "fd-00005", "demand": 2, "placement": "ug", "duct_group": "10", "duct_assignment": "9,10" }, "geometry": { "type": "Point", "coordinates": [ -119.289124891826418, 35.500426908739477 ] } },
{ "type": "Feature", "properties": { "id": "fd-00321", "input_id": "", "specification": "access_point", "source": "fd-00005", "demand": 2, "placement": "ug", "duct_group": "10", "duct_assignment": "11,12" }, "geometry": { "type": "Point", "coordinates": [ -119.288934163168094, 35.500321608251191 ] } },
{ "type": "Feature", "properties": { "id": "fd-00322", "input_id": "", "specification": "access_point", "source": "fd-00005", "demand": 2, "placement": "ug", "duct_group": "11", "duct_assignment": "1,2" }, "geometry": { "type": "Point", "coordinates": [ -119.288145342181053, 35.502505220142204 ] } },
{ "type": "Feature", "properties": { "id": "fd-00323", "input_id": "", "specification": "access_point", "source": "fd-00005", "demand": 1, "placement": "ug", "duct_group": "11", "duct_assignment": "3" }, "geometry": { "type": "Point", "coordinates": [ -119.288146881407386, 35.502340598442082 ] } },
{ "type": "Feature", "properties": { "id": "fd-00324", "input_id": "", "specification": "access_point", "source": "fd-00005", "demand": 2, "placement": "ug", "duct_group": "11", "duct_assignment": "4,5" }, "geometry": { "type": "Point", "coordinates": [ -119.288860505754485, 35.502510789571488 ] } },
{ "type": "Feature", "properties": { "id": "fd-00325", "input_id": "", "specification": "access_point", "source": "fd-00005", "demand": 2, "placement": "ug", "duct_group": "11", "duct_assignment": "6,7" }, "geometry": { "type": "Point", "coordinates": [ -119.2888635832864, 35.502181529898166 ] } },
{ "type": "Feature", "properties": { "id": "fd-00326", "input_id": "", "specification": "access_point", "source": "fd-00005", "demand": 2, "placement": "ug", "duct_group": "11", "duct_assignment": "8,9" }, "geometry": { "type": "Point", "coordinates": [ -119.288866631997593, 35.501852261470169 ] } },
{ "type": "Feature", "properties": { "id": "fd-00327", "input_id": "", "specification": "access_point", "source": "fd-00005", "demand": 2, "placement": "ug", "duct_group": "11", "duct_assignment": "10,11" }, "geometry": { "type": "Point", "coordinates": [ -119.288869650814632, 35.501522986101477 ] } },
{ "type": "Feature", "properties": { "id": "fd-00328", "input_id": "", "specification": "access_point", "source": "fd-00006", "demand": 2, "placement": "ug", "duct_group": "0", "duct_assignment": "1,2" }, "geometry": { "type": "Point", "coordinates": [ -119.291211718914383, 35.506050940579421 ] } },
{ "type": "Feature", "properties": { "id": "fd-00329", "input_id": "", "specification": "access_point", "source": "fd-00006", "demand": 2, "placement": "ug", "duct_group": "0", "duct_assignment": "3,4" }, "geometry": { "type": "Point", "coordinates": [ -119.291216396771077, 35.505682546457628 ] } },
{ "type": "Feature", "properties": { "id": "fd-00330", "input_id": "", "specification": "access_point", "source": "fd-00006", "demand": 2, "placement": "ug", "duct_group": "0", "duct_assignment": "5,6" }, "geometry": { "type": "Point", "coordinates": [ -119.291226804435937, 35.505301016928065 ] } },
{ "type": "Feature", "properties": { "id": "fd-00331", "input_id": "", "specification": "access_point", "source": "fd-00006", "demand": 2, "placement": "ug", "duct_group": "0", "duct_assignment": "7,8" }, "geometry": { "type": "Point", "coordinates": [ -119.291231336023074, 35.504919174906071 ] } },
{ "type": "Feature", "properties": { "id": "fd-00332", "input_id": "", "specification": "access_point", "source": "fd-00006", "demand": 1, "placement": "ug", "duct_group": "0", "duct_assignment": "9" }, "geometry": { "type": "Point", "coordinates": [ -119.291235868670299, 35.504537332814635 ] } },
{ "type": "Feature", "properties": { "id": "fd-00333", "input_id": "", "specification": "access_point", "source": "fd-00006", "demand": 3, "placement": "ug", "duct_group": "0", "duct_assignment": "10,11,12" }, "geometry": { "type": "Point", "coordinates": [ -119.291300203642052, 35.504343837530286 ] } },
{ "type": "Feature", "properties": { "id": "fd-00334", "input_id": "", "specification": "access_point", "source": "fd-00006", "demand": 2, "placement": "ug", "duct_group": "1", "duct_assignment": "1,2" }, "geometry": { "type": "Point", "coordinates": [ -119.289318676062962, 35.505128107889561 ] } },
{ "type": "Feature", "properties": { "id": "fd-00335", "input_id": "", "specification": "access_point", "source": "fd-00006", "demand": 3, "placement": "ug", "duct_group": "1", "duct_assignment": "3,4,5" }, "geometry": { "type": "Point", "coordinates": [ -119.287518417501843, 35.50478883105805 ] } },
{ "type": "Feature", "properties": { "id": "fd-00336", "input_id": "", "specification": "access_point", "source": "fd-00006", "demand": 2, "placement": "ug", "duct_group": "1", "duct_assignment": "6,7" }, "geometry": { "type": "Point", "coordinates": [ -119.287518010673836, 35.504457046562521 ] } },
{ "type": "Feature", "properties": { "id": "fd-00337", "input_id": "", "specification": "access_point", "source": "fd-00006", "demand": 2, "placement": "ug", "duct_group": "1", "duct_assignment": "8,9" }, "geometry": { "type": "Point", "coordinates": [ -119.287526155511003, 35.50414910935514 ] } },
{ "type": "Feature", "properties": { "id": "fd-00338", "input_id": "", "specification": "access_point", "source": "fd-00006", "demand": 2, "placement": "ug", "duct_group": "1", "duct_assignment": "10,11" }, "geometry": { "type": "Point", "coordinates": [ -119.287895353096047, 35.504074316019448 ] } },
{ "type": "Feature", "properties": { "id": "fd-00339", "input_id": "", "specification": "access_point", "source": "fd-00006", "demand": 2, "placement": "ug", "duct_group": "2", "duct_assignment": "1,2" }, "geometry": { "type": "Point", "coordinates": [ -119.291071634727487, 35.504786866643514 ] } },
{ "type": "Feature", "properties": { "id": "fd-00340", "input_id": "", "specification": "access_point", "source": "fd-00006", "demand": 2, "placement": "ug", "duct_group": "2", "duct_assignment": "3,4" }, "geometry": { "type": "Point", "coordinates": [ -119.291075809435455, 35.504435242396085 ] } },
{ "type": "Feature", "properties": { "id": "fd-00341", "input_id": "", "specification": "access_point", "source": "fd-00006", "demand": 2, "placement": "ug", "duct_group": "2", "duct_assignment": "5,6" }, "geometry": { "type": "Point", "coordinates": [ -119.290389458907853, 35.504433326724893 ] } },
{ "type": "Feature", "properties": { "id": "fd-00342", "input_id": "", "specification": "access_point", "source": "fd-00006", "demand": 2, "placement": "ug", "duct_group": "2", "duct_assignment": "7,8" }, "geometry": { "type": "Point", "coordinates": [ -119.290481089099401, 35.503908386442333 ] } },
{ "type": "Feature", "properties": { "id": "fd-00343", "input_id": "", "specification": "access_point", "source": "fd-00006", "demand": 2, "placement": "ug", "duct_group": "2", "duct_assignment": "9,10" }, "geometry": { "type": "Point", "coordinates": [ -119.290152062737846, 35.503918918849401 ] } },
{ "type": "Feature", "properties": { "id": "fd-00344", "input_id": "", "specification": "access_point", "source": "fd-00006", "demand": 2, "placement": "ug", "duct_group": "2", "duct_assignment": "11,12" }, "geometry": { "type": "Point", "coordinates": [ -119.290315838700224, 35.503749049112855 ] } },
{ "type": "Feature", "properties": { "id": "fd-00345", "input_id": "", "specification": "access_point", "source": "fd-00006", "demand": 2, "placement": "ug", "duct_group": "3", "duct_assignment": "1,2" }, "geometry": { "type": "Point", "coordinates": [ -119.289938957456926, 35.505775483333636 ] } },
{ "type": "Feature", "properties": { "id": "fd-00346", "input_id": "", "specification": "access_point", "source": "fd-00006", "demand": 1, "placement": "ug", "duct_group": "3", "duct_assignment": "3" }, "geometry": { "type": "Point", "coordinates": [ -119.289707143071553, 35.505774834898368 ] } },
{ "type": "Feature", "properties": { "id": "fd-00347", "input_id": "", "specification": "access_point", "source": "fd-00006", "demand": 2, "placement": "ug", "duct_group": "3", "duct_assignment": "4,5" }, "geometry": { "type": "Point", "coordinates": [ -119.290167452536352, 35.506098928542841 ] } },
{ "type": "Feature", "properties": { "id": "fd-00348", "input_id": "", "specification": "access_point", "source": "fd-00006", "demand": 2, "placement": "ug", "duct_group": "3", "duct_assignment": "6,7" }, "geometry": { "type": "Point", "coordinates": [ -119.289314341304831, 35.505498961699942 ] } },
{ "type": "Feature", "properties": { "id": "fd-00349", "input_id": "", "specification": "access_point", "source": "fd-00006", "demand": 2, "placement": "ug", "duct_group": "3", "duct_assignment": "8,9" }, "geometry": { "type": "Point", "coordinates": [ -119.290163276278975, 35.506456043674007 ] } },
{ "type": "Feature", "properties": { "id": "fd-00350", "input_id": "", "specification": "access_point", "source": "fd-00006", "demand": 2, "placement": "ug", "duct_group": "3", "duct_assignment": "10,11" }, "geometry": { "type": "Point", "coordinates": [ -119.290159099999357, 35.506813159655714 ] } },
{ "type": "Feature", "properties": { "id": "fd-00351", "input_id": "", "specification": "access_point", "source": "fd-00006", "demand": 2, "placement": "ug", "duct_group": "4", "duct_assignment": "1,2" }, "geometry": { "type": "Point", "coordinates": [ -119.289468663395155, 35.506092777290888 ] } },
{ "type": "Feature", "properties": { "id": "fd-00352", "input_id": "", "specification": "access_point", "source": "fd-00006", "demand": 2, "placement": "ug", "duct_group": "4", "duct_assignment": "3,4" }, "geometry": { "type": "Point", "coordinates": [ -119.289307310638208, 35.506099695069757 ] } },
{ "type": "Feature", "properties": { "id": "fd-00353", "input_id": "", "specification": "access_point", "source": "fd-00006", "demand": 1, "placement": "ug", "duct_group": "4", "duct_assignment": "5" }, "geometry": { "type": "Point", "coordinates": [ -119.289464786011322, 35.506424098214517 ] } },
{ "type": "Feature", "properties": { "id": "fd-00354", "input_id": "", "specification": "access_point", "source": "fd-00006", "demand": 1, "placement": "ug", "duct_group": "4", "duct_assignment": "6" }, "geometry": { "type": "Point", "coordinates": [ -119.289303442812823, 35.50643019112308 ] } },
{ "type": "Feature", "properties": { "id": "fd-00355", "input_id": "", "specification": "access_point", "source": "fd-00006", "demand": 2, "placement": "ug", "duct_group": "4", "duct_assignment": "7,8" }, "geometry": { "type": "Point", "coordinates": [ -119.28954949758969, 35.506609049455577 ] } },
{ "type": "Feature", "properties": { "id": "fd-00356", "input_id": "", "specification": "access_point", "source": "fd-00006", "demand": 2, "placement": "ug", "duct_group": "4", "duct_assignment": "9,10" }, "geometry": { "type": "Point", "coordinates": [ -119.289214335377153, 35.50660817811864 ] } },
{ "type": "Feature", "properties": { "id": "fd-00357", "input_id": "", "specification": "access_point", "source": "fd-00006", "demand": 2, "placement": "ug", "duct_group": "4", "duct_assignment": "11,12" }, "geometry": { "type": "Point", "coordinates": [ -119.289380298834431, 35.506755471457318 ] } },
{ "type": "Feature", "properties": { "id": "fd-00358", "input_id": "", "specification": "access_point", "source": "fd-00006", "demand": 2, "placement": "ug", "duct_group": "5", "duct_assignment": "1,2" }, "geometry": { "type": "Point", "coordinates": [ -119.288551400958852, 35.506093861938915 ] } },
{ "type": "Feature", "properties": { "id": "fd-00359", "input_id": "", "specification": "access_point", "source": "fd-00006", "demand": 2, "placement": "ug", "duct_group": "5", "duct_assignment": "3,4" }, "geometry": { "type": "Point", "coordinates": [ -119.288395950717288, 35.506098918365808 ] } },
{ "type": "Feature", "properties": { "id": "fd-00360", "input_id": "", "specification": "access_point", "source": "fd-00006", "demand": 1, "placement": "ug", "duct_group": "5", "duct_assignment": "5" }, "geometry": { "type": "Point", "coordinates": [ -119.288547530117867, 35.506424357969308 ] } },
{ "type": "Feature", "properties": { "id": "fd-00361", "input_id": "", "specification": "access_point", "source": "fd-00006", "demand": 2, "placement": "ug", "duct_group": "5", "duct_assignment": "6,7" }, "geometry": { "type": "Point", "coordinates": [ -119.288635462719341, 35.506600789578442 ] } },
{ "type": "Feature", "properties": { "id": "fd-00362", "input_id": "", "specification": "access_point", "source": "fd-00006", "demand": 1, "placement": "ug", "duct_group": "5", "duct_assignment": "8" }, "geometry": { "type": "Point", "coordinates": [ -119.288392078125128, 35.506429414402078 ] } },
{ "type": "Feature", "properties": { "id": "fd-00363", "input_id": "", "specification": "access_point", "source": "fd-00006", "demand": 2, "placement": "ug", "duct_group": "5", "duct_assignment": "9,10" }, "geometry": { "type": "Point", "coordinates": [ -119.288467196060211, 35.506763665031016 ] } },
{ "type": "Feature", "properties": { "id": "fd-00364", "input_id": "", "specification": "access_point", "source": "fd-00006", "demand": 2, "placement": "ug", "duct_group": "5", "duct_assignment": "11,12" }, "geometry": { "type": "Point", "coordinates": [ -119.288304547880585, 35.506604555675054 ] } },
{ "type": "Feature", "properties": { "id": "fd-00365", "input_id": "", "specification": "access_point", "source": "fd-00006", "demand": 2, "placement": "ug", "duct_group": "6", "duct_assignment": "1,2" }, "geometry": { "type": "Point", "coordinates": [ -119.289006805863849, 35.504789325096226 ] } },
{ "type": "Feature", "properties": { "id": "fd-00366", "input_id": "", "specification": "access_point", "source": "fd-00006", "demand": 2, "placement": "ug", "duct_group": "6", "duct_assignment": "3,4" }, "geometry": { "type": "Point", "coordinates": [ -119.288570051932766, 35.504788099526152 ] } },
{ "type": "Feature", "properties": { "id": "fd-00367", "input_id": "", "specification": "access_point", "source": "fd-00006", "demand": 2, "placement": "ug", "duct_group": "6", "duct_assignment": "5,6" }, "geometry": { "type": "Point", "coordinates": [ -119.288133296912591, 35.504786872415828 ] } },
{ "type": "Feature", "properties": { "id": "fd-00368", "input_id": "", "specification": "access_point", "source": "fd-00006", "demand": 2, "placement": "ug", "duct_group": "6", "duct_assignment": "7,8" }, "geometry": { "type": "Point", "coordinates": [ -119.28776310518478, 35.505110003683825 ] } },
{ "type": "Feature", "properties": { "id": "fd-00369", "input_id": "", "specification": "access_point", "source": "fd-00006", "demand": 2, "placement": "ug", "duct_group": "6", "duct_assignment": "9,10" }, "geometry": { "type": "Point", "coordinates": [ -119.28758588090767, 35.50525217267095 ] } },
{ "type": "Feature", "properties": { "id": "fd-00370", "input_id": "", "specification": "access_point", "source": "fd-00006", "demand": 2, "placement": "ug", "duct_group": "6", "duct_assignment": "11,12" }, "geometry": { "type": "Point", "coordinates": [ -119.287428793235492, 35.505096444409823 ] } },
{ "type": "Feature", "properties": { "id": "fd-00371", "input_id": "", "specification": "access_point", "source": "fd-00006", "demand": 1, "placement": "ug", "duct_group": "7", "duct_assignment": "1" }, "geometry": { "type": "Point", "coordinates": [ -119.289475605677296, 35.505499413561125 ] } },
{ "type": "Feature", "properties": { "id": "fd-00372", "input_id": "", "specification": "access_point", "source": "fd-00006", "demand": 2, "placement": "ug", "duct_group": "7", "duct_assignment": "2,3" }, "geometry": { "type": "Point", "coordinates": [ -119.289485600411865, 35.505142907933298 ] } },
{ "type": "Feature", "properties": { "id": "fd-00373", "input_id": "", "specification": "access_point", "source": "fd-00006", "demand": 1, "placement": "ug", "duct_group": "7", "duct_assignment": "4" }, "geometry": { "type": "Point", "coordinates": [ -119.289504452290487, 35.504864813664405 ] } },
{ "type": "Feature", "properties": { "id": "fd-00374", "input_id": "", "specification": "access_point", "source": "fd-00006", "demand": 2, "placement": "ug", "duct_group": "7", "duct_assignment": "5,6" }, "geometry": { "type": "Point", "coordinates": [ -119.289409881002314, 35.504781379381605 ] } },
{ "type": "Feature", "properties": { "id": "fd-00375", "input_id": "", "specification": "access_point", "source": "fd-00006", "demand": 2, "placement": "ug", "duct_group": "7", "duct_assignment": "7,8" }, "geometry": { "type": "Point", "coordinates": [ -119.28868872659254, 35.505112580615098 ] } },
{ "type": "Feature", "properties": { "id": "fd-00376", "input_id": "", "specification": "access_point", "source": "fd-00006", "demand": 2, "placement": "ug", "duct_group": "7", "duct_assignment": "9,10" }, "geometry": { "type": "Point", "coordinates": [ -119.288353027443179, 35.505111662145623 ] } },
{ "type": "Feature", "properties": { "id": "fd-00377", "input_id": "", "specification": "access_point", "source": "fd-00006", "demand": 2, "placement": "ug", "duct_group": "7", "duct_assignment": "11,12" }, "geometry": { "type": "Point", "coordinates": [ -119.288514360642523, 35.505254858901118 ] } },
{ "type": "Feature", "properties": { "id": "fd-00378", "input_id": "", "specification": "access_point", "source": "fd-00006", "demand": 2, "placement": "ug", "duct_group": "8", "duct_assignment": "1,2" }, "geometry": { "type": "Point", "coordinates": [ -119.290328735172352, 35.506097939610534 ] } },
{ "type": "Feature", "properties": { "id": "fd-00379", "input_id": "", "specification": "access_point", "source": "fd-00006", "demand": 2, "placement": "ug", "duct_group": "8", "duct_assignment": "3,4" }, "geometry": { "type": "Point", "coordinates": [ -119.290324464125135, 35.506463296112727 ] } },
{ "type": "Feature", "properties": { "id": "fd-00380", "input_id": "", "specification": "access_point", "source": "fd-00006", "demand": 2, "placement": "ug", "duct_group": "8", "duct_assignment": "5,6" }, "geometry": { "type": "Point", "coordinates": [ -119.29032032036659, 35.506817664376648 ] } },
{ "type": "Feature", "properties": { "id": "fd-00381", "input_id": "", "specification": "access_point", "source": "fd-00006", "demand": 2, "placement": "ug", "duct_group": "9", "duct_assignment": "1,2" }, "geometry": { "type": "Point", "coordinates": [ -119.290228166550378, 35.504435594924779 ] } },
{ "type": "Feature", "properties": { "id": "fd-00382", "input_id": "", "specification": "access_point", "source": "fd-00006", "demand": 1, "placement": "ug", "duct_group": "9", "duct_assignment": "3" }, "geometry": { "type": "Point", "coordinates": [ -119.290385316546562, 35.504784951480332 ] } },
{ "type": "Feature", "properties": { "id": "fd-00383", "input_id": "", "specification": "access_point", "source": "fd-00006", "demand": 1, "placement": "ug", "duct_group": "9", "duct_assignment": "4" }, "geometry": { "type": "Point", "coordinates": [ -119.290224024601116, 35.504787219662958 ] } },
{ "type": "Feature", "properties": { "id": "fd-00384", "input_id": "", "specification": "access_point", "source": "fd-00006", "demand": 2, "placement": "ug", "duct_group": "9", "duct_assignment": "5,6" }, "geometry": { "type": "Point", "coordinates": [ -119.290394553123662, 35.504974530810777 ] } },
{ "type": "Feature", "properties": { "id": "fd-00385", "input_id": "", "specification": "access_point", "source": "fd-00006", "demand": 2, "placement": "ug", "duct_group": "9", "duct_assignment": "7,8" }, "geometry": { "type": "Point", "coordinates": [ -119.290216412514511, 35.504963016262572 ] } },
{ "type": "Feature", "properties": { "id": "fd-00386", "input_id": "", "specification": "access_point", "source": "fd-00006", "demand": 2, "placement": "ug", "duct_group": "9", "duct_assignment": "9,10" }, "geometry": { "type": "Point", "coordinates": [ -119.290367297603538, 35.505221365446332 ] } },
{ "type": "Feature", "properties": { "id": "fd-00387", "input_id": "", "specification": "access_point", "source": "fd-00006", "demand": 1, "placement": "ug", "duct_group": "9", "duct_assignment": "11" }, "geometry": { "type": "Point", "coordinates": [ -119.290231879686829, 35.505220324379309 ] } },
{ "type": "Feature", "properties": { "id": "fd-00388", "input_id": "", "specification": "access_point", "source": "fd-00006", "demand": 2, "placement": "ug", "duct_group": "10", "duct_assignment": "1,2" }, "geometry": { "type": "Point", "coordinates": [ -119.291047119789056, 35.506088935376646 ] } },
{ "type": "Feature", "properties": { "id": "fd-00389", "input_id": "", "specification": "access_point", "source": "fd-00006", "demand": 3, "placement": "ug", "duct_group": "10", "duct_assignment": "3,4,5" }, "geometry": { "type": "Point", "coordinates": [ -119.290947239038644, 35.506597833098752 ] } },
{ "type": "Feature", "properties": { "id": "fd-00390", "input_id": "", "specification": "access_point", "source": "fd-00006", "demand": 3, "placement": "ug", "duct_group": "10", "duct_assignment": "6,7,8" }, "geometry": { "type": "Point", "coordinates": [ -119.29126549133565, 35.50659786780669 ] } },
{ "type": "Feature", "properties": { "id": "fd-00391", "input_id": "", "specification": "access_point", "source": "fd-00006", "demand": 2, "placement": "ug", "duct_group": "10", "duct_assignment": "9,10" }, "geometry": { "type": "Point", "coordinates": [ -119.291105011680955, 35.506779219911991 ] } },
{ "type": "Feature", "properties": { "id": "fd-00392", "input_id": "", "specification": "access_point", "source": "fd-00006", "demand": 2, "placement": "ug", "duct_group": "11", "duct_assignment": "1,2" }, "geometry": { "type": "Point", "coordinates": [ -119.290375711144236, 35.505776704076474 ] } },
{ "type": "Feature", "properties": { "id": "fd-00393", "input_id": "", "specification": "access_point", "source": "fd-00006", "demand": 1, "placement": "ug", "duct_group": "11", "duct_assignment": "3" }, "geometry": { "type": "Point", "coordinates": [ -119.290821535290505, 35.505777948800826 ] } },
{ "type": "Feature", "properties": { "id": "fd-00394", "input_id": "", "specification": "access_point", "source": "fd-00006", "demand": 2, "placement": "ug", "duct_group": "11", "duct_assignment": "4,5" }, "geometry": { "type": "Point", "coordinates": [ -119.291063130577896, 35.505503849959325 ] } },
{ "type": "Feature", "properties": { "id": "fd-00395", "input_id": "", "specification": "access_point", "source": "fd-00006", "demand": 2, "placement": "ug", "duct_group": "11", "duct_assignment": "6,7" }, "geometry": { "type": "Point", "coordinates": [ -119.291067297643608, 35.505152225892964 ] } },
{ "type": "Feature", "properties": { "id": "fd-00396", "input_id": "", "specification": "access_point", "source": "fd-00007", "demand": 2, "placement": "ug", "duct_group": "0", "duct_assignment": "1,2" }, "geometry": { "type": "Point", "coordinates": [ -119.286385019476413, 35.507227959619669 ] } },
{ "type": "Feature", "properties": { "id": "fd-00397", "input_id": "", "specification": "access_point", "source": "fd-00007", "demand": 2, "placement": "ug", "duct_group": "0", "duct_assignment": "3,4" }, "geometry": { "type": "Point", "coordinates": [ -119.285981672179005, 35.507226896110211 ] } },
{ "type": "Feature", "properties": { "id": "fd-00398", "input_id": "", "specification": "access_point", "source": "fd-00007", "demand": 2, "placement": "ug", "duct_group": "0", "duct_assignment": "5,6" }, "geometry": { "type": "Point", "coordinates": [ -119.285578323705337, 35.507225825881463 ] } },
{ "type": "Feature", "properties": { "id": "fd-00399", "input_id": "", "specification": "access_point", "source": "fd-00007", "demand": 2, "placement": "ug", "duct_group": "0", "duct_assignment": "7,8" }, "geometry": { "type": "Point", "coordinates": [ -119.285174976302031, 35.50722475161411 ] } },
{ "type": "Feature", "properties": { "id": "fd-00400", "input_id": "", "specification": "access_point", "source": "fd-00007", "demand": 2, "placement": "ug", "duct_group": "1", "duct_assignment": "1,2" }, "geometry": { "type": "Point", "coordinates": [ -119.28638372031331, 35.507780366370717 ] } },
{ "type": "Feature", "properties": { "id": "fd-00401", "input_id": "", "specification": "access_point", "source": "fd-00007", "demand": 2, "placement": "ug", "duct_group": "1", "duct_assignment": "3,4" }, "geometry": { "type": "Point", "coordinates": [ -119.285980045158325, 35.507779376565864 ] } },
{ "type": "Feature", "properties": { "id": "fd-00402", "input_id": "", "specification": "access_point", "source": "fd-00007", "demand": 2, "placement": "ug", "duct_group": "1", "duct_assignment": "5,6" }, "geometry": { "type": "Point", "coordinates": [ -119.285576370452631, 35.507778343066285 ] } },
{ "type": "Feature", "properties": { "id": "fd-00403", "input_id": "", "specification": "access_point", "source": "fd-00007", "demand": 2, "placement": "ug", "duct_group": "1", "duct_assignment": "7,8" }, "geometry": { "type": "Point", "coordinates": [ -119.285172695376531, 35.507777283908041 ] } },
{ "type": "Feature", "properties": { "id": "fd-00404", "input_id": "", "specification": "access_point", "source": "fd-00007", "demand": 2, "placement": "ug", "duct_group": "1", "duct_assignment": "9,10" }, "geometry": { "type": "Point", "coordinates": [ -119.284769020043257, 35.507776206300882 ] } },
{ "type": "Feature", "properties": { "id": "fd-00405", "input_id": "", "specification": "access_point", "source": "fd-00007", "demand": 2, "placement": "ug", "duct_group": "1", "duct_assignment": "11,12" }, "geometry": { "type": "Point", "coordinates": [ -119.284365345569213, 35.507775111134613 ] } },
{ "type": "Feature", "properties": { "id": "fd-00406", "input_id": "", "specification": "access_point", "source": "fd-00007", "demand": 2, "placement": "ug", "duct_group": "2", "duct_assignment": "1,2" }, "geometry": { "type": "Point", "coordinates": [ -119.286382100851142, 35.508469648949955 ] } },
{ "type": "Feature", "properties": { "id": "fd-00407", "input_id": "", "specification": "access_point", "source": "fd-00007", "demand": 2, "placement": "ug", "duct_group": "2", "duct_assignment": "3,4" }, "geometry": { "type": "Point", "coordinates": [ -119.285978017410642, 35.508468638137415 ] } },
{ "type": "Feature", "properties": { "id": "fd-00408", "input_id": "", "specification": "access_point", "source": "fd-00007", "demand": 2, "placement": "ug", "duct_group": "2", "duct_assignment": "5,6" }, "geometry": { "type": "Point", "coordinates": [ -119.285573933388036, 35.508467588145201 ] } },
{ "type": "Feature", "properties": { "id": "fd-00409", "input_id": "", "specification": "access_point", "source": "fd-00007", "demand": 2, "placement": "ug", "duct_group": "2", "duct_assignment": "7,8" }, "geometry": { "type": "Point", "coordinates": [ -119.285169849107945, 35.50846651970145 ] } },
{ "type": "Feature", "properties": { "id": "fd-00410", "input_id": "", "specification": "access_point", "source": "fd-00007", "demand": 2, "placement": "ug", "duct_group": "2", "duct_assignment": "9,10" }, "geometry": { "type": "Point", "coordinates": [ -119.284765764655262, 35.508465438213506 ] } },
{ "type": "Feature", "properties": { "id": "fd-00411", "input_id": "", "specification": "access_point", "source": "fd-00007", "demand": 2, "placement": "ug", "duct_group": "2", "duct_assignment": "11,12" }, "geometry": { "type": "Point", "coordinates": [ -119.284361681132296, 35.508464343669907 ] } },
{ "type": "Feature", "properties": { "id": "fd-00412", "input_id": "", "specification": "access_point", "source": "fd-00007", "demand": 2, "placement": "ug", "duct_group": "3", "duct_assignment": "1,2" }, "geometry": { "type": "Point", "coordinates": [ -119.286773135734009, 35.50740766040898 ] } },
{ "type": "Feature", "properties": { "id": "fd-00413", "input_id": "", "specification": "access_point", "source": "fd-00007", "demand": 2, "placement": "ug", "duct_group": "3", "duct_assignment": "3,4" }, "geometry": { "type": "Point", "coordinates": [ -119.286772547635536, 35.50773741509488 ] } },
{ "type": "Feature", "properties": { "id": "fd-00414", "input_id": "", "specification": "access_point", "source": "fd-00007", "demand": 2, "placement": "ug", "duct_group": "3", "duct_assignment": "5,6" }, "geometry": { "type": "Point", "coordinates": [ -119.286383396871273, 35.507917744448044 ] } },
{ "type": "Feature", "properties": { "id": "fd-00415", "input_id": "", "specification": "access_point", "source": "fd-00007", "demand": 2, "placement": "ug", "duct_group": "3", "duct_assignment": "7,8" }, "geometry": { "type": "Point", "coordinates": [ -119.285979640652371, 35.507916759989968 ] } },
{ "type": "Feature", "properties": { "id": "fd-00416", "input_id": "", "specification": "access_point", "source": "fd-00007", "demand": 2, "placement": "ug", "duct_group": "3", "duct_assignment": "9,10" }, "geometry": { "type": "Point", "coordinates": [ -119.285575884840512, 35.507915729133117 ] } },
{ "type": "Feature", "properties": { "id": "fd-00417", "input_id": "", "specification": "access_point", "source": "fd-00007", "demand": 2, "placement": "ug", "duct_group": "3", "duct_assignment": "11,12" }, "geometry": { "type": "Point", "coordinates": [ -119.285172128644206, 35.507914671715746 ] } },
{ "type": "Feature", "properties": { "id": "fd-00418", "input_id": "", "specification": "access_point", "source": "fd-00007", "demand": 2, "placement": "ug", "duct_group": "4", "duct_assignment": "1,2" }, "geometry": { "type": "Point", "coordinates": [ -119.287492062809591, 35.506824707398991 ] } },
{ "type": "Feature", "properties": { "id": "fd-00419", "input_id": "", "specification": "access_point", "source": "fd-00007", "demand": 2, "placement": "ug", "duct_group": "4", "duct_assignment": "3,4" }, "geometry": { "type": "Point", "coordinates": [ -119.287653472616597, 35.506813030359616 ] } },
{ "type": "Feature", "properties": { "id": "fd-00420", "input_id": "", "specification": "access_point", "source": "fd-00007", "demand": 2, "placement": "ug", "duct_group": "4", "duct_assignment": "5,6" }, "geometry": { "type": "Point", "coordinates": [ -119.287662620120329, 35.506453632481161 ] } },
{ "type": "Feature", "properties": { "id": "fd-00421", "input_id": "", "specification": "access_point", "source": "fd-00007", "demand": 2, "placement": "ug", "duct_group": "4", "duct_assignment": "7,8" }, "geometry": { "type": "Point", "coordinates": [ -119.287661910964033, 35.506093250788226 ] } },
{ "type": "Feature", "properties": { "id": "fd-00422", "input_id": "", "specification": "access_point", "source": "fd-00007", "demand": 2, "placement": "ug", "duct_group": "5", "duct_assignment": "1,2" }, "geometry": { "type": "Point", "coordinates": [ -119.287495928095581, 35.506495062454 ] } },
{ "type": "Feature", "properties": { "id": "fd-00423", "input_id": "", "specification": "access_point", "source": "fd-00007", "demand": 2, "placement": "ug", "duct_group": "5", "duct_assignment": "3,4" }, "geometry": { "type": "Point", "coordinates": [ -119.287500050152076, 35.506143530316884 ] } },
{ "type": "Feature", "properties": { "id": "fd-00424", "input_id": "", "specification": "access_point", "source": "fd-00007", "demand": 1, "placement": "ug", "duct_group": "5", "duct_assignment": "5" }, "geometry": { "type": "Point", "coordinates": [ -119.287467841967882, 35.505861988174573 ] } },
{ "type": "Feature", "properties": { "id": "fd-00425", "input_id": "", "specification": "access_point", "source": "fd-00007", "demand": 2, "placement": "ug", "duct_group": "5", "duct_assignment": "6,7" }, "geometry": { "type": "Point", "coordinates": [ -119.287724148409325, 35.505717852518238 ] } },
{ "type": "Feature", "properties": { "id": "fd-00426", "input_id": "", "specification": "access_point", "source": "fd-00007", "demand": 2, "placement": "ug", "duct_group": "5", "duct_assignment": "8,9" }, "geometry": { "type": "Point", "coordinates": [ -119.288198628820993, 35.505770604012284 ] } },
{ "type": "Feature", "properties": { "id": "fd-00427", "input_id": "", "specification": "access_point", "source": "fd-00007", "demand": 2, "placement": "ug", "duct_group": "5", "duct_assignment": "10,11" }, "geometry": { "type": "Point", "coordinates": [ -119.288635381354283, 35.505771830949996 ] } },
{ "type": "Feature", "properties": { "id": "fd-00428", "input_id": "", "specification": "access_point", "source": "fd-00007", "demand": 1, "placement": "ug", "duct_group": "5", "duct_assignment": "12" }, "geometry": { "type": "Point", "coordinates": [ -119.289072133900689, 35.505773056335819 ] } },
{ "type": "Feature", "properties": { "id": "fd-00429", "input_id": "", "specification": "access_point", "source": "fd-00007", "demand": 2, "placement": "ug", "duct_group": "6", "duct_assignment": "1,2" }, "geometry": { "type": "Point", "coordinates": [ -119.286771960523254, 35.508067092209103 ] } },
{ "type": "Feature", "properties": { "id": "fd-00430", "input_id": "", "specification": "access_point", "source": "fd-00007", "demand": 1, "placement": "ug", "duct_group": "6", "duct_assignment": "3" }, "geometry": { "type": "Point", "coordinates": [ -119.286771667227157, 35.508231912269196 ] } },
{ "type": "Feature", "properties": { "id": "fd-00431", "input_id": "", "specification": "access_point", "source": "fd-00007", "demand": 1, "placement": "ug", "duct_group": "6", "duct_assignment": "4" }, "geometry": { "type": "Point", "coordinates": [ -119.286800447226781, 35.508535660398067 ] } },
{ "type": "Feature", "properties": { "id": "fd-00432", "input_id": "", "specification": "access_point", "source": "fd-00007", "demand": 1, "placement": "ug", "duct_group": "6", "duct_assignment": "5" }, "geometry": { "type": "Point", "coordinates": [ -119.28670023583193, 35.508622840961934 ] } },
{ "type": "Feature", "properties": { "id": "fd-00433", "input_id": "", "specification": "access_point", "source": "fd-00007", "demand": 2, "placement": "ug", "duct_group": "6", "duct_assignment": "6,7" }, "geometry": { "type": "Point", "coordinates": [ -119.286298660998241, 35.508606640238227 ] } },
{ "type": "Feature", "properties": { "id": "fd-00434", "input_id": "", "specification": "access_point", "source": "fd-00007", "demand": 1, "placement": "ug", "duct_group": "6", "duct_assignment": "8" }, "geometry": { "type": "Point", "coordinates": [ -119.286094609072364, 35.508606154987518 ] } },
{ "type": "Feature", "properties": { "id": "fd-00435", "input_id": "", "specification": "access_point", "source": "fd-00007", "demand": 2, "placement": "ug", "duct_group": "6", "duct_assignment": "9,10" }, "geometry": { "type": "Point", "coordinates": [ -119.285687074783752, 35.508605089178545 ] } },
{ "type": "Feature", "properties": { "id": "fd-00436", "input_id": "", "specification": "access_point", "source": "fd-00007", "demand": 2, "placement": "ug", "duct_group": "6", "duct_assignment": "11,12" }, "geometry": { "type": "Point", "coordinates": [ -119.285279541396449, 35.508604008488639 ] } },
{ "type": "Feature", "properties": { "id": "fd-00437", "input_id": "", "specification": "access_point", "source": "fd-00008", "demand": 2, "placement": "ug", "duct_group": "0", "duct_assignment": "1,2" }, "geometry": { "type": "Point", "coordinates": [ -119.284242281871101, 35.491511165539812 ] } },
{ "type": "Feature", "properties": { "id": "fd-00438", "input_id": "", "specification": "access_point", "source": "fd-00008", "demand": 2, "placement": "ug", "duct_group": "0", "duct_assignment": "3,4" }, "geometry": { "type": "Point", "coordinates": [ -119.284246532288833, 35.491176033527722 ] } },
{ "type": "Feature", "properties": { "id": "fd-00439", "input_id": "", "specification": "access_point", "source": "fd-00008", "demand": 2, "placement": "ug", "duct_group": "0", "duct_assignment": "5,6" }, "geometry": { "type": "Point", "coordinates": [ -119.284250779380159, 35.490840902407335 ] } },
{ "type": "Feature", "properties": { "id": "fd-00440", "input_id": "", "specification": "access_point", "source": "fd-00008", "demand": 2, "placement": "ug", "duct_group": "0", "duct_assignment": "7,8" }, "geometry": { "type": "Point", "coordinates": [ -119.284255026422741, 35.490505770341521 ] } },
{ "type": "Feature", "properties": { "id": "fd-00441", "input_id": "", "specification": "access_point", "source": "fd-00008", "demand": 2, "placement": "ug", "duct_group": "0", "duct_assignment": "9,10" }, "geometry": { "type": "Point", "coordinates": [ -119.284259274518675, 35.49017063731894 ] } },
{ "type": "Feature", "properties": { "id": "fd-00442", "input_id": "", "specification": "access_point", "source": "fd-00008", "demand": 2, "placement": "ug", "duct_group": "1", "duct_assignment": "1,2" }, "geometry": { "type": "Point", "coordinates": [ -119.283461412910427, 35.490834194654539 ] } },
{ "type": "Feature", "properties": { "id": "fd-00443", "input_id": "", "specification": "access_point", "source": "fd-00008", "demand": 2, "placement": "ug", "duct_group": "1", "duct_assignment": "3,4" }, "geometry": { "type": "Point", "coordinates": [ -119.283465688417081, 35.490499056041863 ] } },
{ "type": "Feature", "properties": { "id": "fd-00444", "input_id": "", "specification": "access_point", "source": "fd-00008", "demand": 2, "placement": "ug", "duct_group": "1", "duct_assignment": "5,6" }, "geometry": { "type": "Point", "coordinates": [ -119.283469963917085, 35.490163919187552 ] } },
{ "type": "Feature", "properties": { "id": "fd-00445", "input_id": "", "specification": "access_point", "source": "fd-00008", "demand": 2, "placement": "ug", "duct_group": "1", "duct_assignment": "7,8" }, "geometry": { "type": "Point", "coordinates": [ -119.283474344369836, 35.48982054168431 ] } },
{ "type": "Feature", "properties": { "id": "fd-00446", "input_id": "", "specification": "access_point", "source": "fd-00008", "demand": 2, "placement": "ug", "duct_group": "1", "duct_assignment": "9,10" }, "geometry": { "type": "Point", "coordinates": [ -119.283478899396556, 35.489463429795357 ] } },
{ "type": "Feature", "properties": { "id": "fd-00447", "input_id": "", "specification": "access_point", "source": "fd-00008", "demand": 1, "placement": "ug", "duct_group": "1", "duct_assignment": "11" }, "geometry": { "type": "Point", "coordinates": [ -119.283481352599836, 35.489271139029498 ] } },
{ "type": "Feature", "properties": { "id": "fd-00448", "input_id": "", "specification": "access_point", "source": "fd-00008", "demand": 2, "placement": "ug", "duct_group": "2", "duct_assignment": "1,2" }, "geometry": { "type": "Point", "coordinates": [ -119.283231642167664, 35.491582764394138 ] } },
{ "type": "Feature", "properties": { "id": "fd-00449", "input_id": "", "specification": "access_point", "source": "fd-00008", "demand": 1, "placement": "ug", "duct_group": "2", "duct_assignment": "3" }, "geometry": { "type": "Point", "coordinates": [ -119.283252390836296, 35.491418099316078 ] } },
{ "type": "Feature", "properties": { "id": "fd-00450", "input_id": "", "specification": "access_point", "source": "fd-00008", "demand": 2, "placement": "ug", "duct_group": "2", "duct_assignment": "4,5" }, "geometry": { "type": "Point", "coordinates": [ -119.283256603053005, 35.491088451755957 ] } },
{ "type": "Feature", "properties": { "id": "fd-00451", "input_id": "", "specification": "access_point", "source": "fd-00008", "demand": 2, "placement": "ug", "duct_group": "2", "duct_assignment": "6,7" }, "geometry": { "type": "Point", "coordinates": [ -119.283260815250031, 35.490758805054391 ] } },
{ "type": "Feature", "properties": { "id": "fd-00452", "input_id": "", "specification": "access_point", "source": "fd-00008", "demand": 2, "placement": "ug", "duct_group": "2", "duct_assignment": "8,9" }, "geometry": { "type": "Point", "coordinates": [ -119.283265027441317, 35.490429160112569 ] } },
{ "type": "Feature", "properties": { "id": "fd-00453", "input_id": "", "specification": "access_point", "source": "fd-00008", "demand": 2, "placement": "ug", "duct_group": "2", "duct_assignment": "10,11" }, "geometry": { "type": "Point", "coordinates": [ -119.283269239612977, 35.49009951602936 ] } },
{ "type": "Feature", "properties": { "id": "fd-00454", "input_id": "", "specification": "access_point", "source": "fd-00008", "demand": 2, "placement": "ug", "duct_group": "3", "duct_assignment": "1,2" }, "geometry": { "type": "Point", "coordinates": [ -119.284019572713902, 35.491852704803456 ] } },
{ "type": "Feature", "properties": { "id": "fd-00455", "input_id": "", "specification": "access_point", "source": "fd-00008", "demand": 2, "placement": "ug", "duct_group": "3", "duct_assignment": "3,4" }, "geometry": { "type": "Point", "coordinates": [ -119.28361639943472, 35.491853850789859 ] } },
{ "type": "Feature", "properties": { "id": "fd-00456", "input_id": "", "specification": "access_point", "source": "fd-00008", "demand": 2, "placement": "ug", "duct_group": "3", "duct_assignment": "5,6" }, "geometry": { "type": "Point", "coordinates": [ -119.283317572487164, 35.491802270440957 ] } },
{ "type": "Feature", "properties": { "id": "fd-00457", "input_id": "", "specification": "access_point", "source": "fd-00008", "demand": 2, "placement": "ug", "duct_group": "3", "duct_assignment": "7,8" }, "geometry": { "type": "Point", "coordinates": [ -119.283452859644868, 35.491504475375478 ] } },
{ "type": "Feature", "properties": { "id": "fd-00458", "input_id": "", "specification": "access_point", "source": "fd-00008", "demand": 2, "placement": "ug", "duct_group": "3", "duct_assignment": "9,10" }, "geometry": { "type": "Point", "coordinates": [ -119.283457136281001, 35.491169334135847 ] } },
{ "type": "Feature", "properties": { "id": "fd-00459", "input_id": "", "specification": "access_point", "source": "fd-00008", "demand": 2, "placement": "ug", "duct_group": "4", "duct_assignment": "1,2" }, "geometry": { "type": "Point", "coordinates": [ -119.284649978302227, 35.49247990234943 ] } },
{ "type": "Feature", "properties": { "id": "fd-00460", "input_id": "", "specification": "access_point", "source": "fd-00008", "demand": 2, "placement": "ug", "duct_group": "4", "duct_assignment": "3,4" }, "geometry": { "type": "Point", "coordinates": [ -119.285053146738548, 35.492481067795666 ] } },
{ "type": "Feature", "properties": { "id": "fd-00461", "input_id": "", "specification": "access_point", "source": "fd-00008", "demand": 2, "placement": "ug", "duct_group": "4", "duct_assignment": "5,6" }, "geometry": { "type": "Point", "coordinates": [ -119.285456315186252, 35.492482231919425 ] } },
{ "type": "Feature", "properties": { "id": "fd-00462", "input_id": "", "specification": "access_point", "source": "fd-00008", "demand": 2, "placement": "ug", "duct_group": "4", "duct_assignment": "7,8" }, "geometry": { "type": "Point", "coordinates": [ -119.285859483631299, 35.492483393819391 ] } },
{ "type": "Feature", "properties": { "id": "fd-00463", "input_id": "", "specification": "access_point", "source": "fd-00008", "demand": 2, "placement": "ug", "duct_group": "5", "duct_assignment": "1,2" }, "geometry": { "type": "Point", "coordinates": [ -119.284263627643298, 35.48982727356033 ] } },
{ "type": "Feature", "properties": { "id": "fd-00464", "input_id": "", "specification": "access_point", "source": "fd-00008", "demand": 2, "placement": "ug", "duct_group": "5", "duct_assignment": "3,4" }, "geometry": { "type": "Point", "coordinates": [ -119.284469662318912, 35.489471868806511 ] } },
{ "type": "Feature", "properties": { "id": "fd-00465", "input_id": "", "specification": "access_point", "source": "fd-00008", "demand": 2, "placement": "ug", "duct_group": "5", "duct_assignment": "5,6" }, "geometry": { "type": "Point", "coordinates": [ -119.284244898791641, 35.48949341368148 ] } },
{ "type": "Feature", "properties": { "id": "fd-00466", "input_id": "", "specification": "access_point", "source": "fd-00008", "demand": 1, "placement": "ug", "duct_group": "5", "duct_assignment": "7" }, "geometry": { "type": "Point", "coordinates": [ -119.284270594291527, 35.489277874846827 ] } },
{ "type": "Feature", "properties": { "id": "fd-00467", "input_id": "", "specification": "access_point", "source": "fd-00008", "demand": 2, "placement": "ug", "duct_group": "5", "duct_assignment": "8,9" }, "geometry": { "type": "Point", "coordinates": [ -119.283273451750802, 35.489769871903441 ] } },
{ "type": "Feature", "properties": { "id": "fd-00468", "input_id": "", "specification": "access_point", "source": "fd-00008", "demand": 2, "placement": "ug", "duct_group": "5", "duct_assignment": "10,11" }, "geometry": { "type": "Point", "coordinates": [ -119.283277663868958, 35.489440228636155 ] } },
{ "type": "Feature", "properties": { "id": "fd-00469", "input_id": "", "specification": "access_point", "source": "fd-00008", "demand": 1, "placement": "ug", "duct_group": "5", "duct_assignment": "12" }, "geometry": { "type": "Point", "coordinates": [ -119.283279769371447, 35.489275407442896 ] } },
{ "type": "Feature", "properties": { "id": "fd-00470", "input_id": "", "specification": "access_point", "source": "fd-00008", "demand": 1, "placement": "ug", "duct_group": "6", "duct_assignment": "1" }, "geometry": { "type": "Point", "coordinates": [ -119.284657838177154, 35.491858116815457 ] } },
{ "type": "Feature", "properties": { "id": "fd-00471", "input_id": "", "specification": "access_point", "source": "fd-00008", "demand": 2, "placement": "ug", "duct_group": "6", "duct_assignment": "2,3" }, "geometry": { "type": "Point", "coordinates": [ -119.284859396581538, 35.491859825316439 ] } },
{ "type": "Feature", "properties": { "id": "fd-00472", "input_id": "", "specification": "access_point", "source": "fd-00008", "demand": 1, "placement": "ug", "duct_group": "6", "duct_assignment": "4" }, "geometry": { "type": "Point", "coordinates": [ -119.285262512313452, 35.491863241338294 ] } },
{ "type": "Feature", "properties": { "id": "fd-00473", "input_id": "", "specification": "access_point", "source": "fd-00008", "demand": 2, "placement": "ug", "duct_group": "6", "duct_assignment": "5,6" }, "geometry": { "type": "Point", "coordinates": [ -119.28546406964098, 35.491864948859146 ] } },
{ "type": "Feature", "properties": { "id": "fd-00474", "input_id": "", "specification": "access_point", "source": "fd-00008", "demand": 2, "placement": "ug", "duct_group": "6", "duct_assignment": "7,8" }, "geometry": { "type": "Point", "coordinates": [ -119.285317204682016, 35.491520267076588 ] } },
{ "type": "Feature", "properties": { "id": "fd-00475", "input_id": "", "specification": "access_point", "source": "fd-00008", "demand": 2, "placement": "ug", "duct_group": "6", "duct_assignment": "9,10" }, "geometry": { "type": "Point", "coordinates": [ -119.285866520971268, 35.491921426812596 ] } },
{ "type": "Feature", "properties": { "id": "fd-00476", "input_id": "", "specification": "access_point", "source": "fd-00008", "demand": 2, "placement": "ug", "duct_group": "6", "duct_assignment": "11,12" }, "geometry": { "type": "Point", "coordinates": [ -119.285869898508111, 35.491650482044165 ] } },
{ "type": "Feature", "properties": { "id": "fd-00477", "input_id": "", "specification": "access_point", "source": "fd-00008", "demand": 2, "placement": "ug", "duct_group": "7", "duct_assignment": "1,2" }, "geometry": { "type": "Point", "coordinates": [ -119.284011628130742, 35.492478055182971 ] } },
{ "type": "Feature", "properties": { "id": "fd-00478", "input_id": "", "specification": "access_point", "source": "fd-00008", "demand": 2, "placement": "ug", "duct_group": "7", "duct_assignment": "3,4" }, "geometry": { "type": "Point", "coordinates": [ -119.283608458622041, 35.492476886331836 ] } },
{ "type": "Feature", "properties": { "id": "fd-00479", "input_id": "", "specification": "access_point", "source": "fd-00008", "demand": 2, "placement": "ug", "duct_group": "8", "duct_assignment": "1,2" }, "geometry": { "type": "Point", "coordinates": [ -119.28532138146663, 35.491187895775504 ] } },
{ "type": "Feature", "properties": { "id": "fd-00480", "input_id": "", "specification": "access_point", "source": "fd-00008", "demand": 1, "placement": "ug", "duct_group": "8", "duct_assignment": "3" }, "geometry": { "type": "Point", "coordinates": [ -119.285323487461952, 35.491020334419865 ] } },
{ "type": "Feature", "properties": { "id": "fd-00481", "input_id": "", "specification": "access_point", "source": "fd-00008", "demand": 2, "placement": "ug", "duct_group": "8", "duct_assignment": "4,5" }, "geometry": { "type": "Point", "coordinates": [ -119.285327701616779, 35.49068521075133 ] } },
{ "type": "Feature", "properties": { "id": "fd-00482", "input_id": "", "specification": "access_point", "source": "fd-00008", "demand": 2, "placement": "ug", "duct_group": "8", "duct_assignment": "6,7" }, "geometry": { "type": "Point", "coordinates": [ -119.2853319157513, 35.49035008793993 ] } },
{ "type": "Feature", "properties": { "id": "fd-00483", "input_id": "", "specification": "access_point", "source": "fd-00008", "demand": 1, "placement": "ug", "duct_group": "8", "duct_assignment": "8" }, "geometry": { "type": "Point", "coordinates": [ -119.285336132041252, 35.490014964160167 ] } },
{ "type": "Feature", "properties": { "id": "fd-00484", "input_id": "", "specification": "access_point", "source": "fd-00008", "demand": 3, "placement": "ug", "duct_group": "8", "duct_assignment": "9,10,11" }, "geometry": { "type": "Point", "coordinates": [ -119.285359526346227, 35.489862046529417 ] } },
{ "type": "Feature", "properties": { "id": "fd-00485", "input_id": "", "specification": "access_point", "source": "fd-00008", "demand": 2, "placement": "ug", "duct_group": "9", "duct_assignment": "1,2" }, "geometry": { "type": "Point", "coordinates": [ -119.284443832776233, 35.491512872989084 ] } },
{ "type": "Feature", "properties": { "id": "fd-00486", "input_id": "", "specification": "access_point", "source": "fd-00008", "demand": 2, "placement": "ug", "duct_group": "9", "duct_assignment": "3,4" }, "geometry": { "type": "Point", "coordinates": [ -119.284448071366853, 35.491177741986739 ] } },
{ "type": "Feature", "properties": { "id": "fd-00487", "input_id": "", "specification": "access_point", "source": "fd-00008", "demand": 2, "placement": "ug", "duct_group": "9", "duct_assignment": "5,6" }, "geometry": { "type": "Point", "coordinates": [ -119.284452312155011, 35.490842612719632 ] } },
{ "type": "Feature", "properties": { "id": "fd-00488", "input_id": "", "specification": "access_point", "source": "fd-00008", "demand": 2, "placement": "ug", "duct_group": "9", "duct_assignment": "7,8" }, "geometry": { "type": "Point", "coordinates": [ -119.284456552880471, 35.490507481605917 ] } },
{ "type": "Feature", "properties": { "id": "fd-00489", "input_id": "", "specification": "access_point", "source": "fd-00008", "demand": 3, "placement": "ug", "duct_group": "9", "duct_assignment": "9,10,11" }, "geometry": { "type": "Point", "coordinates": [ -119.28446079468732, 35.490172351337826 ] } },
{ "type": "Feature", "properties": { "id": "fd-00490", "input_id": "", "specification": "access_point", "source": "fd-00008", "demand": 2, "placement": "ug", "duct_group": "10", "duct_assignment": "1,2" }, "geometry": { "type": "Point", "coordinates": [ -119.285115653740661, 35.491518561059472 ] } },
{ "type": "Feature", "properties": { "id": "fd-00491", "input_id": "", "specification": "access_point", "source": "fd-00008", "demand": 1, "placement": "ug", "duct_group": "10", "duct_assignment": "3" }, "geometry": { "type": "Point", "coordinates": [ -119.285119874207609, 35.491183432899696 ] } },
{ "type": "Feature", "properties": { "id": "fd-00492", "input_id": "", "specification": "access_point", "source": "fd-00008", "demand": 2, "placement": "ug", "duct_group": "10", "duct_assignment": "4,5" }, "geometry": { "type": "Point", "coordinates": [ -119.285121982803417, 35.491015870622959 ] } },
{ "type": "Feature", "properties": { "id": "fd-00493", "input_id": "", "specification": "access_point", "source": "fd-00008", "demand": 2, "placement": "ug", "duct_group": "10", "duct_assignment": "6,7" }, "geometry": { "type": "Point", "coordinates": [ -119.285126202159063, 35.490680745112172 ] } },
{ "type": "Feature", "properties": { "id": "fd-00494", "input_id": "", "specification": "access_point", "source": "fd-00008", "demand": 2, "placement": "ug", "duct_group": "10", "duct_assignment": "8,9" }, "geometry": { "type": "Point", "coordinates": [ -119.285130422596325, 35.490345620447009 ] } },
{ "type": "Feature", "properties": { "id": "fd-00495", "input_id": "", "specification": "access_point", "source": "fd-00008", "demand": 2, "placement": "ug", "duct_group": "10", "duct_assignment": "10,11" }, "geometry": { "type": "Point", "coordinates": [ -119.28513460894834, 35.490013252512156 ] } },
{ "type": "Feature", "properties": { "id": "fd-00496", "input_id": "", "specification": "access_point", "source": "fd-00009", "demand": 2, "placement": "ug", "duct_group": "0", "duct_assignment": "1,2" }, "geometry": { "type": "Point", "coordinates": [ -119.284777193016097, 35.49341446880738 ] } },
{ "type": "Feature", "properties": { "id": "fd-00497", "input_id": "", "specification": "access_point", "source": "fd-00009", "demand": 2, "placement": "ug", "duct_group": "0", "duct_assignment": "3,4" }, "geometry": { "type": "Point", "coordinates": [ -119.28435205081658, 35.493481267389832 ] } },
{ "type": "Feature", "properties": { "id": "fd-00498", "input_id": "", "specification": "access_point", "source": "fd-00009", "demand": 2, "placement": "ug", "duct_group": "0", "duct_assignment": "5,6" }, "geometry": { "type": "Point", "coordinates": [ -119.283948815340807, 35.493480002043249 ] } },
{ "type": "Feature", "properties": { "id": "fd-00499", "input_id": "", "specification": "access_point", "source": "fd-00009", "demand": 2, "placement": "ug", "duct_group": "1", "duct_assignment": "1,2" }, "geometry": { "type": "Point", "coordinates": [ -119.283545581007573, 35.493478737164786 ] } },
{ "type": "Feature", "properties": { "id": "fd-00500", "input_id": "", "specification": "access_point", "source": "fd-00009", "demand": 2, "placement": "ug", "duct_group": "1", "duct_assignment": "3,4" }, "geometry": { "type": "Point", "coordinates": [ -119.283142345584793, 35.493477470974817 ] } },
{ "type": "Feature", "properties": { "id": "fd-00501", "input_id": "", "specification": "access_point", "source": "fd-00009", "demand": 2, "placement": "ug", "duct_group": "1", "duct_assignment": "5,6" }, "geometry": { "type": "Point", "coordinates": [ -119.282739111262316, 35.493476202549218 ] } },
{ "type": "Feature", "properties": { "id": "fd-00502", "input_id": "", "specification": "access_point", "source": "fd-00009", "demand": 1, "placement": "ug", "duct_group": "1", "duct_assignment": "7" }, "geometry": { "type": "Point", "coordinates": [ -119.282335874762381, 35.493474933724933 ] } },
{ "type": "Feature", "properties": { "id": "fd-00503", "input_id": "", "specification": "access_point", "source": "fd-00009", "demand": 2, "placement": "ug", "duct_group": "1", "duct_assignment": "8,9" }, "geometry": { "type": "Point", "coordinates": [ -119.28213425760498, 35.49347429790393 ] } },
{ "type": "Feature", "properties": { "id": "fd-00504", "input_id": "", "specification": "access_point", "source": "fd-00009", "demand": 1, "placement": "ug", "duct_group": "1", "duct_assignment": "10" }, "geometry": { "type": "Point", "coordinates": [ -119.282328162283022, 35.493640010513488 ] } },
{ "type": "Feature", "properties": { "id": "fd-00505", "input_id": "", "specification": "access_point", "source": "fd-00009", "demand": 2, "placement": "ug", "duct_group": "1", "duct_assignment": "11,12" }, "geometry": { "type": "Point", "coordinates": [ -119.28212655136096, 35.493639376413412 ] } },
{ "type": "Feature", "properties": { "id": "fd-00506", "input_id": "", "specification": "access_point", "source": "fd-00009", "demand": 2, "placement": "ug", "duct_group": "2", "duct_assignment": "1,2" }, "geometry": { "type": "Point", "coordinates": [ -119.28473772079569, 35.494528042187994 ] } },
{ "type": "Feature", "properties": { "id": "fd-00507", "input_id": "", "specification": "access_point", "source": "fd-00009", "demand": 2, "placement": "ug", "duct_group": "2", "duct_assignment": "3,4" }, "geometry": { "type": "Point", "coordinates": [ -119.284334537708816, 35.494526791928109 ] } },
{ "type": "Feature", "properties": { "id": "fd-00508", "input_id": "", "specification": "access_point", "source": "fd-00009", "demand": 2, "placement": "ug", "duct_group": "2", "duct_assignment": "5,6" }, "geometry": { "type": "Point", "coordinates": [ -119.283931354634277, 35.494525540345712 ] } },
{ "type": "Feature", "properties": { "id": "fd-00509", "input_id": "", "specification": "access_point", "source": "fd-00009", "demand": 2, "placement": "ug", "duct_group": "2", "duct_assignment": "7,8" }, "geometry": { "type": "Point", "coordinates": [ -119.283528172673954, 35.494524287429151 ] } },
{ "type": "Feature", "properties": { "id": "fd-00510", "input_id": "", "specification": "access_point", "source": "fd-00009", "demand": 2, "placement": "ug", "duct_group": "2", "duct_assignment": "9,10" }, "geometry": { "type": "Point", "coordinates": [ -119.283124989623985, 35.49452303320161 ] } },
{ "type": "Feature", "properties": { "id": "fd-00511", "input_id": "", "specification": "access_point", "source": "fd-00009", "demand": 2, "placement": "ug", "duct_group": "2", "duct_assignment": "11,12" }, "geometry": { "type": "Point", "coordinates": [ -119.282721807674235, 35.494521776738694 ] } },
{ "type": "Feature", "properties": { "id": "fd-00512", "input_id": "", "specification": "access_point", "source": "fd-00009", "demand": 2, "placement": "ug", "duct_group": "3", "duct_assignment": "1,2" }, "geometry": { "type": "Point", "coordinates": [ -119.284743992466204, 35.494362971303474 ] } },
{ "type": "Feature", "properties": { "id": "fd-00513", "input_id": "", "specification": "access_point", "source": "fd-00009", "demand": 2, "placement": "ug", "duct_group": "3", "duct_assignment": "3,4" }, "geometry": { "type": "Point", "coordinates": [ -119.284340796922578, 35.494361718498588 ] } },
{ "type": "Feature", "properties": { "id": "fd-00514", "input_id": "", "specification": "access_point", "source": "fd-00009", "demand": 2, "placement": "ug", "duct_group": "3", "duct_assignment": "5,6" }, "geometry": { "type": "Point", "coordinates": [ -119.283937603609388, 35.494360465249272 ] } },
{ "type": "Feature", "properties": { "id": "fd-00515", "input_id": "", "specification": "access_point", "source": "fd-00009", "demand": 2, "placement": "ug", "duct_group": "3", "duct_assignment": "7,8" }, "geometry": { "type": "Point", "coordinates": [ -119.283534409192313, 35.494359209787582 ] } },
{ "type": "Feature", "properties": { "id": "fd-00516", "input_id": "", "specification": "access_point", "source": "fd-00009", "demand": 2, "placement": "ug", "duct_group": "3", "duct_assignment": "9,10" }, "geometry": { "type": "Point", "coordinates": [ -119.28313121369969, 35.494357953915923 ] } },
{ "type": "Feature", "properties": { "id": "fd-00517", "input_id": "", "specification": "access_point", "source": "fd-00009", "demand": 2, "placement": "ug", "duct_group": "4", "duct_assignment": "1,2" }, "geometry": { "type": "Point", "coordinates": [ -119.284344281606707, 35.493646334123106 ] } },
{ "type": "Feature", "properties": { "id": "fd-00518", "input_id": "", "specification": "access_point", "source": "fd-00009", "demand": 2, "placement": "ug", "duct_group": "4", "duct_assignment": "3,4" }, "geometry": { "type": "Point", "coordinates": [ -119.283941057499561, 35.493645072229462 ] } },
{ "type": "Feature", "properties": { "id": "fd-00519", "input_id": "", "specification": "access_point", "source": "fd-00009", "demand": 2, "placement": "ug", "duct_group": "4", "duct_assignment": "5,6" }, "geometry": { "type": "Point", "coordinates": [ -119.283537834492762, 35.493643808100181 ] } },
{ "type": "Feature", "properties": { "id": "fd-00520", "input_id": "", "specification": "access_point", "source": "fd-00009", "demand": 2, "placement": "ug", "duct_group": "4", "duct_assignment": "7,8" }, "geometry": { "type": "Point", "coordinates": [ -119.283134610410485, 35.493642543560817 ] } },
{ "type": "Feature", "properties": { "id": "fd-00521", "input_id": "", "specification": "access_point", "source": "fd-00009", "demand": 2, "placement": "ug", "duct_group": "4", "duct_assignment": "9,10" }, "geometry": { "type": "Point", "coordinates": [ -119.282731386340501, 35.493641277698579 ] } },
{ "type": "Feature", "properties": { "id": "fd-00522", "input_id": "", "specification": "access_point", "source": "fd-00009", "demand": 2, "placement": "ug", "duct_group": "5", "duct_assignment": "1,2" }, "geometry": { "type": "Point", "coordinates": [ -119.284734209630969, 35.495243419428263 ] } },
{ "type": "Feature", "properties": { "id": "fd-00523", "input_id": "", "specification": "access_point", "source": "fd-00009", "demand": 2, "placement": "ug", "duct_group": "5", "duct_assignment": "3,4" }, "geometry": { "type": "Point", "coordinates": [ -119.284331057324721, 35.495242176911262 ] } },
{ "type": "Feature", "properties": { "id": "fd-00524", "input_id": "", "specification": "access_point", "source": "fd-00009", "demand": 2, "placement": "ug", "duct_group": "5", "duct_assignment": "5,6" }, "geometry": { "type": "Point", "coordinates": [ -119.283927902840688, 35.495240933996179 ] } },
{ "type": "Feature", "properties": { "id": "fd-00525", "input_id": "", "specification": "access_point", "source": "fd-00009", "demand": 2, "placement": "ug", "duct_group": "5", "duct_assignment": "7,8" }, "geometry": { "type": "Point", "coordinates": [ -119.283524750572894, 35.495239689735712 ] } },
{ "type": "Feature", "properties": { "id": "fd-00526", "input_id": "", "specification": "access_point", "source": "fd-00009", "demand": 2, "placement": "ug", "duct_group": "5", "duct_assignment": "9,10" }, "geometry": { "type": "Point", "coordinates": [ -119.283121597201259, 35.495238443263247 ] } },
{ "type": "Feature", "properties": { "id": "fd-00527", "input_id": "", "specification": "access_point", "source": "fd-00009", "demand": 1, "placement": "ug", "duct_group": "5", "duct_assignment": "11" }, "geometry": { "type": "Point", "coordinates": [ -119.282920019976018, 35.495237819987459 ] } },
{ "type": "Feature", "properties": { "id": "fd-00528", "input_id": "", "specification": "access_point", "source": "fd-00009", "demand": 2, "placement": "ug", "duct_group": "6", "duct_assignment": "1,2" }, "geometry": { "type": "Point", "coordinates": [ -119.282728020423463, 35.494356696698745 ] } },
{ "type": "Feature", "properties": { "id": "fd-00529", "input_id": "", "specification": "access_point", "source": "fd-00009", "demand": 1, "placement": "ug", "duct_group": "6", "duct_assignment": "3" }, "geometry": { "type": "Point", "coordinates": [ -119.282324826043421, 35.494355437269142 ] } },
{ "type": "Feature", "properties": { "id": "fd-00530", "input_id": "", "specification": "access_point", "source": "fd-00009", "demand": 2, "placement": "ug", "duct_group": "6", "duct_assignment": "4,5" }, "geometry": { "type": "Point", "coordinates": [ -119.282123228865117, 35.494354807508913 ] } },
{ "type": "Feature", "properties": { "id": "fd-00531", "input_id": "", "specification": "access_point", "source": "fd-00009", "demand": 3, "placement": "ug", "duct_group": "6", "duct_assignment": "6,7,8" }, "geometry": { "type": "Point", "coordinates": [ -119.282318624662992, 35.494520520767239 ] } },
{ "type": "Feature", "properties": { "id": "fd-00532", "input_id": "", "specification": "access_point", "source": "fd-00009", "demand": 2, "placement": "ug", "duct_group": "6", "duct_assignment": "9,10" }, "geometry": { "type": "Point", "coordinates": [ -119.282516866650781, 35.495236573333884 ] } },
{ "type": "Feature", "properties": { "id": "fd-00533", "input_id": "", "specification": "access_point", "source": "fd-00009", "demand": 2, "placement": "ug", "duct_group": "6", "duct_assignment": "11,12" }, "geometry": { "type": "Point", "coordinates": [ -119.282113714411778, 35.49523532354393 ] } },
{ "type": "Feature", "properties": { "id": "fd-00534", "input_id": "", "specification": "access_point", "source": "fd-00010", "demand": 2, "placement": "ug", "duct_group": "0", "duct_assignment": "1,2" }, "geometry": { "type": "Point", "coordinates": [ -119.285247758453053, 35.505765590681257 ] } },
{ "type": "Feature", "properties": { "id": "fd-00535", "input_id": "", "specification": "access_point", "source": "fd-00010", "demand": 2, "placement": "ug", "duct_group": "0", "duct_assignment": "3,4" }, "geometry": { "type": "Point", "coordinates": [ -119.285717348260405, 35.505766603641199 ] } },
{ "type": "Feature", "properties": { "id": "fd-00536", "input_id": "", "specification": "access_point", "source": "fd-00010", "demand": 2, "placement": "ug", "duct_group": "0", "duct_assignment": "5,6" }, "geometry": { "type": "Point", "coordinates": [ -119.286185921833464, 35.505767621835268 ] } },
{ "type": "Feature", "properties": { "id": "fd-00537", "input_id": "", "specification": "access_point", "source": "fd-00010", "demand": 2, "placement": "ug", "duct_group": "0", "duct_assignment": "7,8" }, "geometry": { "type": "Point", "coordinates": [ -119.286655242619673, 35.505768837738053 ] } },
{ "type": "Feature", "properties": { "id": "fd-00538", "input_id": "", "specification": "access_point", "source": "fd-00010", "demand": 3, "placement": "ug", "duct_group": "0", "duct_assignment": "9,10,11" }, "geometry": { "type": "Point", "coordinates": [ -119.287105674687339, 35.505699159160748 ] } },
{ "type": "Feature", "properties": { "id": "fd-00539", "input_id": "", "specification": "access_point", "source": "fd-00010", "demand": 2, "placement": "ug", "duct_group": "1", "duct_assignment": "1,2" }, "geometry": { "type": "Point", "coordinates": [ -119.285273690241937, 35.504980782526232 ] } },
{ "type": "Feature", "properties": { "id": "fd-00540", "input_id": "", "specification": "access_point", "source": "fd-00010", "demand": 2, "placement": "ug", "duct_group": "1", "duct_assignment": "3,4" }, "geometry": { "type": "Point", "coordinates": [ -119.285720554765916, 35.50498181941942 ] } },
{ "type": "Feature", "properties": { "id": "fd-00541", "input_id": "", "specification": "access_point", "source": "fd-00010", "demand": 1, "placement": "ug", "duct_group": "1", "duct_assignment": "5" }, "geometry": { "type": "Point", "coordinates": [ -119.286147391850463, 35.504982901995547 ] } },
{ "type": "Feature", "properties": { "id": "fd-00542", "input_id": "", "specification": "access_point", "source": "fd-00010", "demand": 2, "placement": "ug", "duct_group": "1", "duct_assignment": "6,7" }, "geometry": { "type": "Point", "coordinates": [ -119.286362538419738, 35.504987394747033 ] } },
{ "type": "Feature", "properties": { "id": "fd-00543", "input_id": "", "specification": "access_point", "source": "fd-00010", "demand": 2, "placement": "ug", "duct_group": "1", "duct_assignment": "8,9" }, "geometry": { "type": "Point", "coordinates": [ -119.286733815678176, 35.504961345760194 ] } },
{ "type": "Feature", "properties": { "id": "fd-00544", "input_id": "", "specification": "access_point", "source": "fd-00010", "demand": 2, "placement": "ug", "duct_group": "1", "duct_assignment": "10,11" }, "geometry": { "type": "Point", "coordinates": [ -119.286820620499256, 35.504690909884097 ] } },
{ "type": "Feature", "properties": { "id": "fd-00545", "input_id": "", "specification": "access_point", "source": "fd-00010", "demand": 2, "placement": "ug", "duct_group": "2", "duct_assignment": "1,2" }, "geometry": { "type": "Point", "coordinates": [ -119.285258455585009, 35.504282964453452 ] } },
{ "type": "Feature", "properties": { "id": "fd-00546", "input_id": "", "specification": "access_point", "source": "fd-00010", "demand": 2, "placement": "ug", "duct_group": "2", "duct_assignment": "3,4" }, "geometry": { "type": "Point", "coordinates": [ -119.285275586731501, 35.504140153639483 ] } },
{ "type": "Feature", "properties": { "id": "fd-00547", "input_id": "", "specification": "access_point", "source": "fd-00010", "demand": 2, "placement": "ug", "duct_group": "2", "duct_assignment": "5,6" }, "geometry": { "type": "Point", "coordinates": [ -119.285715852382694, 35.504141174772876 ] } },
{ "type": "Feature", "properties": { "id": "fd-00548", "input_id": "", "specification": "access_point", "source": "fd-00010", "demand": 1, "placement": "ug", "duct_group": "2", "duct_assignment": "7" }, "geometry": { "type": "Point", "coordinates": [ -119.286162940429008, 35.504142344681391 ] } },
{ "type": "Feature", "properties": { "id": "fd-00549", "input_id": "", "specification": "access_point", "source": "fd-00010", "demand": 2, "placement": "ug", "duct_group": "2", "duct_assignment": "8,9" }, "geometry": { "type": "Point", "coordinates": [ -119.286377945638947, 35.50413414300256 ] } },
{ "type": "Feature", "properties": { "id": "fd-00550", "input_id": "", "specification": "access_point", "source": "fd-00010", "demand": 3, "placement": "ug", "duct_group": "2", "duct_assignment": "10,11,12" }, "geometry": { "type": "Point", "coordinates": [ -119.286835831012823, 35.504322878079904 ] } },
{ "type": "Feature", "properties": { "id": "fd-00551", "input_id": "", "specification": "access_point", "source": "fd-00010", "demand": 2, "placement": "ug", "duct_group": "3", "duct_assignment": "1,2" }, "geometry": { "type": "Point", "coordinates": [ -119.284605964477478, 35.504836361475178 ] } },
{ "type": "Feature", "properties": { "id": "fd-00552", "input_id": "", "specification": "access_point", "source": "fd-00010", "demand": 2, "placement": "ug", "duct_group": "3", "duct_assignment": "3,4" }, "geometry": { "type": "Point", "coordinates": [ -119.284176014388052, 35.504835291655255 ] } },
{ "type": "Feature", "properties": { "id": "fd-00553", "input_id": "", "specification": "access_point", "source": "fd-00010", "demand": 1, "placement": "ug", "duct_group": "3", "duct_assignment": "5" }, "geometry": { "type": "Point", "coordinates": [ -119.283727771675203, 35.504834178819891 ] } },
{ "type": "Feature", "properties": { "id": "fd-00554", "input_id": "", "specification": "access_point", "source": "fd-00010", "demand": 3, "placement": "ug", "duct_group": "3", "duct_assignment": "6,7,8" }, "geometry": { "type": "Point", "coordinates": [ -119.283495732774313, 35.504774851499803 ] } },
{ "type": "Feature", "properties": { "id": "fd-00555", "input_id": "", "specification": "access_point", "source": "fd-00010", "demand": 2, "placement": "ug", "duct_group": "4", "duct_assignment": "1,2" }, "geometry": { "type": "Point", "coordinates": [ -119.284610353820526, 35.504138638409991 ] } },
{ "type": "Feature", "properties": { "id": "fd-00556", "input_id": "", "specification": "access_point", "source": "fd-00010", "demand": 2, "placement": "ug", "duct_group": "4", "duct_assignment": "3,4" }, "geometry": { "type": "Point", "coordinates": [ -119.284163553154016, 35.504137368813851 ] } },
{ "type": "Feature", "properties": { "id": "fd-00557", "input_id": "", "specification": "access_point", "source": "fd-00010", "demand": 2, "placement": "ug", "duct_group": "4", "duct_assignment": "5,6" }, "geometry": { "type": "Point", "coordinates": [ -119.283734098104759, 35.50413613998218 ] } },
{ "type": "Feature", "properties": { "id": "fd-00558", "input_id": "", "specification": "access_point", "source": "fd-00010", "demand": 2, "placement": "ug", "duct_group": "4", "duct_assignment": "7,8" }, "geometry": { "type": "Point", "coordinates": [ -119.283286824086559, 35.504135047911141 ] } },
{ "type": "Feature", "properties": { "id": "fd-00559", "input_id": "", "specification": "access_point", "source": "fd-00010", "demand": 1, "placement": "ug", "duct_group": "4", "duct_assignment": "9" }, "geometry": { "type": "Point", "coordinates": [ -119.283070941529388, 35.504134514515378 ] } },
{ "type": "Feature", "properties": { "id": "fd-00560", "input_id": "", "specification": "access_point", "source": "fd-00010", "demand": 1, "placement": "ug", "duct_group": "5", "duct_assignment": "1" }, "geometry": { "type": "Point", "coordinates": [ -119.284836516943571, 35.506159395974265 ] } },
{ "type": "Feature", "properties": { "id": "fd-00561", "input_id": "", "specification": "access_point", "source": "fd-00010", "demand": 2, "placement": "ug", "duct_group": "5", "duct_assignment": "2,3" }, "geometry": { "type": "Point", "coordinates": [ -119.285244903896952, 35.506474483374689 ] } },
{ "type": "Feature", "properties": { "id": "fd-00562", "input_id": "", "specification": "access_point", "source": "fd-00010", "demand": 2, "placement": "ug", "duct_group": "5", "duct_assignment": "4,5" }, "geometry": { "type": "Point", "coordinates": [ -119.28571461651326, 35.506475688898369 ] } },
{ "type": "Feature", "properties": { "id": "fd-00563", "input_id": "", "specification": "access_point", "source": "fd-00010", "demand": 2, "placement": "ug", "duct_group": "5", "duct_assignment": "6,7" }, "geometry": { "type": "Point", "coordinates": [ -119.286420458019336, 35.506477557568488 ] } },
{ "type": "Feature", "properties": { "id": "fd-00564", "input_id": "", "specification": "access_point", "source": "fd-00010", "demand": 1, "placement": "ug", "duct_group": "5", "duct_assignment": "8" }, "geometry": { "type": "Point", "coordinates": [ -119.286654300304193, 35.506477990000221 ] } },
{ "type": "Feature", "properties": { "id": "fd-00565", "input_id": "", "specification": "access_point", "source": "fd-00010", "demand": 2, "placement": "ug", "duct_group": "5", "duct_assignment": "9,10" }, "geometry": { "type": "Point", "coordinates": [ -119.286617941735358, 35.506620945360822 ] } },
{ "type": "Feature", "properties": { "id": "fd-00566", "input_id": "", "specification": "access_point", "source": "fd-00010", "demand": 2, "placement": "ug", "duct_group": "5", "duct_assignment": "11,12" }, "geometry": { "type": "Point", "coordinates": [ -119.287097434991068, 35.506550894197368 ] } },
{ "type": "Feature", "properties": { "id": "fd-00567", "input_id": "", "specification": "access_point", "source": "fd-00010", "demand": 2, "placement": "ug", "duct_group": "6", "duct_assignment": "1,2" }, "geometry": { "type": "Point", "coordinates": [ -119.284616462895556, 35.504979238535022 ] } },
{ "type": "Feature", "properties": { "id": "fd-00568", "input_id": "", "specification": "access_point", "source": "fd-00010", "demand": 2, "placement": "ug", "duct_group": "6", "duct_assignment": "3,4" }, "geometry": { "type": "Point", "coordinates": [ -119.28416825235378, 35.504978190958973 ] } },
{ "type": "Feature", "properties": { "id": "fd-00569", "input_id": "", "specification": "access_point", "source": "fd-00010", "demand": 1, "placement": "ug", "duct_group": "6", "duct_assignment": "5" }, "geometry": { "type": "Point", "coordinates": [ -119.28373723825564, 35.504977079334402 ] } },
{ "type": "Feature", "properties": { "id": "fd-00570", "input_id": "", "specification": "access_point", "source": "fd-00010", "demand": 4, "placement": "ug", "duct_group": "6", "duct_assignment": "6,7,8,9" }, "geometry": { "type": "Point", "coordinates": [ -119.283504840426232, 35.505032086051365 ] } },
{ "type": "Feature", "properties": { "id": "fd-00571", "input_id": "", "specification": "access_point", "source": "fd-00010", "demand": 2, "placement": "ug", "duct_group": "7", "duct_assignment": "1,2" }, "geometry": { "type": "Point", "coordinates": [ -119.285230077772965, 35.505622685145404 ] } },
{ "type": "Feature", "properties": { "id": "fd-00572", "input_id": "", "specification": "access_point", "source": "fd-00010", "demand": 1, "placement": "ug", "duct_group": "7", "duct_assignment": "3" }, "geometry": { "type": "Point", "coordinates": [ -119.285431604133947, 35.505623074676791 ] } },
{ "type": "Feature", "properties": { "id": "fd-00573", "input_id": "", "specification": "access_point", "source": "fd-00010", "demand": 2, "placement": "ug", "duct_group": "7", "duct_assignment": "4,5" }, "geometry": { "type": "Point", "coordinates": [ -119.285833981522103, 35.505623877840279 ] } },
{ "type": "Feature", "properties": { "id": "fd-00574", "input_id": "", "specification": "access_point", "source": "fd-00010", "demand": 2, "placement": "ug", "duct_group": "7", "duct_assignment": "6,7" }, "geometry": { "type": "Point", "coordinates": [ -119.28623714046941, 35.505624820235404 ] } },
{ "type": "Feature", "properties": { "id": "fd-00575", "input_id": "", "specification": "access_point", "source": "fd-00010", "demand": 2, "placement": "ug", "duct_group": "7", "duct_assignment": "8,9" }, "geometry": { "type": "Point", "coordinates": [ -119.286640654161602, 35.505625888294425 ] } },
{ "type": "Feature", "properties": { "id": "fd-00576", "input_id": "", "specification": "access_point", "source": "fd-00010", "demand": 2, "placement": "ug", "duct_group": "8", "duct_assignment": "1,2" }, "geometry": { "type": "Point", "coordinates": [ -119.28455129304821, 35.503575404438926 ] } },
{ "type": "Feature", "properties": { "id": "fd-00577", "input_id": "", "specification": "access_point", "source": "fd-00010", "demand": 2, "placement": "ug", "duct_group": "8", "duct_assignment": "3,4" }, "geometry": { "type": "Point", "coordinates": [ -119.284067327699404, 35.503573986590666 ] } },
{ "type": "Feature", "properties": { "id": "fd-00578", "input_id": "", "specification": "access_point", "source": "fd-00010", "demand": 2, "placement": "ug", "duct_group": "8", "duct_assignment": "5,6" }, "geometry": { "type": "Point", "coordinates": [ -119.283583445477419, 35.503572594812987 ] } },
{ "type": "Feature", "properties": { "id": "fd-00579", "input_id": "", "specification": "access_point", "source": "fd-00010", "demand": 2, "placement": "ug", "duct_group": "8", "duct_assignment": "7,8" }, "geometry": { "type": "Point", "coordinates": [ -119.283099830352754, 35.503571221778351 ] } },
{ "type": "Feature", "properties": { "id": "fd-00580", "input_id": "", "specification": "access_point", "source": "fd-00010", "demand": 2, "placement": "ug", "duct_group": "9", "duct_assignment": "1,2" }, "geometry": { "type": "Point", "coordinates": [ -119.284616747925384, 35.504281496207284 ] } },
{ "type": "Feature", "properties": { "id": "fd-00581", "input_id": "", "specification": "access_point", "source": "fd-00010", "demand": 2, "placement": "ug", "duct_group": "9", "duct_assignment": "3,4" }, "geometry": { "type": "Point", "coordinates": [ -119.284180153276395, 35.504280254305279 ] } },
{ "type": "Feature", "properties": { "id": "fd-00582", "input_id": "", "specification": "access_point", "source": "fd-00010", "demand": 2, "placement": "ug", "duct_group": "9", "duct_assignment": "5,6" }, "geometry": { "type": "Point", "coordinates": [ -119.283731442113009, 35.504278949909278 ] } },
{ "type": "Feature", "properties": { "id": "fd-00583", "input_id": "", "specification": "access_point", "source": "fd-00010", "demand": 1, "placement": "ug", "duct_group": "9", "duct_assignment": "7" }, "geometry": { "type": "Point", "coordinates": [ -119.283292635087534, 35.504277983951063 ] } },
{ "type": "Feature", "properties": { "id": "fd-00584", "input_id": "", "specification": "access_point", "source": "fd-00010", "demand": 3, "placement": "ug", "duct_group": "9", "duct_assignment": "8,9,10" }, "geometry": { "type": "Point", "coordinates": [ -119.283060178670581, 35.504277371180358 ] } },
{ "type": "Feature", "properties": { "id": "fd-00585", "input_id": "", "specification": "access_point", "source": "fd-00010", "demand": 2, "placement": "ug", "duct_group": "10", "duct_assignment": "1,2" }, "geometry": { "type": "Point", "coordinates": [ -119.285257160649564, 35.504837885646722 ] } },
{ "type": "Feature", "properties": { "id": "fd-00586", "input_id": "", "specification": "access_point", "source": "fd-00010", "demand": 2, "placement": "ug", "duct_group": "10", "duct_assignment": "3,4" }, "geometry": { "type": "Point", "coordinates": [ -119.285707428427344, 35.504838925753944 ] } },
{ "type": "Feature", "properties": { "id": "fd-00587", "input_id": "", "specification": "access_point", "source": "fd-00010", "demand": 2, "placement": "ug", "duct_group": "10", "duct_assignment": "5,6" }, "geometry": { "type": "Point", "coordinates": [ -119.286144369134462, 35.50484003695604 ] } },
{ "type": "Feature", "properties": { "id": "fd-00588", "input_id": "", "specification": "access_point", "source": "fd-00010", "demand": 1, "placement": "ug", "duct_group": "10", "duct_assignment": "7" }, "geometry": { "type": "Point", "coordinates": [ -119.286362892394493, 35.504840626574605 ] } },
{ "type": "Feature", "properties": { "id": "fd-00589", "input_id": "", "specification": "access_point", "source": "fd-00010", "demand": 2, "placement": "ug", "duct_group": "10", "duct_assignment": "8,9" }, "geometry": { "type": "Point", "coordinates": [ -119.285708794166069, 35.504284003783717 ] } },
{ "type": "Feature", "properties": { "id": "fd-00590", "input_id": "", "specification": "access_point", "source": "fd-00010", "demand": 1, "placement": "ug", "duct_group": "10", "duct_assignment": "10" }, "geometry": { "type": "Point", "coordinates": [ -119.286145786266488, 35.504285136045567 ] } },
{ "type": "Feature", "properties": { "id": "fd-00591", "input_id": "", "specification": "access_point", "source": "fd-00010", "demand": 2, "placement": "ug", "duct_group": "10", "duct_assignment": "11,12" }, "geometry": { "type": "Point", "coordinates": [ -119.286364322576574, 35.504285738129049 ] } },
{ "type": "Feature", "properties": { "id": "fd-00592", "input_id": "", "specification": "access_point", "source": "fd-00010", "demand": 2, "placement": "ug", "duct_group": "11", "duct_assignment": "1,2" }, "geometry": { "type": "Point", "coordinates": [ -119.285330847119482, 35.503577117179852 ] } },
{ "type": "Feature", "properties": { "id": "fd-00593", "input_id": "", "specification": "access_point", "source": "fd-00010", "demand": 2, "placement": "ug", "duct_group": "11", "duct_assignment": "3,4" }, "geometry": { "type": "Point", "coordinates": [ -119.285865250850165, 35.50357838910876 ] } },
{ "type": "Feature", "properties": { "id": "fd-00594", "input_id": "", "specification": "access_point", "source": "fd-00010", "demand": 2, "placement": "ug", "duct_group": "11", "duct_assignment": "5,6" }, "geometry": { "type": "Point", "coordinates": [ -119.286393098553958, 35.503579901292014 ] } },
{ "type": "Feature", "properties": { "id": "fd-00595", "input_id": "", "specification": "access_point", "source": "fd-00010", "demand": 1, "placement": "ug", "duct_group": "11", "duct_assignment": "7" }, "geometry": { "type": "Point", "coordinates": [ -119.287407566869206, 35.503554085728908 ] } },
{ "type": "Feature", "properties": { "id": "fd-00596", "input_id": "", "specification": "access_point", "source": "fd-00010", "demand": 2, "placement": "ug", "duct_group": "11", "duct_assignment": "8,9" }, "geometry": { "type": "Point", "coordinates": [ -119.287871190795769, 35.503555390777784 ] } },
{ "type": "Feature", "properties": { "id": "fd-00597", "input_id": "", "specification": "access_point", "source": "fd-00010", "demand": 2, "placement": "ug", "duct_group": "11", "duct_assignment": "10,11" }, "geometry": { "type": "Point", "coordinates": [ -119.288321378118908, 35.503556657339352 ] } },
{ "type": "Feature", "properties": { "id": "fd-00598", "input_id": "", "specification": "access_point", "source": "fd-00011", "demand": 2, "placement": "ug", "duct_group": "0", "duct_assignment": "1,2" }, "geometry": { "type": "Point", "coordinates": [ -119.283961669679883, 35.507773993926108 ] } },
{ "type": "Feature", "properties": { "id": "fd-00599", "input_id": "", "specification": "access_point", "source": "fd-00011", "demand": 2, "placement": "ug", "duct_group": "0", "duct_assignment": "3,4" }, "geometry": { "type": "Point", "coordinates": [ -119.283957596292694, 35.508463233389826 ] } },
{ "type": "Feature", "properties": { "id": "fd-00600", "input_id": "", "specification": "access_point", "source": "fd-00011", "demand": 2, "placement": "ug", "duct_group": "1", "duct_assignment": "1,2" }, "geometry": { "type": "Point", "coordinates": [ -119.28174699480661, 35.507031808550451 ] } },
{ "type": "Feature", "properties": { "id": "fd-00601", "input_id": "", "specification": "access_point", "source": "fd-00011", "demand": 2, "placement": "ug", "duct_group": "2", "duct_assignment": "1,2" }, "geometry": { "type": "Point", "coordinates": [ -119.283738631162507, 35.506317464325321 ] } },
{ "type": "Feature", "properties": { "id": "fd-00602", "input_id": "", "specification": "access_point", "source": "fd-00011", "demand": 2, "placement": "ug", "duct_group": "2", "duct_assignment": "3,4" }, "geometry": { "type": "Point", "coordinates": [ -119.283742095748082, 35.505987808451103 ] } },
{ "type": "Feature", "properties": { "id": "fd-00603", "input_id": "", "specification": "access_point", "source": "fd-00011", "demand": 1, "placement": "ug", "duct_group": "2", "duct_assignment": "5" }, "geometry": { "type": "Point", "coordinates": [ -119.283745596592524, 35.505658146746526 ] } },
{ "type": "Feature", "properties": { "id": "fd-00604", "input_id": "", "specification": "access_point", "source": "fd-00011", "demand": 2, "placement": "ug", "duct_group": "2", "duct_assignment": "6,7" }, "geometry": { "type": "Point", "coordinates": [ -119.28382161025911, 35.505459547218884 ] } },
{ "type": "Feature", "properties": { "id": "fd-00605", "input_id": "", "specification": "access_point", "source": "fd-00011", "demand": 5, "placement": "ug", "duct_group": "2", "duct_assignment": "8,9,10,11,12" }, "geometry": { "type": "Point", "coordinates": [ -119.283491831857177, 35.505490905796904 ] } },
{ "type": "Feature", "properties": { "id": "fd-00606", "input_id": "", "specification": "access_point", "source": "fd-00011", "demand": 2, "placement": "ug", "duct_group": "3", "duct_assignment": "1,2" }, "geometry": { "type": "Point", "coordinates": [ -119.28396493288443, 35.507221510068135 ] } },
{ "type": "Feature", "properties": { "id": "fd-00607", "input_id": "", "specification": "access_point", "source": "fd-00011", "demand": 2, "placement": "ug", "duct_group": "4", "duct_assignment": "1,2" }, "geometry": { "type": "Point", "coordinates": [ -119.283575361427339, 35.507399271419303 ] } },
{ "type": "Feature", "properties": { "id": "fd-00608", "input_id": "", "specification": "access_point", "source": "fd-00011", "demand": 2, "placement": "ug", "duct_group": "4", "duct_assignment": "3,4" }, "geometry": { "type": "Point", "coordinates": [ -119.283573222891278, 35.507729108848139 ] } },
{ "type": "Feature", "properties": { "id": "fd-00609", "input_id": "", "specification": "access_point", "source": "fd-00011", "demand": 2, "placement": "ug", "duct_group": "4", "duct_assignment": "5,6" }, "geometry": { "type": "Point", "coordinates": [ -119.283960857199119, 35.507911375260427 ] } },
{ "type": "Feature", "properties": { "id": "fd-00610", "input_id": "", "specification": "access_point", "source": "fd-00011", "demand": 2, "placement": "ug", "duct_group": "4", "duct_assignment": "7,8" }, "geometry": { "type": "Point", "coordinates": [ -119.28436461429321, 35.507912496137074 ] } },
{ "type": "Feature", "properties": { "id": "fd-00611", "input_id": "", "specification": "access_point", "source": "fd-00011", "demand": 2, "placement": "ug", "duct_group": "4", "duct_assignment": "9,10" }, "geometry": { "type": "Point", "coordinates": [ -119.284768371046084, 35.507913593156815 ] } },
{ "type": "Feature", "properties": { "id": "fd-00612", "input_id": "", "specification": "access_point", "source": "fd-00011", "demand": 2, "placement": "ug", "duct_group": "5", "duct_assignment": "1,2" }, "geometry": { "type": "Point", "coordinates": [ -119.283733538305, 35.506811906407002 ] } },
{ "type": "Feature", "properties": { "id": "fd-00613", "input_id": "", "specification": "access_point", "source": "fd-00011", "demand": 1, "placement": "ug", "duct_group": "5", "duct_assignment": "3" }, "geometry": { "type": "Point", "coordinates": [ -119.283735212601044, 35.506647104352069 ] } },
{ "type": "Feature", "properties": { "id": "fd-00614", "input_id": "", "specification": "access_point", "source": "fd-00011", "demand": 1, "placement": "ug", "duct_group": "5", "duct_assignment": "4" }, "geometry": { "type": "Point", "coordinates": [ -119.28356361096489, 35.506326656249634 ] } },
{ "type": "Feature", "properties": { "id": "fd-00615", "input_id": "", "specification": "access_point", "source": "fd-00011", "demand": 2, "placement": "ug", "duct_group": "5", "duct_assignment": "5,6" }, "geometry": { "type": "Point", "coordinates": [ -119.283565340319868, 35.506161829256733 ] } },
{ "type": "Feature", "properties": { "id": "fd-00616", "input_id": "", "specification": "access_point", "source": "fd-00011", "demand": 2, "placement": "ug", "duct_group": "5", "duct_assignment": "7,8" }, "geometry": { "type": "Point", "coordinates": [ -119.283568820995939, 35.505832171403512 ] } },
{ "type": "Feature", "properties": { "id": "fd-00617", "input_id": "", "specification": "access_point", "source": "fd-00011", "demand": 2, "placement": "ug", "duct_group": "6", "duct_assignment": "1,2" }, "geometry": { "type": "Point", "coordinates": [ -119.284368280340502, 35.507222593713195 ] } },
{ "type": "Feature", "properties": { "id": "fd-00618", "input_id": "", "specification": "access_point", "source": "fd-00011", "demand": 2, "placement": "ug", "duct_group": "6", "duct_assignment": "3,4" }, "geometry": { "type": "Point", "coordinates": [ -119.284771628881174, 35.507223674220825 ] } },
{ "type": "Feature", "properties": { "id": "fd-00619", "input_id": "", "specification": "access_point", "source": "fd-00011", "demand": 2, "placement": "ug", "duct_group": "6", "duct_assignment": "5,6" }, "geometry": { "type": "Point", "coordinates": [ -119.285228948024923, 35.506617339446457 ] } },
{ "type": "Feature", "properties": { "id": "fd-00620", "input_id": "", "specification": "access_point", "source": "fd-00011", "demand": 2, "placement": "ug", "duct_group": "6", "duct_assignment": "7,8" }, "geometry": { "type": "Point", "coordinates": [ -119.28566620366415, 35.506618460871159 ] } },
{ "type": "Feature", "properties": { "id": "fd-00621", "input_id": "", "specification": "access_point", "source": "fd-00011", "demand": 3, "placement": "ug", "duct_group": "6", "duct_assignment": "9,10,11" }, "geometry": { "type": "Point", "coordinates": [ -119.286120809568501, 35.506619675028858 ] } },
{ "type": "Feature", "properties": { "id": "fd-00622", "input_id": "", "specification": "access_point", "source": "fd-00011", "demand": 2, "placement": "ug", "duct_group": "7", "duct_assignment": "1,2" }, "geometry": { "type": "Point", "coordinates": [ -119.283571086396293, 35.508058795682977 ] } },
{ "type": "Feature", "properties": { "id": "fd-00623", "input_id": "", "specification": "access_point", "source": "fd-00011", "demand": 2, "placement": "ug", "duct_group": "7", "duct_assignment": "3,4" }, "geometry": { "type": "Point", "coordinates": [ -119.283501653750108, 35.508417874045058 ] } },
{ "type": "Feature", "properties": { "id": "fd-00624", "input_id": "", "specification": "access_point", "source": "fd-00011", "demand": 2, "placement": "ug", "duct_group": "7", "duct_assignment": "5,6" }, "geometry": { "type": "Point", "coordinates": [ -119.283639461998419, 35.50861532025062 ] } },
{ "type": "Feature", "properties": { "id": "fd-00625", "input_id": "", "specification": "access_point", "source": "fd-00011", "demand": 2, "placement": "ug", "duct_group": "7", "duct_assignment": "7,8" }, "geometry": { "type": "Point", "coordinates": [ -119.284056940566757, 35.508600711449034 ] } },
{ "type": "Feature", "properties": { "id": "fd-00626", "input_id": "", "specification": "access_point", "source": "fd-00011", "demand": 2, "placement": "ug", "duct_group": "7", "duct_assignment": "9,10" }, "geometry": { "type": "Point", "coordinates": [ -119.284464474287773, 35.508601819623827 ] } },
{ "type": "Feature", "properties": { "id": "fd-00627", "input_id": "", "specification": "access_point", "source": "fd-00011", "demand": 2, "placement": "ug", "duct_group": "7", "duct_assignment": "11,12" }, "geometry": { "type": "Point", "coordinates": [ -119.284872007893057, 35.508602918336663 ] } },
{ "type": "Feature", "properties": { "id": "fd-00628", "input_id": "", "specification": "access_point", "source": "fd-00012", "demand": 2, "placement": "ug", "duct_group": "0", "duct_assignment": "1,2" }, "geometry": { "type": "Point", "coordinates": [ -119.281004013750689, 35.492469298633516 ] } },
{ "type": "Feature", "properties": { "id": "fd-00629", "input_id": "", "specification": "access_point", "source": "fd-00012", "demand": 1, "placement": "ug", "duct_group": "1", "duct_assignment": "1" }, "geometry": { "type": "Point", "coordinates": [ -119.281846208670174, 35.491922305393501 ] } },
{ "type": "Feature", "properties": { "id": "fd-00630", "input_id": "", "specification": "access_point", "source": "fd-00012", "demand": 1, "placement": "ug", "duct_group": "1", "duct_assignment": "2" }, "geometry": { "type": "Point", "coordinates": [ -119.282524085846603, 35.490083424217893 ] } },
{ "type": "Feature", "properties": { "id": "fd-00631", "input_id": "", "specification": "access_point", "source": "fd-00012", "demand": 1, "placement": "ug", "duct_group": "1", "duct_assignment": "3" }, "geometry": { "type": "Point", "coordinates": [ -119.282571736652699, 35.489918998516757 ] } },
{ "type": "Feature", "properties": { "id": "fd-00632", "input_id": "", "specification": "access_point", "source": "fd-00012", "demand": 1, "placement": "ug", "duct_group": "1", "duct_assignment": "4" }, "geometry": { "type": "Point", "coordinates": [ -119.282598654381189, 35.489818364256067 ] } },
{ "type": "Feature", "properties": { "id": "fd-00633", "input_id": "", "specification": "access_point", "source": "fd-00012", "demand": 2, "placement": "ug", "duct_group": "1", "duct_assignment": "5,6" }, "geometry": { "type": "Point", "coordinates": [ -119.282534653766248, 35.489693816265884 ] } },
{ "type": "Feature", "properties": { "id": "fd-00634", "input_id": "", "specification": "access_point", "source": "fd-00012", "demand": 2, "placement": "ug", "duct_group": "1", "duct_assignment": "7,8" }, "geometry": { "type": "Point", "coordinates": [ -119.282292386490226, 35.489577526295271 ] } },
{ "type": "Feature", "properties": { "id": "fd-00635", "input_id": "", "specification": "access_point", "source": "fd-00012", "demand": 2, "placement": "ug", "duct_group": "1", "duct_assignment": "9,10" }, "geometry": { "type": "Point", "coordinates": [ -119.281865585402059, 35.489625059293552 ] } },
{ "type": "Feature", "properties": { "id": "fd-00636", "input_id": "", "specification": "access_point", "source": "fd-00012", "demand": 2, "placement": "ug", "duct_group": "1", "duct_assignment": "11,12" }, "geometry": { "type": "Point", "coordinates": [ -119.281462529076435, 35.489623881466173 ] } },
{ "type": "Feature", "properties": { "id": "fd-00637", "input_id": "", "specification": "access_point", "source": "fd-00012", "demand": 2, "placement": "ug", "duct_group": "2", "duct_assignment": "1,2" }, "geometry": { "type": "Point", "coordinates": [ -119.282126207353869, 35.490473658004099 ] } },
{ "type": "Feature", "properties": { "id": "fd-00638", "input_id": "", "specification": "access_point", "source": "fd-00012", "demand": 2, "placement": "ug", "duct_group": "2", "duct_assignment": "3,4" }, "geometry": { "type": "Point", "coordinates": [ -119.282130213121576, 35.490330817054108 ] } },
{ "type": "Feature", "properties": { "id": "fd-00639", "input_id": "", "specification": "access_point", "source": "fd-00012", "demand": 1, "placement": "ug", "duct_group": "2", "duct_assignment": "5" }, "geometry": { "type": "Point", "coordinates": [ -119.28172314593057, 35.490472491858021 ] } },
{ "type": "Feature", "properties": { "id": "fd-00640", "input_id": "", "specification": "access_point", "source": "fd-00012", "demand": 2, "placement": "ug", "duct_group": "2", "duct_assignment": "6,7" }, "geometry": { "type": "Point", "coordinates": [ -119.281521613046266, 35.490473889542727 ] } },
{ "type": "Feature", "properties": { "id": "fd-00641", "input_id": "", "specification": "access_point", "source": "fd-00012", "demand": 1, "placement": "ug", "duct_group": "2", "duct_assignment": "8" }, "geometry": { "type": "Point", "coordinates": [ -119.281727151282652, 35.490329650031363 ] } },
{ "type": "Feature", "properties": { "id": "fd-00642", "input_id": "", "specification": "access_point", "source": "fd-00012", "demand": 2, "placement": "ug", "duct_group": "2", "duct_assignment": "9,10" }, "geometry": { "type": "Point", "coordinates": [ -119.28152563271243, 35.490327701658536 ] } },
{ "type": "Feature", "properties": { "id": "fd-00643", "input_id": "", "specification": "access_point", "source": "fd-00012", "demand": 1, "placement": "ug", "duct_group": "2", "duct_assignment": "11" }, "geometry": { "type": "Point", "coordinates": [ -119.28119128055188, 35.490390732623908 ] } },
{ "type": "Feature", "properties": { "id": "fd-00644", "input_id": "", "specification": "access_point", "source": "fd-00012", "demand": 2, "placement": "ug", "duct_group": "3", "duct_assignment": "1,2" }, "geometry": { "type": "Point", "coordinates": [ -119.282132695020636, 35.489768687555554 ] } },
{ "type": "Feature", "properties": { "id": "fd-00645", "input_id": "", "specification": "access_point", "source": "fd-00012", "demand": 2, "placement": "ug", "duct_group": "3", "duct_assignment": "3,4" }, "geometry": { "type": "Point", "coordinates": [ -119.281729630357674, 35.489767516091966 ] } },
{ "type": "Feature", "properties": { "id": "fd-00646", "input_id": "", "specification": "access_point", "source": "fd-00012", "demand": 2, "placement": "ug", "duct_group": "3", "duct_assignment": "5,6" }, "geometry": { "type": "Point", "coordinates": [ -119.281306463569237, 35.489815169673506 ] } },
{ "type": "Feature", "properties": { "id": "fd-00647", "input_id": "", "specification": "access_point", "source": "fd-00012", "demand": 2, "placement": "ug", "duct_group": "3", "duct_assignment": "7,8" }, "geometry": { "type": "Point", "coordinates": [ -119.281071733942994, 35.489709765808897 ] } },
{ "type": "Feature", "properties": { "id": "fd-00648", "input_id": "", "specification": "access_point", "source": "fd-00012", "demand": 2, "placement": "ug", "duct_group": "3", "duct_assignment": "9,10" }, "geometry": { "type": "Point", "coordinates": [ -119.281061082728883, 35.489411935877172 ] } },
{ "type": "Feature", "properties": { "id": "fd-00649", "input_id": "", "specification": "access_point", "source": "fd-00012", "demand": 2, "placement": "ug", "duct_group": "3", "duct_assignment": "11,12" }, "geometry": { "type": "Point", "coordinates": [ -119.281464991969301, 35.489069714856541 ] } },
{ "type": "Feature", "properties": { "id": "fd-00650", "input_id": "", "specification": "access_point", "source": "fd-00012", "demand": 1, "placement": "ug", "duct_group": "4", "duct_assignment": "1" }, "geometry": { "type": "Point", "coordinates": [ -119.281642231380175, 35.492471151985178 ] } },
{ "type": "Feature", "properties": { "id": "fd-00651", "input_id": "", "specification": "access_point", "source": "fd-00012", "demand": 2, "placement": "ug", "duct_group": "4", "duct_assignment": "2,3" }, "geometry": { "type": "Point", "coordinates": [ -119.281843774759679, 35.49247173888017 ] } },
{ "type": "Feature", "properties": { "id": "fd-00652", "input_id": "", "specification": "access_point", "source": "fd-00012", "demand": 2, "placement": "ug", "duct_group": "4", "duct_assignment": "4,5" }, "geometry": { "type": "Point", "coordinates": [ -119.282246862657459, 35.492472913469548 ] } },
{ "type": "Feature", "properties": { "id": "fd-00653", "input_id": "", "specification": "access_point", "source": "fd-00012", "demand": 2, "placement": "ug", "duct_group": "4", "duct_assignment": "6,7" }, "geometry": { "type": "Point", "coordinates": [ -119.282649956146955, 35.49247409118562 ] } },
{ "type": "Feature", "properties": { "id": "fd-00654", "input_id": "", "specification": "access_point", "source": "fd-00012", "demand": 2, "placement": "ug", "duct_group": "4", "duct_assignment": "8,9" }, "geometry": { "type": "Point", "coordinates": [ -119.283087565449961, 35.492475375053445 ] } },
{ "type": "Feature", "properties": { "id": "fd-00655", "input_id": "", "specification": "access_point", "source": "fd-00012", "demand": 2, "placement": "ug", "duct_group": "5", "duct_assignment": "1,2" }, "geometry": { "type": "Point", "coordinates": [ -119.281507449791235, 35.491756496228348 ] } },
{ "type": "Feature", "properties": { "id": "fd-00656", "input_id": "", "specification": "access_point", "source": "fd-00012", "demand": 1, "placement": "ug", "duct_group": "5", "duct_assignment": "3" }, "geometry": { "type": "Point", "coordinates": [ -119.281905745005147, 35.491757650665917 ] } },
{ "type": "Feature", "properties": { "id": "fd-00657", "input_id": "", "specification": "access_point", "source": "fd-00012", "demand": 2, "placement": "ug", "duct_group": "5", "duct_assignment": "4,5" }, "geometry": { "type": "Point", "coordinates": [ -119.282104898161251, 35.491758229596186 ] } },
{ "type": "Feature", "properties": { "id": "fd-00658", "input_id": "", "specification": "access_point", "source": "fd-00012", "demand": 2, "placement": "ug", "duct_group": "5", "duct_assignment": "6,7" }, "geometry": { "type": "Point", "coordinates": [ -119.2825271225812, 35.491237229654828 ] } },
{ "type": "Feature", "properties": { "id": "fd-00659", "input_id": "", "specification": "access_point", "source": "fd-00012", "demand": 2, "placement": "ug", "duct_group": "5", "duct_assignment": "8,9" }, "geometry": { "type": "Point", "coordinates": [ -119.282528589964812, 35.490907575616951 ] } },
{ "type": "Feature", "properties": { "id": "fd-00660", "input_id": "", "specification": "access_point", "source": "fd-00012", "demand": 1, "placement": "ug", "duct_group": "5", "duct_assignment": "10" }, "geometry": { "type": "Point", "coordinates": [ -119.282515887994009, 35.49074270896709 ] } },
{ "type": "Feature", "properties": { "id": "fd-00661", "input_id": "", "specification": "access_point", "source": "fd-00012", "demand": 2, "placement": "ug", "duct_group": "5", "duct_assignment": "11,12" }, "geometry": { "type": "Point", "coordinates": [ -119.282519987452559, 35.49041306435501 ] } },
{ "type": "Feature", "properties": { "id": "fd-00662", "input_id": "", "specification": "access_point", "source": "fd-00013", "demand": 1, "placement": "ug", "duct_group": "0", "duct_assignment": "1" }, "geometry": { "type": "Point", "coordinates": [ -119.282377363009957, 35.506075008953374 ] } },
{ "type": "Feature", "properties": { "id": "fd-00663", "input_id": "", "specification": "access_point", "source": "fd-00013", "demand": 2, "placement": "ug", "duct_group": "0", "duct_assignment": "2,3" }, "geometry": { "type": "Point", "coordinates": [ -119.2821500544309, 35.506074784180001 ] } },
{ "type": "Feature", "properties": { "id": "fd-00664", "input_id": "", "specification": "access_point", "source": "fd-00013", "demand": 3, "placement": "ug", "duct_group": "0", "duct_assignment": "4,5,6" }, "geometry": { "type": "Point", "coordinates": [ -119.281695352983959, 35.506074229691869 ] } },
{ "type": "Feature", "properties": { "id": "fd-00665", "input_id": "", "specification": "access_point", "source": "fd-00013", "demand": 3, "placement": "ug", "duct_group": "0", "duct_assignment": "7,8,9" }, "geometry": { "type": "Point", "coordinates": [ -119.281240577325235, 35.506073579651236 ] } },
{ "type": "Feature", "properties": { "id": "fd-00666", "input_id": "", "specification": "access_point", "source": "fd-00013", "demand": 2, "placement": "ug", "duct_group": "0", "duct_assignment": "10,11" }, "geometry": { "type": "Point", "coordinates": [ -119.280785630542965, 35.506072769266765 ] } },
{ "type": "Feature", "properties": { "id": "fd-00667", "input_id": "", "specification": "access_point", "source": "fd-00013", "demand": 3, "placement": "ug", "duct_group": "1", "duct_assignment": "1,2,3" }, "geometry": { "type": "Point", "coordinates": [ -119.282210207625511, 35.506217694131799 ] } },
{ "type": "Feature", "properties": { "id": "fd-00668", "input_id": "", "specification": "access_point", "source": "fd-00013", "demand": 4, "placement": "ug", "duct_group": "2", "duct_assignment": "1,2,3,4" }, "geometry": { "type": "Point", "coordinates": [ -119.282767396003976, 35.506320382702654 ] } },
{ "type": "Feature", "properties": { "id": "fd-00669", "input_id": "", "specification": "access_point", "source": "fd-00013", "demand": 2, "placement": "ug", "duct_group": "3", "duct_assignment": "1,2" }, "geometry": { "type": "Point", "coordinates": [ -119.282379121893968, 35.505301586842478 ] } },
{ "type": "Feature", "properties": { "id": "fd-00670", "input_id": "", "specification": "access_point", "source": "fd-00013", "demand": 1, "placement": "ug", "duct_group": "3", "duct_assignment": "3" }, "geometry": { "type": "Point", "coordinates": [ -119.282151853643512, 35.505301054305527 ] } },
{ "type": "Feature", "properties": { "id": "fd-00671", "input_id": "", "specification": "access_point", "source": "fd-00013", "demand": 2, "placement": "ug", "duct_group": "3", "duct_assignment": "4,5" }, "geometry": { "type": "Point", "coordinates": [ -119.281697216439923, 35.505299891672863 ] } },
{ "type": "Feature", "properties": { "id": "fd-00672", "input_id": "", "specification": "access_point", "source": "fd-00013", "demand": 2, "placement": "ug", "duct_group": "3", "duct_assignment": "6,7" }, "geometry": { "type": "Point", "coordinates": [ -119.281242498671958, 35.505298649779029 ] } },
{ "type": "Feature", "properties": { "id": "fd-00673", "input_id": "", "specification": "access_point", "source": "fd-00013", "demand": 2, "placement": "ug", "duct_group": "3", "duct_assignment": "8,9" }, "geometry": { "type": "Point", "coordinates": [ -119.280787607640463, 35.505297251169729 ] } },
{ "type": "Feature", "properties": { "id": "fd-00674", "input_id": "", "specification": "access_point", "source": "fd-00013", "demand": 1, "placement": "ug", "duct_group": "4", "duct_assignment": "1" }, "geometry": { "type": "Point", "coordinates": [ -119.282584291371194, 35.506561352905798 ] } },
{ "type": "Feature", "properties": { "id": "fd-00675", "input_id": "", "specification": "access_point", "source": "fd-00013", "demand": 2, "placement": "ug", "duct_group": "4", "duct_assignment": "2,3" }, "geometry": { "type": "Point", "coordinates": [ -119.282786310487467, 35.506679758460145 ] } },
{ "type": "Feature", "properties": { "id": "fd-00676", "input_id": "", "specification": "access_point", "source": "fd-00013", "demand": 1, "placement": "ug", "duct_group": "4", "duct_assignment": "4" }, "geometry": { "type": "Point", "coordinates": [ -119.28313714845055, 35.506644927220663 ] } },
{ "type": "Feature", "properties": { "id": "fd-00677", "input_id": "", "specification": "access_point", "source": "fd-00013", "demand": 2, "placement": "ug", "duct_group": "4", "duct_assignment": "5,6" }, "geometry": { "type": "Point", "coordinates": [ -119.283338972821298, 35.506645466725729 ] } },
{ "type": "Feature", "properties": { "id": "fd-00678", "input_id": "", "specification": "access_point", "source": "fd-00014", "demand": 1, "placement": "ug", "duct_group": "0", "duct_assignment": "1" }, "geometry": { "type": "Point", "coordinates": [ -119.280081106785573, 35.492315518306803 ] } },
{ "type": "Feature", "properties": { "id": "fd-00679", "input_id": "", "specification": "access_point", "source": "fd-00014", "demand": 2, "placement": "ug", "duct_group": "0", "duct_assignment": "2,3" }, "geometry": { "type": "Point", "coordinates": [ -119.280270866815101, 35.491195264766077 ] } },
{ "type": "Feature", "properties": { "id": "fd-00680", "input_id": "", "specification": "access_point", "source": "fd-00014", "demand": 1, "placement": "ug", "duct_group": "0", "duct_assignment": "4" }, "geometry": { "type": "Point", "coordinates": [ -119.280492124146463, 35.491195909877341 ] } },
{ "type": "Feature", "properties": { "id": "fd-00681", "input_id": "", "specification": "access_point", "source": "fd-00014", "demand": 2, "placement": "ug", "duct_group": "0", "duct_assignment": "5,6" }, "geometry": { "type": "Point", "coordinates": [ -119.280912540537003, 35.491198733521266 ] } },
{ "type": "Feature", "properties": { "id": "fd-00682", "input_id": "", "specification": "access_point", "source": "fd-00014", "demand": 1, "placement": "ug", "duct_group": "0", "duct_assignment": "7" }, "geometry": { "type": "Point", "coordinates": [ -119.281111673626825, 35.49119931605879 ] } },
{ "type": "Feature", "properties": { "id": "fd-00683", "input_id": "", "specification": "access_point", "source": "fd-00014", "demand": 2, "placement": "ug", "duct_group": "0", "duct_assignment": "8,9" }, "geometry": { "type": "Point", "coordinates": [ -119.281509946384574, 35.491200477393349 ] } },
{ "type": "Feature", "properties": { "id": "fd-00684", "input_id": "", "specification": "access_point", "source": "fd-00014", "demand": 2, "placement": "ug", "duct_group": "0", "duct_assignment": "10,11" }, "geometry": { "type": "Point", "coordinates": [ -119.281908232377177, 35.491201637299376 ] } },
{ "type": "Feature", "properties": { "id": "fd-00685", "input_id": "", "specification": "access_point", "source": "fd-00014", "demand": 1, "placement": "ug", "duct_group": "0", "duct_assignment": "12" }, "geometry": { "type": "Point", "coordinates": [ -119.28210738199644, 35.491202217149969 ] } },
{ "type": "Feature", "properties": { "id": "fd-00686", "input_id": "", "specification": "access_point", "source": "fd-00014", "demand": 2, "placement": "ug", "duct_group": "1", "duct_assignment": "1,2" }, "geometry": { "type": "Point", "coordinates": [ -119.27990650411725, 35.492310912652506 ] } },
{ "type": "Feature", "properties": { "id": "fd-00687", "input_id": "", "specification": "access_point", "source": "fd-00014", "demand": 2, "placement": "ug", "duct_group": "1", "duct_assignment": "3,4" }, "geometry": { "type": "Point", "coordinates": [ -119.279907734131939, 35.49203619405462 ] } },
{ "type": "Feature", "properties": { "id": "fd-00688", "input_id": "", "specification": "access_point", "source": "fd-00014", "demand": 2, "placement": "ug", "duct_group": "1", "duct_assignment": "5,6" }, "geometry": { "type": "Point", "coordinates": [ -119.280267660455408, 35.491906729055628 ] } },
{ "type": "Feature", "properties": { "id": "fd-00689", "input_id": "", "specification": "access_point", "source": "fd-00014", "demand": 2, "placement": "ug", "duct_group": "1", "duct_assignment": "7,8" }, "geometry": { "type": "Point", "coordinates": [ -119.280268306651578, 35.491763874603649 ] } },
{ "type": "Feature", "properties": { "id": "fd-00690", "input_id": "", "specification": "access_point", "source": "fd-00014", "demand": 2, "placement": "ug", "duct_group": "1", "duct_assignment": "9,10" }, "geometry": { "type": "Point", "coordinates": [ -119.280710903475807, 35.491754183021818 ] } },
{ "type": "Feature", "properties": { "id": "fd-00691", "input_id": "", "specification": "access_point", "source": "fd-00014", "demand": 2, "placement": "ug", "duct_group": "1", "duct_assignment": "11,12" }, "geometry": { "type": "Point", "coordinates": [ -119.281109168942208, 35.491755342153269 ] } },
{ "type": "Feature", "properties": { "id": "fd-00692", "input_id": "", "specification": "access_point", "source": "fd-00014", "demand": 1, "placement": "ug", "duct_group": "2", "duct_assignment": "1" }, "geometry": { "type": "Point", "coordinates": [ -119.279910819503101, 35.491349391012818 ] } },
{ "type": "Feature", "properties": { "id": "fd-00693", "input_id": "", "specification": "access_point", "source": "fd-00014", "demand": 2, "placement": "ug", "duct_group": "2", "duct_assignment": "2,3" }, "geometry": { "type": "Point", "coordinates": [ -119.280356812582141, 35.491052658290677 ] } },
{ "type": "Feature", "properties": { "id": "fd-00694", "input_id": "", "specification": "access_point", "source": "fd-00014", "demand": 2, "placement": "ug", "duct_group": "2", "duct_assignment": "4,5" }, "geometry": { "type": "Point", "coordinates": [ -119.280714151173612, 35.491033309617734 ] } },
{ "type": "Feature", "properties": { "id": "fd-00695", "input_id": "", "specification": "access_point", "source": "fd-00014", "demand": 2, "placement": "ug", "duct_group": "2", "duct_assignment": "6,7" }, "geometry": { "type": "Point", "coordinates": [ -119.281112413400464, 35.491034484961233 ] } },
{ "type": "Feature", "properties": { "id": "fd-00696", "input_id": "", "specification": "access_point", "source": "fd-00014", "demand": 2, "placement": "ug", "duct_group": "2", "duct_assignment": "8,9" }, "geometry": { "type": "Point", "coordinates": [ -119.281510684285763, 35.491035648107378 ] } },
{ "type": "Feature", "properties": { "id": "fd-00697", "input_id": "", "specification": "access_point", "source": "fd-00014", "demand": 1, "placement": "ug", "duct_group": "2", "duct_assignment": "10" }, "geometry": { "type": "Point", "coordinates": [ -119.281908969507867, 35.491036809813536 ] } },
{ "type": "Feature", "properties": { "id": "fd-00698", "input_id": "", "specification": "access_point", "source": "fd-00014", "demand": 2, "placement": "ug", "duct_group": "2", "duct_assignment": "11,12" }, "geometry": { "type": "Point", "coordinates": [ -119.282108118727848, 35.491037389663035 ] } },
{ "type": "Feature", "properties": { "id": "fd-00699", "input_id": "", "specification": "access_point", "source": "fd-00014", "demand": 2, "placement": "ug", "duct_group": "3", "duct_assignment": "1,2" }, "geometry": { "type": "Point", "coordinates": [ -119.280600938262964, 35.492468136063927 ] } },
{ "type": "Feature", "properties": { "id": "fd-00700", "input_id": "", "specification": "access_point", "source": "fd-00014", "demand": 2, "placement": "ug", "duct_group": "3", "duct_assignment": "3,4" }, "geometry": { "type": "Point", "coordinates": [ -119.280378007316926, 35.492712929439136 ] } },
{ "type": "Feature", "properties": { "id": "fd-00701", "input_id": "", "specification": "access_point", "source": "fd-00014", "demand": 2, "placement": "ug", "duct_group": "3", "duct_assignment": "5,6" }, "geometry": { "type": "Point", "coordinates": [ -119.279995102071439, 35.49271181343142 ] } },
{ "type": "Feature", "properties": { "id": "fd-00702", "input_id": "", "specification": "access_point", "source": "fd-00014", "demand": 2, "placement": "ug", "duct_group": "3", "duct_assignment": "7,8" }, "geometry": { "type": "Point", "coordinates": [ -119.279612195734416, 35.492710696242263 ] } },
{ "type": "Feature", "properties": { "id": "fd-00703", "input_id": "", "specification": "access_point", "source": "fd-00014", "demand": 1, "placement": "ug", "duct_group": "3", "duct_assignment": "9" }, "geometry": { "type": "Point", "coordinates": [ -119.279236008502323, 35.492709598061367 ] } },
{ "type": "Feature", "properties": { "id": "fd-00704", "input_id": "", "specification": "access_point", "source": "fd-00014", "demand": 2, "placement": "ug", "duct_group": "3", "duct_assignment": "10,11" }, "geometry": { "type": "Point", "coordinates": [ -119.279017684510137, 35.492708959780607 ] } },
{ "type": "Feature", "properties": { "id": "fd-00705", "input_id": "", "specification": "access_point", "source": "fd-00014", "demand": 2, "placement": "ug", "duct_group": "4", "duct_assignment": "1,2" }, "geometry": { "type": "Point", "coordinates": [ -119.2806035057624, 35.491907713494832 ] } },
{ "type": "Feature", "properties": { "id": "fd-00706", "input_id": "", "specification": "access_point", "source": "fd-00014", "demand": 2, "placement": "ug", "duct_group": "4", "duct_assignment": "3,4" }, "geometry": { "type": "Point", "coordinates": [ -119.281006500841073, 35.491919876385154 ] } },
{ "type": "Feature", "properties": { "id": "fd-00707", "input_id": "", "specification": "access_point", "source": "fd-00014", "demand": 2, "placement": "ug", "duct_group": "4", "duct_assignment": "5,6" }, "geometry": { "type": "Point", "coordinates": [ -119.281644673291638, 35.491921721137167 ] } },
{ "type": "Feature", "properties": { "id": "fd-00708", "input_id": "", "specification": "access_point", "source": "fd-00014", "demand": 2, "placement": "ug", "duct_group": "4", "duct_assignment": "7,8" }, "geometry": { "type": "Point", "coordinates": [ -119.282262593258963, 35.491964654095995 ] } },
{ "type": "Feature", "properties": { "id": "fd-00709", "input_id": "", "specification": "access_point", "source": "fd-00014", "demand": 2, "placement": "ug", "duct_group": "4", "duct_assignment": "9,10" }, "geometry": { "type": "Point", "coordinates": [ -119.282519022856761, 35.491851876818629 ] } },
{ "type": "Feature", "properties": { "id": "fd-00710", "input_id": "", "specification": "access_point", "source": "fd-00014", "demand": 2, "placement": "ug", "duct_group": "4", "duct_assignment": "11,12" }, "geometry": { "type": "Point", "coordinates": [ -119.282530067276966, 35.491566896196858 ] } },
{ "type": "Feature", "properties": { "id": "fd-00711", "input_id": "", "specification": "access_point", "source": "fd-00014", "demand": 2, "placement": "ug", "duct_group": "5", "duct_assignment": "1,2" }, "geometry": { "type": "Point", "coordinates": [ -119.279908968518185, 35.491761473578777 ] } },
{ "type": "Feature", "properties": { "id": "fd-00712", "input_id": "", "specification": "access_point", "source": "fd-00014", "demand": 2, "placement": "ug", "duct_group": "5", "duct_assignment": "3,4" }, "geometry": { "type": "Point", "coordinates": [ -119.279910202882178, 35.491486752172079 ] } },
{ "type": "Feature", "properties": { "id": "fd-00713", "input_id": "", "specification": "access_point", "source": "fd-00014", "demand": 2, "placement": "ug", "duct_group": "5", "duct_assignment": "5,6" }, "geometry": { "type": "Point", "coordinates": [ -119.280020966419613, 35.491051676827865 ] } },
{ "type": "Feature", "properties": { "id": "fd-00714", "input_id": "", "specification": "access_point", "source": "fd-00014", "demand": 2, "placement": "ug", "duct_group": "5", "duct_assignment": "7,8" }, "geometry": { "type": "Point", "coordinates": [ -119.279685129080818, 35.491050694355479 ] } },
{ "type": "Feature", "properties": { "id": "fd-00715", "input_id": "", "specification": "access_point", "source": "fd-00014", "demand": 2, "placement": "ug", "duct_group": "5", "duct_assignment": "9,10" }, "geometry": { "type": "Point", "coordinates": [ -119.27934930165371, 35.491049709961025 ] } },
{ "type": "Feature", "properties": { "id": "fd-00716", "input_id": "", "specification": "access_point", "source": "fd-00014", "demand": 2, "placement": "ug", "duct_group": "5", "duct_assignment": "11,12" }, "geometry": { "type": "Point", "coordinates": [ -119.279163299645589, 35.491343114865927 ] } },
{ "type": "Feature", "properties": { "id": "fd-00717", "input_id": "", "specification": "access_point", "source": "fd-00015", "demand": 1, "placement": "ug", "duct_group": "0", "duct_assignment": "1" }, "geometry": { "type": "Point", "coordinates": [ -119.28021487604174, 35.493620026741098 ] } },
{ "type": "Feature", "properties": { "id": "fd-00718", "input_id": "", "specification": "access_point", "source": "fd-00015", "demand": 2, "placement": "ug", "duct_group": "0", "duct_assignment": "2,3" }, "geometry": { "type": "Point", "coordinates": [ -119.280212989865944, 35.493771307462119 ] } },
{ "type": "Feature", "properties": { "id": "fd-00719", "input_id": "", "specification": "access_point", "source": "fd-00015", "demand": 1, "placement": "ug", "duct_group": "0", "duct_assignment": "4" }, "geometry": { "type": "Point", "coordinates": [ -119.280209216377557, 35.494073867987254 ] } },
{ "type": "Feature", "properties": { "id": "fd-00720", "input_id": "", "specification": "access_point", "source": "fd-00015", "demand": 2, "placement": "ug", "duct_group": "0", "duct_assignment": "5,6" }, "geometry": { "type": "Point", "coordinates": [ -119.279543102126368, 35.493618061853809 ] } },
{ "type": "Feature", "properties": { "id": "fd-00721", "input_id": "", "specification": "access_point", "source": "fd-00015", "demand": 2, "placement": "ug", "duct_group": "0", "duct_assignment": "7,8" }, "geometry": { "type": "Point", "coordinates": [ -119.280207329064879, 35.494225147791411 ] } },
{ "type": "Feature", "properties": { "id": "fd-00722", "input_id": "", "specification": "access_point", "source": "fd-00015", "demand": 1, "placement": "ug", "duct_group": "0", "duct_assignment": "9" }, "geometry": { "type": "Point", "coordinates": [ -119.27954121351415, 35.493769336267455 ] } },
{ "type": "Feature", "properties": { "id": "fd-00723", "input_id": "", "specification": "access_point", "source": "fd-00015", "demand": 2, "placement": "ug", "duct_group": "0", "duct_assignment": "10,11" }, "geometry": { "type": "Point", "coordinates": [ -119.279537438472929, 35.49407188504469 ] } },
{ "type": "Feature", "properties": { "id": "fd-00724", "input_id": "", "specification": "access_point", "source": "fd-00015", "demand": 1, "placement": "ug", "duct_group": "0", "duct_assignment": "12" }, "geometry": { "type": "Point", "coordinates": [ -119.279535549825852, 35.494223158530069 ] } },
{ "type": "Feature", "properties": { "id": "fd-00725", "input_id": "", "specification": "access_point", "source": "fd-00015", "demand": 2, "placement": "ug", "duct_group": "1", "duct_assignment": "1,2" }, "geometry": { "type": "Point", "coordinates": [ -119.280382819411514, 35.493620563135373 ] } },
{ "type": "Feature", "properties": { "id": "fd-00726", "input_id": "", "specification": "access_point", "source": "fd-00015", "demand": 1, "placement": "ug", "duct_group": "1", "duct_assignment": "3" }, "geometry": { "type": "Point", "coordinates": [ -119.280380933116618, 35.493771887129462 ] } },
{ "type": "Feature", "properties": { "id": "fd-00727", "input_id": "", "specification": "access_point", "source": "fd-00015", "demand": 2, "placement": "ug", "duct_group": "1", "duct_assignment": "4,5" }, "geometry": { "type": "Point", "coordinates": [ -119.280377158287962, 35.494074534212331 ] } },
{ "type": "Feature", "properties": { "id": "fd-00728", "input_id": "", "specification": "access_point", "source": "fd-00015", "demand": 2, "placement": "ug", "duct_group": "1", "duct_assignment": "6,7" }, "geometry": { "type": "Point", "coordinates": [ -119.280402965892705, 35.494363513760263 ] } },
{ "type": "Feature", "properties": { "id": "fd-00729", "input_id": "", "specification": "access_point", "source": "fd-00015", "demand": 2, "placement": "ug", "duct_group": "1", "duct_assignment": "8,9" }, "geometry": { "type": "Point", "coordinates": [ -119.280188013983391, 35.494548468420739 ] } },
{ "type": "Feature", "properties": { "id": "fd-00730", "input_id": "", "specification": "access_point", "source": "fd-00015", "demand": 1, "placement": "ug", "duct_group": "1", "duct_assignment": "10" }, "geometry": { "type": "Point", "coordinates": [ -119.280036218623266, 35.494543939918913 ] } },
{ "type": "Feature", "properties": { "id": "fd-00731", "input_id": "", "specification": "access_point", "source": "fd-00015", "demand": 2, "placement": "ug", "duct_group": "1", "duct_assignment": "11,12" }, "geometry": { "type": "Point", "coordinates": [ -119.279693290038466, 35.494526188942949 ] } },
{ "type": "Feature", "properties": { "id": "fd-00732", "input_id": "", "specification": "access_point", "source": "fd-00015", "demand": 1, "placement": "ug", "duct_group": "2", "duct_assignment": "1" }, "geometry": { "type": "Point", "coordinates": [ -119.280185548644738, 35.49331736567467 ] } },
{ "type": "Feature", "properties": { "id": "fd-00733", "input_id": "", "specification": "access_point", "source": "fd-00015", "demand": 2, "placement": "ug", "duct_group": "2", "duct_assignment": "2,3" }, "geometry": { "type": "Point", "coordinates": [ -119.279815850692543, 35.49331628727613 ] } },
{ "type": "Feature", "properties": { "id": "fd-00734", "input_id": "", "specification": "access_point", "source": "fd-00015", "demand": 2, "placement": "ug", "duct_group": "2", "duct_assignment": "4,5" }, "geometry": { "type": "Point", "coordinates": [ -119.279521142263206, 35.493305510651723 ] } },
{ "type": "Feature", "properties": { "id": "fd-00735", "input_id": "", "specification": "access_point", "source": "fd-00015", "demand": 2, "placement": "ug", "duct_group": "2", "duct_assignment": "6,7" }, "geometry": { "type": "Point", "coordinates": [ -119.279344662772743, 35.493495015552462 ] } },
{ "type": "Feature", "properties": { "id": "fd-00736", "input_id": "", "specification": "access_point", "source": "fd-00015", "demand": 2, "placement": "ug", "duct_group": "2", "duct_assignment": "8,9" }, "geometry": { "type": "Point", "coordinates": [ -119.279373614392256, 35.493741365319003 ] } },
{ "type": "Feature", "properties": { "id": "fd-00737", "input_id": "", "specification": "access_point", "source": "fd-00015", "demand": 1, "placement": "ug", "duct_group": "2", "duct_assignment": "10" }, "geometry": { "type": "Point", "coordinates": [ -119.279369837787726, 35.494043924019458 ] } },
{ "type": "Feature", "properties": { "id": "fd-00738", "input_id": "", "specification": "access_point", "source": "fd-00015", "demand": 2, "placement": "ug", "duct_group": "2", "duct_assignment": "11,12" }, "geometry": { "type": "Point", "coordinates": [ -119.279367948931082, 35.494195203812531 ] } },
{ "type": "Feature", "properties": { "id": "fd-00739", "input_id": "", "specification": "access_point", "source": "fd-00015", "demand": 2, "placement": "ug", "duct_group": "3", "duct_assignment": "1,2" }, "geometry": { "type": "Point", "coordinates": [ -119.280370397610497, 35.493317903555699 ] } },
{ "type": "Feature", "properties": { "id": "fd-00740", "input_id": "", "specification": "access_point", "source": "fd-00016", "demand": 1, "placement": "ug", "duct_group": "0", "duct_assignment": "1" }, "geometry": { "type": "Point", "coordinates": [ -119.279852157420365, 35.490501736233121 ] } },
{ "type": "Feature", "properties": { "id": "fd-00741", "input_id": "", "specification": "access_point", "source": "fd-00016", "demand": 2, "placement": "ug", "duct_group": "0", "duct_assignment": "2,3" }, "geometry": { "type": "Point", "coordinates": [ -119.280336829555424, 35.489490438082299 ] } },
{ "type": "Feature", "properties": { "id": "fd-00742", "input_id": "", "specification": "access_point", "source": "fd-00016", "demand": 2, "placement": "ug", "duct_group": "0", "duct_assignment": "4,5" }, "geometry": { "type": "Point", "coordinates": [ -119.280340208389319, 35.489215723816137 ] } },
{ "type": "Feature", "properties": { "id": "fd-00743", "input_id": "", "specification": "access_point", "source": "fd-00016", "demand": 1, "placement": "ug", "duct_group": "0", "duct_assignment": "6" }, "geometry": { "type": "Point", "coordinates": [ -119.281071206487255, 35.489247135743931 ] } },
{ "type": "Feature", "properties": { "id": "fd-00744", "input_id": "", "specification": "access_point", "source": "fd-00016", "demand": 2, "placement": "ug", "duct_group": "0", "duct_assignment": "7,8" }, "geometry": { "type": "Point", "coordinates": [ -119.281868066472541, 35.489070889754032 ] } },
{ "type": "Feature", "properties": { "id": "fd-00745", "input_id": "", "specification": "access_point", "source": "fd-00016", "demand": 2, "placement": "ug", "duct_group": "0", "duct_assignment": "9,10" }, "geometry": { "type": "Point", "coordinates": [ -119.282271143149046, 35.489072060602908 ] } },
{ "type": "Feature", "properties": { "id": "fd-00746", "input_id": "", "specification": "access_point", "source": "fd-00016", "demand": 2, "placement": "ug", "duct_group": "0", "duct_assignment": "11,12" }, "geometry": { "type": "Point", "coordinates": [ -119.282682624890072, 35.489073251471986 ] } },
{ "type": "Feature", "properties": { "id": "fd-00747", "input_id": "", "specification": "access_point", "source": "fd-00016", "demand": 1, "placement": "ug", "duct_group": "1", "duct_assignment": "1" }, "geometry": { "type": "Point", "coordinates": [ -119.276757382254445, 35.489618872876363 ] } },
{ "type": "Feature", "properties": { "id": "fd-00748", "input_id": "", "specification": "access_point", "source": "fd-00016", "demand": 2, "placement": "ug", "duct_group": "1", "duct_assignment": "2,3" }, "geometry": { "type": "Point", "coordinates": [ -119.274739642107633, 35.489250394974945 ] } },
{ "type": "Feature", "properties": { "id": "fd-00749", "input_id": "", "specification": "access_point", "source": "fd-00016", "demand": 2, "placement": "ug", "duct_group": "1", "duct_assignment": "4,5" }, "geometry": { "type": "Point", "coordinates": [ -119.274544003405268, 35.489612065072116 ] } },
{ "type": "Feature", "properties": { "id": "fd-00750", "input_id": "", "specification": "access_point", "source": "fd-00016", "demand": 2, "placement": "ug", "duct_group": "1", "duct_assignment": "6,7" }, "geometry": { "type": "Point", "coordinates": [ -119.274249277735692, 35.489248881323668 ] } },
{ "type": "Feature", "properties": { "id": "fd-00751", "input_id": "", "specification": "access_point", "source": "fd-00016", "demand": 1, "placement": "ug", "duct_group": "1", "duct_assignment": "8" }, "geometry": { "type": "Point", "coordinates": [ -119.274369324760798, 35.489617018726008 ] } },
{ "type": "Feature", "properties": { "id": "fd-00752", "input_id": "", "specification": "access_point", "source": "fd-00016", "demand": 2, "placement": "ug", "duct_group": "1", "duct_assignment": "9,10" }, "geometry": { "type": "Point", "coordinates": [ -119.274368370469233, 35.489823056664306 ] } },
{ "type": "Feature", "properties": { "id": "fd-00753", "input_id": "", "specification": "access_point", "source": "fd-00016", "demand": 2, "placement": "ug", "duct_group": "1", "duct_assignment": "11,12" }, "geometry": { "type": "Point", "coordinates": [ -119.27436653586021, 35.49021864822172 ] } },
{ "type": "Feature", "properties": { "id": "fd-00754", "input_id": "", "specification": "access_point", "source": "fd-00016", "demand": 2, "placement": "ug", "duct_group": "2", "duct_assignment": "1,2" }, "geometry": { "type": "Point", "coordinates": [ -119.278830937631142, 35.489061996164793 ] } },
{ "type": "Feature", "properties": { "id": "fd-00755", "input_id": "", "specification": "access_point", "source": "fd-00016", "demand": 2, "placement": "ug", "duct_group": "2", "duct_assignment": "3,4" }, "geometry": { "type": "Point", "coordinates": [ -119.279166759107994, 35.489062980150962 ] } },
{ "type": "Feature", "properties": { "id": "fd-00756", "input_id": "", "specification": "access_point", "source": "fd-00016", "demand": 2, "placement": "ug", "duct_group": "2", "duct_assignment": "5,6" }, "geometry": { "type": "Point", "coordinates": [ -119.279502582796781, 35.489063963196635 ] } },
{ "type": "Feature", "properties": { "id": "fd-00757", "input_id": "", "specification": "access_point", "source": "fd-00016", "demand": 2, "placement": "ug", "duct_group": "2", "duct_assignment": "7,8" }, "geometry": { "type": "Point", "coordinates": [ -119.28016886506532, 35.48949309912377 ] } },
{ "type": "Feature", "properties": { "id": "fd-00758", "input_id": "", "specification": "access_point", "source": "fd-00016", "demand": 2, "placement": "ug", "duct_group": "2", "duct_assignment": "9,10" }, "geometry": { "type": "Point", "coordinates": [ -119.279838408683418, 35.489064944400504 ] } },
{ "type": "Feature", "properties": { "id": "fd-00759", "input_id": "", "specification": "access_point", "source": "fd-00016", "demand": 1, "placement": "ug", "duct_group": "2", "duct_assignment": "11" }, "geometry": { "type": "Point", "coordinates": [ -119.280172265127504, 35.489217022663304 ] } },
{ "type": "Feature", "properties": { "id": "fd-00760", "input_id": "", "specification": "access_point", "source": "fd-00016", "demand": 2, "placement": "ug", "duct_group": "3", "duct_assignment": "1,2" }, "geometry": { "type": "Point", "coordinates": [ -119.275720373123448, 35.489253417286307 ] } },
{ "type": "Feature", "properties": { "id": "fd-00761", "input_id": "", "specification": "access_point", "source": "fd-00016", "demand": 2, "placement": "ug", "duct_group": "3", "duct_assignment": "3,4" }, "geometry": { "type": "Point", "coordinates": [ -119.275642296430021, 35.489615447986914 ] } },
{ "type": "Feature", "properties": { "id": "fd-00762", "input_id": "", "specification": "access_point", "source": "fd-00016", "demand": 1, "placement": "ug", "duct_group": "3", "duct_assignment": "5" }, "geometry": { "type": "Point", "coordinates": [ -119.275467643940161, 35.48961491083184 ] } },
{ "type": "Feature", "properties": { "id": "fd-00763", "input_id": "", "specification": "access_point", "source": "fd-00016", "demand": 2, "placement": "ug", "duct_group": "3", "duct_assignment": "6,7" }, "geometry": { "type": "Point", "coordinates": [ -119.275230007599575, 35.489251906658254 ] } },
{ "type": "Feature", "properties": { "id": "fd-00764", "input_id": "", "specification": "access_point", "source": "fd-00016", "demand": 1, "placement": "ug", "duct_group": "3", "duct_assignment": "8" }, "geometry": { "type": "Point", "coordinates": [ -119.275641387132836, 35.489813242395506 ] } },
{ "type": "Feature", "properties": { "id": "fd-00765", "input_id": "", "specification": "access_point", "source": "fd-00016", "demand": 2, "placement": "ug", "duct_group": "3", "duct_assignment": "9,10" }, "geometry": { "type": "Point", "coordinates": [ -119.275466733120908, 35.489812705250642 ] } },
{ "type": "Feature", "properties": { "id": "fd-00766", "input_id": "", "specification": "access_point", "source": "fd-00016", "demand": 2, "placement": "ug", "duct_group": "3", "duct_assignment": "11,12" }, "geometry": { "type": "Point", "coordinates": [ -119.275552493449197, 35.490153620547296 ] } },
{ "type": "Feature", "properties": { "id": "fd-00767", "input_id": "", "specification": "access_point", "source": "fd-00016", "demand": 2, "placement": "ug", "duct_group": "4", "duct_assignment": "1,2" }, "geometry": { "type": "Point", "coordinates": [ -119.278814888750901, 35.490361321375218 ] } },
{ "type": "Feature", "properties": { "id": "fd-00768", "input_id": "", "specification": "access_point", "source": "fd-00016", "demand": 2, "placement": "ug", "duct_group": "4", "duct_assignment": "3,4" }, "geometry": { "type": "Point", "coordinates": [ -119.27915069910425, 35.490362311885484 ] } },
{ "type": "Feature", "properties": { "id": "fd-00769", "input_id": "", "specification": "access_point", "source": "fd-00016", "demand": 2, "placement": "ug", "duct_group": "4", "duct_assignment": "5,6" }, "geometry": { "type": "Point", "coordinates": [ -119.279654448753789, 35.490363791969813 ] } },
{ "type": "Feature", "properties": { "id": "fd-00770", "input_id": "", "specification": "access_point", "source": "fd-00016", "demand": 2, "placement": "ug", "duct_group": "4", "duct_assignment": "7,8" }, "geometry": { "type": "Point", "coordinates": [ -119.280159983899807, 35.490214173997856 ] } },
{ "type": "Feature", "properties": { "id": "fd-00771", "input_id": "", "specification": "access_point", "source": "fd-00016", "demand": 2, "placement": "ug", "duct_group": "4", "duct_assignment": "9,10" }, "geometry": { "type": "Point", "coordinates": [ -119.280163453481237, 35.489932649859277 ] } },
{ "type": "Feature", "properties": { "id": "fd-00772", "input_id": "", "specification": "access_point", "source": "fd-00016", "demand": 2, "placement": "ug", "duct_group": "4", "duct_assignment": "11,12" }, "geometry": { "type": "Point", "coordinates": [ -119.279661644959916, 35.489780076971236 ] } },
{ "type": "Feature", "properties": { "id": "fd-00773", "input_id": "", "specification": "access_point", "source": "fd-00016", "demand": 1, "placement": "ug", "duct_group": "5", "duct_assignment": "1" }, "geometry": { "type": "Point", "coordinates": [ -119.278811112590986, 35.490498675779151 ] } },
{ "type": "Feature", "properties": { "id": "fd-00774", "input_id": "", "specification": "access_point", "source": "fd-00016", "demand": 1, "placement": "ug", "duct_group": "5", "duct_assignment": "2" }, "geometry": { "type": "Point", "coordinates": [ -119.278991197451376, 35.490773928798781 ] } },
{ "type": "Feature", "properties": { "id": "fd-00775", "input_id": "", "specification": "access_point", "source": "fd-00016", "demand": 2, "placement": "ug", "duct_group": "5", "duct_assignment": "3,4" }, "geometry": { "type": "Point", "coordinates": [ -119.278990589201811, 35.490911288979952 ] } },
{ "type": "Feature", "properties": { "id": "fd-00776", "input_id": "", "specification": "access_point", "source": "fd-00016", "demand": 2, "placement": "ug", "duct_group": "5", "duct_assignment": "5,6" }, "geometry": { "type": "Point", "coordinates": [ -119.278989373770443, 35.491186007506229 ] } },
{ "type": "Feature", "properties": { "id": "fd-00777", "input_id": "", "specification": "access_point", "source": "fd-00016", "demand": 1, "placement": "ug", "duct_group": "5", "duct_assignment": "7" }, "geometry": { "type": "Point", "coordinates": [ -119.278987973172534, 35.491460726127123 ] } },
{ "type": "Feature", "properties": { "id": "fd-00778", "input_id": "", "specification": "access_point", "source": "fd-00016", "demand": 3, "placement": "ug", "duct_group": "5", "duct_assignment": "8,9,10" }, "geometry": { "type": "Point", "coordinates": [ -119.27890699035261, 35.491611586148238 ] } },
{ "type": "Feature", "properties": { "id": "fd-00779", "input_id": "", "specification": "access_point", "source": "fd-00016", "demand": 2, "placement": "ug", "duct_group": "5", "duct_assignment": "11,12" }, "geometry": { "type": "Point", "coordinates": [ -119.279241932271731, 35.491620821391571 ] } },
{ "type": "Feature", "properties": { "id": "fd-00780", "input_id": "", "specification": "access_point", "source": "fd-00016", "demand": 3, "placement": "ug", "duct_group": "6", "duct_assignment": "1,2,3" }, "geometry": { "type": "Point", "coordinates": [ -119.279348408037961, 35.490500257849 ] } },
{ "type": "Feature", "properties": { "id": "fd-00781", "input_id": "", "specification": "access_point", "source": "fd-00016", "demand": 1, "placement": "ug", "duct_group": "6", "duct_assignment": "4" }, "geometry": { "type": "Point", "coordinates": [ -119.280086728270334, 35.490543394950279 ] } },
{ "type": "Feature", "properties": { "id": "fd-00782", "input_id": "", "specification": "access_point", "source": "fd-00016", "demand": 2, "placement": "ug", "duct_group": "6", "duct_assignment": "5,6" }, "geometry": { "type": "Point", "coordinates": [ -119.280217174608964, 35.490514525188907 ] } },
{ "type": "Feature", "properties": { "id": "fd-00783", "input_id": "", "specification": "access_point", "source": "fd-00016", "demand": 2, "placement": "ug", "duct_group": "6", "duct_assignment": "7,8" }, "geometry": { "type": "Point", "coordinates": [ -119.280373313684279, 35.490336204926166 ] } },
{ "type": "Feature", "properties": { "id": "fd-00784", "input_id": "", "specification": "access_point", "source": "fd-00016", "demand": 1, "placement": "ug", "duct_group": "6", "duct_assignment": "9" }, "geometry": { "type": "Point", "coordinates": [ -119.280355357363476, 35.490203926269608 ] } },
{ "type": "Feature", "properties": { "id": "fd-00785", "input_id": "", "specification": "access_point", "source": "fd-00016", "demand": 1, "placement": "ug", "duct_group": "6", "duct_assignment": "10" }, "geometry": { "type": "Point", "coordinates": [ -119.280330066268093, 35.490039863879488 ] } },
{ "type": "Feature", "properties": { "id": "fd-00786", "input_id": "", "specification": "access_point", "source": "fd-00016", "demand": 2, "placement": "ug", "duct_group": "6", "duct_assignment": "11,12" }, "geometry": { "type": "Point", "coordinates": [ -119.280333449583011, 35.489765151429054 ] } },
{ "type": "Feature", "properties": { "id": "fd-00787", "input_id": "", "specification": "access_point", "source": "fd-00016", "demand": 1, "placement": "ug", "duct_group": "7", "duct_assignment": "1" }, "geometry": { "type": "Point", "coordinates": [ -119.279486529272731, 35.49036329946918 ] } },
{ "type": "Feature", "properties": { "id": "fd-00788", "input_id": "", "specification": "access_point", "source": "fd-00016", "demand": 2, "placement": "ug", "duct_group": "7", "duct_assignment": "2,3" }, "geometry": { "type": "Point", "coordinates": [ -119.279663337675544, 35.489642717140015 ] } },
{ "type": "Feature", "properties": { "id": "fd-00789", "input_id": "", "specification": "access_point", "source": "fd-00016", "demand": 2, "placement": "ug", "duct_group": "7", "duct_assignment": "4,5" }, "geometry": { "type": "Point", "coordinates": [ -119.27932580944416, 35.489779089044895 ] } },
{ "type": "Feature", "properties": { "id": "fd-00790", "input_id": "", "specification": "access_point", "source": "fd-00016", "demand": 2, "placement": "ug", "duct_group": "7", "duct_assignment": "6,7" }, "geometry": { "type": "Point", "coordinates": [ -119.279327504924808, 35.489641729195277 ] } },
{ "type": "Feature", "properties": { "id": "fd-00791", "input_id": "", "specification": "access_point", "source": "fd-00016", "demand": 2, "placement": "ug", "duct_group": "7", "duct_assignment": "8,9" }, "geometry": { "type": "Point", "coordinates": [ -119.279013313399233, 35.489837518666228 ] } },
{ "type": "Feature", "properties": { "id": "fd-00792", "input_id": "", "specification": "access_point", "source": "fd-00016", "demand": 1, "placement": "ug", "duct_group": "7", "duct_assignment": "10" }, "geometry": { "type": "Point", "coordinates": [ -119.27901438509231, 35.489581477159135 ] } },
{ "type": "Feature", "properties": { "id": "fd-00793", "input_id": "", "specification": "access_point", "source": "fd-00016", "demand": 2, "placement": "ug", "duct_group": "7", "duct_assignment": "11,12" }, "geometry": { "type": "Point", "coordinates": [ -119.278920298323072, 35.489655725793099 ] } },
{ "type": "Feature", "properties": { "id": "fd-00794", "input_id": "", "specification": "access_point", "source": "fd-00017", "demand": 2, "placement": "ug", "duct_group": "0", "duct_assignment": "1,2" }, "geometry": { "type": "Point", "coordinates": [ -119.275926970100755, 35.491259135980869 ] } },
{ "type": "Feature", "properties": { "id": "fd-00795", "input_id": "", "specification": "access_point", "source": "fd-00017", "demand": 3, "placement": "ug", "duct_group": "0", "duct_assignment": "3,4,5" }, "geometry": { "type": "Point", "coordinates": [ -119.275429856114414, 35.49125761316224 ] } },
{ "type": "Feature", "properties": { "id": "fd-00796", "input_id": "", "specification": "access_point", "source": "fd-00017", "demand": 1, "placement": "ug", "duct_group": "0", "duct_assignment": "6" }, "geometry": { "type": "Point", "coordinates": [ -119.274537490037744, 35.491018613310139 ] } },
{ "type": "Feature", "properties": { "id": "fd-00797", "input_id": "", "specification": "access_point", "source": "fd-00017", "demand": 2, "placement": "ug", "duct_group": "0", "duct_assignment": "7,8" }, "geometry": { "type": "Point", "coordinates": [ -119.274538431412211, 35.490815322996575 ] } },
{ "type": "Feature", "properties": { "id": "fd-00798", "input_id": "", "specification": "access_point", "source": "fd-00017", "demand": 2, "placement": "ug", "duct_group": "0", "duct_assignment": "9,10" }, "geometry": { "type": "Point", "coordinates": [ -119.274540314161271, 35.490408743222282 ] } },
{ "type": "Feature", "properties": { "id": "fd-00799", "input_id": "", "specification": "access_point", "source": "fd-00017", "demand": 2, "placement": "ug", "duct_group": "0", "duct_assignment": "11,12" }, "geometry": { "type": "Point", "coordinates": [ -119.27454217185003, 35.490007656641978 ] } },
{ "type": "Feature", "properties": { "id": "fd-00800", "input_id": "", "specification": "access_point", "source": "fd-00017", "demand": 2, "placement": "ug", "duct_group": "1", "duct_assignment": "1,2" }, "geometry": { "type": "Point", "coordinates": [ -119.277418308906164, 35.49126369511076 ] } },
{ "type": "Feature", "properties": { "id": "fd-00801", "input_id": "", "specification": "access_point", "source": "fd-00017", "demand": 2, "placement": "ug", "duct_group": "1", "duct_assignment": "3,4" }, "geometry": { "type": "Point", "coordinates": [ -119.276921195952625, 35.491262177411457 ] } },
{ "type": "Feature", "properties": { "id": "fd-00802", "input_id": "", "specification": "access_point", "source": "fd-00017", "demand": 2, "placement": "ug", "duct_group": "1", "duct_assignment": "5,6" }, "geometry": { "type": "Point", "coordinates": [ -119.276424083017488, 35.491260657701496 ] } },
{ "type": "Feature", "properties": { "id": "fd-00803", "input_id": "", "specification": "access_point", "source": "fd-00017", "demand": 2, "placement": "ug", "duct_group": "1", "duct_assignment": "7,8" }, "geometry": { "type": "Point", "coordinates": [ -119.27674272439576, 35.492008369656851 ] } },
{ "type": "Feature", "properties": { "id": "fd-00804", "input_id": "", "specification": "access_point", "source": "fd-00017", "demand": 2, "placement": "ug", "duct_group": "1", "duct_assignment": "9,10" }, "geometry": { "type": "Point", "coordinates": [ -119.276742085980672, 35.492151268099619 ] } },
{ "type": "Feature", "properties": { "id": "fd-00805", "input_id": "", "specification": "access_point", "source": "fd-00017", "demand": 2, "placement": "ug", "duct_group": "1", "duct_assignment": "11,12" }, "geometry": { "type": "Point", "coordinates": [ -119.277223244534099, 35.492071600332864 ] } },
{ "type": "Feature", "properties": { "id": "fd-00806", "input_id": "", "specification": "access_point", "source": "fd-00017", "demand": 2, "placement": "ug", "duct_group": "2", "duct_assignment": "1,2" }, "geometry": { "type": "Point", "coordinates": [ -119.277868626009933, 35.490478236158609 ] } },
{ "type": "Feature", "properties": { "id": "fd-00807", "input_id": "", "specification": "access_point", "source": "fd-00017", "demand": 2, "placement": "ug", "duct_group": "2", "duct_assignment": "3,4" }, "geometry": { "type": "Point", "coordinates": [ -119.277870367827134, 35.490093640395088 ] } },
{ "type": "Feature", "properties": { "id": "fd-00808", "input_id": "", "specification": "access_point", "source": "fd-00017", "demand": 2, "placement": "ug", "duct_group": "2", "duct_assignment": "5,6" }, "geometry": { "type": "Point", "coordinates": [ -119.277920077657114, 35.489508647025893 ] } },
{ "type": "Feature", "properties": { "id": "fd-00809", "input_id": "", "specification": "access_point", "source": "fd-00017", "demand": 2, "placement": "ug", "duct_group": "2", "duct_assignment": "7,8" }, "geometry": { "type": "Point", "coordinates": [ -119.277191468659211, 35.489257934739278 ] } },
{ "type": "Feature", "properties": { "id": "fd-00810", "input_id": "", "specification": "access_point", "source": "fd-00017", "demand": 2, "placement": "ug", "duct_group": "2", "duct_assignment": "9,10" }, "geometry": { "type": "Point", "coordinates": [ -119.276701103095363, 35.489256430881937 ] } },
{ "type": "Feature", "properties": { "id": "fd-00811", "input_id": "", "specification": "access_point", "source": "fd-00017", "demand": 2, "placement": "ug", "duct_group": "2", "duct_assignment": "11,12" }, "geometry": { "type": "Point", "coordinates": [ -119.276210738651372, 35.489254925056656 ] } },
{ "type": "Feature", "properties": { "id": "fd-00812", "input_id": "", "specification": "access_point", "source": "fd-00017", "demand": 2, "placement": "ug", "duct_group": "3", "duct_assignment": "1,2" }, "geometry": { "type": "Point", "coordinates": [ -119.277010831413861, 35.49140530340344 ] } },
{ "type": "Feature", "properties": { "id": "fd-00813", "input_id": "", "specification": "access_point", "source": "fd-00017", "demand": 1, "placement": "ug", "duct_group": "3", "duct_assignment": "3" }, "geometry": { "type": "Point", "coordinates": [ -119.276745479790193, 35.491404492660237 ] } },
{ "type": "Feature", "properties": { "id": "fd-00814", "input_id": "", "specification": "access_point", "source": "fd-00017", "demand": 2, "placement": "ug", "duct_group": "3", "duct_assignment": "4,5" }, "geometry": { "type": "Point", "coordinates": [ -119.276030625166612, 35.492006682933791 ] } },
{ "type": "Feature", "properties": { "id": "fd-00815", "input_id": "", "specification": "access_point", "source": "fd-00017", "demand": 2, "placement": "ug", "duct_group": "3", "duct_assignment": "6,7" }, "geometry": { "type": "Point", "coordinates": [ -119.276023239276824, 35.492149513505737 ] } },
{ "type": "Feature", "properties": { "id": "fd-00816", "input_id": "", "specification": "access_point", "source": "fd-00017", "demand": 1, "placement": "ug", "duct_group": "3", "duct_assignment": "8" }, "geometry": { "type": "Point", "coordinates": [ -119.275782062617964, 35.49200592292123 ] } },
{ "type": "Feature", "properties": { "id": "fd-00817", "input_id": "", "specification": "access_point", "source": "fd-00017", "demand": 2, "placement": "ug", "duct_group": "3", "duct_assignment": "9,10" }, "geometry": { "type": "Point", "coordinates": [ -119.275284937534479, 35.49200440138803 ] } },
{ "type": "Feature", "properties": { "id": "fd-00818", "input_id": "", "specification": "access_point", "source": "fd-00017", "demand": 2, "placement": "ug", "duct_group": "3", "duct_assignment": "11,12" }, "geometry": { "type": "Point", "coordinates": [ -119.274787813571422, 35.492002877832519 ] } },
{ "type": "Feature", "properties": { "id": "fd-00819", "input_id": "", "specification": "access_point", "source": "fd-00017", "demand": 1, "placement": "ug", "duct_group": "4", "duct_assignment": "1" }, "geometry": { "type": "Point", "coordinates": [ -119.277866013783481, 35.491055128337827 ] } },
{ "type": "Feature", "properties": { "id": "fd-00820", "input_id": "", "specification": "access_point", "source": "fd-00017", "demand": 2, "placement": "ug", "duct_group": "4", "duct_assignment": "2,3" }, "geometry": { "type": "Point", "coordinates": [ -119.277866885264316, 35.490862830951642 ] } },
{ "type": "Feature", "properties": { "id": "fd-00821", "input_id": "", "specification": "access_point", "source": "fd-00017", "demand": 1, "placement": "ug", "duct_group": "4", "duct_assignment": "4" }, "geometry": { "type": "Point", "coordinates": [ -119.277394832775784, 35.490516398193321 ] } },
{ "type": "Feature", "properties": { "id": "fd-00822", "input_id": "", "specification": "access_point", "source": "fd-00017", "demand": 2, "placement": "ug", "duct_group": "4", "duct_assignment": "5,6" }, "geometry": { "type": "Point", "coordinates": [ -119.276904448723982, 35.4905148979663 ] } },
{ "type": "Feature", "properties": { "id": "fd-00823", "input_id": "", "specification": "access_point", "source": "fd-00017", "demand": 2, "placement": "ug", "duct_group": "4", "duct_assignment": "7,8" }, "geometry": { "type": "Point", "coordinates": [ -119.276414064704142, 35.490513396683951 ] } },
{ "type": "Feature", "properties": { "id": "fd-00824", "input_id": "", "specification": "access_point", "source": "fd-00017", "demand": 2, "placement": "ug", "duct_group": "4", "duct_assignment": "9,10" }, "geometry": { "type": "Point", "coordinates": [ -119.275923680702107, 35.490511893444925 ] } },
{ "type": "Feature", "properties": { "id": "fd-00825", "input_id": "", "specification": "access_point", "source": "fd-00017", "demand": 2, "placement": "ug", "duct_group": "4", "duct_assignment": "11,12" }, "geometry": { "type": "Point", "coordinates": [ -119.275433295616139, 35.490510388260695 ] } },
{ "type": "Feature", "properties": { "id": "fd-00826", "input_id": "", "specification": "access_point", "source": "fd-00017", "demand": 1, "placement": "ug", "duct_group": "5", "duct_assignment": "1" }, "geometry": { "type": "Point", "coordinates": [ -119.278542811160236, 35.493078982212865 ] } },
{ "type": "Feature", "properties": { "id": "fd-00827", "input_id": "", "specification": "access_point", "source": "fd-00017", "demand": 2, "placement": "ug", "duct_group": "5", "duct_assignment": "2,3" }, "geometry": { "type": "Point", "coordinates": [ -119.278537967707507, 35.493466772767881 ] } },
{ "type": "Feature", "properties": { "id": "fd-00828", "input_id": "", "specification": "access_point", "source": "fd-00017", "demand": 2, "placement": "ug", "duct_group": "5", "duct_assignment": "4,5" }, "geometry": { "type": "Point", "coordinates": [ -119.278500699297879, 35.493760955416477 ] } },
{ "type": "Feature", "properties": { "id": "fd-00829", "input_id": "", "specification": "access_point", "source": "fd-00017", "demand": 2, "placement": "ug", "duct_group": "5", "duct_assignment": "6,7" }, "geometry": { "type": "Point", "coordinates": [ -119.27852890014897, 35.494192683174624 ] } },
{ "type": "Feature", "properties": { "id": "fd-00830", "input_id": "", "specification": "access_point", "source": "fd-00017", "demand": 2, "placement": "ug", "duct_group": "5", "duct_assignment": "8,9" }, "geometry": { "type": "Point", "coordinates": [ -119.278726517658768, 35.494495262097452 ] } },
{ "type": "Feature", "properties": { "id": "fd-00831", "input_id": "", "specification": "access_point", "source": "fd-00017", "demand": 1, "placement": "ug", "duct_group": "5", "duct_assignment": "10" }, "geometry": { "type": "Point", "coordinates": [ -119.278914340029431, 35.49449582624338 ] } },
{ "type": "Feature", "properties": { "id": "fd-00832", "input_id": "", "specification": "access_point", "source": "fd-00017", "demand": 2, "placement": "ug", "duct_group": "5", "duct_assignment": "11,12" }, "geometry": { "type": "Point", "coordinates": [ -119.279290301007237, 35.494518051622563 ] } },
{ "type": "Feature", "properties": { "id": "fd-00833", "input_id": "", "specification": "access_point", "source": "fd-00017", "demand": 2, "placement": "ug", "duct_group": "6", "duct_assignment": "1,2" }, "geometry": { "type": "Point", "coordinates": [ -119.275519394272862, 35.492147972544075 ] } },
{ "type": "Feature", "properties": { "id": "fd-00834", "input_id": "", "specification": "access_point", "source": "fd-00017", "demand": 2, "placement": "ug", "duct_group": "6", "duct_assignment": "3,4" }, "geometry": { "type": "Point", "coordinates": [ -119.274361034159213, 35.491405424306024 ] } },
{ "type": "Feature", "properties": { "id": "fd-00835", "input_id": "", "specification": "access_point", "source": "fd-00017", "demand": 1, "placement": "ug", "duct_group": "6", "duct_assignment": "5" }, "geometry": { "type": "Point", "coordinates": [ -119.27501555038981, 35.492146429505588 ] } },
{ "type": "Feature", "properties": { "id": "fd-00836", "input_id": "", "specification": "access_point", "source": "fd-00017", "demand": 2, "placement": "ug", "duct_group": "6", "duct_assignment": "6,7" }, "geometry": { "type": "Point", "coordinates": [ -119.274763578675064, 35.492156270546914 ] } },
{ "type": "Feature", "properties": { "id": "fd-00837", "input_id": "", "specification": "access_point", "source": "fd-00017", "demand": 2, "placement": "ug", "duct_group": "6", "duct_assignment": "8,9" }, "geometry": { "type": "Point", "coordinates": [ -119.27435315391925, 35.491800998082596 ] } },
{ "type": "Feature", "properties": { "id": "fd-00838", "input_id": "", "specification": "access_point", "source": "fd-00017", "demand": 2, "placement": "ug", "duct_group": "6", "duct_assignment": "10,11" }, "geometry": { "type": "Point", "coordinates": [ -119.274363745909923, 35.492078245918329 ] } },
{ "type": "Feature", "properties": { "id": "fd-00839", "input_id": "", "specification": "access_point", "source": "fd-00017", "demand": 2, "placement": "ug", "duct_group": "7", "duct_assignment": "1,2" }, "geometry": { "type": "Point", "coordinates": [ -119.277421053926162, 35.490659329431871 ] } },
{ "type": "Feature", "properties": { "id": "fd-00840", "input_id": "", "specification": "access_point", "source": "fd-00017", "demand": 2, "placement": "ug", "duct_group": "7", "duct_assignment": "3,4" }, "geometry": { "type": "Point", "coordinates": [ -119.276923950123006, 35.490657810784782 ] } },
{ "type": "Feature", "properties": { "id": "fd-00841", "input_id": "", "specification": "access_point", "source": "fd-00017", "demand": 2, "placement": "ug", "duct_group": "7", "duct_assignment": "5,6" }, "geometry": { "type": "Point", "coordinates": [ -119.276426846324256, 35.490656289225946 ] } },
{ "type": "Feature", "properties": { "id": "fd-00842", "input_id": "", "specification": "access_point", "source": "fd-00017", "demand": 2, "placement": "ug", "duct_group": "7", "duct_assignment": "7,8" }, "geometry": { "type": "Point", "coordinates": [ -119.275929742543838, 35.490654765656437 ] } },
{ "type": "Feature", "properties": { "id": "fd-00843", "input_id": "", "specification": "access_point", "source": "fd-00017", "demand": 2, "placement": "ug", "duct_group": "7", "duct_assignment": "9,10" }, "geometry": { "type": "Point", "coordinates": [ -119.27543263878195, 35.490653240076377 ] } },
{ "type": "Feature", "properties": { "id": "fd-00844", "input_id": "", "specification": "access_point", "source": "fd-00017", "demand": 2, "placement": "ug", "duct_group": "7", "duct_assignment": "11,12" }, "geometry": { "type": "Point", "coordinates": [ -119.274976160337985, 35.490580410268237 ] } },
{ "type": "Feature", "properties": { "id": "fd-00845", "input_id": "", "specification": "access_point", "source": "fd-00017", "demand": 1, "placement": "ug", "duct_group": "8", "duct_assignment": "1" }, "geometry": { "type": "Point", "coordinates": [ -119.277695159774439, 35.490215129081228 ] } },
{ "type": "Feature", "properties": { "id": "fd-00846", "input_id": "", "specification": "access_point", "source": "fd-00017", "demand": 2, "placement": "ug", "duct_group": "8", "duct_assignment": "2,3" }, "geometry": { "type": "Point", "coordinates": [ -119.277696056448903, 35.490017336571213 ] } },
{ "type": "Feature", "properties": { "id": "fd-00847", "input_id": "", "specification": "access_point", "source": "fd-00017", "demand": 2, "placement": "ug", "duct_group": "8", "duct_assignment": "4,5" }, "geometry": { "type": "Point", "coordinates": [ -119.277697849798955, 35.489621752406563 ] } },
{ "type": "Feature", "properties": { "id": "fd-00848", "input_id": "", "specification": "access_point", "source": "fd-00017", "demand": 2, "placement": "ug", "duct_group": "8", "duct_assignment": "6,7" }, "geometry": { "type": "Point", "coordinates": [ -119.276582729736063, 35.489618336404703 ] } },
{ "type": "Feature", "properties": { "id": "fd-00849", "input_id": "", "specification": "access_point", "source": "fd-00017", "demand": 2, "placement": "ug", "duct_group": "8", "duct_assignment": "8,9" }, "geometry": { "type": "Point", "coordinates": [ -119.276756480019955, 35.4898166654447 ] } },
{ "type": "Feature", "properties": { "id": "fd-00850", "input_id": "", "specification": "access_point", "source": "fd-00017", "demand": 1, "placement": "ug", "duct_group": "8", "duct_assignment": "10" }, "geometry": { "type": "Point", "coordinates": [ -119.276581827095441, 35.489816129872992 ] } },
{ "type": "Feature", "properties": { "id": "fd-00851", "input_id": "", "specification": "access_point", "source": "fd-00017", "demand": 2, "placement": "ug", "duct_group": "8", "duct_assignment": "11,12" }, "geometry": { "type": "Point", "coordinates": [ -119.276667598621245, 35.490157041618737 ] } },
{ "type": "Feature", "properties": { "id": "fd-00852", "input_id": "", "specification": "access_point", "source": "fd-00017", "demand": 2, "placement": "ug", "duct_group": "9", "duct_assignment": "1,2" }, "geometry": { "type": "Point", "coordinates": [ -119.277863458320297, 35.491619438361305 ] } },
{ "type": "Feature", "properties": { "id": "fd-00853", "input_id": "", "specification": "access_point", "source": "fd-00017", "demand": 2, "placement": "ug", "duct_group": "9", "duct_assignment": "3,4" }, "geometry": { "type": "Point", "coordinates": [ -119.277688745268847, 35.491629890042333 ] } },
{ "type": "Feature", "properties": { "id": "fd-00854", "input_id": "", "specification": "access_point", "source": "fd-00017", "demand": 2, "placement": "ug", "duct_group": "9", "duct_assignment": "5,6" }, "geometry": { "type": "Point", "coordinates": [ -119.277853521567025, 35.492014999634335 ] } },
{ "type": "Feature", "properties": { "id": "fd-00855", "input_id": "", "specification": "access_point", "source": "fd-00017", "demand": 2, "placement": "ug", "duct_group": "9", "duct_assignment": "7,8" }, "geometry": { "type": "Point", "coordinates": [ -119.277678738227593, 35.49201445971827 ] } },
{ "type": "Feature", "properties": { "id": "fd-00856", "input_id": "", "specification": "access_point", "source": "fd-00017", "demand": 2, "placement": "ug", "duct_group": "9", "duct_assignment": "9,10" }, "geometry": { "type": "Point", "coordinates": [ -119.277754739694188, 35.492369076547327 ] } },
{ "type": "Feature", "properties": { "id": "fd-00857", "input_id": "", "specification": "access_point", "source": "fd-00017", "demand": 1, "placement": "ug", "duct_group": "10", "duct_assignment": "1" }, "geometry": { "type": "Point", "coordinates": [ -119.276033395812931, 35.491402315499045 ] } },
{ "type": "Feature", "properties": { "id": "fd-00858", "input_id": "", "specification": "access_point", "source": "fd-00017", "demand": 2, "placement": "ug", "duct_group": "10", "duct_assignment": "2,3" }, "geometry": { "type": "Point", "coordinates": [ -119.275784838383586, 35.49140155455639 ] } },
{ "type": "Feature", "properties": { "id": "fd-00859", "input_id": "", "specification": "access_point", "source": "fd-00017", "demand": 2, "placement": "ug", "duct_group": "10", "duct_assignment": "4,5" }, "geometry": { "type": "Point", "coordinates": [ -119.275287722422689, 35.49140003027312 ] } },
{ "type": "Feature", "properties": { "id": "fd-00860", "input_id": "", "specification": "access_point", "source": "fd-00017", "demand": 2, "placement": "ug", "duct_group": "10", "duct_assignment": "6,7" }, "geometry": { "type": "Point", "coordinates": [ -119.274790607596216, 35.491398504869004 ] } },
{ "type": "Feature", "properties": { "id": "fd-00861", "input_id": "", "specification": "access_point", "source": "fd-00017", "demand": 2, "placement": "ug", "duct_group": "10", "duct_assignment": "8,9" }, "geometry": { "type": "Point", "coordinates": [ -119.274362867719191, 35.491009832943845 ] } },
{ "type": "Feature", "properties": { "id": "fd-00862", "input_id": "", "specification": "access_point", "source": "fd-00017", "demand": 2, "placement": "ug", "duct_group": "10", "duct_assignment": "10,11" }, "geometry": { "type": "Point", "coordinates": [ -119.274364702349516, 35.490614240607741 ] } },
{ "type": "Feature", "properties": { "id": "fd-00863", "input_id": "026-700-19", "specification": "terminal", "source": "fd-00534", "demand": 1, "placement": "ug", "duct_group": "0", "duct_assignment": "2" }, "geometry": { "type": "Point", "coordinates": [ -119.285127132046199, 35.505945070502662 ] } },
{ "type": "Feature", "properties": { "id": "fd-00864", "input_id": "026-700-20", "specification": "terminal", "source": "fd-00534", "demand": 1, "placement": "ug", "duct_group": "0", "duct_assignment": "1" }, "geometry": { "type": "Point", "coordinates": [ -119.285364769780614, 35.5059429516647 ] } },
{ "type": "Feature", "properties": { "id": "fd-00865", "input_id": "026-700-21", "specification": "terminal", "source": "fd-00535", "demand": 1, "placement": "ug", "duct_group": "0", "duct_assignment": "3" }, "geometry": { "type": "Point", "coordinates": [ -119.285599810433467, 35.505943976453658 ] } },
{ "type": "Feature", "properties": { "id": "fd-00866", "input_id": "026-700-22", "specification": "terminal", "source": "fd-00535", "demand": 1, "placement": "ug", "duct_group": "0", "duct_assignment": "4" }, "geometry": { "type": "Point", "coordinates": [ -119.285834421103047, 35.505944410324915 ] } },
{ "type": "Feature", "properties": { "id": "fd-00867", "input_id": "026-700-23", "specification": "terminal", "source": "fd-00536", "demand": 1, "placement": "ug", "duct_group": "0", "duct_assignment": "6" }, "geometry": { "type": "Point", "coordinates": [ -119.286068853957005, 35.505944604625711 ] } },
{ "type": "Feature", "properties": { "id": "fd-00868", "input_id": "026-700-24", "specification": "terminal", "source": "fd-00536", "demand": 1, "placement": "ug", "duct_group": "0", "duct_assignment": "5" }, "geometry": { "type": "Point", "coordinates": [ -119.286303057267332, 35.505945175133753 ] } },
{ "type": "Feature", "properties": { "id": "fd-00869", "input_id": "026-700-25", "specification": "terminal", "source": "fd-00537", "demand": 1, "placement": "ug", "duct_group": "0", "duct_assignment": "8" }, "geometry": { "type": "Point", "coordinates": [ -119.286537597842099, 35.505945776989414 ] } },
{ "type": "Feature", "properties": { "id": "fd-00870", "input_id": "026-700-26", "specification": "terminal", "source": "fd-00537", "demand": 1, "placement": "ug", "duct_group": "0", "duct_assignment": "7" }, "geometry": { "type": "Point", "coordinates": [ -119.286768866972906, 35.505954135809105 ] } },
{ "type": "Feature", "properties": { "id": "fd-00871", "input_id": "026-682-01", "specification": "terminal", "source": "fd-00351", "demand": 1, "placement": "ug", "duct_group": "4", "duct_assignment": "2" }, "geometry": { "type": "Point", "coordinates": [ -119.289653609013442, 35.506001599502405 ] } },
{ "type": "Feature", "properties": { "id": "fd-00872", "input_id": "026-682-12", "specification": "terminal", "source": "fd-00352", "demand": 1, "placement": "ug", "duct_group": "4", "duct_assignment": "3" }, "geometry": { "type": "Point", "coordinates": [ -119.289118968954313, 35.506002819009218 ] } },
{ "type": "Feature", "properties": { "id": "fd-00873", "input_id": "026-682-13", "specification": "terminal", "source": "fd-00358", "demand": 1, "placement": "ug", "duct_group": "5", "duct_assignment": "1" }, "geometry": { "type": "Point", "coordinates": [ -119.288748935732897, 35.506000833730397 ] } },
{ "type": "Feature", "properties": { "id": "fd-00874", "input_id": "026-682-24", "specification": "terminal", "source": "fd-00359", "demand": 1, "placement": "ug", "duct_group": "5", "duct_assignment": "3" }, "geometry": { "type": "Point", "coordinates": [ -119.288207225470003, 35.506001146200681 ] } },
{ "type": "Feature", "properties": { "id": "fd-00875", "input_id": "026-682-25", "specification": "terminal", "source": "fd-00421", "demand": 1, "placement": "ug", "duct_group": "4", "duct_assignment": "8" }, "geometry": { "type": "Point", "coordinates": [ -119.287848434691625, 35.505999503009676 ] } },
{ "type": "Feature", "properties": { "id": "fd-00876", "input_id": "026-683-06", "specification": "terminal", "source": "fd-00423", "demand": 1, "placement": "ug", "duct_group": "5", "duct_assignment": "3" }, "geometry": { "type": "Point", "coordinates": [ -119.287298185862895, 35.506070529823106 ] } },
{ "type": "Feature", "properties": { "id": "fd-00877", "input_id": "026-671-02", "specification": "terminal", "source": "fd-00329", "demand": 1, "placement": "ug", "duct_group": "0", "duct_assignment": "4" }, "geometry": { "type": "Point", "coordinates": [ -119.291389116227037, 35.505778790391503 ] } },
{ "type": "Feature", "properties": { "id": "fd-00878", "input_id": "026-673-05", "specification": "terminal", "source": "fd-00394", "demand": 1, "placement": "ug", "duct_group": "11", "duct_assignment": "5" }, "geometry": { "type": "Point", "coordinates": [ -119.290943124499734, 35.505638628988407 ] } },
{ "type": "Feature", "properties": { "id": "fd-00879", "input_id": "026-673-04", "specification": "terminal", "source": "fd-00393", "demand": 1, "placement": "ug", "duct_group": "11", "duct_assignment": "3" }, "geometry": { "type": "Point", "coordinates": [ -119.29071880011611, 35.505640248771549 ] } },
{ "type": "Feature", "properties": { "id": "fd-00880", "input_id": "026-673-03", "specification": "terminal", "source": "fd-00392", "demand": 1, "placement": "ug", "duct_group": "11", "duct_assignment": "2" }, "geometry": { "type": "Point", "coordinates": [ -119.290495888692462, 35.505639626263516 ] } },
{ "type": "Feature", "properties": { "id": "fd-00881", "input_id": "026-673-02", "specification": "terminal", "source": "fd-00392", "demand": 1, "placement": "ug", "duct_group": "11", "duct_assignment": "1" }, "geometry": { "type": "Point", "coordinates": [ -119.290272976995624, 35.505639003466563 ] } },
{ "type": "Feature", "properties": { "id": "fd-00882", "input_id": "026-673-01", "specification": "terminal", "source": "fd-00345", "demand": 1, "placement": "ug", "duct_group": "3", "duct_assignment": "2" }, "geometry": { "type": "Point", "coordinates": [ -119.290054600517109, 35.505638393094351 ] } },
{ "type": "Feature", "properties": { "id": "fd-00883", "input_id": "026-681-02", "specification": "terminal", "source": "fd-00345", "demand": 1, "placement": "ug", "duct_group": "3", "duct_assignment": "1" }, "geometry": { "type": "Point", "coordinates": [ -119.289829505270447, 35.505637763657766 ] } },
{ "type": "Feature", "properties": { "id": "fd-00884", "input_id": "026-683-16", "specification": "terminal", "source": "fd-00348", "demand": 1, "placement": "ug", "duct_group": "3", "duct_assignment": "7" }, "geometry": { "type": "Point", "coordinates": [ -119.289194041904139, 35.505633750177203 ] } },
{ "type": "Feature", "properties": { "id": "fd-00885", "input_id": "026-683-15", "specification": "terminal", "source": "fd-00428", "demand": 1, "placement": "ug", "duct_group": "5", "duct_assignment": "12" }, "geometry": { "type": "Point", "coordinates": [ -119.288969402481641, 35.505635354226555 ] } },
{ "type": "Feature", "properties": { "id": "fd-00886", "input_id": "026-683-14", "specification": "terminal", "source": "fd-00427", "demand": 1, "placement": "ug", "duct_group": "5", "duct_assignment": "11" }, "geometry": { "type": "Point", "coordinates": [ -119.288751026576065, 35.505634741425638 ] } },
{ "type": "Feature", "properties": { "id": "fd-00887", "input_id": "026-700-27", "specification": "terminal", "source": "fd-00538", "demand": 1, "placement": "ug", "duct_group": "0", "duct_assignment": "10" }, "geometry": { "type": "Point", "coordinates": [ -119.287023086444265, 35.50595695199933 ] } },
{ "type": "Feature", "properties": { "id": "fd-00888", "input_id": "026-683-07", "specification": "terminal", "source": "fd-00424", "demand": 1, "placement": "ug", "duct_group": "5", "duct_assignment": "5" }, "geometry": { "type": "Point", "coordinates": [ -119.287283011582076, 35.505874130603871 ] } },
{ "type": "Feature", "properties": { "id": "fd-00889", "input_id": "026-592-25", "specification": "terminal", "source": "fd-00302", "demand": 1, "placement": "ug", "duct_group": "7", "duct_assignment": "9" }, "geometry": { "type": "Point", "coordinates": [ -119.292465621421613, 35.503387819184482 ] } },
{ "type": "Feature", "properties": { "id": "fd-00890", "input_id": "026-592-24", "specification": "terminal", "source": "fd-00302", "demand": 1, "placement": "ug", "duct_group": "7", "duct_assignment": "10" }, "geometry": { "type": "Point", "coordinates": [ -119.29209263365307, 35.503375225861411 ] } },
{ "type": "Feature", "properties": { "id": "fd-00891", "input_id": "026-634-01", "specification": "terminal", "source": "fd-00330", "demand": 1, "placement": "ug", "duct_group": "0", "duct_assignment": "6" }, "geometry": { "type": "Point", "coordinates": [ -119.291393580873887, 35.505403125734794 ] } },
{ "type": "Feature", "properties": { "id": "fd-00892", "input_id": "026-634-02", "specification": "terminal", "source": "fd-00330", "demand": 1, "placement": "ug", "duct_group": "0", "duct_assignment": "5" }, "geometry": { "type": "Point", "coordinates": [ -119.291395927820858, 35.505205337701028 ] } },
{ "type": "Feature", "properties": { "id": "fd-00893", "input_id": "026-634-03", "specification": "terminal", "source": "fd-00331", "demand": 1, "placement": "ug", "duct_group": "0", "duct_assignment": "8" }, "geometry": { "type": "Point", "coordinates": [ -119.291398193502602, 35.505014416629599 ] } },
{ "type": "Feature", "properties": { "id": "fd-00894", "input_id": "026-634-04", "specification": "terminal", "source": "fd-00331", "demand": 1, "placement": "ug", "duct_group": "0", "duct_assignment": "7" }, "geometry": { "type": "Point", "coordinates": [ -119.291400442990678, 35.504824869116362 ] } },
{ "type": "Feature", "properties": { "id": "fd-00895", "input_id": "026-634-05", "specification": "terminal", "source": "fd-00332", "demand": 1, "placement": "ug", "duct_group": "0", "duct_assignment": "9" }, "geometry": { "type": "Point", "coordinates": [ -119.291402708651376, 35.504633948021372 ] } },
{ "type": "Feature", "properties": { "id": "fd-00896", "input_id": "026-634-06", "specification": "terminal", "source": "fd-00333", "demand": 1, "placement": "ug", "duct_group": "0", "duct_assignment": "10" }, "geometry": { "type": "Point", "coordinates": [ -119.29141700498171, 35.50444510227193 ] } },
{ "type": "Feature", "properties": { "id": "fd-00897", "input_id": "026-634-07", "specification": "terminal", "source": "fd-00333", "demand": 1, "placement": "ug", "duct_group": "0", "duct_assignment": "12" }, "geometry": { "type": "Point", "coordinates": [ -119.291426226788886, 35.504237094735998 ] } },
{ "type": "Feature", "properties": { "id": "fd-00898", "input_id": "026-633-37", "specification": "terminal", "source": "fd-00340", "demand": 1, "placement": "ug", "duct_group": "2", "duct_assignment": "3" }, "geometry": { "type": "Point", "coordinates": [ -119.290902569777273, 35.504341534762816 ] } },
{ "type": "Feature", "properties": { "id": "fd-00899", "input_id": "026-633-38", "specification": "terminal", "source": "fd-00340", "demand": 1, "placement": "ug", "duct_group": "2", "duct_assignment": "4" }, "geometry": { "type": "Point", "coordinates": [ -119.290903427077112, 35.504522670399496 ] } },
{ "type": "Feature", "properties": { "id": "fd-00900", "input_id": "026-633-39", "specification": "terminal", "source": "fd-00339", "demand": 1, "placement": "ug", "duct_group": "2", "duct_assignment": "2" }, "geometry": { "type": "Point", "coordinates": [ -119.290901339356665, 35.504698482520354 ] } },
{ "type": "Feature", "properties": { "id": "fd-00901", "input_id": "026-633-40", "specification": "terminal", "source": "fd-00339", "demand": 1, "placement": "ug", "duct_group": "2", "duct_assignment": "1" }, "geometry": { "type": "Point", "coordinates": [ -119.290899170443097, 35.504881162167706 ] } },
{ "type": "Feature", "properties": { "id": "fd-00902", "input_id": "026-633-41", "specification": "terminal", "source": "fd-00395", "demand": 1, "placement": "ug", "duct_group": "11", "duct_assignment": "7" }, "geometry": { "type": "Point", "coordinates": [ -119.290897001520449, 35.505063841776526 ] } },
{ "type": "Feature", "properties": { "id": "fd-00903", "input_id": "026-633-42", "specification": "terminal", "source": "fd-00395", "demand": 1, "placement": "ug", "duct_group": "11", "duct_assignment": "6" }, "geometry": { "type": "Point", "coordinates": [ -119.290894913792556, 35.505239653857124 ] } },
{ "type": "Feature", "properties": { "id": "fd-00904", "input_id": "026-633-43", "specification": "terminal", "source": "fd-00394", "demand": 1, "placement": "ug", "duct_group": "11", "duct_assignment": "4" }, "geometry": { "type": "Point", "coordinates": [ -119.290892827930818, 35.505415466212078 ] } },
{ "type": "Feature", "properties": { "id": "fd-00905", "input_id": "026-633-31", "specification": "terminal", "source": "fd-00386", "demand": 1, "placement": "ug", "duct_group": "9", "duct_assignment": "9" }, "geometry": { "type": "Point", "coordinates": [ -119.290559301060171, 35.505343246332274 ] } },
{ "type": "Feature", "properties": { "id": "fd-00906", "input_id": "026-633-30", "specification": "terminal", "source": "fd-00386", "demand": 1, "placement": "ug", "duct_group": "9", "duct_assignment": "10" }, "geometry": { "type": "Point", "coordinates": [ -119.290298766233903, 35.505386810163827 ] } },
{ "type": "Feature", "properties": { "id": "fd-00907", "input_id": "026-633-29", "specification": "terminal", "source": "fd-00387", "demand": 1, "placement": "ug", "duct_group": "9", "duct_assignment": "11" }, "geometry": { "type": "Point", "coordinates": [ -119.290032886598169, 35.505334213931803 ] } },
{ "type": "Feature", "properties": { "id": "fd-00908", "input_id": "026-633-28", "specification": "terminal", "source": "fd-00385", "demand": 1, "placement": "ug", "duct_group": "9", "duct_assignment": "8" }, "geometry": { "type": "Point", "coordinates": [ -119.290004717220469, 35.505078202426297 ] } },
{ "type": "Feature", "properties": { "id": "fd-00909", "input_id": "026-633-27", "specification": "terminal", "source": "fd-00385", "demand": 1, "placement": "ug", "duct_group": "9", "duct_assignment": "7" }, "geometry": { "type": "Point", "coordinates": [ -119.290051045020917, 35.504874583373841 ] } },
{ "type": "Feature", "properties": { "id": "fd-00910", "input_id": "026-633-26", "specification": "terminal", "source": "fd-00383", "demand": 1, "placement": "ug", "duct_group": "9", "duct_assignment": "4" }, "geometry": { "type": "Point", "coordinates": [ -119.290053233320194, 35.50469883211624 ] } },
{ "type": "Feature", "properties": { "id": "fd-00911", "input_id": "026-633-25", "specification": "terminal", "source": "fd-00381", "demand": 1, "placement": "ug", "duct_group": "9", "duct_assignment": "2" }, "geometry": { "type": "Point", "coordinates": [ -119.290055295991621, 35.504523019790021 ] } },
{ "type": "Feature", "properties": { "id": "fd-00912", "input_id": "026-633-24", "specification": "terminal", "source": "fd-00381", "demand": 1, "placement": "ug", "duct_group": "9", "duct_assignment": "1" }, "geometry": { "type": "Point", "coordinates": [ -119.290054964358959, 35.5043402869224 ] } },
{ "type": "Feature", "properties": { "id": "fd-00913", "input_id": "026-633-36", "specification": "terminal", "source": "fd-00341", "demand": 1, "placement": "ug", "duct_group": "2", "duct_assignment": "5" }, "geometry": { "type": "Point", "coordinates": [ -119.290564912091426, 35.504340338628666 ] } },
{ "type": "Feature", "properties": { "id": "fd-00914", "input_id": "026-633-35", "specification": "terminal", "source": "fd-00341", "demand": 1, "placement": "ug", "duct_group": "2", "duct_assignment": "6" }, "geometry": { "type": "Point", "coordinates": [ -119.29056025575872, 35.504521711987039 ] } },
{ "type": "Feature", "properties": { "id": "fd-00915", "input_id": "026-633-34", "specification": "terminal", "source": "fd-00382", "demand": 1, "placement": "ug", "duct_group": "9", "duct_assignment": "3" }, "geometry": { "type": "Point", "coordinates": [ -119.290558176271688, 35.504697524236335 ] } },
{ "type": "Feature", "properties": { "id": "fd-00916", "input_id": "026-633-33", "specification": "terminal", "source": "fd-00384", "demand": 1, "placement": "ug", "duct_group": "9", "duct_assignment": "6" }, "geometry": { "type": "Point", "coordinates": [ -119.290556352376555, 35.504880033457042 ] } },
{ "type": "Feature", "properties": { "id": "fd-00917", "input_id": "026-633-32", "specification": "terminal", "source": "fd-00384", "demand": 1, "placement": "ug", "duct_group": "9", "duct_assignment": "5" }, "geometry": { "type": "Point", "coordinates": [ -119.290602705367434, 35.505100152027737 ] } },
{ "type": "Feature", "properties": { "id": "fd-00918", "input_id": "026-633-01", "specification": "terminal", "source": "fd-00371", "demand": 1, "placement": "ug", "duct_group": "7", "duct_assignment": "1" }, "geometry": { "type": "Point", "coordinates": [ -119.289674928176993, 35.505405195030555 ] } },
{ "type": "Feature", "properties": { "id": "fd-00919", "input_id": "026-633-02", "specification": "terminal", "source": "fd-00372", "demand": 1, "placement": "ug", "duct_group": "7", "duct_assignment": "2" }, "geometry": { "type": "Point", "coordinates": [ -119.289677108977159, 35.505228064367564 ] } },
{ "type": "Feature", "properties": { "id": "fd-00920", "input_id": "026-633-03", "specification": "terminal", "source": "fd-00372", "demand": 1, "placement": "ug", "duct_group": "7", "duct_assignment": "3" }, "geometry": { "type": "Point", "coordinates": [ -119.289701542750478, 35.505062343091076 ] } },
{ "type": "Feature", "properties": { "id": "fd-00921", "input_id": "026-633-04", "specification": "terminal", "source": "fd-00373", "demand": 1, "placement": "ug", "duct_group": "7", "duct_assignment": "4" }, "geometry": { "type": "Point", "coordinates": [ -119.289728775155297, 35.504862932393337 ] } },
{ "type": "Feature", "properties": { "id": "fd-00922", "input_id": "026-633-05", "specification": "terminal", "source": "fd-00374", "demand": 1, "placement": "ug", "duct_group": "7", "duct_assignment": "5" }, "geometry": { "type": "Point", "coordinates": [ -119.28965851998251, 35.504665394525311 ] } },
{ "type": "Feature", "properties": { "id": "fd-00923", "input_id": "026-631-31", "specification": "terminal", "source": "fd-00348", "demand": 1, "placement": "ug", "duct_group": "3", "duct_assignment": "6" }, "geometry": { "type": "Point", "coordinates": [ -119.28914747447763, 35.505402343423754 ] } },
{ "type": "Feature", "properties": { "id": "fd-00924", "input_id": "026-631-30", "specification": "terminal", "source": "fd-00334", "demand": 1, "placement": "ug", "duct_group": "1", "duct_assignment": "1" }, "geometry": { "type": "Point", "coordinates": [ -119.289149642492887, 35.505216916617698 ] } },
{ "type": "Feature", "properties": { "id": "fd-00925", "input_id": "026-631-29", "specification": "terminal", "source": "fd-00334", "demand": 1, "placement": "ug", "duct_group": "1", "duct_assignment": "2" }, "geometry": { "type": "Point", "coordinates": [ -119.289149116146433, 35.505026220776536 ] } },
{ "type": "Feature", "properties": { "id": "fd-00926", "input_id": "026-631-28", "specification": "terminal", "source": "fd-00375", "demand": 1, "placement": "ug", "duct_group": "7", "duct_assignment": "7" }, "geometry": { "type": "Point", "coordinates": [ -119.288813322026456, 35.505012665083775 ] } },
{ "type": "Feature", "properties": { "id": "fd-00927", "input_id": "026-631-27", "specification": "terminal", "source": "fd-00375", "demand": 1, "placement": "ug", "duct_group": "7", "duct_assignment": "8" }, "geometry": { "type": "Point", "coordinates": [ -119.288851952898384, 35.505252211182182 ] } },
{ "type": "Feature", "properties": { "id": "fd-00928", "input_id": "026-631-26", "specification": "terminal", "source": "fd-00377", "demand": 1, "placement": "ug", "duct_group": "7", "duct_assignment": "12" }, "geometry": { "type": "Point", "coordinates": [ -119.288686275393445, 35.505389623197857 ] } },
{ "type": "Feature", "properties": { "id": "fd-00929", "input_id": "026-631-25", "specification": "terminal", "source": "fd-00377", "demand": 1, "placement": "ug", "duct_group": "7", "duct_assignment": "11" }, "geometry": { "type": "Point", "coordinates": [ -119.288351232969418, 35.50538879741444 ] } },
{ "type": "Feature", "properties": { "id": "fd-00930", "input_id": "026-631-24", "specification": "terminal", "source": "fd-00376", "demand": 1, "placement": "ug", "duct_group": "7", "duct_assignment": "10" }, "geometry": { "type": "Point", "coordinates": [ -119.288186971875902, 35.505250424769791 ] } },
{ "type": "Feature", "properties": { "id": "fd-00931", "input_id": "026-631-23", "specification": "terminal", "source": "fd-00376", "demand": 1, "placement": "ug", "duct_group": "7", "duct_assignment": "9" }, "geometry": { "type": "Point", "coordinates": [ -119.288230544672189, 35.505011017166396 ] } },
{ "type": "Feature", "properties": { "id": "fd-00932", "input_id": "026-631-22", "specification": "terminal", "source": "fd-00368", "demand": 1, "placement": "ug", "duct_group": "6", "duct_assignment": "8" }, "geometry": { "type": "Point", "coordinates": [ -119.287888547704426, 35.505010111943541 ] } },
{ "type": "Feature", "properties": { "id": "fd-00933", "input_id": "026-631-21", "specification": "terminal", "source": "fd-00368", "demand": 1, "placement": "ug", "duct_group": "6", "duct_assignment": "7" }, "geometry": { "type": "Point", "coordinates": [ -119.287926283510018, 35.505250209738385 ] } },
{ "type": "Feature", "properties": { "id": "fd-00934", "input_id": "026-631-20", "specification": "terminal", "source": "fd-00369", "demand": 1, "placement": "ug", "duct_group": "6", "duct_assignment": "10" }, "geometry": { "type": "Point", "coordinates": [ -119.287755983430145, 35.505387562492693 ] } },
{ "type": "Feature", "properties": { "id": "fd-00935", "input_id": "026-631-19", "specification": "terminal", "source": "fd-00369", "demand": 1, "placement": "ug", "duct_group": "6", "duct_assignment": "9" }, "geometry": { "type": "Point", "coordinates": [ -119.287423152147809, 35.505383524108403 ] } },
{ "type": "Feature", "properties": { "id": "fd-00936", "input_id": "026-631-18", "specification": "terminal", "source": "fd-00370", "demand": 1, "placement": "ug", "duct_group": "6", "duct_assignment": "11" }, "geometry": { "type": "Point", "coordinates": [ -119.287270619290894, 35.505257621476012 ] } },
{ "type": "Feature", "properties": { "id": "fd-00937", "input_id": "026-631-17", "specification": "terminal", "source": "fd-00370", "demand": 1, "placement": "ug", "duct_group": "6", "duct_assignment": "12" }, "geometry": { "type": "Point", "coordinates": [ -119.287297876247123, 35.505037914856629 ] } },
{ "type": "Feature", "properties": { "id": "fd-00938", "input_id": "026-631-16", "specification": "terminal", "source": "fd-00335", "demand": 1, "placement": "ug", "duct_group": "1", "duct_assignment": "3" }, "geometry": { "type": "Point", "coordinates": [ -119.287332460761988, 35.504869779144677 ] } },
{ "type": "Feature", "properties": { "id": "fd-00939", "input_id": "026-631-15", "specification": "terminal", "source": "fd-00335", "demand": 1, "placement": "ug", "duct_group": "1", "duct_assignment": "5" }, "geometry": { "type": "Point", "coordinates": [ -119.287334211392334, 35.504704953911222 ] } },
{ "type": "Feature", "properties": { "id": "fd-00940", "input_id": "026-631-14", "specification": "terminal", "source": "fd-00336", "demand": 1, "placement": "ug", "duct_group": "1", "duct_assignment": "6" }, "geometry": { "type": "Point", "coordinates": [ -119.287335893447988, 35.504540156884822 ] } },
{ "type": "Feature", "properties": { "id": "fd-00941", "input_id": "026-633-23", "specification": "terminal", "source": "fd-00253", "demand": 1, "placement": "ug", "duct_group": "0", "duct_assignment": "1" }, "geometry": { "type": "Point", "coordinates": [ -119.289775941938714, 35.50437941128073 ] } },
{ "type": "Feature", "properties": { "id": "fd-00942", "input_id": "026-633-22", "specification": "terminal", "source": "fd-00253", "demand": 1, "placement": "ug", "duct_group": "0", "duct_assignment": "2" }, "geometry": { "type": "Point", "coordinates": [ -119.289557565909163, 35.504378799918797 ] } },
{ "type": "Feature", "properties": { "id": "fd-00943", "input_id": "026-633-21", "specification": "terminal", "source": "fd-00254", "demand": 1, "placement": "ug", "duct_group": "0", "duct_assignment": "3" }, "geometry": { "type": "Point", "coordinates": [ -119.289339189540442, 35.50437818821208 ] } },
{ "type": "Feature", "properties": { "id": "fd-00944", "input_id": "026-633-20", "specification": "terminal", "source": "fd-00254", "demand": 1, "placement": "ug", "duct_group": "0", "duct_assignment": "4" }, "geometry": { "type": "Point", "coordinates": [ -119.289120813050687, 35.504377575980058 ] } },
{ "type": "Feature", "properties": { "id": "fd-00945", "input_id": "026-633-19", "specification": "terminal", "source": "fd-00255", "demand": 1, "placement": "ug", "duct_group": "0", "duct_assignment": "5" }, "geometry": { "type": "Point", "coordinates": [ -119.288902437176674, 35.504376963591412 ] } },
{ "type": "Feature", "properties": { "id": "fd-00946", "input_id": "026-633-18", "specification": "terminal", "source": "fd-00255", "demand": 1, "placement": "ug", "duct_group": "0", "duct_assignment": "6" }, "geometry": { "type": "Point", "coordinates": [ -119.288684060691565, 35.504376350592558 ] } },
{ "type": "Feature", "properties": { "id": "fd-00947", "input_id": "026-633-17", "specification": "terminal", "source": "fd-00257", "demand": 1, "placement": "ug", "duct_group": "0", "duct_assignment": "10" }, "geometry": { "type": "Point", "coordinates": [ -119.28846568432914, 35.504375737211262 ] } },
{ "type": "Feature", "properties": { "id": "fd-00948", "input_id": "026-633-16", "specification": "terminal", "source": "fd-00257", "demand": 1, "placement": "ug", "duct_group": "0", "duct_assignment": "9" }, "geometry": { "type": "Point", "coordinates": [ -119.288247308464847, 35.504375123658804 ] } },
{ "type": "Feature", "properties": { "id": "fd-00949", "input_id": "026-633-15", "specification": "terminal", "source": "fd-00258", "demand": 1, "placement": "ug", "duct_group": "0", "duct_assignment": "12" }, "geometry": { "type": "Point", "coordinates": [ -119.288028932330619, 35.504374509605775 ] } },
{ "type": "Feature", "properties": { "id": "fd-00950", "input_id": "026-633-14", "specification": "terminal", "source": "fd-00258", "demand": 1, "placement": "ug", "duct_group": "0", "duct_assignment": "11" }, "geometry": { "type": "Point", "coordinates": [ -119.287804027428521, 35.504376229753582 ] } },
{ "type": "Feature", "properties": { "id": "fd-00951", "input_id": "026-633-06", "specification": "terminal", "source": "fd-00374", "demand": 1, "placement": "ug", "duct_group": "7", "duct_assignment": "6" }, "geometry": { "type": "Point", "coordinates": [ -119.289389657962829, 35.504622938664419 ] } },
{ "type": "Feature", "properties": { "id": "fd-00952", "input_id": "026-633-07", "specification": "terminal", "source": "fd-00365", "demand": 1, "placement": "ug", "duct_group": "6", "duct_assignment": "2" }, "geometry": { "type": "Point", "coordinates": [ -119.289127358733481, 35.504637572460844 ] } },
{ "type": "Feature", "properties": { "id": "fd-00953", "input_id": "026-633-08", "specification": "terminal", "source": "fd-00365", "demand": 1, "placement": "ug", "duct_group": "6", "duct_assignment": "1" }, "geometry": { "type": "Point", "coordinates": [ -119.28889922399172, 35.504651667799372 ] } },
{ "type": "Feature", "properties": { "id": "fd-00954", "input_id": "026-633-09", "specification": "terminal", "source": "fd-00366", "demand": 1, "placement": "ug", "duct_group": "6", "duct_assignment": "4" }, "geometry": { "type": "Point", "coordinates": [ -119.288680847117845, 35.504651054904507 ] } },
{ "type": "Feature", "properties": { "id": "fd-00955", "input_id": "026-633-10", "specification": "terminal", "source": "fd-00366", "demand": 1, "placement": "ug", "duct_group": "6", "duct_assignment": "3" }, "geometry": { "type": "Point", "coordinates": [ -119.28846246996477, 35.504650441971172 ] } },
{ "type": "Feature", "properties": { "id": "fd-00956", "input_id": "026-633-11", "specification": "terminal", "source": "fd-00367", "demand": 1, "placement": "ug", "duct_group": "6", "duct_assignment": "5" }, "geometry": { "type": "Point", "coordinates": [ -119.288244093097489, 35.504649828300444 ] } },
{ "type": "Feature", "properties": { "id": "fd-00957", "input_id": "026-633-12", "specification": "terminal", "source": "fd-00367", "demand": 1, "placement": "ug", "duct_group": "6", "duct_assignment": "6" }, "geometry": { "type": "Point", "coordinates": [ -119.288025716506624, 35.504649214354387 ] } },
{ "type": "Feature", "properties": { "id": "fd-00958", "input_id": "026-633-13", "specification": "terminal", "source": "fd-00335", "demand": 1, "placement": "ug", "duct_group": "1", "duct_assignment": "4" }, "geometry": { "type": "Point", "coordinates": [ -119.287800602549765, 35.50464656149137 ] } },
{ "type": "Feature", "properties": { "id": "fd-00959", "input_id": "026-634-09", "specification": "terminal", "source": "fd-00342", "demand": 1, "placement": "ug", "duct_group": "2", "duct_assignment": "7" }, "geometry": { "type": "Point", "coordinates": [ -119.290581782803599, 35.504014819369864 ] } },
{ "type": "Feature", "properties": { "id": "fd-00960", "input_id": "026-634-14", "specification": "terminal", "source": "fd-00343", "demand": 1, "placement": "ug", "duct_group": "2", "duct_assignment": "9" }, "geometry": { "type": "Point", "coordinates": [ -119.290033429618404, 35.504016591751352 ] } },
{ "type": "Feature", "properties": { "id": "fd-00961", "input_id": "026-634-13", "specification": "terminal", "source": "fd-00343", "demand": 1, "placement": "ug", "duct_group": "2", "duct_assignment": "10" }, "geometry": { "type": "Point", "coordinates": [ -119.289985171032399, 35.503768623347597 ] } },
{ "type": "Feature", "properties": { "id": "fd-00962", "input_id": "026-634-10", "specification": "terminal", "source": "fd-00342", "demand": 1, "placement": "ug", "duct_group": "2", "duct_assignment": "8" }, "geometry": { "type": "Point", "coordinates": [ -119.290629299525406, 35.503763782641819 ] } },
{ "type": "Feature", "properties": { "id": "fd-00963", "input_id": "026-632-05", "specification": "terminal", "source": "fd-00295", "demand": 1, "placement": "ug", "duct_group": "6", "duct_assignment": "9" }, "geometry": { "type": "Point", "coordinates": [ -119.289570371367731, 35.503970320003482 ] } },
{ "type": "Feature", "properties": { "id": "fd-00964", "input_id": "026-632-06", "specification": "terminal", "source": "fd-00295", "demand": 1, "placement": "ug", "duct_group": "6", "duct_assignment": "10" }, "geometry": { "type": "Point", "coordinates": [ -119.289331908894752, 35.503971562626944 ] } },
{ "type": "Feature", "properties": { "id": "fd-00965", "input_id": "026-632-07", "specification": "terminal", "source": "fd-00296", "demand": 1, "placement": "ug", "duct_group": "6", "duct_assignment": "12" }, "geometry": { "type": "Point", "coordinates": [ -119.289100095126415, 35.503970912853667 ] } },
{ "type": "Feature", "properties": { "id": "fd-00966", "input_id": "026-671-01", "specification": "terminal", "source": "fd-00329", "demand": 1, "placement": "ug", "duct_group": "0", "duct_assignment": "3" }, "geometry": { "type": "Point", "coordinates": [ -119.291391635317083, 35.505594393315015 ] } },
{ "type": "Feature", "properties": { "id": "fd-00967", "input_id": "026-681-01", "specification": "terminal", "source": "fd-00346", "demand": 1, "placement": "ug", "duct_group": "3", "duct_assignment": "3" }, "geometry": { "type": "Point", "coordinates": [ -119.289595490483421, 35.505635303889477 ] } },
{ "type": "Feature", "properties": { "id": "fd-00968", "input_id": "026-683-13", "specification": "terminal", "source": "fd-00427", "demand": 1, "placement": "ug", "duct_group": "5", "duct_assignment": "10" }, "geometry": { "type": "Point", "coordinates": [ -119.288532650674597, 35.50563412846352 ] } },
{ "type": "Feature", "properties": { "id": "fd-00969", "input_id": "026-683-12", "specification": "terminal", "source": "fd-00426", "demand": 1, "placement": "ug", "duct_group": "5", "duct_assignment": "8" }, "geometry": { "type": "Point", "coordinates": [ -119.288314274495264, 35.505633514765236 ] } },
{ "type": "Feature", "properties": { "id": "fd-00970", "input_id": "026-683-11", "specification": "terminal", "source": "fd-00426", "demand": 1, "placement": "ug", "duct_group": "5", "duct_assignment": "9" }, "geometry": { "type": "Point", "coordinates": [ -119.288095898048354, 35.505632901203057 ] } },
{ "type": "Feature", "properties": { "id": "fd-00971", "input_id": "026-683-10", "specification": "terminal", "source": "fd-00425", "demand": 1, "placement": "ug", "duct_group": "5", "duct_assignment": "7" }, "geometry": { "type": "Point", "coordinates": [ -119.287869349450347, 35.505617860721877 ] } },
{ "type": "Feature", "properties": { "id": "fd-00972", "input_id": "026-683-09", "specification": "terminal", "source": "fd-00425", "demand": 1, "placement": "ug", "duct_group": "5", "duct_assignment": "6" }, "geometry": { "type": "Point", "coordinates": [ -119.287593670294626, 35.505599688155222 ] } },
{ "type": "Feature", "properties": { "id": "fd-00973", "input_id": "026-683-08", "specification": "terminal", "source": "fd-00538", "demand": 1, "placement": "ug", "duct_group": "0", "duct_assignment": "9" }, "geometry": { "type": "Point", "coordinates": [ -119.287336149148913, 35.505660485682625 ] } },
{ "type": "Feature", "properties": { "id": "fd-00974", "input_id": "026-700-28", "specification": "terminal", "source": "fd-00538", "demand": 1, "placement": "ug", "duct_group": "0", "duct_assignment": "11" }, "geometry": { "type": "Point", "coordinates": [ -119.287020050409438, 35.505459843418372 ] } },
{ "type": "Feature", "properties": { "id": "fd-00975", "input_id": "026-700-29", "specification": "terminal", "source": "fd-00575", "demand": 1, "placement": "ug", "duct_group": "7", "duct_assignment": "9" }, "geometry": { "type": "Point", "coordinates": [ -119.286755213158003, 35.505463345697905 ] } },
{ "type": "Feature", "properties": { "id": "fd-00976", "input_id": "026-700-30", "specification": "terminal", "source": "fd-00575", "demand": 1, "placement": "ug", "duct_group": "7", "duct_assignment": "8" }, "geometry": { "type": "Point", "coordinates": [ -119.286540074018987, 35.505468618885956 ] } },
{ "type": "Feature", "properties": { "id": "fd-00977", "input_id": "026-700-31", "specification": "terminal", "source": "fd-00574", "demand": 1, "placement": "ug", "duct_group": "7", "duct_assignment": "7" }, "geometry": { "type": "Point", "coordinates": [ -119.286338299694265, 35.505468073265604 ] } },
{ "type": "Feature", "properties": { "id": "fd-00978", "input_id": "026-700-32", "specification": "terminal", "source": "fd-00574", "demand": 1, "placement": "ug", "duct_group": "7", "duct_assignment": "6" }, "geometry": { "type": "Point", "coordinates": [ -119.286136603080365, 35.505467563153452 ] } },
{ "type": "Feature", "properties": { "id": "fd-00979", "input_id": "026-700-33", "specification": "terminal", "source": "fd-00573", "demand": 1, "placement": "ug", "duct_group": "7", "duct_assignment": "5" }, "geometry": { "type": "Point", "coordinates": [ -119.285934975560991, 35.505467074630879 ] } },
{ "type": "Feature", "properties": { "id": "fd-00980", "input_id": "026-700-34", "specification": "terminal", "source": "fd-00573", "demand": 1, "placement": "ug", "duct_group": "7", "duct_assignment": "4" }, "geometry": { "type": "Point", "coordinates": [ -119.285733434907598, 35.505466602423638 ] } },
{ "type": "Feature", "properties": { "id": "fd-00981", "input_id": "026-700-35", "specification": "terminal", "source": "fd-00572", "demand": 1, "placement": "ug", "duct_group": "7", "duct_assignment": "3" }, "geometry": { "type": "Point", "coordinates": [ -119.285532056380504, 35.505466134247357 ] } },
{ "type": "Feature", "properties": { "id": "fd-00982", "input_id": "026-700-36", "specification": "terminal", "source": "fd-00571", "demand": 1, "placement": "ug", "duct_group": "7", "duct_assignment": "2" }, "geometry": { "type": "Point", "coordinates": [ -119.285330689161384, 35.505465810063548 ] } },
{ "type": "Feature", "properties": { "id": "fd-00983", "input_id": "026-700-37", "specification": "terminal", "source": "fd-00571", "demand": 1, "placement": "ug", "duct_group": "7", "duct_assignment": "1" }, "geometry": { "type": "Point", "coordinates": [ -119.285121713115956, 35.50546339755568 ] } },
{ "type": "Feature", "properties": { "id": "fd-00984", "input_id": "026-523-02", "specification": "terminal", "source": "fd-00606", "demand": 1, "placement": "ug", "duct_group": "3", "duct_assignment": "1" }, "geometry": { "type": "Point", "coordinates": [ -119.283856646758082, 35.507363158824347 ] } },
{ "type": "Feature", "properties": { "id": "fd-00985", "input_id": "026-523-01", "specification": "terminal", "source": "fd-00598", "demand": 1, "placement": "ug", "duct_group": "0", "duct_assignment": "2" }, "geometry": { "type": "Point", "coordinates": [ -119.283855015104592, 35.50763188985794 ] } },
{ "type": "Feature", "properties": { "id": "fd-00986", "input_id": "026-531-26", "specification": "terminal", "source": "fd-00598", "demand": 1, "placement": "ug", "duct_group": "0", "duct_assignment": "1" }, "geometry": { "type": "Point", "coordinates": [ -119.284063384192962, 35.507636210082801 ] } },
{ "type": "Feature", "properties": { "id": "fd-00987", "input_id": "026-531-01", "specification": "terminal", "source": "fd-00606", "demand": 1, "placement": "ug", "duct_group": "3", "duct_assignment": "2" }, "geometry": { "type": "Point", "coordinates": [ -119.284064975145412, 35.507359963290213 ] } },
{ "type": "Feature", "properties": { "id": "fd-00988", "input_id": "026-531-25", "specification": "terminal", "source": "fd-00405", "demand": 1, "placement": "ug", "duct_group": "1", "duct_assignment": "12" }, "geometry": { "type": "Point", "coordinates": [ -119.284265180906004, 35.507636765279273 ] } },
{ "type": "Feature", "properties": { "id": "fd-00989", "input_id": "026-531-02", "specification": "terminal", "source": "fd-00617", "demand": 1, "placement": "ug", "duct_group": "6", "duct_assignment": "2" }, "geometry": { "type": "Point", "coordinates": [ -119.284266689584129, 35.507360510214646 ] } },
{ "type": "Feature", "properties": { "id": "fd-00990", "input_id": "026-531-24", "specification": "terminal", "source": "fd-00405", "demand": 1, "placement": "ug", "duct_group": "1", "duct_assignment": "11" }, "geometry": { "type": "Point", "coordinates": [ -119.284466977718679, 35.507637315505285 ] } },
{ "type": "Feature", "properties": { "id": "fd-00991", "input_id": "026-531-03", "specification": "terminal", "source": "fd-00617", "demand": 1, "placement": "ug", "duct_group": "6", "duct_assignment": "1" }, "geometry": { "type": "Point", "coordinates": [ -119.284468404325793, 35.507361054654098 ] } },
{ "type": "Feature", "properties": { "id": "fd-00992", "input_id": "026-531-23", "specification": "terminal", "source": "fd-00404", "demand": 1, "placement": "ug", "duct_group": "1", "duct_assignment": "9" }, "geometry": { "type": "Point", "coordinates": [ -119.284668774303256, 35.507637861477711 ] } },
{ "type": "Feature", "properties": { "id": "fd-00993", "input_id": "026-531-04", "specification": "terminal", "source": "fd-00618", "demand": 1, "placement": "ug", "duct_group": "6", "duct_assignment": "4" }, "geometry": { "type": "Point", "coordinates": [ -119.284670119318974, 35.507361596831444 ] } },
{ "type": "Feature", "properties": { "id": "fd-00994", "input_id": "026-531-22", "specification": "terminal", "source": "fd-00404", "demand": 1, "placement": "ug", "duct_group": "1", "duct_assignment": "10" }, "geometry": { "type": "Point", "coordinates": [ -119.284870571056899, 35.507638403859836 ] } },
{ "type": "Feature", "properties": { "id": "fd-00995", "input_id": "026-531-05", "specification": "terminal", "source": "fd-00618", "demand": 1, "placement": "ug", "duct_group": "6", "duct_assignment": "3" }, "geometry": { "type": "Point", "coordinates": [ -119.284871834389548, 35.507362137173388 ] } },
{ "type": "Feature", "properties": { "id": "fd-00996", "input_id": "026-531-21", "specification": "terminal", "source": "fd-00403", "demand": 1, "placement": "ug", "duct_group": "1", "duct_assignment": "7" }, "geometry": { "type": "Point", "coordinates": [ -119.285072367489846, 35.507638942633761 ] } },
{ "type": "Feature", "properties": { "id": "fd-00997", "input_id": "026-531-06", "specification": "terminal", "source": "fd-00399", "demand": 1, "placement": "ug", "duct_group": "0", "duct_assignment": "7" }, "geometry": { "type": "Point", "coordinates": [ -119.285073548739973, 35.507362675721822 ] } },
{ "type": "Feature", "properties": { "id": "fd-00998", "input_id": "026-532-06", "specification": "terminal", "source": "fd-00417", "demand": 1, "placement": "ug", "duct_group": "3", "duct_assignment": "12" }, "geometry": { "type": "Point", "coordinates": [ -119.285070599013693, 35.508052404734819 ] } },
{ "type": "Feature", "properties": { "id": "fd-00999", "input_id": "026-522-07", "specification": "terminal", "source": "fd-00409", "demand": 1, "placement": "ug", "duct_group": "2", "duct_assignment": "8" }, "geometry": { "type": "Point", "coordinates": [ -119.285069418439932, 35.508328327892457 ] } },
{ "type": "Feature", "properties": { "id": "fd-01000", "input_id": "026-532-05", "specification": "terminal", "source": "fd-00611", "demand": 1, "placement": "ug", "duct_group": "4", "duct_assignment": "9" }, "geometry": { "type": "Point", "coordinates": [ -119.284868679303273, 35.50805186507413 ] } },
{ "type": "Feature", "properties": { "id": "fd-01001", "input_id": "026-522-08", "specification": "terminal", "source": "fd-00410", "demand": 1, "placement": "ug", "duct_group": "2", "duct_assignment": "9" }, "geometry": { "type": "Point", "coordinates": [ -119.284867416958022, 35.508327787748243 ] } },
{ "type": "Feature", "properties": { "id": "fd-01002", "input_id": "026-532-04", "specification": "terminal", "source": "fd-00611", "demand": 1, "placement": "ug", "duct_group": "4", "duct_assignment": "10" }, "geometry": { "type": "Point", "coordinates": [ -119.284666759916178, 35.508051321153424 ] } },
{ "type": "Feature", "properties": { "id": "fd-01003", "input_id": "026-522-09", "specification": "terminal", "source": "fd-00410", "demand": 1, "placement": "ug", "duct_group": "2", "duct_assignment": "10" }, "geometry": { "type": "Point", "coordinates": [ -119.284665415757814, 35.508327243766466 ] } },
{ "type": "Feature", "properties": { "id": "fd-01004", "input_id": "026-532-03", "specification": "terminal", "source": "fd-00610", "demand": 1, "placement": "ug", "duct_group": "4", "duct_assignment": "7" }, "geometry": { "type": "Point", "coordinates": [ -119.284464840574046, 35.508050772736063 ] } },
{ "type": "Feature", "properties": { "id": "fd-01005", "input_id": "026-522-10", "specification": "terminal", "source": "fd-00411", "demand": 1, "placement": "ug", "duct_group": "2", "duct_assignment": "11" }, "geometry": { "type": "Point", "coordinates": [ -119.284463414781072, 35.508326695719418 ] } },
{ "type": "Feature", "properties": { "id": "fd-01006", "input_id": "026-532-02", "specification": "terminal", "source": "fd-00610", "demand": 1, "placement": "ug", "duct_group": "4", "duct_assignment": "8" }, "geometry": { "type": "Point", "coordinates": [ -119.284262921102723, 35.50805021891675 ] } },
{ "type": "Feature", "properties": { "id": "fd-01007", "input_id": "026-522-11", "specification": "terminal", "source": "fd-00411", "demand": 1, "placement": "ug", "duct_group": "2", "duct_assignment": "12" }, "geometry": { "type": "Point", "coordinates": [ -119.284261413079534, 35.508326143536934 ] } },
{ "type": "Feature", "properties": { "id": "fd-01008", "input_id": "026-532-01", "specification": "terminal", "source": "fd-00609", "demand": 1, "placement": "ug", "duct_group": "4", "duct_assignment": "6" }, "geometry": { "type": "Point", "coordinates": [ -119.284061001315848, 35.508049658447938 ] } },
{ "type": "Feature", "properties": { "id": "fd-01009", "input_id": "026-522-12", "specification": "terminal", "source": "fd-00599", "demand": 1, "placement": "ug", "duct_group": "0", "duct_assignment": "3" }, "geometry": { "type": "Point", "coordinates": [ -119.284059411357831, 35.508325585591884 ] } },
{ "type": "Feature", "properties": { "id": "fd-01010", "input_id": "026-522-13", "specification": "terminal", "source": "fd-00599", "demand": 1, "placement": "ug", "duct_group": "0", "duct_assignment": "4" }, "geometry": { "type": "Point", "coordinates": [ -119.283850831254043, 35.508321258164891 ] } },
{ "type": "Feature", "properties": { "id": "fd-01011", "input_id": "026-522-14", "specification": "terminal", "source": "fd-00609", "demand": 1, "placement": "ug", "duct_group": "4", "duct_assignment": "5" }, "geometry": { "type": "Point", "coordinates": [ -119.283852460404731, 35.508052824084174 ] } },
{ "type": "Feature", "properties": { "id": "fd-01012", "input_id": "026-521-11", "specification": "terminal", "source": "fd-00625", "demand": 1, "placement": "ug", "duct_group": "7", "duct_assignment": "7" }, "geometry": { "type": "Point", "coordinates": [ -119.283935298498363, 35.508750668387485 ] } },
{ "type": "Feature", "properties": { "id": "fd-01013", "input_id": "026-521-12", "specification": "terminal", "source": "fd-00625", "demand": 1, "placement": "ug", "duct_group": "7", "duct_assignment": "8" }, "geometry": { "type": "Point", "coordinates": [ -119.28415805204051, 35.508738108284241 ] } },
{ "type": "Feature", "properties": { "id": "fd-01014", "input_id": "026-521-13", "specification": "terminal", "source": "fd-00626", "demand": 1, "placement": "ug", "duct_group": "7", "duct_assignment": "10" }, "geometry": { "type": "Point", "coordinates": [ -119.284361860186635, 35.508738659786587 ] } },
{ "type": "Feature", "properties": { "id": "fd-01015", "input_id": "026-521-14", "specification": "terminal", "source": "fd-00626", "demand": 1, "placement": "ug", "duct_group": "7", "duct_assignment": "9" }, "geometry": { "type": "Point", "coordinates": [ -119.284565668442667, 35.508739209492774 ] } },
{ "type": "Feature", "properties": { "id": "fd-01016", "input_id": "026-521-15", "specification": "terminal", "source": "fd-00627", "demand": 1, "placement": "ug", "duct_group": "7", "duct_assignment": "11" }, "geometry": { "type": "Point", "coordinates": [ -119.284769476490666, 35.508739758381552 ] } },
{ "type": "Feature", "properties": { "id": "fd-01017", "input_id": "026-521-16", "specification": "terminal", "source": "fd-00627", "demand": 1, "placement": "ug", "duct_group": "7", "duct_assignment": "12" }, "geometry": { "type": "Point", "coordinates": [ -119.284973284528505, 35.508740305730463 ] } },
{ "type": "Feature", "properties": { "id": "fd-01018", "input_id": "026-521-17", "specification": "terminal", "source": "fd-00436", "demand": 1, "placement": "ug", "duct_group": "6", "duct_assignment": "12" }, "geometry": { "type": "Point", "coordinates": [ -119.285177092509898, 35.508740852154055 ] } },
{ "type": "Feature", "properties": { "id": "fd-01019", "input_id": "026-521-07", "specification": "terminal", "source": "fd-00623", "demand": 1, "placement": "ug", "duct_group": "7", "duct_assignment": "3" }, "geometry": { "type": "Point", "coordinates": [ -119.283379805716066, 35.508321269637023 ] } },
{ "type": "Feature", "properties": { "id": "fd-01020", "input_id": "026-521-06", "specification": "terminal", "source": "fd-00622", "demand": 1, "placement": "ug", "duct_group": "7", "duct_assignment": "1" }, "geometry": { "type": "Point", "coordinates": [ -119.283402188525656, 35.508143520501278 ] } },
{ "type": "Feature", "properties": { "id": "fd-01021", "input_id": "026-521-05", "specification": "terminal", "source": "fd-00622", "demand": 1, "placement": "ug", "duct_group": "7", "duct_assignment": "2" }, "geometry": { "type": "Point", "coordinates": [ -119.283403318086542, 35.507975875489649 ] } },
{ "type": "Feature", "properties": { "id": "fd-01022", "input_id": "026-521-04", "specification": "terminal", "source": "fd-00608", "demand": 1, "placement": "ug", "duct_group": "4", "duct_assignment": "4" }, "geometry": { "type": "Point", "coordinates": [ -119.283387957287061, 35.507811037223355 ] } },
{ "type": "Feature", "properties": { "id": "fd-01023", "input_id": "026-521-03", "specification": "terminal", "source": "fd-00608", "demand": 1, "placement": "ug", "duct_group": "4", "duct_assignment": "3" }, "geometry": { "type": "Point", "coordinates": [ -119.283389772932935, 35.507646173433763 ] } },
{ "type": "Feature", "properties": { "id": "fd-01024", "input_id": "026-521-02", "specification": "terminal", "source": "fd-00607", "demand": 1, "placement": "ug", "duct_group": "4", "duct_assignment": "1" }, "geometry": { "type": "Point", "coordinates": [ -119.283391588122612, 35.507481272864005 ] } },
{ "type": "Feature", "properties": { "id": "fd-01025", "input_id": "026-521-01", "specification": "terminal", "source": "fd-00607", "demand": 1, "placement": "ug", "duct_group": "4", "duct_assignment": "2" }, "geometry": { "type": "Point", "coordinates": [ -119.283388795832238, 35.507311494801144 ] } },
{ "type": "Feature", "properties": { "id": "fd-01026", "input_id": "026-521-10", "specification": "terminal", "source": "fd-00624", "demand": 1, "placement": "ug", "duct_group": "7", "duct_assignment": "5" }, "geometry": { "type": "Point", "coordinates": [ -119.283657732991841, 35.508769786872783 ] } },
{ "type": "Feature", "properties": { "id": "fd-01027", "input_id": "026-521-09", "specification": "terminal", "source": "fd-00624", "demand": 1, "placement": "ug", "duct_group": "7", "duct_assignment": "6" }, "geometry": { "type": "Point", "coordinates": [ -119.283417327153415, 35.508715345503681 ] } },
{ "type": "Feature", "properties": { "id": "fd-01028", "input_id": "026-521-08", "specification": "terminal", "source": "fd-00623", "demand": 1, "placement": "ug", "duct_group": "7", "duct_assignment": "4" }, "geometry": { "type": "Point", "coordinates": [ -119.283358928372081, 35.508525690654423 ] } },
{ "type": "Feature", "properties": { "id": "fd-01029", "input_id": "026-700-01", "specification": "terminal", "source": "fd-00619", "demand": 1, "placement": "ug", "duct_group": "6", "duct_assignment": "5" }, "geometry": { "type": "Point", "coordinates": [ -119.285115389960922, 35.506805811854612 ] } },
{ "type": "Feature", "properties": { "id": "fd-01030", "input_id": "026-440-04", "specification": "terminal", "source": "fd-00600", "demand": 1, "placement": "ug", "duct_group": "1", "duct_assignment": "1" }, "geometry": { "type": "Point", "coordinates": [ -119.281656755803596, 35.506830378974151 ] } },
{ "type": "Feature", "properties": { "id": "fd-01031", "input_id": "026-440-03", "specification": "terminal", "source": "fd-00600", "demand": 1, "placement": "ug", "duct_group": "1", "duct_assignment": "2" }, "geometry": { "type": "Point", "coordinates": [ -119.281841906096886, 35.506831166603092 ] } },
{ "type": "Feature", "properties": { "id": "fd-01032", "input_id": "026-440-07", "specification": "terminal", "source": "fd-00665", "demand": 1, "placement": "ug", "duct_group": "0", "duct_assignment": "9" }, "geometry": { "type": "Point", "coordinates": [ -119.281069234051998, 35.506626900178929 ] } },
{ "type": "Feature", "properties": { "id": "fd-01033", "input_id": "026-531-20", "specification": "terminal", "source": "fd-00403", "demand": 1, "placement": "ug", "duct_group": "1", "duct_assignment": "8" }, "geometry": { "type": "Point", "coordinates": [ -119.285274163927497, 35.507639477698945 ] } },
{ "type": "Feature", "properties": { "id": "fd-01034", "input_id": "026-531-07", "specification": "terminal", "source": "fd-00399", "demand": 1, "placement": "ug", "duct_group": "0", "duct_assignment": "8" }, "geometry": { "type": "Point", "coordinates": [ -119.285275263226268, 35.507363212662135 ] } },
{ "type": "Feature", "properties": { "id": "fd-01035", "input_id": "026-531-19", "specification": "terminal", "source": "fd-00402", "demand": 1, "placement": "ug", "duct_group": "1", "duct_assignment": "6" }, "geometry": { "type": "Point", "coordinates": [ -119.285475960478507, 35.507640008695198 ] } },
{ "type": "Feature", "properties": { "id": "fd-01036", "input_id": "026-532-08", "specification": "terminal", "source": "fd-00416", "demand": 1, "placement": "ug", "duct_group": "3", "duct_assignment": "10" }, "geometry": { "type": "Point", "coordinates": [ -119.285474437291697, 35.508053468719915 ] } },
{ "type": "Feature", "properties": { "id": "fd-01037", "input_id": "026-522-05", "specification": "terminal", "source": "fd-00408", "demand": 1, "placement": "ug", "duct_group": "2", "duct_assignment": "6" }, "geometry": { "type": "Point", "coordinates": [ -119.285473420685904, 35.508329396877592 ] } },
{ "type": "Feature", "properties": { "id": "fd-01038", "input_id": "026-532-07", "specification": "terminal", "source": "fd-00417", "demand": 1, "placement": "ug", "duct_group": "3", "duct_assignment": "11" }, "geometry": { "type": "Point", "coordinates": [ -119.285272518382186, 35.508052939435032 ] } },
{ "type": "Feature", "properties": { "id": "fd-01039", "input_id": "026-522-06", "specification": "terminal", "source": "fd-00409", "demand": 1, "placement": "ug", "duct_group": "2", "duct_assignment": "7" }, "geometry": { "type": "Point", "coordinates": [ -119.285271419539683, 35.508328864451187 ] } },
{ "type": "Feature", "properties": { "id": "fd-01040", "input_id": "026-531-08", "specification": "terminal", "source": "fd-00398", "demand": 1, "placement": "ug", "duct_group": "0", "duct_assignment": "5" }, "geometry": { "type": "Point", "coordinates": [ -119.285476977803043, 35.507363747559168 ] } },
{ "type": "Feature", "properties": { "id": "fd-01041", "input_id": "026-521-18", "specification": "terminal", "source": "fd-00436", "demand": 1, "placement": "ug", "duct_group": "6", "duct_assignment": "11" }, "geometry": { "type": "Point", "coordinates": [ -119.285380900568697, 35.50874139675836 ] } },
{ "type": "Feature", "properties": { "id": "fd-01042", "input_id": "026-521-19", "specification": "terminal", "source": "fd-00435", "demand": 1, "placement": "ug", "duct_group": "6", "duct_assignment": "9" }, "geometry": { "type": "Point", "coordinates": [ -119.285584708580842, 35.508741940664898 ] } },
{ "type": "Feature", "properties": { "id": "fd-01043", "input_id": "026-700-02", "specification": "terminal", "source": "fd-00619", "demand": 1, "placement": "ug", "duct_group": "6", "duct_assignment": "6" }, "geometry": { "type": "Point", "coordinates": [ -119.285337708932119, 35.506807231631079 ] } },
{ "type": "Feature", "properties": { "id": "fd-01044", "input_id": "026-531-18", "specification": "terminal", "source": "fd-00402", "demand": 1, "placement": "ug", "duct_group": "1", "duct_assignment": "5" }, "geometry": { "type": "Point", "coordinates": [ -119.28567775706864, 35.507640535109736 ] } },
{ "type": "Feature", "properties": { "id": "fd-01045", "input_id": "026-532-09", "specification": "terminal", "source": "fd-00416", "demand": 1, "placement": "ug", "duct_group": "3", "duct_assignment": "9" }, "geometry": { "type": "Point", "coordinates": [ -119.285676356226432, 35.508053992521035 ] } },
{ "type": "Feature", "properties": { "id": "fd-01046", "input_id": "026-522-04", "specification": "terminal", "source": "fd-00408", "demand": 1, "placement": "ug", "duct_group": "2", "duct_assignment": "5" }, "geometry": { "type": "Point", "coordinates": [ -119.285675421659704, 35.508329923959892 ] } },
{ "type": "Feature", "properties": { "id": "fd-01047", "input_id": "026-531-09", "specification": "terminal", "source": "fd-00398", "demand": 1, "placement": "ug", "duct_group": "0", "duct_assignment": "6" }, "geometry": { "type": "Point", "coordinates": [ -119.28567869268241, 35.507364279970965 ] } },
{ "type": "Feature", "properties": { "id": "fd-01048", "input_id": "026-521-20", "specification": "terminal", "source": "fd-00435", "demand": 1, "placement": "ug", "duct_group": "6", "duct_assignment": "10" }, "geometry": { "type": "Point", "coordinates": [ -119.285788516704926, 35.508742482045385 ] } },
{ "type": "Feature", "properties": { "id": "fd-01049", "input_id": "026-700-03", "specification": "terminal", "source": "fd-00620", "demand": 1, "placement": "ug", "duct_group": "6", "duct_assignment": "8" }, "geometry": { "type": "Point", "coordinates": [ -119.285556269329803, 35.506807796776954 ] } },
{ "type": "Feature", "properties": { "id": "fd-01050", "input_id": "026-700-04", "specification": "terminal", "source": "fd-00620", "demand": 1, "placement": "ug", "duct_group": "6", "duct_assignment": "7" }, "geometry": { "type": "Point", "coordinates": [ -119.285774937974523, 35.506808362078587 ] } },
{ "type": "Feature", "properties": { "id": "fd-01051", "input_id": "026-531-17", "specification": "terminal", "source": "fd-00401", "demand": 1, "placement": "ug", "duct_group": "1", "duct_assignment": "4" }, "geometry": { "type": "Point", "coordinates": [ -119.285879553411291, 35.507641055302834 ] } },
{ "type": "Feature", "properties": { "id": "fd-01052", "input_id": "026-531-10", "specification": "terminal", "source": "fd-00397", "demand": 1, "placement": "ug", "duct_group": "0", "duct_assignment": "3" }, "geometry": { "type": "Point", "coordinates": [ -119.285880407409792, 35.507364809595735 ] } },
{ "type": "Feature", "properties": { "id": "fd-01053", "input_id": "026-531-16", "specification": "terminal", "source": "fd-00401", "demand": 1, "placement": "ug", "duct_group": "1", "duct_assignment": "3" }, "geometry": { "type": "Point", "coordinates": [ -119.286081349692509, 35.507641567983029 ] } },
{ "type": "Feature", "properties": { "id": "fd-01054", "input_id": "026-531-11", "specification": "terminal", "source": "fd-00397", "demand": 1, "placement": "ug", "duct_group": "0", "duct_assignment": "4" }, "geometry": { "type": "Point", "coordinates": [ -119.286082121757886, 35.507365335385053 ] } },
{ "type": "Feature", "properties": { "id": "fd-01055", "input_id": "026-522-01", "specification": "terminal", "source": "fd-00406", "demand": 1, "placement": "ug", "duct_group": "2", "duct_assignment": "1" }, "geometry": { "type": "Point", "coordinates": [ -119.286281424695048, 35.508331458122079 ] } },
{ "type": "Feature", "properties": { "id": "fd-01056", "input_id": "026-532-11", "specification": "terminal", "source": "fd-00415", "demand": 1, "placement": "ug", "duct_group": "3", "duct_assignment": "8" }, "geometry": { "type": "Point", "coordinates": [ -119.286080194457853, 35.508055015306944 ] } },
{ "type": "Feature", "properties": { "id": "fd-01057", "input_id": "026-522-02", "specification": "terminal", "source": "fd-00407", "demand": 1, "placement": "ug", "duct_group": "2", "duct_assignment": "4" }, "geometry": { "type": "Point", "coordinates": [ -119.286079424129085, 35.508330958033184 ] } },
{ "type": "Feature", "properties": { "id": "fd-01058", "input_id": "026-532-10", "specification": "terminal", "source": "fd-00415", "demand": 1, "placement": "ug", "duct_group": "3", "duct_assignment": "7" }, "geometry": { "type": "Point", "coordinates": [ -119.285878275276517, 35.508054508875468 ] } },
{ "type": "Feature", "properties": { "id": "fd-01059", "input_id": "026-522-03", "specification": "terminal", "source": "fd-00407", "demand": 1, "placement": "ug", "duct_group": "2", "duct_assignment": "3" }, "geometry": { "type": "Point", "coordinates": [ -119.285877422926077, 35.508330445229788 ] } },
{ "type": "Feature", "properties": { "id": "fd-01060", "input_id": "026-521-21", "specification": "terminal", "source": "fd-00434", "demand": 1, "placement": "ug", "duct_group": "6", "duct_assignment": "8" }, "geometry": { "type": "Point", "coordinates": [ -119.285992324965861, 35.508743021480321 ] } },
{ "type": "Feature", "properties": { "id": "fd-01061", "input_id": "026-521-22", "specification": "terminal", "source": "fd-00433", "demand": 1, "placement": "ug", "duct_group": "6", "duct_assignment": "7" }, "geometry": { "type": "Point", "coordinates": [ -119.286196275892976, 35.508743541530521 ] } },
{ "type": "Feature", "properties": { "id": "fd-01062", "input_id": "026-700-05", "specification": "terminal", "source": "fd-00621", "demand": 1, "placement": "ug", "duct_group": "6", "duct_assignment": "10" }, "geometry": { "type": "Point", "coordinates": [ -119.286002146029858, 35.506808946333798 ] } },
{ "type": "Feature", "properties": { "id": "fd-01063", "input_id": "026-531-15", "specification": "terminal", "source": "fd-00400", "demand": 1, "placement": "ug", "duct_group": "1", "duct_assignment": "1" }, "geometry": { "type": "Point", "coordinates": [ -119.286283145981145, 35.507642069835434 ] } },
{ "type": "Feature", "properties": { "id": "fd-01064", "input_id": "026-531-12", "specification": "terminal", "source": "fd-00396", "demand": 1, "placement": "ug", "duct_group": "0", "duct_assignment": "1" }, "geometry": { "type": "Point", "coordinates": [ -119.286283835862918, 35.507365855655451 ] } },
{ "type": "Feature", "properties": { "id": "fd-01065", "input_id": "026-532-12", "specification": "terminal", "source": "fd-00414", "demand": 1, "placement": "ug", "duct_group": "3", "duct_assignment": "5" }, "geometry": { "type": "Point", "coordinates": [ -119.286282113493272, 35.508055508817456 ] } },
{ "type": "Feature", "properties": { "id": "fd-01066", "input_id": "026-533-01", "specification": "terminal", "source": "fd-00433", "demand": 1, "placement": "ug", "duct_group": "6", "duct_assignment": "6" }, "geometry": { "type": "Point", "coordinates": [ -119.286420047360934, 35.508759914653396 ] } },
{ "type": "Feature", "properties": { "id": "fd-01067", "input_id": "026-700-06", "specification": "terminal", "source": "fd-00621", "demand": 1, "placement": "ug", "duct_group": "6", "duct_assignment": "9" }, "geometry": { "type": "Point", "coordinates": [ -119.286233753351624, 35.506809532696693 ] } },
{ "type": "Feature", "properties": { "id": "fd-01068", "input_id": "026-531-14", "specification": "terminal", "source": "fd-00400", "demand": 1, "placement": "ug", "duct_group": "1", "duct_assignment": "2" }, "geometry": { "type": "Point", "coordinates": [ -119.286491548689824, 35.507638821051124 ] } },
{ "type": "Feature", "properties": { "id": "fd-01069", "input_id": "026-531-13", "specification": "terminal", "source": "fd-00396", "demand": 1, "placement": "ug", "duct_group": "0", "duct_assignment": "2" }, "geometry": { "type": "Point", "coordinates": [ -119.286492138387317, 35.507370134196194 ] } },
{ "type": "Feature", "properties": { "id": "fd-01070", "input_id": "026-532-13", "specification": "terminal", "source": "fd-00414", "demand": 1, "placement": "ug", "duct_group": "3", "duct_assignment": "6" }, "geometry": { "type": "Point", "coordinates": [ -119.286490628216512, 35.508059744498347 ] } },
{ "type": "Feature", "properties": { "id": "fd-01071", "input_id": "026-700-07", "specification": "terminal", "source": "fd-00565", "demand": 1, "placement": "ug", "duct_group": "5", "duct_assignment": "10" }, "geometry": { "type": "Point", "coordinates": [ -119.286482266070365, 35.506810268462267 ] } },
{ "type": "Feature", "properties": { "id": "fd-01072", "input_id": "026-532-14", "specification": "terminal", "source": "fd-00406", "demand": 1, "placement": "ug", "duct_group": "2", "duct_assignment": "2" }, "geometry": { "type": "Point", "coordinates": [ -119.286490040483912, 35.508328208597753 ] } },
{ "type": "Feature", "properties": { "id": "fd-01073", "input_id": "026-533-11", "specification": "terminal", "source": "fd-00412", "demand": 1, "placement": "ug", "duct_group": "3", "duct_assignment": "2" }, "geometry": { "type": "Point", "coordinates": [ -119.286953326977553, 35.507320753830442 ] } },
{ "type": "Feature", "properties": { "id": "fd-01074", "input_id": "026-533-10", "specification": "terminal", "source": "fd-00412", "demand": 1, "placement": "ug", "duct_group": "3", "duct_assignment": "1" }, "geometry": { "type": "Point", "coordinates": [ -119.286947720148589, 35.507490336314909 ] } },
{ "type": "Feature", "properties": { "id": "fd-01075", "input_id": "026-533-09", "specification": "terminal", "source": "fd-00413", "demand": 1, "placement": "ug", "duct_group": "3", "duct_assignment": "4" }, "geometry": { "type": "Point", "coordinates": [ -119.286946792995806, 35.507655189037919 ] } },
{ "type": "Feature", "properties": { "id": "fd-01076", "input_id": "026-533-08", "specification": "terminal", "source": "fd-00413", "demand": 1, "placement": "ug", "duct_group": "3", "duct_assignment": "3" }, "geometry": { "type": "Point", "coordinates": [ -119.286945863561556, 35.507820030106124 ] } },
{ "type": "Feature", "properties": { "id": "fd-01077", "input_id": "026-533-05", "specification": "terminal", "source": "fd-00430", "demand": 1, "placement": "ug", "duct_group": "6", "duct_assignment": "3" }, "geometry": { "type": "Point", "coordinates": [ -119.286962470905252, 35.508322993320064 ] } },
{ "type": "Feature", "properties": { "id": "fd-01078", "input_id": "026-533-06", "specification": "terminal", "source": "fd-00429", "demand": 1, "placement": "ug", "duct_group": "6", "duct_assignment": "1" }, "geometry": { "type": "Point", "coordinates": [ -119.286944002831959, 35.508149690701003 ] } },
{ "type": "Feature", "properties": { "id": "fd-01079", "input_id": "026-533-07", "specification": "terminal", "source": "fd-00429", "demand": 1, "placement": "ug", "duct_group": "6", "duct_assignment": "2" }, "geometry": { "type": "Point", "coordinates": [ -119.286944933401486, 35.507984863655771 ] } },
{ "type": "Feature", "properties": { "id": "fd-01080", "input_id": "026-533-12", "specification": "terminal", "source": "fd-00431", "demand": 1, "placement": "ug", "duct_group": "6", "duct_assignment": "4" }, "geometry": { "type": "Point", "coordinates": [ -119.286951169550733, 35.508645665230418 ] } },
{ "type": "Feature", "properties": { "id": "fd-01081", "input_id": "026-533-02", "specification": "terminal", "source": "fd-00432", "demand": 1, "placement": "ug", "duct_group": "6", "duct_assignment": "5" }, "geometry": { "type": "Point", "coordinates": [ -119.286690118004202, 35.508777409657284 ] } },
{ "type": "Feature", "properties": { "id": "fd-01082", "input_id": "026-700-08", "specification": "terminal", "source": "fd-00565", "demand": 1, "placement": "ug", "duct_group": "5", "duct_assignment": "9" }, "geometry": { "type": "Point", "coordinates": [ -119.286724819747448, 35.506814155217299 ] } },
{ "type": "Feature", "properties": { "id": "fd-01083", "input_id": "026-671-08", "specification": "terminal", "source": "fd-00391", "demand": 1, "placement": "ug", "duct_group": "10", "duct_assignment": "9" }, "geometry": { "type": "Point", "coordinates": [ -119.291293060628888, 35.506904195294474 ] } },
{ "type": "Feature", "properties": { "id": "fd-01084", "input_id": "026-671-09", "specification": "terminal", "source": "fd-00391", "demand": 1, "placement": "ug", "duct_group": "10", "duct_assignment": "10" }, "geometry": { "type": "Point", "coordinates": [ -119.290912966718423, 35.506902588454757 ] } },
{ "type": "Feature", "properties": { "id": "fd-01085", "input_id": "026-671-10", "specification": "terminal", "source": "fd-00389", "demand": 1, "placement": "ug", "duct_group": "10", "duct_assignment": "3" }, "geometry": { "type": "Point", "coordinates": [ -119.290789458404063, 35.506720739199679 ] } },
{ "type": "Feature", "properties": { "id": "fd-01086", "input_id": "026-671-07", "specification": "terminal", "source": "fd-00390", "demand": 1, "placement": "ug", "duct_group": "10", "duct_assignment": "7" }, "geometry": { "type": "Point", "coordinates": [ -119.291420801710743, 35.506724815857751 ] } },
{ "type": "Feature", "properties": { "id": "fd-01087", "input_id": "026-671-19", "specification": "terminal", "source": "fd-00380", "demand": 1, "placement": "ug", "duct_group": "8", "duct_assignment": "6" }, "geometry": { "type": "Point", "coordinates": [ -119.290492697353812, 35.50672972442149 ] } },
{ "type": "Feature", "properties": { "id": "fd-01088", "input_id": "026-672-02", "specification": "terminal", "source": "fd-00350", "demand": 1, "placement": "ug", "duct_group": "3", "duct_assignment": "11" }, "geometry": { "type": "Point", "coordinates": [ -119.289992045061538, 35.506722559998849 ] } },
{ "type": "Feature", "properties": { "id": "fd-01089", "input_id": "026-671-20", "specification": "terminal", "source": "fd-00380", "demand": 1, "placement": "ug", "duct_group": "8", "duct_assignment": "5" }, "geometry": { "type": "Point", "coordinates": [ -119.29049463557277, 35.50691280002706 ] } },
{ "type": "Feature", "properties": { "id": "fd-01090", "input_id": "026-672-01", "specification": "terminal", "source": "fd-00350", "demand": 1, "placement": "ug", "duct_group": "3", "duct_assignment": "10" }, "geometry": { "type": "Point", "coordinates": [ -119.289985586937249, 35.506908529754377 ] } },
{ "type": "Feature", "properties": { "id": "fd-01091", "input_id": "026-682-06", "specification": "terminal", "source": "fd-00357", "demand": 1, "placement": "ug", "duct_group": "4", "duct_assignment": "12" }, "geometry": { "type": "Point", "coordinates": [ -119.289571625660997, 35.506892561867659 ] } },
{ "type": "Feature", "properties": { "id": "fd-01092", "input_id": "026-682-07", "specification": "terminal", "source": "fd-00357", "demand": 1, "placement": "ug", "duct_group": "4", "duct_assignment": "11" }, "geometry": { "type": "Point", "coordinates": [ -119.289181831998832, 35.506891527346127 ] } },
{ "type": "Feature", "properties": { "id": "fd-01093", "input_id": "026-682-08", "specification": "terminal", "source": "fd-00356", "demand": 1, "placement": "ug", "duct_group": "4", "duct_assignment": "10" }, "geometry": { "type": "Point", "coordinates": [ -119.289056312564909, 35.506717611810728 ] } },
{ "type": "Feature", "properties": { "id": "fd-01094", "input_id": "026-682-05", "specification": "terminal", "source": "fd-00355", "demand": 1, "placement": "ug", "duct_group": "4", "duct_assignment": "8" }, "geometry": { "type": "Point", "coordinates": [ -119.28969781179741, 35.506720415984766 ] } },
{ "type": "Feature", "properties": { "id": "fd-01095", "input_id": "026-682-18", "specification": "terminal", "source": "fd-00363", "demand": 1, "placement": "ug", "duct_group": "5", "duct_assignment": "10" }, "geometry": { "type": "Point", "coordinates": [ -119.288669147672707, 35.506893461537459 ] } },
{ "type": "Feature", "properties": { "id": "fd-01096", "input_id": "026-682-19", "specification": "terminal", "source": "fd-00363", "demand": 1, "placement": "ug", "duct_group": "5", "duct_assignment": "9" }, "geometry": { "type": "Point", "coordinates": [ -119.288264436465241, 35.506891551878212 ] } },
{ "type": "Feature", "properties": { "id": "fd-01097", "input_id": "026-682-20", "specification": "terminal", "source": "fd-00364", "demand": 1, "placement": "ug", "duct_group": "5", "duct_assignment": "12" }, "geometry": { "type": "Point", "coordinates": [ -119.288146426935143, 35.506711722073 ] } },
{ "type": "Feature", "properties": { "id": "fd-01098", "input_id": "026-682-17", "specification": "terminal", "source": "fd-00361", "demand": 1, "placement": "ug", "duct_group": "5", "duct_assignment": "7" }, "geometry": { "type": "Point", "coordinates": [ -119.288791136546621, 35.506712886037015 ] } },
{ "type": "Feature", "properties": { "id": "fd-01099", "input_id": "026-682-30", "specification": "terminal", "source": "fd-00419", "demand": 1, "placement": "ug", "duct_group": "4", "duct_assignment": "3" }, "geometry": { "type": "Point", "coordinates": [ -119.287838833211907, 35.506907033623044 ] } },
{ "type": "Feature", "properties": { "id": "fd-01100", "input_id": "026-700-09", "specification": "terminal", "source": "fd-00566", "demand": 1, "placement": "ug", "duct_group": "5", "duct_assignment": "12" }, "geometry": { "type": "Point", "coordinates": [ -119.286991073375034, 35.506823952113209 ] } },
{ "type": "Feature", "properties": { "id": "fd-01101", "input_id": "026-683-01", "specification": "terminal", "source": "fd-00418", "demand": 1, "placement": "ug", "duct_group": "4", "duct_assignment": "2" }, "geometry": { "type": "Point", "coordinates": [ -119.287307541431161, 35.506910927515179 ] } },
{ "type": "Feature", "properties": { "id": "fd-01102", "input_id": "026-682-29", "specification": "terminal", "source": "fd-00419", "demand": 1, "placement": "ug", "duct_group": "4", "duct_assignment": "4" }, "geometry": { "type": "Point", "coordinates": [ -119.287836841152469, 35.506719601792668 ] } },
{ "type": "Feature", "properties": { "id": "fd-01103", "input_id": "026-683-02", "specification": "terminal", "source": "fd-00418", "demand": 1, "placement": "ug", "duct_group": "4", "duct_assignment": "1" }, "geometry": { "type": "Point", "coordinates": [ -119.287314272190955, 35.506740797114446 ] } },
{ "type": "Feature", "properties": { "id": "fd-01104", "input_id": "026-683-03", "specification": "terminal", "source": "fd-00422", "demand": 1, "placement": "ug", "duct_group": "5", "duct_assignment": "2" }, "geometry": { "type": "Point", "coordinates": [ -119.287316024037082, 35.506575973353726 ] } },
{ "type": "Feature", "properties": { "id": "fd-01105", "input_id": "026-671-06", "specification": "terminal", "source": "fd-00390", "demand": 1, "placement": "ug", "duct_group": "10", "duct_assignment": "6" }, "geometry": { "type": "Point", "coordinates": [ -119.291377867636015, 35.506500495544323 ] } },
{ "type": "Feature", "properties": { "id": "fd-01106", "input_id": "026-671-11", "specification": "terminal", "source": "fd-00389", "demand": 1, "placement": "ug", "duct_group": "10", "duct_assignment": "4" }, "geometry": { "type": "Point", "coordinates": [ -119.290836886846378, 35.506503397294225 ] } },
{ "type": "Feature", "properties": { "id": "fd-01107", "input_id": "026-671-05", "specification": "terminal", "source": "fd-00390", "demand": 1, "placement": "ug", "duct_group": "10", "duct_assignment": "8" }, "geometry": { "type": "Point", "coordinates": [ -119.29137164092478, 35.506326039069734 ] } },
{ "type": "Feature", "properties": { "id": "fd-01108", "input_id": "026-671-12", "specification": "terminal", "source": "fd-00389", "demand": 1, "placement": "ug", "duct_group": "10", "duct_assignment": "5" }, "geometry": { "type": "Point", "coordinates": [ -119.290849960033825, 35.50633484554195 ] } },
{ "type": "Feature", "properties": { "id": "fd-01109", "input_id": "026-671-04", "specification": "terminal", "source": "fd-00328", "demand": 1, "placement": "ug", "duct_group": "0", "duct_assignment": "1" }, "geometry": { "type": "Point", "coordinates": [ -119.291378291685064, 35.5061478521609 ] } },
{ "type": "Feature", "properties": { "id": "fd-01110", "input_id": "026-671-13", "specification": "terminal", "source": "fd-00388", "demand": 1, "placement": "ug", "duct_group": "10", "duct_assignment": "2" }, "geometry": { "type": "Point", "coordinates": [ -119.290855537057709, 35.506169273155116 ] } },
{ "type": "Feature", "properties": { "id": "fd-01111", "input_id": "026-671-03", "specification": "terminal", "source": "fd-00328", "demand": 1, "placement": "ug", "duct_group": "0", "duct_assignment": "2" }, "geometry": { "type": "Point", "coordinates": [ -119.291385644715092, 35.505963288725894 ] } },
{ "type": "Feature", "properties": { "id": "fd-01112", "input_id": "026-671-14", "specification": "terminal", "source": "fd-00388", "demand": 1, "placement": "ug", "duct_group": "10", "duct_assignment": "1" }, "geometry": { "type": "Point", "coordinates": [ -119.29086020347448, 35.505999451613285 ] } },
{ "type": "Feature", "properties": { "id": "fd-01113", "input_id": "026-671-15", "specification": "terminal", "source": "fd-00378", "demand": 1, "placement": "ug", "duct_group": "8", "duct_assignment": "1" }, "geometry": { "type": "Point", "coordinates": [ -119.290503925329929, 35.506005399037143 ] } },
{ "type": "Feature", "properties": { "id": "fd-01114", "input_id": "026-672-06", "specification": "terminal", "source": "fd-00347", "demand": 1, "placement": "ug", "duct_group": "3", "duct_assignment": "5" }, "geometry": { "type": "Point", "coordinates": [ -119.289997923270946, 35.50600386824258 ] } },
{ "type": "Feature", "properties": { "id": "fd-01115", "input_id": "026-671-16", "specification": "terminal", "source": "fd-00378", "demand": 1, "placement": "ug", "duct_group": "8", "duct_assignment": "2" }, "geometry": { "type": "Point", "coordinates": [ -119.290499039405773, 35.506187183820821 ] } },
{ "type": "Feature", "properties": { "id": "fd-01116", "input_id": "026-672-05", "specification": "terminal", "source": "fd-00347", "demand": 1, "placement": "ug", "duct_group": "3", "duct_assignment": "4" }, "geometry": { "type": "Point", "coordinates": [ -119.28999810052494, 35.506186885258465 ] } },
{ "type": "Feature", "properties": { "id": "fd-01117", "input_id": "026-671-17", "specification": "terminal", "source": "fd-00379", "demand": 1, "placement": "ug", "duct_group": "8", "duct_assignment": "4" }, "geometry": { "type": "Point", "coordinates": [ -119.290496903945453, 35.506369862049212 ] } },
{ "type": "Feature", "properties": { "id": "fd-01118", "input_id": "026-672-04", "specification": "terminal", "source": "fd-00349", "demand": 1, "placement": "ug", "duct_group": "3", "duct_assignment": "9" }, "geometry": { "type": "Point", "coordinates": [ -119.289996082137719, 35.506365443427939 ] } },
{ "type": "Feature", "properties": { "id": "fd-01119", "input_id": "026-671-18", "specification": "terminal", "source": "fd-00379", "demand": 1, "placement": "ug", "duct_group": "8", "duct_assignment": "3" }, "geometry": { "type": "Point", "coordinates": [ -119.290494768850252, 35.506552540283018 ] } },
{ "type": "Feature", "properties": { "id": "fd-01120", "input_id": "026-672-03", "specification": "terminal", "source": "fd-00349", "demand": 1, "placement": "ug", "duct_group": "3", "duct_assignment": "8" }, "geometry": { "type": "Point", "coordinates": [ -119.289994063619957, 35.506544001593397 ] } },
{ "type": "Feature", "properties": { "id": "fd-01121", "input_id": "026-682-02", "specification": "terminal", "source": "fd-00351", "demand": 1, "placement": "ug", "duct_group": "4", "duct_assignment": "1" }, "geometry": { "type": "Point", "coordinates": [ -119.289648782079283, 35.506177035804335 ] } },
{ "type": "Feature", "properties": { "id": "fd-01122", "input_id": "026-682-11", "specification": "terminal", "source": "fd-00352", "demand": 1, "placement": "ug", "duct_group": "4", "duct_assignment": "4" }, "geometry": { "type": "Point", "coordinates": [ -119.289119056156068, 35.506181066070482 ] } },
{ "type": "Feature", "properties": { "id": "fd-01123", "input_id": "026-682-03", "specification": "terminal", "source": "fd-00353", "demand": 1, "placement": "ug", "duct_group": "4", "duct_assignment": "5" }, "geometry": { "type": "Point", "coordinates": [ -119.289646908622544, 35.506342696706724 ] } },
{ "type": "Feature", "properties": { "id": "fd-01124", "input_id": "026-682-10", "specification": "terminal", "source": "fd-00354", "demand": 1, "placement": "ug", "duct_group": "4", "duct_assignment": "6" }, "geometry": { "type": "Point", "coordinates": [ -119.289117121699761, 35.506346314316623 ] } },
{ "type": "Feature", "properties": { "id": "fd-01125", "input_id": "026-682-04", "specification": "terminal", "source": "fd-00355", "demand": 1, "placement": "ug", "duct_group": "4", "duct_assignment": "7" }, "geometry": { "type": "Point", "coordinates": [ -119.28966165207629, 35.506512445321775 ] } },
{ "type": "Feature", "properties": { "id": "fd-01126", "input_id": "026-682-09", "specification": "terminal", "source": "fd-00356", "demand": 1, "placement": "ug", "duct_group": "4", "duct_assignment": "9" }, "geometry": { "type": "Point", "coordinates": [ -119.289097455926338, 35.506512866619119 ] } },
{ "type": "Feature", "properties": { "id": "fd-01127", "input_id": "026-682-14", "specification": "terminal", "source": "fd-00358", "demand": 1, "placement": "ug", "duct_group": "5", "duct_assignment": "2" }, "geometry": { "type": "Point", "coordinates": [ -119.288744041162033, 35.506178130378906 ] } },
{ "type": "Feature", "properties": { "id": "fd-01128", "input_id": "026-682-23", "specification": "terminal", "source": "fd-00359", "demand": 1, "placement": "ug", "duct_group": "5", "duct_assignment": "4" }, "geometry": { "type": "Point", "coordinates": [ -119.288207275841557, 35.506180284704797 ] } },
{ "type": "Feature", "properties": { "id": "fd-01129", "input_id": "026-682-15", "specification": "terminal", "source": "fd-00360", "demand": 1, "placement": "ug", "duct_group": "5", "duct_assignment": "5" }, "geometry": { "type": "Point", "coordinates": [ -119.288742106293554, 35.506343378623818 ] } },
{ "type": "Feature", "properties": { "id": "fd-01130", "input_id": "026-682-22", "specification": "terminal", "source": "fd-00362", "demand": 1, "placement": "ug", "duct_group": "5", "duct_assignment": "8" }, "geometry": { "type": "Point", "coordinates": [ -119.288205339201312, 35.50634553288765 ] } },
{ "type": "Feature", "properties": { "id": "fd-01131", "input_id": "026-682-16", "specification": "terminal", "source": "fd-00361", "demand": 1, "placement": "ug", "duct_group": "5", "duct_assignment": "6" }, "geometry": { "type": "Point", "coordinates": [ -119.288754009212994, 35.506509384093668 ] } },
{ "type": "Feature", "properties": { "id": "fd-01132", "input_id": "026-682-21", "specification": "terminal", "source": "fd-00364", "demand": 1, "placement": "ug", "duct_group": "5", "duct_assignment": "11" }, "geometry": { "type": "Point", "coordinates": [ -119.288188124592551, 35.506511078428183 ] } },
{ "type": "Feature", "properties": { "id": "fd-01133", "input_id": "026-682-28", "specification": "terminal", "source": "fd-00420", "demand": 1, "placement": "ug", "duct_group": "4", "duct_assignment": "5" }, "geometry": { "type": "Point", "coordinates": [ -119.287838950157521, 35.506539670845513 ] } },
{ "type": "Feature", "properties": { "id": "fd-01134", "input_id": "026-682-27", "specification": "terminal", "source": "fd-00420", "demand": 1, "placement": "ug", "duct_group": "4", "duct_assignment": "6" }, "geometry": { "type": "Point", "coordinates": [ -119.287841059185567, 35.506359739561631 ] } },
{ "type": "Feature", "properties": { "id": "fd-01135", "input_id": "026-700-10", "specification": "terminal", "source": "fd-00566", "demand": 1, "placement": "ug", "duct_group": "5", "duct_assignment": "11" }, "geometry": { "type": "Point", "coordinates": [ -119.287021015021494, 35.506292382101527 ] } },
{ "type": "Feature", "properties": { "id": "fd-01136", "input_id": "026-683-04", "specification": "terminal", "source": "fd-00422", "demand": 1, "placement": "ug", "duct_group": "5", "duct_assignment": "1" }, "geometry": { "type": "Point", "coordinates": [ -119.287317834334132, 35.506405653567121 ] } },
{ "type": "Feature", "properties": { "id": "fd-01137", "input_id": "026-682-26", "specification": "terminal", "source": "fd-00421", "demand": 1, "placement": "ug", "duct_group": "4", "duct_assignment": "7" }, "geometry": { "type": "Point", "coordinates": [ -119.287843168489502, 35.506179780578044 ] } },
{ "type": "Feature", "properties": { "id": "fd-01138", "input_id": "026-683-05", "specification": "terminal", "source": "fd-00423", "demand": 1, "placement": "ug", "duct_group": "5", "duct_assignment": "4" }, "geometry": { "type": "Point", "coordinates": [ -119.28731964450489, 35.506235337599698 ] } },
{ "type": "Feature", "properties": { "id": "fd-01139", "input_id": "026-700-11", "specification": "terminal", "source": "fd-00564", "demand": 1, "placement": "ug", "duct_group": "5", "duct_assignment": "8" }, "geometry": { "type": "Point", "coordinates": [ -119.286768060839435, 35.506292490840181 ] } },
{ "type": "Feature", "properties": { "id": "fd-01140", "input_id": "026-700-12", "specification": "terminal", "source": "fd-00563", "demand": 1, "placement": "ug", "duct_group": "5", "duct_assignment": "7" }, "geometry": { "type": "Point", "coordinates": [ -119.28653734362301, 35.506300331222945 ] } },
{ "type": "Feature", "properties": { "id": "fd-01141", "input_id": "026-700-13", "specification": "terminal", "source": "fd-00563", "demand": 1, "placement": "ug", "duct_group": "5", "duct_assignment": "6" }, "geometry": { "type": "Point", "coordinates": [ -119.286302890911315, 35.506300014883003 ] } },
{ "type": "Feature", "properties": { "id": "fd-01142", "input_id": "026-700-15", "specification": "terminal", "source": "fd-00562", "demand": 1, "placement": "ug", "duct_group": "5", "duct_assignment": "4" }, "geometry": { "type": "Point", "coordinates": [ -119.285833292170764, 35.506298721600658 ] } },
{ "type": "Feature", "properties": { "id": "fd-01143", "input_id": "026-700-14", "specification": "terminal", "source": "fd-00621", "demand": 1, "placement": "ug", "duct_group": "6", "duct_assignment": "11" }, "geometry": { "type": "Point", "coordinates": [ -119.286068280190364, 35.506299625169561 ] } },
{ "type": "Feature", "properties": { "id": "fd-01144", "input_id": "026-700-16", "specification": "terminal", "source": "fd-00562", "demand": 1, "placement": "ug", "duct_group": "5", "duct_assignment": "5" }, "geometry": { "type": "Point", "coordinates": [ -119.285597987364781, 35.506298095095786 ] } },
{ "type": "Feature", "properties": { "id": "fd-01145", "input_id": "026-700-17", "specification": "terminal", "source": "fd-00561", "demand": 1, "placement": "ug", "duct_group": "5", "duct_assignment": "3" }, "geometry": { "type": "Point", "coordinates": [ -119.285362936009321, 35.506297515611955 ] } },
{ "type": "Feature", "properties": { "id": "fd-01146", "input_id": "026-700-18", "specification": "terminal", "source": "fd-00561", "demand": 1, "placement": "ug", "duct_group": "5", "duct_assignment": "2" }, "geometry": { "type": "Point", "coordinates": [ -119.285124583777502, 35.506295049665042 ] } },
{ "type": "Feature", "properties": { "id": "fd-01147", "input_id": "026-440-06", "specification": "terminal", "source": "fd-00664", "demand": 1, "placement": "ug", "duct_group": "0", "duct_assignment": "6" }, "geometry": { "type": "Point", "coordinates": [ -119.281661283512065, 35.506428379875388 ] } },
{ "type": "Feature", "properties": { "id": "fd-01148", "input_id": "026-440-05", "specification": "terminal", "source": "fd-00667", "demand": 1, "placement": "ug", "duct_group": "1", "duct_assignment": "2" }, "geometry": { "type": "Point", "coordinates": [ -119.281846332010176, 35.506429049213693 ] } },
{ "type": "Feature", "properties": { "id": "fd-01149", "input_id": "026-511-15", "specification": "terminal", "source": "fd-00312", "demand": 1, "placement": "ug", "duct_group": "9", "duct_assignment": "6" }, "geometry": { "type": "Point", "coordinates": [ -119.287809360134986, 35.500635373596118 ] } },
{ "type": "Feature", "properties": { "id": "fd-01150", "input_id": "026-511-14", "specification": "terminal", "source": "fd-00312", "demand": 1, "placement": "ug", "duct_group": "9", "duct_assignment": "5" }, "geometry": { "type": "Point", "coordinates": [ -119.287808309408803, 35.50080527569213 ] } },
{ "type": "Feature", "properties": { "id": "fd-01151", "input_id": "026-511-13", "specification": "terminal", "source": "fd-00311", "demand": 1, "placement": "ug", "duct_group": "9", "duct_assignment": "3" }, "geometry": { "type": "Point", "coordinates": [ -119.287806745789595, 35.500976762945179 ] } },
{ "type": "Feature", "properties": { "id": "fd-01152", "input_id": "026-511-12", "specification": "terminal", "source": "fd-00311", "demand": 1, "placement": "ug", "duct_group": "9", "duct_assignment": "4" }, "geometry": { "type": "Point", "coordinates": [ -119.287805174302392, 35.50114824863256 ] } },
{ "type": "Feature", "properties": { "id": "fd-01153", "input_id": "026-511-11", "specification": "terminal", "source": "fd-00310", "demand": 1, "placement": "ug", "duct_group": "9", "duct_assignment": "2" }, "geometry": { "type": "Point", "coordinates": [ -119.287803659396459, 35.501312873844036 ] } },
{ "type": "Feature", "properties": { "id": "fd-01154", "input_id": "026-511-10", "specification": "terminal", "source": "fd-00310", "demand": 1, "placement": "ug", "duct_group": "9", "duct_assignment": "1" }, "geometry": { "type": "Point", "coordinates": [ -119.287799062344092, 35.501482919776819 ] } },
{ "type": "Feature", "properties": { "id": "fd-01155", "input_id": "026-513-01", "specification": "terminal", "source": "fd-00282", "demand": 1, "placement": "ug", "duct_group": "4", "duct_assignment": "9" }, "geometry": { "type": "Point", "coordinates": [ -119.287796051579846, 35.501806757984362 ] } },
{ "type": "Feature", "properties": { "id": "fd-01156", "input_id": "026-512-03", "specification": "terminal", "source": "fd-00318", "demand": 1, "placement": "ug", "duct_group": "10", "duct_assignment": "6" }, "geometry": { "type": "Point", "coordinates": [ -119.288336320677743, 35.501107258832569 ] } },
{ "type": "Feature", "properties": { "id": "fd-01157", "input_id": "026-512-04", "specification": "terminal", "source": "fd-00317", "demand": 1, "placement": "ug", "duct_group": "10", "duct_assignment": "3" }, "geometry": { "type": "Point", "coordinates": [ -119.288334820786275, 35.501271895732835 ] } },
{ "type": "Feature", "properties": { "id": "fd-01158", "input_id": "026-512-05", "specification": "terminal", "source": "fd-00317", "demand": 1, "placement": "ug", "duct_group": "10", "duct_assignment": "4" }, "geometry": { "type": "Point", "coordinates": [ -119.288333315631391, 35.501436530809158 ] } },
{ "type": "Feature", "properties": { "id": "fd-01159", "input_id": "026-512-06", "specification": "terminal", "source": "fd-00283", "demand": 1, "placement": "ug", "duct_group": "4", "duct_assignment": "12" }, "geometry": { "type": "Point", "coordinates": [ -119.288331802885409, 35.501601164465463 ] } },
{ "type": "Feature", "properties": { "id": "fd-01160", "input_id": "026-512-07", "specification": "terminal", "source": "fd-00283", "demand": 1, "placement": "ug", "duct_group": "4", "duct_assignment": "11" }, "geometry": { "type": "Point", "coordinates": [ -119.288330286002363, 35.501765794984067 ] } },
{ "type": "Feature", "properties": { "id": "fd-01161", "input_id": "026-512-02", "specification": "terminal", "source": "fd-00318", "demand": 1, "placement": "ug", "duct_group": "10", "duct_assignment": "5" }, "geometry": { "type": "Point", "coordinates": [ -119.288340891964381, 35.500937195584946 ] } },
{ "type": "Feature", "properties": { "id": "fd-01162", "input_id": "026-512-01", "specification": "terminal", "source": "fd-00308", "demand": 1, "placement": "ug", "duct_group": "8", "duct_assignment": "8" }, "geometry": { "type": "Point", "coordinates": [ -119.288692365329837, 35.500939890832015 ] } },
{ "type": "Feature", "properties": { "id": "fd-01163", "input_id": "026-511-30", "specification": "terminal", "source": "fd-00307", "demand": 1, "placement": "ug", "duct_group": "8", "duct_assignment": "6" }, "geometry": { "type": "Point", "coordinates": [ -119.28922485281619, 35.501026669546746 ] } },
{ "type": "Feature", "properties": { "id": "fd-01164", "input_id": "026-511-29", "specification": "terminal", "source": "fd-00309", "demand": 1, "placement": "ug", "duct_group": "8", "duct_assignment": "11" }, "geometry": { "type": "Point", "coordinates": [ -119.289226437393268, 35.500849694822634 ] } },
{ "type": "Feature", "properties": { "id": "fd-01165", "input_id": "026-511-22", "specification": "terminal", "source": "fd-00319", "demand": 1, "placement": "ug", "duct_group": "10", "duct_assignment": "7" }, "geometry": { "type": "Point", "coordinates": [ -119.288691703747006, 35.500610855949155 ] } },
{ "type": "Feature", "properties": { "id": "fd-01166", "input_id": "026-511-17", "specification": "terminal", "source": "fd-00314", "demand": 1, "placement": "ug", "duct_group": "9", "duct_assignment": "10" }, "geometry": { "type": "Point", "coordinates": [ -119.287784114668128, 35.500215479332716 ] } },
{ "type": "Feature", "properties": { "id": "fd-01167", "input_id": "026-511-18", "specification": "terminal", "source": "fd-00315", "demand": 1, "placement": "ug", "duct_group": "9", "duct_assignment": "12" }, "geometry": { "type": "Point", "coordinates": [ -119.28805165777149, 35.500146047125639 ] } },
{ "type": "Feature", "properties": { "id": "fd-01168", "input_id": "026-511-21", "specification": "terminal", "source": "fd-00313", "demand": 1, "placement": "ug", "duct_group": "9", "duct_assignment": "7" }, "geometry": { "type": "Point", "coordinates": [ -119.28834618842933, 35.500614376999167 ] } },
{ "type": "Feature", "properties": { "id": "fd-01169", "input_id": "026-511-16", "specification": "terminal", "source": "fd-00314", "demand": 1, "placement": "ug", "duct_group": "9", "duct_assignment": "9" }, "geometry": { "type": "Point", "coordinates": [ -119.287771441086036, 35.5004531143029 ] } },
{ "type": "Feature", "properties": { "id": "fd-01170", "input_id": "026-511-20", "specification": "terminal", "source": "fd-00313", "demand": 1, "placement": "ug", "duct_group": "9", "duct_assignment": "8" }, "geometry": { "type": "Point", "coordinates": [ -119.288389300378043, 35.500420807959955 ] } },
{ "type": "Feature", "properties": { "id": "fd-01171", "input_id": "026-563-01", "specification": "terminal", "source": "fd-00307", "demand": 1, "placement": "ug", "duct_group": "8", "duct_assignment": "7" }, "geometry": { "type": "Point", "coordinates": [ -119.289223253982755, 35.501203645607561 ] } },
{ "type": "Feature", "properties": { "id": "fd-01172", "input_id": "026-563-03", "specification": "terminal", "source": "fd-00305", "demand": 1, "placement": "ug", "duct_group": "8", "duct_assignment": "4" }, "geometry": { "type": "Point", "coordinates": [ -119.289219968441827, 35.501557708953598 ] } },
{ "type": "Feature", "properties": { "id": "fd-01173", "input_id": "026-563-04", "specification": "terminal", "source": "fd-00304", "demand": 1, "placement": "ug", "duct_group": "8", "duct_assignment": "2" }, "geometry": { "type": "Point", "coordinates": [ -119.289218518371584, 35.501722259358225 ] } },
{ "type": "Feature", "properties": { "id": "fd-01174", "input_id": "026-563-05", "specification": "terminal", "source": "fd-00304", "demand": 1, "placement": "ug", "duct_group": "8", "duct_assignment": "1" }, "geometry": { "type": "Point", "coordinates": [ -119.289216881006922, 35.501899244209319 ] } },
{ "type": "Feature", "properties": { "id": "fd-01175", "input_id": "026-563-06", "specification": "terminal", "source": "fd-00271", "demand": 1, "placement": "ug", "duct_group": "2", "duct_assignment": "11" }, "geometry": { "type": "Point", "coordinates": [ -119.289215233412449, 35.502076228097742 ] } },
{ "type": "Feature", "properties": { "id": "fd-01176", "input_id": "026-563-07", "specification": "terminal", "source": "fd-00271", "demand": 1, "placement": "ug", "duct_group": "2", "duct_assignment": "12" }, "geometry": { "type": "Point", "coordinates": [ -119.289213692919816, 35.502240862074572 ] } },
{ "type": "Feature", "properties": { "id": "fd-01177", "input_id": "026-591-08", "specification": "terminal", "source": "fd-00274", "demand": 1, "placement": "ug", "duct_group": "3", "duct_assignment": "5" }, "geometry": { "type": "Point", "coordinates": [ -119.289672351359755, 35.50233115099963 ] } },
{ "type": "Feature", "properties": { "id": "fd-01178", "input_id": "026-563-08", "specification": "terminal", "source": "fd-00270", "demand": 1, "placement": "ug", "duct_group": "2", "duct_assignment": "9" }, "geometry": { "type": "Point", "coordinates": [ -119.289212221270532, 35.502405459786488 ] } },
{ "type": "Feature", "properties": { "id": "fd-01179", "input_id": "026-591-09", "specification": "terminal", "source": "fd-00274", "demand": 1, "placement": "ug", "duct_group": "3", "duct_assignment": "6" }, "geometry": { "type": "Point", "coordinates": [ -119.289526544425513, 35.502502386727045 ] } },
{ "type": "Feature", "properties": { "id": "fd-01180", "input_id": "026-563-09", "specification": "terminal", "source": "fd-00270", "demand": 1, "placement": "ug", "duct_group": "2", "duct_assignment": "10" }, "geometry": { "type": "Point", "coordinates": [ -119.289229042139368, 35.502581914639634 ] } },
{ "type": "Feature", "properties": { "id": "fd-01181", "input_id": "026-562-15", "specification": "terminal", "source": "fd-00308", "demand": 1, "placement": "ug", "duct_group": "8", "duct_assignment": "9" }, "geometry": { "type": "Point", "coordinates": [ -119.288693866351906, 35.501110012860167 ] } },
{ "type": "Feature", "properties": { "id": "fd-01182", "input_id": "026-562-14", "specification": "terminal", "source": "fd-00306", "demand": 1, "placement": "ug", "duct_group": "8", "duct_assignment": "5" }, "geometry": { "type": "Point", "coordinates": [ -119.288692381687227, 35.501274651733866 ] } },
{ "type": "Feature", "properties": { "id": "fd-01183", "input_id": "026-562-13", "specification": "terminal", "source": "fd-00327", "demand": 1, "placement": "ug", "duct_group": "11", "duct_assignment": "10" }, "geometry": { "type": "Point", "coordinates": [ -119.288690886943087, 35.501439290360985 ] } },
{ "type": "Feature", "properties": { "id": "fd-01184", "input_id": "026-562-12", "specification": "terminal", "source": "fd-00327", "demand": 1, "placement": "ug", "duct_group": "11", "duct_assignment": "11" }, "geometry": { "type": "Point", "coordinates": [ -119.288689383571068, 35.501603927459826 ] } },
{ "type": "Feature", "properties": { "id": "fd-01185", "input_id": "026-562-11", "specification": "terminal", "source": "fd-00326", "demand": 1, "placement": "ug", "duct_group": "11", "duct_assignment": "9" }, "geometry": { "type": "Point", "coordinates": [ -119.288687872170499, 35.501768562871369 ] } },
{ "type": "Feature", "properties": { "id": "fd-01186", "input_id": "026-562-10", "specification": "terminal", "source": "fd-00326", "demand": 1, "placement": "ug", "duct_group": "11", "duct_assignment": "8" }, "geometry": { "type": "Point", "coordinates": [ -119.288686353028268, 35.501933196798753 ] } },
{ "type": "Feature", "properties": { "id": "fd-01187", "input_id": "026-562-09", "specification": "terminal", "source": "fd-00325", "demand": 1, "placement": "ug", "duct_group": "11", "duct_assignment": "6" }, "geometry": { "type": "Point", "coordinates": [ -119.288684827197898, 35.50209782958617 ] } },
{ "type": "Feature", "properties": { "id": "fd-01188", "input_id": "026-562-08", "specification": "terminal", "source": "fd-00325", "demand": 1, "placement": "ug", "duct_group": "11", "duct_assignment": "7" }, "geometry": { "type": "Point", "coordinates": [ -119.288683294880713, 35.502262460406591 ] } },
{ "type": "Feature", "properties": { "id": "fd-01189", "input_id": "026-562-07", "specification": "terminal", "source": "fd-00324", "demand": 1, "placement": "ug", "duct_group": "11", "duct_assignment": "5" }, "geometry": { "type": "Point", "coordinates": [ -119.288681756117782, 35.502427088656042 ] } },
{ "type": "Feature", "properties": { "id": "fd-01190", "input_id": "026-562-06", "specification": "terminal", "source": "fd-00324", "demand": 1, "placement": "ug", "duct_group": "11", "duct_assignment": "4" }, "geometry": { "type": "Point", "coordinates": [ -119.288676975145691, 35.502598178405243 ] } },
{ "type": "Feature", "properties": { "id": "fd-01191", "input_id": "026-562-01", "specification": "terminal", "source": "fd-00316", "demand": 1, "placement": "ug", "duct_group": "10", "duct_assignment": "2" }, "geometry": { "type": "Point", "coordinates": [ -119.288328769275324, 35.501930423833215 ] } },
{ "type": "Feature", "properties": { "id": "fd-01192", "input_id": "026-562-02", "specification": "terminal", "source": "fd-00316", "demand": 1, "placement": "ug", "duct_group": "10", "duct_assignment": "1" }, "geometry": { "type": "Point", "coordinates": [ -119.288327245180881, 35.50209505343215 ] } },
{ "type": "Feature", "properties": { "id": "fd-01193", "input_id": "026-562-03", "specification": "terminal", "source": "fd-00323", "demand": 1, "placement": "ug", "duct_group": "11", "duct_assignment": "3" }, "geometry": { "type": "Point", "coordinates": [ -119.288325711756798, 35.502259680723263 ] } },
{ "type": "Feature", "properties": { "id": "fd-01194", "input_id": "026-562-04", "specification": "terminal", "source": "fd-00322", "demand": 1, "placement": "ug", "duct_group": "11", "duct_assignment": "2" }, "geometry": { "type": "Point", "coordinates": [ -119.288324173778236, 35.502424305449239 ] } },
{ "type": "Feature", "properties": { "id": "fd-01195", "input_id": "026-562-05", "specification": "terminal", "source": "fd-00322", "demand": 1, "placement": "ug", "duct_group": "11", "duct_assignment": "1" }, "geometry": { "type": "Point", "coordinates": [ -119.288325560885909, 35.502595506372458 ] } },
{ "type": "Feature", "properties": { "id": "fd-01196", "input_id": "026-561-09", "specification": "terminal", "source": "fd-00282", "demand": 1, "placement": "ug", "duct_group": "4", "duct_assignment": "10" }, "geometry": { "type": "Point", "coordinates": [ -119.287797514379633, 35.501976856342438 ] } },
{ "type": "Feature", "properties": { "id": "fd-01197", "input_id": "026-561-08", "specification": "terminal", "source": "fd-00281", "demand": 1, "placement": "ug", "duct_group": "4", "duct_assignment": "8" }, "geometry": { "type": "Point", "coordinates": [ -119.287796000080832, 35.502141480436251 ] } },
{ "type": "Feature", "properties": { "id": "fd-01198", "input_id": "026-561-07", "specification": "terminal", "source": "fd-00281", "demand": 1, "placement": "ug", "duct_group": "4", "duct_assignment": "7" }, "geometry": { "type": "Point", "coordinates": [ -119.287794467277891, 35.502306098830765 ] } },
{ "type": "Feature", "properties": { "id": "fd-01199", "input_id": "026-561-06", "specification": "terminal", "source": "fd-00280", "demand": 1, "placement": "ug", "duct_group": "4", "duct_assignment": "5" }, "geometry": { "type": "Point", "coordinates": [ -119.287792931201665, 35.502470715659697 ] } },
{ "type": "Feature", "properties": { "id": "fd-01200", "input_id": "026-561-05", "specification": "terminal", "source": "fd-00280", "demand": 1, "placement": "ug", "duct_group": "4", "duct_assignment": "6" }, "geometry": { "type": "Point", "coordinates": [ -119.287791393521232, 35.502635330341498 ] } },
{ "type": "Feature", "properties": { "id": "fd-01201", "input_id": "026-561-04", "specification": "terminal", "source": "fd-00279", "demand": 1, "placement": "ug", "duct_group": "4", "duct_assignment": "3" }, "geometry": { "type": "Point", "coordinates": [ -119.287789852946489, 35.50279994223839 ] } },
{ "type": "Feature", "properties": { "id": "fd-01202", "input_id": "026-561-03", "specification": "terminal", "source": "fd-00279", "demand": 1, "placement": "ug", "duct_group": "4", "duct_assignment": "4" }, "geometry": { "type": "Point", "coordinates": [ -119.287788310255593, 35.502964550404428 ] } },
{ "type": "Feature", "properties": { "id": "fd-01203", "input_id": "026-561-02", "specification": "terminal", "source": "fd-00278", "demand": 1, "placement": "ug", "duct_group": "4", "duct_assignment": "2" }, "geometry": { "type": "Point", "coordinates": [ -119.287786765111775, 35.503129152863146 ] } },
{ "type": "Feature", "properties": { "id": "fd-01204", "input_id": "026-561-01", "specification": "terminal", "source": "fd-00278", "demand": 1, "placement": "ug", "duct_group": "4", "duct_assignment": "1" }, "geometry": { "type": "Point", "coordinates": [ -119.28778193298659, 35.503305368658836 ] } },
{ "type": "Feature", "properties": { "id": "fd-01205", "input_id": "026-563-16", "specification": "terminal", "source": "fd-00266", "demand": 1, "placement": "ug", "duct_group": "2", "duct_assignment": "1" }, "geometry": { "type": "Point", "coordinates": [ -119.288250144033569, 35.503257182718308 ] } },
{ "type": "Feature", "properties": { "id": "fd-01206", "input_id": "026-563-17", "specification": "terminal", "source": "fd-00266", "demand": 1, "placement": "ug", "duct_group": "2", "duct_assignment": "2" }, "geometry": { "type": "Point", "coordinates": [ -119.288459256213144, 35.503260242694608 ] } },
{ "type": "Feature", "properties": { "id": "fd-01207", "input_id": "026-563-18", "specification": "terminal", "source": "fd-00293", "demand": 1, "placement": "ug", "duct_group": "6", "duct_assignment": "5" }, "geometry": { "type": "Point", "coordinates": [ -119.288660754109131, 35.503260811410826 ] } },
{ "type": "Feature", "properties": { "id": "fd-01208", "input_id": "026-563-19", "specification": "terminal", "source": "fd-00293", "demand": 1, "placement": "ug", "duct_group": "6", "duct_assignment": "6" }, "geometry": { "type": "Point", "coordinates": [ -119.288862246219878, 35.503261368320921 ] } },
{ "type": "Feature", "properties": { "id": "fd-01209", "input_id": "026-563-20", "specification": "terminal", "source": "fd-00292", "demand": 1, "placement": "ug", "duct_group": "6", "duct_assignment": "3" }, "geometry": { "type": "Point", "coordinates": [ -119.289063734152393, 35.503261915721289 ] } },
{ "type": "Feature", "properties": { "id": "fd-01210", "input_id": "026-563-21", "specification": "terminal", "source": "fd-00292", "demand": 1, "placement": "ug", "duct_group": "6", "duct_assignment": "4" }, "geometry": { "type": "Point", "coordinates": [ -119.289272187966617, 35.503262471205865 ] } },
{ "type": "Feature", "properties": { "id": "fd-01211", "input_id": "026-563-15", "specification": "terminal", "source": "fd-00267", "demand": 1, "placement": "ug", "duct_group": "2", "duct_assignment": "4" }, "geometry": { "type": "Point", "coordinates": [ -119.288252767543284, 35.502974910129716 ] } },
{ "type": "Feature", "properties": { "id": "fd-01212", "input_id": "026-563-14", "specification": "terminal", "source": "fd-00267", "demand": 1, "placement": "ug", "duct_group": "2", "duct_assignment": "3" }, "geometry": { "type": "Point", "coordinates": [ -119.288461958535706, 35.502973596249426 ] } },
{ "type": "Feature", "properties": { "id": "fd-01213", "input_id": "026-563-13", "specification": "terminal", "source": "fd-00268", "demand": 1, "placement": "ug", "duct_group": "2", "duct_assignment": "5" }, "geometry": { "type": "Point", "coordinates": [ -119.288660121218683, 35.502985036932351 ] } },
{ "type": "Feature", "properties": { "id": "fd-01214", "input_id": "026-563-12", "specification": "terminal", "source": "fd-00268", "demand": 1, "placement": "ug", "duct_group": "2", "duct_assignment": "6" }, "geometry": { "type": "Point", "coordinates": [ -119.288875900522541, 35.503005781057432 ] } },
{ "type": "Feature", "properties": { "id": "fd-01215", "input_id": "026-563-11", "specification": "terminal", "source": "fd-00269", "demand": 1, "placement": "ug", "duct_group": "2", "duct_assignment": "8" }, "geometry": { "type": "Point", "coordinates": [ -119.289134256127184, 35.502982867730438 ] } },
{ "type": "Feature", "properties": { "id": "fd-01216", "input_id": "026-563-10", "specification": "terminal", "source": "fd-00269", "demand": 1, "placement": "ug", "duct_group": "2", "duct_assignment": "7" }, "geometry": { "type": "Point", "coordinates": [ -119.289241733221402, 35.502808217607544 ] } },
{ "type": "Feature", "properties": { "id": "fd-01217", "input_id": "026-572-20", "specification": "terminal", "source": "fd-00182", "demand": 1, "placement": "ug", "duct_group": "3", "duct_assignment": "11" }, "geometry": { "type": "Point", "coordinates": [ -119.289875386722045, 35.501368149057463 ] } },
{ "type": "Feature", "properties": { "id": "fd-01218", "input_id": "026-572-19", "specification": "terminal", "source": "fd-00182", "demand": 1, "placement": "ug", "duct_group": "3", "duct_assignment": "12" }, "geometry": { "type": "Point", "coordinates": [ -119.289566298473346, 35.501282905438082 ] } },
{ "type": "Feature", "properties": { "id": "fd-01219", "input_id": "026-581-13", "specification": "terminal", "source": "fd-00197", "demand": 1, "placement": "ug", "duct_group": "6", "duct_assignment": "8" }, "geometry": { "type": "Point", "coordinates": [ -119.29057493578398, 35.501634664825431 ] } },
{ "type": "Feature", "properties": { "id": "fd-01220", "input_id": "026-581-14", "specification": "terminal", "source": "fd-00198", "demand": 1, "placement": "ug", "duct_group": "6", "duct_assignment": "9" }, "geometry": { "type": "Point", "coordinates": [ -119.290366619479869, 35.501633092081974 ] } },
{ "type": "Feature", "properties": { "id": "fd-01221", "input_id": "026-581-15", "specification": "terminal", "source": "fd-00199", "demand": 1, "placement": "ug", "duct_group": "6", "duct_assignment": "11" }, "geometry": { "type": "Point", "coordinates": [ -119.290151654293609, 35.50163134907131 ] } },
{ "type": "Feature", "properties": { "id": "fd-01222", "input_id": "026-581-16", "specification": "terminal", "source": "fd-00199", "demand": 1, "placement": "ug", "duct_group": "6", "duct_assignment": "10" }, "geometry": { "type": "Point", "coordinates": [ -119.289873325401572, 35.501593130927688 ] } },
{ "type": "Feature", "properties": { "id": "fd-01223", "input_id": "026-581-17", "specification": "terminal", "source": "fd-00166", "demand": 1, "placement": "ug", "duct_group": "0", "duct_assignment": "11" }, "geometry": { "type": "Point", "coordinates": [ -119.289562720060204, 35.501673651929252 ] } },
{ "type": "Feature", "properties": { "id": "fd-01224", "input_id": "026-581-18", "specification": "terminal", "source": "fd-00166", "demand": 1, "placement": "ug", "duct_group": "0", "duct_assignment": "12" }, "geometry": { "type": "Point", "coordinates": [ -119.289560080676168, 35.502010056005616 ] } },
{ "type": "Feature", "properties": { "id": "fd-01225", "input_id": "026-581-19", "specification": "terminal", "source": "fd-00165", "demand": 1, "placement": "ug", "duct_group": "0", "duct_assignment": "9" }, "geometry": { "type": "Point", "coordinates": [ -119.289869308831243, 35.502094711781616 ] } },
{ "type": "Feature", "properties": { "id": "fd-01226", "input_id": "026-581-20", "specification": "terminal", "source": "fd-00165", "demand": 1, "placement": "ug", "duct_group": "0", "duct_assignment": "10" }, "geometry": { "type": "Point", "coordinates": [ -119.290139890764181, 35.502060757943909 ] } },
{ "type": "Feature", "properties": { "id": "fd-01227", "input_id": "026-581-21", "specification": "terminal", "source": "fd-00164", "demand": 1, "placement": "ug", "duct_group": "0", "duct_assignment": "7" }, "geometry": { "type": "Point", "coordinates": [ -119.290341422401312, 35.502062139261191 ] } },
{ "type": "Feature", "properties": { "id": "fd-01228", "input_id": "026-581-22", "specification": "terminal", "source": "fd-00164", "demand": 1, "placement": "ug", "duct_group": "0", "duct_assignment": "8" }, "geometry": { "type": "Point", "coordinates": [ -119.290543032417531, 35.502063653618961 ] } },
{ "type": "Feature", "properties": { "id": "fd-01229", "input_id": "026-581-23", "specification": "terminal", "source": "fd-00163", "demand": 1, "placement": "ug", "duct_group": "0", "duct_assignment": "5" }, "geometry": { "type": "Point", "coordinates": [ -119.290744633877267, 35.502065162112842 ] } },
{ "type": "Feature", "properties": { "id": "fd-01230", "input_id": "026-581-24", "specification": "terminal", "source": "fd-00163", "demand": 1, "placement": "ug", "duct_group": "0", "duct_assignment": "6" }, "geometry": { "type": "Point", "coordinates": [ -119.290946224767339, 35.502066666743701 ] } },
{ "type": "Feature", "properties": { "id": "fd-01231", "input_id": "026-581-25", "specification": "terminal", "source": "fd-00162", "demand": 1, "placement": "ug", "duct_group": "0", "duct_assignment": "4" }, "geometry": { "type": "Point", "coordinates": [ -119.291147803202207, 35.502068168158409 ] } },
{ "type": "Feature", "properties": { "id": "fd-01232", "input_id": "026-592-26", "specification": "terminal", "source": "fd-00303", "demand": 1, "placement": "ug", "duct_group": "7", "duct_assignment": "11" }, "geometry": { "type": "Point", "coordinates": [ -119.292592422120961, 35.503201320526038 ] } },
{ "type": "Feature", "properties": { "id": "fd-01233", "input_id": "026-592-27", "specification": "terminal", "source": "fd-00303", "demand": 1, "placement": "ug", "duct_group": "7", "duct_assignment": "12" }, "geometry": { "type": "Point", "coordinates": [ -119.292547705389637, 35.502973423975874 ] } },
{ "type": "Feature", "properties": { "id": "fd-01234", "input_id": "026-592-32", "specification": "terminal", "source": "fd-00297", "demand": 1, "placement": "ug", "duct_group": "7", "duct_assignment": "2" }, "geometry": { "type": "Point", "coordinates": [ -119.291744496085371, 35.502370275459512 ] } },
{ "type": "Feature", "properties": { "id": "fd-01235", "input_id": "026-592-20", "specification": "terminal", "source": "fd-00262", "demand": 1, "placement": "ug", "duct_group": "1", "duct_assignment": "5" }, "geometry": { "type": "Point", "coordinates": [ -119.291712062709223, 35.502753699751196 ] } },
{ "type": "Feature", "properties": { "id": "fd-01236", "input_id": "026-592-21", "specification": "terminal", "source": "fd-00299", "demand": 1, "placement": "ug", "duct_group": "7", "duct_assignment": "5" }, "geometry": { "type": "Point", "coordinates": [ -119.292041269679189, 35.502756402103024 ] } },
{ "type": "Feature", "properties": { "id": "fd-01237", "input_id": "026-592-22", "specification": "terminal", "source": "fd-00300", "demand": 1, "placement": "ug", "duct_group": "7", "duct_assignment": "6" }, "geometry": { "type": "Point", "coordinates": [ -119.292038702280749, 35.502943741049904 ] } },
{ "type": "Feature", "properties": { "id": "fd-01238", "input_id": "026-592-23", "specification": "terminal", "source": "fd-00300", "demand": 1, "placement": "ug", "duct_group": "7", "duct_assignment": "7" }, "geometry": { "type": "Point", "coordinates": [ -119.291988603388361, 35.503153576301656 ] } },
{ "type": "Feature", "properties": { "id": "fd-01239", "input_id": "026-592-17", "specification": "terminal", "source": "fd-00265", "demand": 1, "placement": "ug", "duct_group": "1", "duct_assignment": "11" }, "geometry": { "type": "Point", "coordinates": [ -119.291645601849169, 35.503375090522397 ] } },
{ "type": "Feature", "properties": { "id": "fd-01240", "input_id": "026-592-18", "specification": "terminal", "source": "fd-00264", "demand": 1, "placement": "ug", "duct_group": "1", "duct_assignment": "8" }, "geometry": { "type": "Point", "coordinates": [ -119.29175887077497, 35.503158290487214 ] } },
{ "type": "Feature", "properties": { "id": "fd-01241", "input_id": "026-592-19", "specification": "terminal", "source": "fd-00264", "demand": 1, "placement": "ug", "duct_group": "1", "duct_assignment": "9" }, "geometry": { "type": "Point", "coordinates": [ -119.291711614790771, 35.502941315457633 ] } },
{ "type": "Feature", "properties": { "id": "fd-01242", "input_id": "026-592-14", "specification": "terminal", "source": "fd-00263", "demand": 1, "placement": "ug", "duct_group": "1", "duct_assignment": "7" }, "geometry": { "type": "Point", "coordinates": [ -119.291208247710045, 35.502937653173923 ] } },
{ "type": "Feature", "properties": { "id": "fd-01243", "input_id": "026-592-15", "specification": "terminal", "source": "fd-00263", "demand": 1, "placement": "ug", "duct_group": "1", "duct_assignment": "6" }, "geometry": { "type": "Point", "coordinates": [ -119.291156863126901, 35.503153959054117 ] } },
{ "type": "Feature", "properties": { "id": "fd-01244", "input_id": "026-592-16", "specification": "terminal", "source": "fd-00265", "demand": 1, "placement": "ug", "duct_group": "1", "duct_assignment": "10" }, "geometry": { "type": "Point", "coordinates": [ -119.291265275841013, 35.503373328789088 ] } },
{ "type": "Feature", "properties": { "id": "fd-01245", "input_id": "026-592-13", "specification": "terminal", "source": "fd-00261", "demand": 1, "placement": "ug", "duct_group": "1", "duct_assignment": "4" }, "geometry": { "type": "Point", "coordinates": [ -119.291211335010161, 35.502750034154495 ] } },
{ "type": "Feature", "properties": { "id": "fd-01246", "input_id": "026-592-12", "specification": "terminal", "source": "fd-00287", "demand": 1, "placement": "ug", "duct_group": "5", "duct_assignment": "6" }, "geometry": { "type": "Point", "coordinates": [ -119.290881536791744, 35.502747611306027 ] } },
{ "type": "Feature", "properties": { "id": "fd-01247", "input_id": "026-592-11", "specification": "terminal", "source": "fd-00289", "demand": 1, "placement": "ug", "duct_group": "5", "duct_assignment": "9" }, "geometry": { "type": "Point", "coordinates": [ -119.290881046308172, 35.502935255187751 ] } },
{ "type": "Feature", "properties": { "id": "fd-01248", "input_id": "026-592-10", "specification": "terminal", "source": "fd-00289", "demand": 1, "placement": "ug", "duct_group": "5", "duct_assignment": "10" }, "geometry": { "type": "Point", "coordinates": [ -119.290928228885321, 35.503152283721001 ] } },
{ "type": "Feature", "properties": { "id": "fd-01249", "input_id": "026-592-09", "specification": "terminal", "source": "fd-00290", "demand": 1, "placement": "ug", "duct_group": "5", "duct_assignment": "11" }, "geometry": { "type": "Point", "coordinates": [ -119.290815121066956, 35.503371007418714 ] } },
{ "type": "Feature", "properties": { "id": "fd-01250", "input_id": "026-592-08", "specification": "terminal", "source": "fd-00290", "demand": 1, "placement": "ug", "duct_group": "5", "duct_assignment": "12" }, "geometry": { "type": "Point", "coordinates": [ -119.290434269075888, 35.503369176805293 ] } },
{ "type": "Feature", "properties": { "id": "fd-01251", "input_id": "026-592-07", "specification": "terminal", "source": "fd-00288", "demand": 1, "placement": "ug", "duct_group": "5", "duct_assignment": "7" }, "geometry": { "type": "Point", "coordinates": [ -119.290326148457453, 35.503147805292734 ] } },
{ "type": "Feature", "properties": { "id": "fd-01252", "input_id": "026-592-06", "specification": "terminal", "source": "fd-00288", "demand": 1, "placement": "ug", "duct_group": "5", "duct_assignment": "8" }, "geometry": { "type": "Point", "coordinates": [ -119.290377555743888, 35.502931513100364 ] } },
{ "type": "Feature", "properties": { "id": "fd-01253", "input_id": "026-592-05", "specification": "terminal", "source": "fd-00286", "demand": 1, "placement": "ug", "duct_group": "5", "duct_assignment": "5" }, "geometry": { "type": "Point", "coordinates": [ -119.290380672981286, 35.502743888187354 ] } },
{ "type": "Feature", "properties": { "id": "fd-01254", "input_id": "026-592-04", "specification": "terminal", "source": "fd-00285", "demand": 1, "placement": "ug", "duct_group": "5", "duct_assignment": "4" }, "geometry": { "type": "Point", "coordinates": [ -119.290051312282998, 35.502741669319384 ] } },
{ "type": "Feature", "properties": { "id": "fd-01255", "input_id": "026-592-03", "specification": "terminal", "source": "fd-00285", "demand": 1, "placement": "ug", "duct_group": "5", "duct_assignment": "3" }, "geometry": { "type": "Point", "coordinates": [ -119.290046471418975, 35.502940482258765 ] } },
{ "type": "Feature", "properties": { "id": "fd-01256", "input_id": "026-592-02", "specification": "terminal", "source": "fd-00284", "demand": 1, "placement": "ug", "duct_group": "5", "duct_assignment": "2" }, "geometry": { "type": "Point", "coordinates": [ -119.290044409125358, 35.50315189598075 ] } },
{ "type": "Feature", "properties": { "id": "fd-01257", "input_id": "026-592-01", "specification": "terminal", "source": "fd-00284", "demand": 1, "placement": "ug", "duct_group": "5", "duct_assignment": "1" }, "geometry": { "type": "Point", "coordinates": [ -119.290041949702555, 35.503383433608278 ] } },
{ "type": "Feature", "properties": { "id": "fd-01258", "input_id": "026-591-13", "specification": "terminal", "source": "fd-00272", "demand": 1, "placement": "ug", "duct_group": "3", "duct_assignment": "1" }, "geometry": { "type": "Point", "coordinates": [ -119.289543963675129, 35.503312955426374 ] } },
{ "type": "Feature", "properties": { "id": "fd-01259", "input_id": "026-591-12", "specification": "terminal", "source": "fd-00272", "demand": 1, "placement": "ug", "duct_group": "3", "duct_assignment": "2" }, "geometry": { "type": "Point", "coordinates": [ -119.289548555802313, 35.503130808592523 ] } },
{ "type": "Feature", "properties": { "id": "fd-01260", "input_id": "026-591-11", "specification": "terminal", "source": "fd-00273", "demand": 1, "placement": "ug", "duct_group": "3", "duct_assignment": "3" }, "geometry": { "type": "Point", "coordinates": [ -119.289550195427893, 35.502949658069234 ] } },
{ "type": "Feature", "properties": { "id": "fd-01261", "input_id": "026-591-10", "specification": "terminal", "source": "fd-00273", "demand": 1, "placement": "ug", "duct_group": "3", "duct_assignment": "4" }, "geometry": { "type": "Point", "coordinates": [ -119.289526248958197, 35.502757731532888 ] } },
{ "type": "Feature", "properties": { "id": "fd-01262", "input_id": "026-591-07", "specification": "terminal", "source": "fd-00275", "demand": 1, "placement": "ug", "duct_group": "3", "duct_assignment": "7" }, "geometry": { "type": "Point", "coordinates": [ -119.289983165474837, 35.502329830773 ] } },
{ "type": "Feature", "properties": { "id": "fd-01263", "input_id": "026-591-06", "specification": "terminal", "source": "fd-00275", "demand": 1, "placement": "ug", "duct_group": "3", "duct_assignment": "8" }, "geometry": { "type": "Point", "coordinates": [ -119.29022455030271, 35.502359703714369 ] } },
{ "type": "Feature", "properties": { "id": "fd-01264", "input_id": "026-591-05", "specification": "terminal", "source": "fd-00276", "demand": 1, "placement": "ug", "duct_group": "3", "duct_assignment": "9" }, "geometry": { "type": "Point", "coordinates": [ -119.290444464123624, 35.502362665148439 ] } },
{ "type": "Feature", "properties": { "id": "fd-01265", "input_id": "026-591-04", "specification": "terminal", "source": "fd-00277", "demand": 1, "placement": "ug", "duct_group": "3", "duct_assignment": "10" }, "geometry": { "type": "Point", "coordinates": [ -119.290662880658545, 35.502364296455013 ] } },
{ "type": "Feature", "properties": { "id": "fd-01266", "input_id": "026-591-03", "specification": "terminal", "source": "fd-00259", "demand": 1, "placement": "ug", "duct_group": "1", "duct_assignment": "1" }, "geometry": { "type": "Point", "coordinates": [ -119.290881287326513, 35.502365919864573 ] } },
{ "type": "Feature", "properties": { "id": "fd-01267", "input_id": "026-591-02", "specification": "terminal", "source": "fd-00260", "demand": 1, "placement": "ug", "duct_group": "1", "duct_assignment": "2" }, "geometry": { "type": "Point", "coordinates": [ -119.291099679992953, 35.502367537403622 ] } },
{ "type": "Feature", "properties": { "id": "fd-01268", "input_id": "026-591-01", "specification": "terminal", "source": "fd-00260", "demand": 1, "placement": "ug", "duct_group": "1", "duct_assignment": "3" }, "geometry": { "type": "Point", "coordinates": [ -119.291335035937237, 35.502367403920154 ] } },
{ "type": "Feature", "properties": { "id": "fd-01269", "input_id": "026-563-02", "specification": "terminal", "source": "fd-00305", "demand": 1, "placement": "ug", "duct_group": "8", "duct_assignment": "3" }, "geometry": { "type": "Point", "coordinates": [ -119.289221702270098, 35.501380722344706 ] } },
{ "type": "Feature", "properties": { "id": "fd-01270", "input_id": "026-631-13", "specification": "terminal", "source": "fd-00336", "demand": 1, "placement": "ug", "duct_group": "1", "duct_assignment": "7" }, "geometry": { "type": "Point", "coordinates": [ -119.287314597549738, 35.504357379226633 ] } },
{ "type": "Feature", "properties": { "id": "fd-01271", "input_id": "026-631-12", "specification": "terminal", "source": "fd-00337", "demand": 1, "placement": "ug", "duct_group": "1", "duct_assignment": "8" }, "geometry": { "type": "Point", "coordinates": [ -119.287295445517216, 35.504099420391313 ] } },
{ "type": "Feature", "properties": { "id": "fd-01272", "input_id": "026-634-12", "specification": "terminal", "source": "fd-00344", "demand": 1, "placement": "ug", "duct_group": "2", "duct_assignment": "11" }, "geometry": { "type": "Point", "coordinates": [ -119.29014862569079, 35.503617939794957 ] } },
{ "type": "Feature", "properties": { "id": "fd-01273", "input_id": "026-634-11", "specification": "terminal", "source": "fd-00344", "demand": 1, "placement": "ug", "duct_group": "2", "duct_assignment": "12" }, "geometry": { "type": "Point", "coordinates": [ -119.290475489954687, 35.503619454648458 ] } },
{ "type": "Feature", "properties": { "id": "fd-01274", "input_id": "026-632-08", "specification": "terminal", "source": "fd-00296", "demand": 1, "placement": "ug", "duct_group": "6", "duct_assignment": "11" }, "geometry": { "type": "Point", "coordinates": [ -119.28886156497606, 35.503968334812896 ] } },
{ "type": "Feature", "properties": { "id": "fd-01275", "input_id": "026-631-07", "specification": "terminal", "source": "fd-00256", "demand": 1, "placement": "ug", "duct_group": "0", "duct_assignment": "8" }, "geometry": { "type": "Point", "coordinates": [ -119.288454133784086, 35.50396712746921 ] } },
{ "type": "Feature", "properties": { "id": "fd-01276", "input_id": "026-631-08", "specification": "terminal", "source": "fd-00256", "demand": 1, "placement": "ug", "duct_group": "0", "duct_assignment": "7" }, "geometry": { "type": "Point", "coordinates": [ -119.288228029047318, 35.503968495092501 ] } },
{ "type": "Feature", "properties": { "id": "fd-01277", "input_id": "026-631-09", "specification": "terminal", "source": "fd-00338", "demand": 1, "placement": "ug", "duct_group": "1", "duct_assignment": "11" }, "geometry": { "type": "Point", "coordinates": [ -119.288009360310326, 35.503965526849235 ] } },
{ "type": "Feature", "properties": { "id": "fd-01278", "input_id": "026-631-10", "specification": "terminal", "source": "fd-00338", "demand": 1, "placement": "ug", "duct_group": "1", "duct_assignment": "10" }, "geometry": { "type": "Point", "coordinates": [ -119.287765422450846, 35.503945136233135 ] } },
{ "type": "Feature", "properties": { "id": "fd-01279", "input_id": "026-631-11", "specification": "terminal", "source": "fd-00337", "demand": 1, "placement": "ug", "duct_group": "1", "duct_assignment": "9" }, "geometry": { "type": "Point", "coordinates": [ -119.287462492680291, 35.503946762276527 ] } },
{ "type": "Feature", "properties": { "id": "fd-01280", "input_id": "026-632-04", "specification": "terminal", "source": "fd-00291", "demand": 1, "placement": "ug", "duct_group": "6", "duct_assignment": "2" }, "geometry": { "type": "Point", "coordinates": [ -119.289573537077345, 35.503699430301296 ] } },
{ "type": "Feature", "properties": { "id": "fd-01281", "input_id": "026-632-03", "specification": "terminal", "source": "fd-00291", "demand": 1, "placement": "ug", "duct_group": "6", "duct_assignment": "1" }, "geometry": { "type": "Point", "coordinates": [ -119.289335120508113, 35.503696852025158 ] } },
{ "type": "Feature", "properties": { "id": "fd-01282", "input_id": "026-632-02", "specification": "terminal", "source": "fd-00294", "demand": 1, "placement": "ug", "duct_group": "6", "duct_assignment": "8" }, "geometry": { "type": "Point", "coordinates": [ -119.289103307641142, 35.503696202263143 ] } },
{ "type": "Feature", "properties": { "id": "fd-01283", "input_id": "026-632-01", "specification": "terminal", "source": "fd-00294", "demand": 1, "placement": "ug", "duct_group": "6", "duct_assignment": "7" }, "geometry": { "type": "Point", "coordinates": [ -119.288864733476771, 35.503697441684572 ] } },
{ "type": "Feature", "properties": { "id": "fd-01284", "input_id": "026-631-06", "specification": "terminal", "source": "fd-00597", "demand": 1, "placement": "ug", "duct_group": "11", "duct_assignment": "10" }, "geometry": { "type": "Point", "coordinates": [ -119.288446951742571, 35.503696222607431 ] } },
{ "type": "Feature", "properties": { "id": "fd-01285", "input_id": "026-631-05", "specification": "terminal", "source": "fd-00597", "demand": 1, "placement": "ug", "duct_group": "11", "duct_assignment": "11" }, "geometry": { "type": "Point", "coordinates": [ -119.288203863698641, 35.503693697295837 ] } },
{ "type": "Feature", "properties": { "id": "fd-01286", "input_id": "026-631-04", "specification": "terminal", "source": "fd-00596", "demand": 1, "placement": "ug", "duct_group": "11", "duct_assignment": "8" }, "geometry": { "type": "Point", "coordinates": [ -119.287978770054281, 35.503693063883908 ] } },
{ "type": "Feature", "properties": { "id": "fd-01287", "input_id": "026-631-03", "specification": "terminal", "source": "fd-00596", "demand": 1, "placement": "ug", "duct_group": "11", "duct_assignment": "9" }, "geometry": { "type": "Point", "coordinates": [ -119.287753676322495, 35.50369243070169 ] } },
{ "type": "Feature", "properties": { "id": "fd-01288", "input_id": "026-631-02", "specification": "terminal", "source": "fd-00595", "demand": 1, "placement": "ug", "duct_group": "11", "duct_assignment": "7" }, "geometry": { "type": "Point", "coordinates": [ -119.287521863627092, 35.503691778058048 ] } },
{ "type": "Feature", "properties": { "id": "fd-01289", "input_id": "026-621-28", "specification": "terminal", "source": "fd-00143", "demand": 1, "placement": "ug", "duct_group": "5", "duct_assignment": "11" }, "geometry": { "type": "Point", "coordinates": [ -119.287818037074516, 35.497856875560579 ] } },
{ "type": "Feature", "properties": { "id": "fd-01290", "input_id": "026-621-26", "specification": "terminal", "source": "fd-00142", "demand": 1, "placement": "ug", "duct_group": "5", "duct_assignment": "9" }, "geometry": { "type": "Point", "coordinates": [ -119.287818435057929, 35.497514973822376 ] } },
{ "type": "Feature", "properties": { "id": "fd-01291", "input_id": "026-621-01", "specification": "terminal", "source": "fd-00126", "demand": 1, "placement": "ug", "duct_group": "1", "duct_assignment": "9" }, "geometry": { "type": "Point", "coordinates": [ -119.287483831528121, 35.498235902168886 ] } },
{ "type": "Feature", "properties": { "id": "fd-01292", "input_id": "026-621-02", "specification": "terminal", "source": "fd-00126", "demand": 1, "placement": "ug", "duct_group": "1", "duct_assignment": "11" }, "geometry": { "type": "Point", "coordinates": [ -119.287486005915568, 35.498051943867921 ] } },
{ "type": "Feature", "properties": { "id": "fd-01293", "input_id": "026-621-03", "specification": "terminal", "source": "fd-00126", "demand": 1, "placement": "ug", "duct_group": "1", "duct_assignment": "10" }, "geometry": { "type": "Point", "coordinates": [ -119.287489046148352, 35.497874696871371 ] } },
{ "type": "Feature", "properties": { "id": "fd-01294", "input_id": "026-621-04", "specification": "terminal", "source": "fd-00125", "demand": 1, "placement": "ug", "duct_group": "1", "duct_assignment": "8" }, "geometry": { "type": "Point", "coordinates": [ -119.287490573511732, 35.497710524994545 ] } },
{ "type": "Feature", "properties": { "id": "fd-01295", "input_id": "026-621-05", "specification": "terminal", "source": "fd-00125", "demand": 1, "placement": "ug", "duct_group": "1", "duct_assignment": "7" }, "geometry": { "type": "Point", "coordinates": [ -119.287492657927146, 35.497540185373879 ] } },
{ "type": "Feature", "properties": { "id": "fd-01296", "input_id": "026-605-05", "specification": "terminal", "source": "fd-00224", "demand": 1, "placement": "ug", "duct_group": "4", "duct_assignment": "1" }, "geometry": { "type": "Point", "coordinates": [ -119.289300361852796, 35.498469904217522 ] } },
{ "type": "Feature", "properties": { "id": "fd-01297", "input_id": "026-605-06", "specification": "terminal", "source": "fd-00224", "demand": 1, "placement": "ug", "duct_group": "4", "duct_assignment": "2" }, "geometry": { "type": "Point", "coordinates": [ -119.289092068513909, 35.498469283766369 ] } },
{ "type": "Feature", "properties": { "id": "fd-01298", "input_id": "026-605-07", "specification": "terminal", "source": "fd-00225", "demand": 1, "placement": "ug", "duct_group": "4", "duct_assignment": "3" }, "geometry": { "type": "Point", "coordinates": [ -119.288883774796645, 35.498468663068351 ] } },
{ "type": "Feature", "properties": { "id": "fd-01299", "input_id": "026-605-08", "specification": "terminal", "source": "fd-00225", "demand": 1, "placement": "ug", "duct_group": "4", "duct_assignment": "4" }, "geometry": { "type": "Point", "coordinates": [ -119.288667081753232, 35.498468017149492 ] } },
{ "type": "Feature", "properties": { "id": "fd-01300", "input_id": "026-605-09", "specification": "terminal", "source": "fd-00226", "demand": 1, "placement": "ug", "duct_group": "4", "duct_assignment": "5" }, "geometry": { "type": "Point", "coordinates": [ -119.288450389060444, 35.498467371687838 ] } },
{ "type": "Feature", "properties": { "id": "fd-01301", "input_id": "026-605-10", "specification": "terminal", "source": "fd-00226", "demand": 1, "placement": "ug", "duct_group": "4", "duct_assignment": "6" }, "geometry": { "type": "Point", "coordinates": [ -119.288242095246645, 35.498466750770291 ] } },
{ "type": "Feature", "properties": { "id": "fd-01302", "input_id": "026-605-11", "specification": "terminal", "source": "fd-00247", "demand": 1, "placement": "ug", "duct_group": "9", "duct_assignment": "2" }, "geometry": { "type": "Point", "coordinates": [ -119.288033801197614, 35.498466129960676 ] } },
{ "type": "Feature", "properties": { "id": "fd-01303", "input_id": "026-605-12", "specification": "terminal", "source": "fd-00247", "demand": 1, "placement": "ug", "duct_group": "9", "duct_assignment": "1" }, "geometry": { "type": "Point", "coordinates": [ -119.287832225937791, 35.498465529237976 ] } },
{ "type": "Feature", "properties": { "id": "fd-01304", "input_id": "026-605-13", "specification": "terminal", "source": "fd-00249", "demand": 1, "placement": "ug", "duct_group": "9", "duct_assignment": "5" }, "geometry": { "type": "Point", "coordinates": [ -119.287630650042232, 35.498464928699157 ] } },
{ "type": "Feature", "properties": { "id": "fd-01305", "input_id": "026-605-14", "specification": "terminal", "source": "fd-00249", "demand": 1, "placement": "ug", "duct_group": "9", "duct_assignment": "6" }, "geometry": { "type": "Point", "coordinates": [ -119.287423185047672, 35.498462355081983 ] } },
{ "type": "Feature", "properties": { "id": "fd-01306", "input_id": "026-605-01", "specification": "terminal", "source": "fd-00243", "demand": 1, "placement": "ug", "duct_group": "7", "duct_assignment": "2" }, "geometry": { "type": "Point", "coordinates": [ -119.290146755310772, 35.498469883660931 ] } },
{ "type": "Feature", "properties": { "id": "fd-01307", "input_id": "026-605-02", "specification": "terminal", "source": "fd-00243", "demand": 1, "placement": "ug", "duct_group": "7", "duct_assignment": "1" }, "geometry": { "type": "Point", "coordinates": [ -119.289935320805313, 35.498471796268973 ] } },
{ "type": "Feature", "properties": { "id": "fd-01308", "input_id": "026-605-03", "specification": "terminal", "source": "fd-00244", "demand": 1, "placement": "ug", "duct_group": "7", "duct_assignment": "4" }, "geometry": { "type": "Point", "coordinates": [ -119.289733746807087, 35.498471195513652 ] } },
{ "type": "Feature", "properties": { "id": "fd-01309", "input_id": "026-605-04", "specification": "terminal", "source": "fd-00244", "demand": 1, "placement": "ug", "duct_group": "7", "duct_assignment": "3" }, "geometry": { "type": "Point", "coordinates": [ -119.289517054389066, 35.498470549826422 ] } },
{ "type": "Feature", "properties": { "id": "fd-01310", "input_id": "026-604-20", "specification": "terminal", "source": "fd-00201", "demand": 1, "placement": "ug", "duct_group": "0", "duct_assignment": "4" }, "geometry": { "type": "Point", "coordinates": [ -119.28829395638499, 35.498881115875406 ] } },
{ "type": "Feature", "properties": { "id": "fd-01311", "input_id": "026-604-21", "specification": "terminal", "source": "fd-00201", "demand": 1, "placement": "ug", "duct_group": "0", "duct_assignment": "3" }, "geometry": { "type": "Point", "coordinates": [ -119.288505697521742, 35.498879632272626 ] } },
{ "type": "Feature", "properties": { "id": "fd-01312", "input_id": "026-604-22", "specification": "terminal", "source": "fd-00200", "demand": 1, "placement": "ug", "duct_group": "0", "duct_assignment": "2" }, "geometry": { "type": "Point", "coordinates": [ -119.288707273302506, 35.498880232906728 ] } },
{ "type": "Feature", "properties": { "id": "fd-01313", "input_id": "026-604-23", "specification": "terminal", "source": "fd-00200", "demand": 1, "placement": "ug", "duct_group": "0", "duct_assignment": "1" }, "geometry": { "type": "Point", "coordinates": [ -119.288915568466635, 35.498880853793679 ] } },
{ "type": "Feature", "properties": { "id": "fd-01314", "input_id": "026-604-24", "specification": "terminal", "source": "fd-00236", "demand": 1, "placement": "ug", "duct_group": "5", "duct_assignment": "11" }, "geometry": { "type": "Point", "coordinates": [ -119.289123863554337, 35.498881474628476 ] } },
{ "type": "Feature", "properties": { "id": "fd-01315", "input_id": "026-604-25", "specification": "terminal", "source": "fd-00236", "demand": 1, "placement": "ug", "duct_group": "5", "duct_assignment": "10" }, "geometry": { "type": "Point", "coordinates": [ -119.289325439594478, 35.498882075485767 ] } },
{ "type": "Feature", "properties": { "id": "fd-01316", "input_id": "026-604-26", "specification": "terminal", "source": "fd-00235", "demand": 1, "placement": "ug", "duct_group": "5", "duct_assignment": "8" }, "geometry": { "type": "Point", "coordinates": [ -119.289527015805874, 35.498882676371714 ] } },
{ "type": "Feature", "properties": { "id": "fd-01317", "input_id": "026-604-27", "specification": "terminal", "source": "fd-00235", "demand": 1, "placement": "ug", "duct_group": "5", "duct_assignment": "9" }, "geometry": { "type": "Point", "coordinates": [ -119.289743709875793, 35.4988833218043 ] } },
{ "type": "Feature", "properties": { "id": "fd-01318", "input_id": "026-604-28", "specification": "terminal", "source": "fd-00234", "demand": 1, "placement": "ug", "duct_group": "5", "duct_assignment": "7" }, "geometry": { "type": "Point", "coordinates": [ -119.289958468585652, 35.498887350029939 ] } },
{ "type": "Feature", "properties": { "id": "fd-01319", "input_id": "026-604-29", "specification": "terminal", "source": "fd-00233", "demand": 1, "placement": "ug", "duct_group": "5", "duct_assignment": "6" }, "geometry": { "type": "Point", "coordinates": [ -119.290171970557665, 35.498912756249275 ] } },
{ "type": "Feature", "properties": { "id": "fd-01320", "input_id": "026-604-30", "specification": "terminal", "source": "fd-00233", "demand": 1, "placement": "ug", "duct_group": "5", "duct_assignment": "5" }, "geometry": { "type": "Point", "coordinates": [ -119.29040769702587, 35.498909750798838 ] } },
{ "type": "Feature", "properties": { "id": "fd-01321", "input_id": "026-604-31", "specification": "terminal", "source": "fd-00232", "demand": 1, "placement": "ug", "duct_group": "5", "duct_assignment": "4" }, "geometry": { "type": "Point", "coordinates": [ -119.290615717486929, 35.498822570150992 ] } },
{ "type": "Feature", "properties": { "id": "fd-01322", "input_id": "026-604-32", "specification": "terminal", "source": "fd-00231", "demand": 1, "placement": "ug", "duct_group": "5", "duct_assignment": "3" }, "geometry": { "type": "Point", "coordinates": [ -119.290642738285314, 35.498573655294791 ] } },
{ "type": "Feature", "properties": { "id": "fd-01323", "input_id": "026-604-33", "specification": "terminal", "source": "fd-00230", "demand": 1, "placement": "ug", "duct_group": "5", "duct_assignment": "1" }, "geometry": { "type": "Point", "coordinates": [ -119.290607508374435, 35.498360253053015 ] } },
{ "type": "Feature", "properties": { "id": "fd-01324", "input_id": "026-604-34", "specification": "terminal", "source": "fd-00230", "demand": 1, "placement": "ug", "duct_group": "5", "duct_assignment": "2" }, "geometry": { "type": "Point", "coordinates": [ -119.29060588076247, 35.498153632211647 ] } },
{ "type": "Feature", "properties": { "id": "fd-01325", "input_id": "026-604-01", "specification": "terminal", "source": "fd-00237", "demand": 1, "placement": "ug", "duct_group": "6", "duct_assignment": "1" }, "geometry": { "type": "Point", "coordinates": [ -119.290951609059306, 35.498142585499252 ] } },
{ "type": "Feature", "properties": { "id": "fd-01326", "input_id": "026-604-02", "specification": "terminal", "source": "fd-00237", "demand": 1, "placement": "ug", "duct_group": "6", "duct_assignment": "2" }, "geometry": { "type": "Point", "coordinates": [ -119.290953964288875, 35.498315485942705 ] } },
{ "type": "Feature", "properties": { "id": "fd-01327", "input_id": "026-604-03", "specification": "terminal", "source": "fd-00238", "demand": 1, "placement": "ug", "duct_group": "6", "duct_assignment": "3" }, "geometry": { "type": "Point", "coordinates": [ -119.290953193356643, 35.498492685257666 ] } },
{ "type": "Feature", "properties": { "id": "fd-01328", "input_id": "026-604-04", "specification": "terminal", "source": "fd-00239", "demand": 1, "placement": "ug", "duct_group": "6", "duct_assignment": "4" }, "geometry": { "type": "Point", "coordinates": [ -119.290952422789005, 35.49866988438373 ] } },
{ "type": "Feature", "properties": { "id": "fd-01329", "input_id": "026-604-05", "specification": "terminal", "source": "fd-00239", "demand": 1, "placement": "ug", "duct_group": "6", "duct_assignment": "5" }, "geometry": { "type": "Point", "coordinates": [ -119.29095167103236, 35.498842962887771 ] } },
{ "type": "Feature", "properties": { "id": "fd-01330", "input_id": "026-604-06", "specification": "terminal", "source": "fd-00240", "demand": 1, "placement": "ug", "duct_group": "6", "duct_assignment": "7" }, "geometry": { "type": "Point", "coordinates": [ -119.290950919924938, 35.499016041173199 ] } },
{ "type": "Feature", "properties": { "id": "fd-01331", "input_id": "026-604-07", "specification": "terminal", "source": "fd-00240", "demand": 1, "placement": "ug", "duct_group": "6", "duct_assignment": "6" }, "geometry": { "type": "Point", "coordinates": [ -119.290947392384993, 35.499201258082927 ] } },
{ "type": "Feature", "properties": { "id": "fd-01332", "input_id": "026-603-10", "specification": "terminal", "source": "fd-00212", "demand": 1, "placement": "ug", "duct_group": "2", "duct_assignment": "2" }, "geometry": { "type": "Point", "coordinates": [ -119.29053963539269, 35.497769544051032 ] } },
{ "type": "Feature", "properties": { "id": "fd-01333", "input_id": "026-603-09", "specification": "terminal", "source": "fd-00212", "demand": 1, "placement": "ug", "duct_group": "2", "duct_assignment": "1" }, "geometry": { "type": "Point", "coordinates": [ -119.290751361472715, 35.497772236473374 ] } },
{ "type": "Feature", "properties": { "id": "fd-01334", "input_id": "026-603-08", "specification": "terminal", "source": "fd-00213", "demand": 1, "placement": "ug", "duct_group": "2", "duct_assignment": "3" }, "geometry": { "type": "Point", "coordinates": [ -119.290953758416933, 35.49775379039049 ] } },
{ "type": "Feature", "properties": { "id": "fd-01335", "input_id": "026-603-07", "specification": "terminal", "source": "fd-00213", "demand": 1, "placement": "ug", "duct_group": "2", "duct_assignment": "4" }, "geometry": { "type": "Point", "coordinates": [ -119.291182497853313, 35.497774886607367 ] } },
{ "type": "Feature", "properties": { "id": "fd-01336", "input_id": "026-602-09", "specification": "terminal", "source": "fd-00206", "demand": 1, "placement": "ug", "duct_group": "1", "duct_assignment": "2" }, "geometry": { "type": "Point", "coordinates": [ -119.291259202428037, 35.499613107715319 ] } },
{ "type": "Feature", "properties": { "id": "fd-01337", "input_id": "026-602-08", "specification": "terminal", "source": "fd-00207", "demand": 1, "placement": "ug", "duct_group": "1", "duct_assignment": "3" }, "geometry": { "type": "Point", "coordinates": [ -119.290981420996005, 35.499607003318225 ] } },
{ "type": "Feature", "properties": { "id": "fd-01338", "input_id": "026-602-07", "specification": "terminal", "source": "fd-00207", "demand": 1, "placement": "ug", "duct_group": "1", "duct_assignment": "4" }, "geometry": { "type": "Point", "coordinates": [ -119.290683013879416, 35.499585333588456 ] } },
{ "type": "Feature", "properties": { "id": "fd-01339", "input_id": "026-602-06", "specification": "terminal", "source": "fd-00208", "demand": 1, "placement": "ug", "duct_group": "1", "duct_assignment": "6" }, "geometry": { "type": "Point", "coordinates": [ -119.290424344439245, 35.499584540442584 ] } },
{ "type": "Feature", "properties": { "id": "fd-01340", "input_id": "026-602-05", "specification": "terminal", "source": "fd-00208", "demand": 1, "placement": "ug", "duct_group": "1", "duct_assignment": "5" }, "geometry": { "type": "Point", "coordinates": [ -119.290216046102515, 35.49958392038323 ] } },
{ "type": "Feature", "properties": { "id": "fd-01341", "input_id": "026-602-04", "specification": "terminal", "source": "fd-00209", "demand": 1, "placement": "ug", "duct_group": "1", "duct_assignment": "8" }, "geometry": { "type": "Point", "coordinates": [ -119.290007747723763, 35.499583299954132 ] } },
{ "type": "Feature", "properties": { "id": "fd-01342", "input_id": "026-602-03", "specification": "terminal", "source": "fd-00209", "demand": 1, "placement": "ug", "duct_group": "1", "duct_assignment": "7" }, "geometry": { "type": "Point", "coordinates": [ -119.289806168840187, 35.499582699373342 ] } },
{ "type": "Feature", "properties": { "id": "fd-01343", "input_id": "026-602-02", "specification": "terminal", "source": "fd-00210", "demand": 1, "placement": "ug", "duct_group": "1", "duct_assignment": "9" }, "geometry": { "type": "Point", "coordinates": [ -119.289597870803902, 35.499582079039158 ] } },
{ "type": "Feature", "properties": { "id": "fd-01344", "input_id": "026-602-01", "specification": "terminal", "source": "fd-00210", "demand": 1, "placement": "ug", "duct_group": "1", "duct_assignment": "10" }, "geometry": { "type": "Point", "coordinates": [ -119.289385358570001, 35.499579828447381 ] } },
{ "type": "Feature", "properties": { "id": "fd-01345", "input_id": "026-601-15", "specification": "terminal", "source": "fd-00211", "demand": 1, "placement": "ug", "duct_group": "1", "duct_assignment": "12" }, "geometry": { "type": "Point", "coordinates": [ -119.288923450658615, 35.49957845087939 ] } },
{ "type": "Feature", "properties": { "id": "fd-01346", "input_id": "026-601-14", "specification": "terminal", "source": "fd-00211", "demand": 1, "placement": "ug", "duct_group": "1", "duct_assignment": "11" }, "geometry": { "type": "Point", "coordinates": [ -119.288710924686711, 35.499579434005533 ] } },
{ "type": "Feature", "properties": { "id": "fd-01347", "input_id": "026-601-13", "specification": "terminal", "source": "fd-00229", "demand": 1, "placement": "ug", "duct_group": "4", "duct_assignment": "12" }, "geometry": { "type": "Point", "coordinates": [ -119.288497262917829, 35.499581027171608 ] } },
{ "type": "Feature", "properties": { "id": "fd-01348", "input_id": "026-601-12", "specification": "terminal", "source": "fd-00229", "demand": 1, "placement": "ug", "duct_group": "4", "duct_assignment": "11" }, "geometry": { "type": "Point", "coordinates": [ -119.288264375164843, 35.499610792490188 ] } },
{ "type": "Feature", "properties": { "id": "fd-01349", "input_id": "026-601-11", "specification": "terminal", "source": "fd-00228", "demand": 1, "placement": "ug", "duct_group": "4", "duct_assignment": "9" }, "geometry": { "type": "Point", "coordinates": [ -119.288002035114573, 35.499601283155286 ] } },
{ "type": "Feature", "properties": { "id": "fd-01350", "input_id": "026-601-07", "specification": "terminal", "source": "fd-00248", "demand": 1, "placement": "ug", "duct_group": "9", "duct_assignment": "3" }, "geometry": { "type": "Point", "coordinates": [ -119.287904397050539, 35.498879954083257 ] } },
{ "type": "Feature", "properties": { "id": "fd-01351", "input_id": "026-601-06", "specification": "terminal", "source": "fd-00248", "demand": 1, "placement": "ug", "duct_group": "9", "duct_assignment": "4" }, "geometry": { "type": "Point", "coordinates": [ -119.287677556006813, 35.498877162675591 ] } },
{ "type": "Feature", "properties": { "id": "fd-01352", "input_id": "026-601-05", "specification": "terminal", "source": "fd-00250", "demand": 1, "placement": "ug", "duct_group": "9", "duct_assignment": "7" }, "geometry": { "type": "Point", "coordinates": [ -119.287436523314653, 35.498878528443022 ] } },
{ "type": "Feature", "properties": { "id": "fd-01353", "input_id": "026-601-10", "specification": "terminal", "source": "fd-00228", "demand": 1, "placement": "ug", "duct_group": "4", "duct_assignment": "10" }, "geometry": { "type": "Point", "coordinates": [ -119.287803888656995, 35.499502240708892 ] } },
{ "type": "Feature", "properties": { "id": "fd-01354", "input_id": "026-601-09", "specification": "terminal", "source": "fd-00227", "demand": 1, "placement": "ug", "duct_group": "4", "duct_assignment": "7" }, "geometry": { "type": "Point", "coordinates": [ -119.287783285540954, 35.499272219748669 ] } },
{ "type": "Feature", "properties": { "id": "fd-01355", "input_id": "026-601-08", "specification": "terminal", "source": "fd-00227", "demand": 1, "placement": "ug", "duct_group": "4", "duct_assignment": "8" }, "geometry": { "type": "Point", "coordinates": [ -119.287818569554574, 35.499097384679587 ] } },
{ "type": "Feature", "properties": { "id": "fd-01356", "input_id": "026-601-04", "specification": "terminal", "source": "fd-00251", "demand": 1, "placement": "ug", "duct_group": "9", "duct_assignment": "8" }, "geometry": { "type": "Point", "coordinates": [ -119.287473640288624, 35.499104139333554 ] } },
{ "type": "Feature", "properties": { "id": "fd-01357", "input_id": "026-601-03", "specification": "terminal", "source": "fd-00251", "demand": 1, "placement": "ug", "duct_group": "9", "duct_assignment": "9" }, "geometry": { "type": "Point", "coordinates": [ -119.287471189270676, 35.499279514996935 ] } },
{ "type": "Feature", "properties": { "id": "fd-01358", "input_id": "026-601-02", "specification": "terminal", "source": "fd-00252", "demand": 1, "placement": "ug", "duct_group": "9", "duct_assignment": "10" }, "geometry": { "type": "Point", "coordinates": [ -119.287469018803691, 35.499455330531028 ] } },
{ "type": "Feature", "properties": { "id": "fd-01359", "input_id": "026-601-01", "specification": "terminal", "source": "fd-00252", "demand": 1, "placement": "ug", "duct_group": "9", "duct_assignment": "11" }, "geometry": { "type": "Point", "coordinates": [ -119.287469208785396, 35.499631640833641 ] } },
{ "type": "Feature", "properties": { "id": "fd-01360", "input_id": "026-604-19", "specification": "terminal", "source": "fd-00204", "demand": 1, "placement": "ug", "duct_group": "0", "duct_assignment": "10" }, "geometry": { "type": "Point", "coordinates": [ -119.288308207413323, 35.499157031234226 ] } },
{ "type": "Feature", "properties": { "id": "fd-01361", "input_id": "026-604-18", "specification": "terminal", "source": "fd-00204", "demand": 1, "placement": "ug", "duct_group": "0", "duct_assignment": "9" }, "geometry": { "type": "Point", "coordinates": [ -119.288541421046148, 35.499159962120999 ] } },
{ "type": "Feature", "properties": { "id": "fd-01362", "input_id": "026-604-17", "specification": "terminal", "source": "fd-00205", "demand": 1, "placement": "ug", "duct_group": "0", "duct_assignment": "11" }, "geometry": { "type": "Point", "coordinates": [ -119.288749717356126, 35.499160583157007 ] } },
{ "type": "Feature", "properties": { "id": "fd-01363", "input_id": "026-604-16", "specification": "terminal", "source": "fd-00205", "demand": 1, "placement": "ug", "duct_group": "0", "duct_assignment": "12" }, "geometry": { "type": "Point", "coordinates": [ -119.288966412517425, 35.49916122941373 ] } },
{ "type": "Feature", "properties": { "id": "fd-01364", "input_id": "026-604-15", "specification": "terminal", "source": "fd-00203", "demand": 1, "placement": "ug", "duct_group": "0", "duct_assignment": "8" }, "geometry": { "type": "Point", "coordinates": [ -119.289189826717291, 35.499161895366193 ] } },
{ "type": "Feature", "properties": { "id": "fd-01365", "input_id": "026-604-14", "specification": "terminal", "source": "fd-00203", "demand": 1, "placement": "ug", "duct_group": "0", "duct_assignment": "7" }, "geometry": { "type": "Point", "coordinates": [ -119.289398122907627, 35.499162516288358 ] } },
{ "type": "Feature", "properties": { "id": "fd-01366", "input_id": "026-604-13", "specification": "terminal", "source": "fd-00202", "demand": 1, "placement": "ug", "duct_group": "0", "duct_assignment": "5" }, "geometry": { "type": "Point", "coordinates": [ -119.289606419549415, 35.499163137112404 ] } },
{ "type": "Feature", "properties": { "id": "fd-01367", "input_id": "026-604-12", "specification": "terminal", "source": "fd-00202", "demand": 1, "placement": "ug", "duct_group": "0", "duct_assignment": "6" }, "geometry": { "type": "Point", "coordinates": [ -119.289814715983738, 35.499163757887061 ] } },
{ "type": "Feature", "properties": { "id": "fd-01368", "input_id": "026-604-11", "specification": "terminal", "source": "fd-00242", "demand": 1, "placement": "ug", "duct_group": "6", "duct_assignment": "11" }, "geometry": { "type": "Point", "coordinates": [ -119.290016293035563, 35.499164358592559 ] } },
{ "type": "Feature", "properties": { "id": "fd-01369", "input_id": "026-604-10", "specification": "terminal", "source": "fd-00242", "demand": 1, "placement": "ug", "duct_group": "6", "duct_assignment": "10" }, "geometry": { "type": "Point", "coordinates": [ -119.290224589466675, 35.499164979092662 ] } },
{ "type": "Feature", "properties": { "id": "fd-01370", "input_id": "026-604-09", "specification": "terminal", "source": "fd-00241", "demand": 1, "placement": "ug", "duct_group": "6", "duct_assignment": "9" }, "geometry": { "type": "Point", "coordinates": [ -119.290448004019936, 35.49916564453715 ] } },
{ "type": "Feature", "properties": { "id": "fd-01371", "input_id": "026-604-08", "specification": "terminal", "source": "fd-00241", "demand": 1, "placement": "ug", "duct_group": "6", "duct_assignment": "8" }, "geometry": { "type": "Point", "coordinates": [ -119.29067141827916, 35.499166310398792 ] } },
{ "type": "Feature", "properties": { "id": "fd-01372", "input_id": "026-511-28", "specification": "terminal", "source": "fd-00309", "demand": 1, "placement": "ug", "duct_group": "8", "duct_assignment": "10" }, "geometry": { "type": "Point", "coordinates": [ -119.289227884249726, 35.50068505234637 ] } },
{ "type": "Feature", "properties": { "id": "fd-01373", "input_id": "026-511-27", "specification": "terminal", "source": "fd-00320", "demand": 1, "placement": "ug", "duct_group": "10", "duct_assignment": "9" }, "geometry": { "type": "Point", "coordinates": [ -119.289256559500274, 35.500508734708603 ] } },
{ "type": "Feature", "properties": { "id": "fd-01374", "input_id": "026-511-26", "specification": "terminal", "source": "fd-00320", "demand": 1, "placement": "ug", "duct_group": "10", "duct_assignment": "10" }, "geometry": { "type": "Point", "coordinates": [ -119.289271843689107, 35.500249245022339 ] } },
{ "type": "Feature", "properties": { "id": "fd-01375", "input_id": "026-511-25", "specification": "terminal", "source": "fd-00321", "demand": 1, "placement": "ug", "duct_group": "10", "duct_assignment": "11" }, "geometry": { "type": "Point", "coordinates": [ -119.289049338208471, 35.500150919763982 ] } },
{ "type": "Feature", "properties": { "id": "fd-01376", "input_id": "026-511-24", "specification": "terminal", "source": "fd-00321", "demand": 1, "placement": "ug", "duct_group": "10", "duct_assignment": "12" }, "geometry": { "type": "Point", "coordinates": [ -119.288730133245849, 35.500175043103553 ] } },
{ "type": "Feature", "properties": { "id": "fd-01377", "input_id": "026-511-23", "specification": "terminal", "source": "fd-00319", "demand": 1, "placement": "ug", "duct_group": "10", "duct_assignment": "8" }, "geometry": { "type": "Point", "coordinates": [ -119.288650590281037, 35.500395109463483 ] } },
{ "type": "Feature", "properties": { "id": "fd-01378", "input_id": "026-511-19", "specification": "terminal", "source": "fd-00315", "demand": 1, "placement": "ug", "duct_group": "9", "duct_assignment": "11" }, "geometry": { "type": "Point", "coordinates": [ -119.288351389091332, 35.500192275851461 ] } },
{ "type": "Feature", "properties": { "id": "fd-01379", "input_id": "026-571-08", "specification": "terminal", "source": "fd-00193", "demand": 1, "placement": "ug", "duct_group": "5", "duct_assignment": "9" }, "geometry": { "type": "Point", "coordinates": [ -119.291967965437635, 35.500176694315449 ] } },
{ "type": "Feature", "properties": { "id": "fd-01380", "input_id": "026-571-09", "specification": "terminal", "source": "fd-00191", "demand": 1, "placement": "ug", "duct_group": "5", "duct_assignment": "5" }, "geometry": { "type": "Point", "coordinates": [ -119.291738163055825, 35.500177811985751 ] } },
{ "type": "Feature", "properties": { "id": "fd-01381", "input_id": "026-571-10", "specification": "terminal", "source": "fd-00191", "demand": 1, "placement": "ug", "duct_group": "5", "duct_assignment": "6" }, "geometry": { "type": "Point", "coordinates": [ -119.291534866395452, 35.50018718845547 ] } },
{ "type": "Feature", "properties": { "id": "fd-01382", "input_id": "026-571-11", "specification": "terminal", "source": "fd-00189", "demand": 1, "placement": "ug", "duct_group": "5", "duct_assignment": "2" }, "geometry": { "type": "Point", "coordinates": [ -119.291318217444584, 35.500186036294487 ] } },
{ "type": "Feature", "properties": { "id": "fd-01383", "input_id": "026-571-12", "specification": "terminal", "source": "fd-00189", "demand": 1, "placement": "ug", "duct_group": "5", "duct_assignment": "1" }, "geometry": { "type": "Point", "coordinates": [ -119.291097246742268, 35.500186480348077 ] } },
{ "type": "Feature", "properties": { "id": "fd-01384", "input_id": "026-571-02", "specification": "terminal", "source": "fd-00190", "demand": 1, "placement": "ug", "duct_group": "5", "duct_assignment": "3" }, "geometry": { "type": "Point", "coordinates": [ -119.29108437919308, 35.50061660251756 ] } },
{ "type": "Feature", "properties": { "id": "fd-01385", "input_id": "026-571-03", "specification": "terminal", "source": "fd-00190", "demand": 1, "placement": "ug", "duct_group": "5", "duct_assignment": "4" }, "geometry": { "type": "Point", "coordinates": [ -119.291299541320384, 35.500616191888241 ] } },
{ "type": "Feature", "properties": { "id": "fd-01386", "input_id": "026-571-06", "specification": "terminal", "source": "fd-00193", "demand": 1, "placement": "ug", "duct_group": "5", "duct_assignment": "10" }, "geometry": { "type": "Point", "coordinates": [ -119.291957900364764, 35.500634958166039 ] } },
{ "type": "Feature", "properties": { "id": "fd-01387", "input_id": "026-571-05", "specification": "terminal", "source": "fd-00192", "demand": 1, "placement": "ug", "duct_group": "5", "duct_assignment": "7" }, "geometry": { "type": "Point", "coordinates": [ -119.291712886102118, 35.500627360960678 ] } },
{ "type": "Feature", "properties": { "id": "fd-01388", "input_id": "026-571-04", "specification": "terminal", "source": "fd-00192", "demand": 1, "placement": "ug", "duct_group": "5", "duct_assignment": "8" }, "geometry": { "type": "Point", "coordinates": [ -119.291501078038564, 35.500617742844504 ] } },
{ "type": "Feature", "properties": { "id": "fd-01389", "input_id": "026-582-12", "specification": "terminal", "source": "fd-00184", "demand": 1, "placement": "ug", "duct_group": "4", "duct_assignment": "3" }, "geometry": { "type": "Point", "coordinates": [ -119.291955014765819, 35.500905460430403 ] } },
{ "type": "Feature", "properties": { "id": "fd-01390", "input_id": "026-582-13", "specification": "terminal", "source": "fd-00183", "demand": 1, "placement": "ug", "duct_group": "4", "duct_assignment": "1" }, "geometry": { "type": "Point", "coordinates": [ -119.291715143712111, 35.500916752409424 ] } },
{ "type": "Feature", "properties": { "id": "fd-01391", "input_id": "026-582-14", "specification": "terminal", "source": "fd-00183", "demand": 1, "placement": "ug", "duct_group": "4", "duct_assignment": "2" }, "geometry": { "type": "Point", "coordinates": [ -119.291498514221047, 35.500915089084742 ] } },
{ "type": "Feature", "properties": { "id": "fd-01392", "input_id": "026-582-15", "specification": "terminal", "source": "fd-00173", "demand": 1, "placement": "ug", "duct_group": "2", "duct_assignment": "1" }, "geometry": { "type": "Point", "coordinates": [ -119.291296980867358, 35.500913546651752 ] } },
{ "type": "Feature", "properties": { "id": "fd-01393", "input_id": "026-571-01", "specification": "terminal", "source": "fd-00173", "demand": 1, "placement": "ug", "duct_group": "2", "duct_assignment": "2" }, "geometry": { "type": "Point", "coordinates": [ -119.291081854171424, 35.500909839810866 ] } },
{ "type": "Feature", "properties": { "id": "fd-01394", "input_id": "026-582-11", "specification": "terminal", "source": "fd-00184", "demand": 1, "placement": "ug", "duct_group": "4", "duct_assignment": "4" }, "geometry": { "type": "Point", "coordinates": [ -119.292216389388159, 35.500885293027849 ] } },
{ "type": "Feature", "properties": { "id": "fd-01395", "input_id": "026-572-13", "specification": "terminal", "source": "fd-00178", "demand": 1, "placement": "ug", "duct_group": "3", "duct_assignment": "4" }, "geometry": { "type": "Point", "coordinates": [ -119.290679078106933, 35.500906637202149 ] } },
{ "type": "Feature", "properties": { "id": "fd-01396", "input_id": "026-572-14", "specification": "terminal", "source": "fd-00178", "demand": 1, "placement": "ug", "duct_group": "3", "duct_assignment": "3" }, "geometry": { "type": "Point", "coordinates": [ -119.290470584208208, 35.500907237704148 ] } },
{ "type": "Feature", "properties": { "id": "fd-01397", "input_id": "026-572-15", "specification": "terminal", "source": "fd-00179", "demand": 1, "placement": "ug", "duct_group": "3", "duct_assignment": "6" }, "geometry": { "type": "Point", "coordinates": [ -119.290269000999359, 35.500905698202764 ] } },
{ "type": "Feature", "properties": { "id": "fd-01398", "input_id": "026-572-16", "specification": "terminal", "source": "fd-00179", "demand": 1, "placement": "ug", "duct_group": "3", "duct_assignment": "5" }, "geometry": { "type": "Point", "coordinates": [ -119.29006466492865, 35.500897182657589 ] } },
{ "type": "Feature", "properties": { "id": "fd-01399", "input_id": "026-572-17", "specification": "terminal", "source": "fd-00181", "demand": 1, "placement": "ug", "duct_group": "3", "duct_assignment": "10" }, "geometry": { "type": "Point", "coordinates": [ -119.289791296156508, 35.500855219152605 ] } },
{ "type": "Feature", "properties": { "id": "fd-01400", "input_id": "026-572-23", "specification": "terminal", "source": "fd-00177", "demand": 1, "placement": "ug", "duct_group": "3", "duct_assignment": "2" }, "geometry": { "type": "Point", "coordinates": [ -119.290577630187272, 35.501337276683032 ] } },
{ "type": "Feature", "properties": { "id": "fd-01401", "input_id": "026-572-24", "specification": "terminal", "source": "fd-00177", "demand": 1, "placement": "ug", "duct_group": "3", "duct_assignment": "1" }, "geometry": { "type": "Point", "coordinates": [ -119.290785928636382, 35.501338854308415 ] } },
{ "type": "Feature", "properties": { "id": "fd-01402", "input_id": "026-572-25", "specification": "terminal", "source": "fd-00174", "demand": 1, "placement": "ug", "duct_group": "2", "duct_assignment": "4" }, "geometry": { "type": "Point", "coordinates": [ -119.291000935347469, 35.501340481928821 ] } },
{ "type": "Feature", "properties": { "id": "fd-01403", "input_id": "026-581-01", "specification": "terminal", "source": "fd-00174", "demand": 1, "placement": "ug", "duct_group": "2", "duct_assignment": "3" }, "geometry": { "type": "Point", "coordinates": [ -119.291209210463492, 35.501342058628367 ] } },
{ "type": "Feature", "properties": { "id": "fd-01404", "input_id": "026-581-02", "specification": "terminal", "source": "fd-00175", "demand": 1, "placement": "ug", "duct_group": "2", "duct_assignment": "6" }, "geometry": { "type": "Point", "coordinates": [ -119.291417469514315, 35.50134363766216 ] } },
{ "type": "Feature", "properties": { "id": "fd-01405", "input_id": "026-581-03", "specification": "terminal", "source": "fd-00175", "demand": 1, "placement": "ug", "duct_group": "2", "duct_assignment": "5" }, "geometry": { "type": "Point", "coordinates": [ -119.291632428581707, 35.501345271675078 ] } },
{ "type": "Feature", "properties": { "id": "fd-01406", "input_id": "026-581-04", "specification": "terminal", "source": "fd-00176", "demand": 1, "placement": "ug", "duct_group": "2", "duct_assignment": "7" }, "geometry": { "type": "Point", "coordinates": [ -119.291840649154395, 35.501346861436886 ] } },
{ "type": "Feature", "properties": { "id": "fd-01407", "input_id": "026-581-05", "specification": "terminal", "source": "fd-00176", "demand": 1, "placement": "ug", "duct_group": "2", "duct_assignment": "8" }, "geometry": { "type": "Point", "coordinates": [ -119.292048716752973, 35.501351089108141 ] } },
{ "type": "Feature", "properties": { "id": "fd-01408", "input_id": "026-572-22", "specification": "terminal", "source": "fd-00180", "demand": 1, "placement": "ug", "duct_group": "3", "duct_assignment": "8" }, "geometry": { "type": "Point", "coordinates": [ -119.290365121830746, 35.501335665540189 ] } },
{ "type": "Feature", "properties": { "id": "fd-01409", "input_id": "026-572-21", "specification": "terminal", "source": "fd-00180", "demand": 1, "placement": "ug", "duct_group": "3", "duct_assignment": "7" }, "geometry": { "type": "Point", "coordinates": [ -119.290150162696719, 35.501334152943237 ] } },
{ "type": "Feature", "properties": { "id": "fd-01410", "input_id": "026-572-18", "specification": "terminal", "source": "fd-00181", "demand": 1, "placement": "ug", "duct_group": "3", "duct_assignment": "9" }, "geometry": { "type": "Point", "coordinates": [ -119.289557186745597, 35.50096087458747 ] } },
{ "type": "Feature", "properties": { "id": "fd-01411", "input_id": "026-581-06", "specification": "terminal", "source": "fd-00194", "demand": 1, "placement": "ug", "duct_group": "6", "duct_assignment": "2" }, "geometry": { "type": "Point", "coordinates": [ -119.292046100259512, 35.501643140786257 ] } },
{ "type": "Feature", "properties": { "id": "fd-01412", "input_id": "026-581-07", "specification": "terminal", "source": "fd-00194", "demand": 1, "placement": "ug", "duct_group": "6", "duct_assignment": "1" }, "geometry": { "type": "Point", "coordinates": [ -119.291837989703296, 35.501644190960818 ] } },
{ "type": "Feature", "properties": { "id": "fd-01413", "input_id": "026-581-08", "specification": "terminal", "source": "fd-00195", "demand": 1, "placement": "ug", "duct_group": "6", "duct_assignment": "3" }, "geometry": { "type": "Point", "coordinates": [ -119.291629765069942, 35.501642610358253 ] } },
{ "type": "Feature", "properties": { "id": "fd-01414", "input_id": "026-581-09", "specification": "terminal", "source": "fd-00195", "demand": 1, "placement": "ug", "duct_group": "6", "duct_assignment": "4" }, "geometry": { "type": "Point", "coordinates": [ -119.291414801749923, 35.501640987462046 ] } },
{ "type": "Feature", "properties": { "id": "fd-01415", "input_id": "026-581-10", "specification": "terminal", "source": "fd-00196", "demand": 1, "placement": "ug", "duct_group": "6", "duct_assignment": "6" }, "geometry": { "type": "Point", "coordinates": [ -119.291206537380617, 35.501639419099192 ] } },
{ "type": "Feature", "properties": { "id": "fd-01416", "input_id": "026-581-11", "specification": "terminal", "source": "fd-00196", "demand": 1, "placement": "ug", "duct_group": "6", "duct_assignment": "5" }, "geometry": { "type": "Point", "coordinates": [ -119.290998256043466, 35.501637852194015 ] } },
{ "type": "Feature", "properties": { "id": "fd-01417", "input_id": "026-581-12", "specification": "terminal", "source": "fd-00197", "demand": 1, "placement": "ug", "duct_group": "6", "duct_assignment": "7" }, "geometry": { "type": "Point", "coordinates": [ -119.290783241925936, 35.501636233983298 ] } },
{ "type": "Feature", "properties": { "id": "fd-01418", "input_id": "026-581-26", "specification": "terminal", "source": "fd-00162", "demand": 1, "placement": "ug", "duct_group": "0", "duct_assignment": "3" }, "geometry": { "type": "Point", "coordinates": [ -119.291356243913029, 35.502071912432825 ] } },
{ "type": "Feature", "properties": { "id": "fd-01419", "input_id": "026-582-01", "specification": "terminal", "source": "fd-00161", "demand": 1, "placement": "ug", "duct_group": "0", "duct_assignment": "1" }, "geometry": { "type": "Point", "coordinates": [ -119.291738803004904, 35.502074772707367 ] } },
{ "type": "Feature", "properties": { "id": "fd-01420", "input_id": "026-582-02", "specification": "terminal", "source": "fd-00161", "demand": 1, "placement": "ug", "duct_group": "0", "duct_assignment": "2" }, "geometry": { "type": "Point", "coordinates": [ -119.291951240025156, 35.50208831129207 ] } },
{ "type": "Feature", "properties": { "id": "fd-01421", "input_id": "026-582-03", "specification": "terminal", "source": "fd-00188", "demand": 1, "placement": "ug", "duct_group": "4", "duct_assignment": "11" }, "geometry": { "type": "Point", "coordinates": [ -119.292198211481264, 35.50211096372049 ] } },
{ "type": "Feature", "properties": { "id": "fd-01422", "input_id": "026-571-07", "specification": "terminal", "source": "fd-00193", "demand": 1, "placement": "ug", "duct_group": "5", "duct_assignment": "11" }, "geometry": { "type": "Point", "coordinates": [ -119.292398077409231, 35.500406382209334 ] } },
{ "type": "Feature", "properties": { "id": "fd-01423", "input_id": "026-572-12", "specification": "terminal", "source": "fd-00168", "demand": 1, "placement": "ug", "duct_group": "1", "duct_assignment": "3" }, "geometry": { "type": "Point", "coordinates": [ -119.290681604663703, 35.500613640077908 ] } },
{ "type": "Feature", "properties": { "id": "fd-01424", "input_id": "026-572-11", "specification": "terminal", "source": "fd-00168", "demand": 1, "placement": "ug", "duct_group": "1", "duct_assignment": "4" }, "geometry": { "type": "Point", "coordinates": [ -119.29047315226066, 35.500609850407564 ] } },
{ "type": "Feature", "properties": { "id": "fd-01425", "input_id": "026-572-10", "specification": "terminal", "source": "fd-00170", "demand": 1, "placement": "ug", "duct_group": "1", "duct_assignment": "8" }, "geometry": { "type": "Point", "coordinates": [ -119.290271574954986, 35.500608304009305 ] } },
{ "type": "Feature", "properties": { "id": "fd-01426", "input_id": "026-572-09", "specification": "terminal", "source": "fd-00170", "demand": 1, "placement": "ug", "duct_group": "1", "duct_assignment": "7" }, "geometry": { "type": "Point", "coordinates": [ -119.290068449928512, 35.500617645248099 ] } },
{ "type": "Feature", "properties": { "id": "fd-01427", "input_id": "026-572-08", "specification": "terminal", "source": "fd-00172", "demand": 1, "placement": "ug", "duct_group": "1", "duct_assignment": "12" }, "geometry": { "type": "Point", "coordinates": [ -119.289782718144124, 35.500649907382339 ] } },
{ "type": "Feature", "properties": { "id": "fd-01428", "input_id": "026-572-07", "specification": "terminal", "source": "fd-00172", "demand": 1, "placement": "ug", "duct_group": "1", "duct_assignment": "11" }, "geometry": { "type": "Point", "coordinates": [ -119.289564384191436, 35.500533997173939 ] } },
{ "type": "Feature", "properties": { "id": "fd-01429", "input_id": "026-572-06", "specification": "terminal", "source": "fd-00171", "demand": 1, "placement": "ug", "duct_group": "1", "duct_assignment": "9" }, "geometry": { "type": "Point", "coordinates": [ -119.289567449569901, 35.500243714257479 ] } },
{ "type": "Feature", "properties": { "id": "fd-01430", "input_id": "026-572-05", "specification": "terminal", "source": "fd-00171", "demand": 1, "placement": "ug", "duct_group": "1", "duct_assignment": "10" }, "geometry": { "type": "Point", "coordinates": [ -119.289782640813314, 35.500132829201959 ] } },
{ "type": "Feature", "properties": { "id": "fd-01431", "input_id": "026-572-01", "specification": "terminal", "source": "fd-00167", "demand": 1, "placement": "ug", "duct_group": "1", "duct_assignment": "2" }, "geometry": { "type": "Point", "coordinates": [ -119.290669079052904, 35.500184209874433 ] } },
{ "type": "Feature", "properties": { "id": "fd-01432", "input_id": "026-572-02", "specification": "terminal", "source": "fd-00167", "demand": 1, "placement": "ug", "duct_group": "1", "duct_assignment": "1" }, "geometry": { "type": "Point", "coordinates": [ -119.290463242154814, 35.500181497407183 ] } },
{ "type": "Feature", "properties": { "id": "fd-01433", "input_id": "026-572-03", "specification": "terminal", "source": "fd-00169", "demand": 1, "placement": "ug", "duct_group": "1", "duct_assignment": "5" }, "geometry": { "type": "Point", "coordinates": [ -119.290261673054729, 35.500180427073282 ] } },
{ "type": "Feature", "properties": { "id": "fd-01434", "input_id": "026-572-04", "specification": "terminal", "source": "fd-00169", "demand": 1, "placement": "ug", "duct_group": "1", "duct_assignment": "6" }, "geometry": { "type": "Point", "coordinates": [ -119.290059260832209, 35.500166552204888 ] } },
{ "type": "Feature", "properties": { "id": "fd-01435", "input_id": "026-592-30", "specification": "terminal", "source": "fd-00298", "demand": 1, "placement": "ug", "duct_group": "7", "duct_assignment": "3" }, "geometry": { "type": "Point", "coordinates": [ -119.2922785432132, 35.502340283306687 ] } },
{ "type": "Feature", "properties": { "id": "fd-01436", "input_id": "026-592-31", "specification": "terminal", "source": "fd-00297", "demand": 1, "placement": "ug", "duct_group": "7", "duct_assignment": "1" }, "geometry": { "type": "Point", "coordinates": [ -119.29198836569708, 35.502362746039218 ] } },
{ "type": "Feature", "properties": { "id": "fd-01437", "input_id": "026-621-44", "specification": "terminal", "source": "fd-00136", "demand": 1, "placement": "ug", "duct_group": "4", "duct_assignment": "5" }, "geometry": { "type": "Point", "coordinates": [ -119.290146480043873, 35.497490812505376 ] } },
{ "type": "Feature", "properties": { "id": "fd-01438", "input_id": "026-621-43", "specification": "terminal", "source": "fd-00136", "demand": 1, "placement": "ug", "duct_group": "4", "duct_assignment": "6" }, "geometry": { "type": "Point", "coordinates": [ -119.289929857959777, 35.49748811562602 ] } },
{ "type": "Feature", "properties": { "id": "fd-01439", "input_id": "026-621-42", "specification": "terminal", "source": "fd-00144", "demand": 1, "placement": "ug", "duct_group": "6", "duct_assignment": "2" }, "geometry": { "type": "Point", "coordinates": [ -119.289721631764039, 35.497487460028488 ] } },
{ "type": "Feature", "properties": { "id": "fd-01440", "input_id": "026-621-41", "specification": "terminal", "source": "fd-00144", "demand": 1, "placement": "ug", "duct_group": "6", "duct_assignment": "1" }, "geometry": { "type": "Point", "coordinates": [ -119.289513398590103, 35.49748680279766 ] } },
{ "type": "Feature", "properties": { "id": "fd-01441", "input_id": "026-621-40", "specification": "terminal", "source": "fd-00115", "demand": 1, "placement": "ug", "duct_group": "0", "duct_assignment": "2" }, "geometry": { "type": "Point", "coordinates": [ -119.289311874600514, 35.497486165649292 ] } },
{ "type": "Feature", "properties": { "id": "fd-01442", "input_id": "026-621-39", "specification": "terminal", "source": "fd-00115", "demand": 1, "placement": "ug", "duct_group": "0", "duct_assignment": "1" }, "geometry": { "type": "Point", "coordinates": [ -119.289110341191005, 35.497485527790793 ] } },
{ "type": "Feature", "properties": { "id": "fd-01443", "input_id": "026-621-38", "specification": "terminal", "source": "fd-00116", "demand": 1, "placement": "ug", "duct_group": "0", "duct_assignment": "3" }, "geometry": { "type": "Point", "coordinates": [ -119.288908797136557, 35.497484889053517 ] } },
{ "type": "Feature", "properties": { "id": "fd-01444", "input_id": "026-621-37", "specification": "terminal", "source": "fd-00116", "demand": 1, "placement": "ug", "duct_group": "0", "duct_assignment": "4" }, "geometry": { "type": "Point", "coordinates": [ -119.288700521496509, 35.497484228197926 ] } },
{ "type": "Feature", "properties": { "id": "fd-01445", "input_id": "026-621-36", "specification": "terminal", "source": "fd-00117", "demand": 1, "placement": "ug", "duct_group": "0", "duct_assignment": "6" }, "geometry": { "type": "Point", "coordinates": [ -119.28849222988741, 35.497483567141586 ] } },
{ "type": "Feature", "properties": { "id": "fd-01446", "input_id": "026-621-35", "specification": "terminal", "source": "fd-00117", "demand": 1, "placement": "ug", "duct_group": "0", "duct_assignment": "5" }, "geometry": { "type": "Point", "coordinates": [ -119.288284185468058, 35.497485517552818 ] } },
{ "type": "Feature", "properties": { "id": "fd-01447", "input_id": "026-621-45", "specification": "terminal", "source": "fd-00218", "demand": 1, "placement": "ug", "duct_group": "3", "duct_assignment": "1" }, "geometry": { "type": "Point", "coordinates": [ -119.290153628218306, 35.497768298628635 ] } },
{ "type": "Feature", "properties": { "id": "fd-01448", "input_id": "026-621-46", "specification": "terminal", "source": "fd-00218", "demand": 1, "placement": "ug", "duct_group": "3", "duct_assignment": "2" }, "geometry": { "type": "Point", "coordinates": [ -119.289945329635131, 35.497769796769958 ] } },
{ "type": "Feature", "properties": { "id": "fd-01449", "input_id": "026-621-47", "specification": "terminal", "source": "fd-00219", "demand": 1, "placement": "ug", "duct_group": "3", "duct_assignment": "3" }, "geometry": { "type": "Point", "coordinates": [ -119.289733760404573, 35.497769127672335 ] } },
{ "type": "Feature", "properties": { "id": "fd-01450", "input_id": "026-621-48", "specification": "terminal", "source": "fd-00219", "demand": 1, "placement": "ug", "duct_group": "3", "duct_assignment": "4" }, "geometry": { "type": "Point", "coordinates": [ -119.289517141788224, 35.497768447074662 ] } },
{ "type": "Feature", "properties": { "id": "fd-01451", "input_id": "026-621-49", "specification": "terminal", "source": "fd-00221", "demand": 1, "placement": "ug", "duct_group": "3", "duct_assignment": "8" }, "geometry": { "type": "Point", "coordinates": [ -119.289310587786886, 35.497767797462686 ] } },
{ "type": "Feature", "properties": { "id": "fd-01452", "input_id": "026-621-50", "specification": "terminal", "source": "fd-00221", "demand": 1, "placement": "ug", "duct_group": "3", "duct_assignment": "7" }, "geometry": { "type": "Point", "coordinates": [ -119.289101865569805, 35.497741257291423 ] } },
{ "type": "Feature", "properties": { "id": "fd-01453", "input_id": "026-621-51", "specification": "terminal", "source": "fd-00223", "demand": 1, "placement": "ug", "duct_group": "3", "duct_assignment": "11" }, "geometry": { "type": "Point", "coordinates": [ -119.288824923359314, 35.497724402880415 ] } },
{ "type": "Feature", "properties": { "id": "fd-01454", "input_id": "026-621-52", "specification": "terminal", "source": "fd-00223", "demand": 1, "placement": "ug", "duct_group": "3", "duct_assignment": "12" }, "geometry": { "type": "Point", "coordinates": [ -119.288671126760747, 35.497849344699276 ] } },
{ "type": "Feature", "properties": { "id": "fd-01455", "input_id": "026-621-53", "specification": "terminal", "source": "fd-00222", "demand": 1, "placement": "ug", "duct_group": "3", "duct_assignment": "9" }, "geometry": { "type": "Point", "coordinates": [ -119.288669961634611, 35.498101848052677 ] } },
{ "type": "Feature", "properties": { "id": "fd-01456", "input_id": "026-621-60", "specification": "terminal", "source": "fd-00245", "demand": 1, "placement": "ug", "duct_group": "8", "duct_assignment": "2" }, "geometry": { "type": "Point", "coordinates": [ -119.290148341224807, 35.498191580606907 ] } },
{ "type": "Feature", "properties": { "id": "fd-01457", "input_id": "026-621-59", "specification": "terminal", "source": "fd-00245", "demand": 1, "placement": "ug", "duct_group": "8", "duct_assignment": "1" }, "geometry": { "type": "Point", "coordinates": [ -119.289936650853889, 35.498188796826781 ] } },
{ "type": "Feature", "properties": { "id": "fd-01458", "input_id": "026-621-58", "specification": "terminal", "source": "fd-00246", "demand": 1, "placement": "ug", "duct_group": "8", "duct_assignment": "3" }, "geometry": { "type": "Point", "coordinates": [ -119.289735114952535, 35.498188179133649 ] } },
{ "type": "Feature", "properties": { "id": "fd-01459", "input_id": "026-621-57", "specification": "terminal", "source": "fd-00246", "demand": 1, "placement": "ug", "duct_group": "8", "duct_assignment": "4" }, "geometry": { "type": "Point", "coordinates": [ -119.289526850570468, 35.498187545027143 ] } },
{ "type": "Feature", "properties": { "id": "fd-01460", "input_id": "026-621-56", "specification": "terminal", "source": "fd-00220", "demand": 1, "placement": "ug", "duct_group": "3", "duct_assignment": "5" }, "geometry": { "type": "Point", "coordinates": [ -119.289318580806111, 35.498186911883309 ] } },
{ "type": "Feature", "properties": { "id": "fd-01461", "input_id": "026-621-55", "specification": "terminal", "source": "fd-00220", "demand": 1, "placement": "ug", "duct_group": "3", "duct_assignment": "6" }, "geometry": { "type": "Point", "coordinates": [ -119.28911031942296, 35.498208501905431 ] } },
{ "type": "Feature", "properties": { "id": "fd-01462", "input_id": "026-621-54", "specification": "terminal", "source": "fd-00222", "demand": 1, "placement": "ug", "duct_group": "3", "duct_assignment": "10" }, "geometry": { "type": "Point", "coordinates": [ -119.288826750702611, 35.498228360298704 ] } },
{ "type": "Feature", "properties": { "id": "fd-01463", "input_id": "026-621-34", "specification": "terminal", "source": "fd-00118", "demand": 1, "placement": "ug", "duct_group": "0", "duct_assignment": "7" }, "geometry": { "type": "Point", "coordinates": [ -119.288348468342065, 35.497705890669245 ] } },
{ "type": "Feature", "properties": { "id": "fd-01464", "input_id": "026-621-33", "specification": "terminal", "source": "fd-00118", "demand": 1, "placement": "ug", "duct_group": "0", "duct_assignment": "8" }, "geometry": { "type": "Point", "coordinates": [ -119.288371695196517, 35.49787561460839 ] } },
{ "type": "Feature", "properties": { "id": "fd-01465", "input_id": "026-621-32", "specification": "terminal", "source": "fd-00119", "demand": 1, "placement": "ug", "duct_group": "0", "duct_assignment": "9" }, "geometry": { "type": "Point", "coordinates": [ -119.288398029539863, 35.49809765026275 ] } },
{ "type": "Feature", "properties": { "id": "fd-01466", "input_id": "026-621-31", "specification": "terminal", "source": "fd-00119", "demand": 1, "placement": "ug", "duct_group": "0", "duct_assignment": "10" }, "geometry": { "type": "Point", "coordinates": [ -119.288245340835886, 35.498223626508732 ] } },
{ "type": "Feature", "properties": { "id": "fd-01467", "input_id": "026-621-30", "specification": "terminal", "source": "fd-00120", "demand": 1, "placement": "ug", "duct_group": "0", "duct_assignment": "11" }, "geometry": { "type": "Point", "coordinates": [ -119.28793091233274, 35.498222606079558 ] } },
{ "type": "Feature", "properties": { "id": "fd-01468", "input_id": "026-621-29", "specification": "terminal", "source": "fd-00120", "demand": 1, "placement": "ug", "duct_group": "0", "duct_assignment": "12" }, "geometry": { "type": "Point", "coordinates": [ -119.287776087193507, 35.498090535633473 ] } },
{ "type": "Feature", "properties": { "id": "fd-01469", "input_id": "026-621-27", "specification": "terminal", "source": "fd-00143", "demand": 1, "placement": "ug", "duct_group": "5", "duct_assignment": "10" }, "geometry": { "type": "Point", "coordinates": [ -119.287834974215855, 35.497684904265299 ] } },
{ "type": "Feature", "properties": { "id": "fd-01470", "input_id": "026-622-01", "specification": "terminal", "source": "fd-00145", "demand": 1, "placement": "ug", "duct_group": "6", "duct_assignment": "3" }, "geometry": { "type": "Point", "coordinates": [ -119.290569704733997, 35.497491776822557 ] } },
{ "type": "Feature", "properties": { "id": "fd-01471", "input_id": "026-622-02", "specification": "terminal", "source": "fd-00146", "demand": 1, "placement": "ug", "duct_group": "6", "duct_assignment": "5" }, "geometry": { "type": "Point", "coordinates": [ -119.290832563342661, 35.497494253260456 ] } },
{ "type": "Feature", "properties": { "id": "fd-01472", "input_id": "026-603-05", "specification": "terminal", "source": "fd-00214", "demand": 1, "placement": "ug", "duct_group": "2", "duct_assignment": "6" }, "geometry": { "type": "Point", "coordinates": [ -119.2914832003556, 35.498085580939666 ] } },
{ "type": "Feature", "properties": { "id": "fd-01473", "input_id": "026-603-04", "specification": "terminal", "source": "fd-00214", "demand": 1, "placement": "ug", "duct_group": "2", "duct_assignment": "7" }, "geometry": { "type": "Point", "coordinates": [ -119.291476630271461, 35.498264584421683 ] } },
{ "type": "Feature", "properties": { "id": "fd-01474", "input_id": "026-603-03", "specification": "terminal", "source": "fd-00215", "demand": 1, "placement": "ug", "duct_group": "2", "duct_assignment": "8" }, "geometry": { "type": "Point", "coordinates": [ -119.29146662989524, 35.498432347543698 ] } },
{ "type": "Feature", "properties": { "id": "fd-01475", "input_id": "026-603-02", "specification": "terminal", "source": "fd-00215", "demand": 1, "placement": "ug", "duct_group": "2", "duct_assignment": "9" }, "geometry": { "type": "Point", "coordinates": [ -119.291465218182879, 35.498602680310185 ] } },
{ "type": "Feature", "properties": { "id": "fd-01476", "input_id": "026-603-01", "specification": "terminal", "source": "fd-00216", "demand": 1, "placement": "ug", "duct_group": "2", "duct_assignment": "10" }, "geometry": { "type": "Point", "coordinates": [ -119.291463501333553, 35.498810029202488 ] } },
{ "type": "Feature", "properties": { "id": "fd-01477", "input_id": "026-602-12", "specification": "terminal", "source": "fd-00216", "demand": 1, "placement": "ug", "duct_group": "2", "duct_assignment": "11" }, "geometry": { "type": "Point", "coordinates": [ -119.291468577457579, 35.499062771266154 ] } },
{ "type": "Feature", "properties": { "id": "fd-01478", "input_id": "026-602-11", "specification": "terminal", "source": "fd-00217", "demand": 1, "placement": "ug", "duct_group": "2", "duct_assignment": "12" }, "geometry": { "type": "Point", "coordinates": [ -119.291502686289576, 35.499302125891241 ] } },
{ "type": "Feature", "properties": { "id": "fd-01479", "input_id": "026-602-10", "specification": "terminal", "source": "fd-00206", "demand": 1, "placement": "ug", "duct_group": "1", "duct_assignment": "1" }, "geometry": { "type": "Point", "coordinates": [ -119.291470550648256, 35.499536036301102 ] } },
{ "type": "Feature", "properties": { "id": "fd-01480", "input_id": "026-651-22", "specification": "terminal", "source": "fd-00023", "demand": 1, "placement": "ug", "duct_group": "0", "duct_assignment": "10" }, "geometry": { "type": "Point", "coordinates": [ -119.291815795517323, 35.49866558329812 ] } },
{ "type": "Feature", "properties": { "id": "fd-01481", "input_id": "026-651-23", "specification": "terminal", "source": "fd-00024", "demand": 1, "placement": "ug", "duct_group": "0", "duct_assignment": "12" }, "geometry": { "type": "Point", "coordinates": [ -119.29181970652381, 35.498176168201375 ] } },
{ "type": "Feature", "properties": { "id": "fd-01482", "input_id": "026-651-07", "specification": "terminal", "source": "fd-00034", "demand": 1, "placement": "ug", "duct_group": "2", "duct_assignment": "7" }, "geometry": { "type": "Point", "coordinates": [ -119.291812349961347, 35.499044910782665 ] } },
{ "type": "Feature", "properties": { "id": "fd-01483", "input_id": "026-651-08", "specification": "terminal", "source": "fd-00033", "demand": 1, "placement": "ug", "duct_group": "2", "duct_assignment": "4" }, "geometry": { "type": "Point", "coordinates": [ -119.292173914393473, 35.499031245129331 ] } },
{ "type": "Feature", "properties": { "id": "fd-01484", "input_id": "026-651-06", "specification": "terminal", "source": "fd-00034", "demand": 1, "placement": "ug", "duct_group": "2", "duct_assignment": "6" }, "geometry": { "type": "Point", "coordinates": [ -119.291782872471416, 35.499533700034661 ] } },
{ "type": "Feature", "properties": { "id": "fd-01485", "input_id": "026-661-08", "specification": "terminal", "source": "fd-00044", "demand": 1, "placement": "ug", "duct_group": "5", "duct_assignment": "10" }, "geometry": { "type": "Point", "coordinates": [ -119.291823191782484, 35.497797969977995 ] } },
{ "type": "Feature", "properties": { "id": "fd-01486", "input_id": "026-651-21", "specification": "terminal", "source": "fd-00023", "demand": 1, "placement": "ug", "duct_group": "0", "duct_assignment": "11" }, "geometry": { "type": "Point", "coordinates": [ -119.292175362648337, 35.498680184073237 ] } },
{ "type": "Feature", "properties": { "id": "fd-01487", "input_id": "026-651-24", "specification": "terminal", "source": "fd-00022", "demand": 1, "placement": "ug", "duct_group": "0", "duct_assignment": "8" }, "geometry": { "type": "Point", "coordinates": [ -119.292177504244776, 35.498163094203804 ] } },
{ "type": "Feature", "properties": { "id": "fd-01488", "input_id": "026-651-05", "specification": "terminal", "source": "fd-00034", "demand": 1, "placement": "ug", "duct_group": "2", "duct_assignment": "8" }, "geometry": { "type": "Point", "coordinates": [ -119.29211354961167, 35.499560534287703 ] } },
{ "type": "Feature", "properties": { "id": "fd-01489", "input_id": "026-661-07", "specification": "terminal", "source": "fd-00044", "demand": 1, "placement": "ug", "duct_group": "5", "duct_assignment": "9" }, "geometry": { "type": "Point", "coordinates": [ -119.292178981001882, 35.497811947237942 ] } },
{ "type": "Feature", "properties": { "id": "fd-01490", "input_id": "026-582-10", "specification": "terminal", "source": "fd-00185", "demand": 1, "placement": "ug", "duct_group": "4", "duct_assignment": "5" }, "geometry": { "type": "Point", "coordinates": [ -119.292485459430623, 35.50092280071825 ] } },
{ "type": "Feature", "properties": { "id": "fd-01491", "input_id": "026-582-04", "specification": "terminal", "source": "fd-00188", "demand": 1, "placement": "ug", "duct_group": "4", "duct_assignment": "12" }, "geometry": { "type": "Point", "coordinates": [ -119.292475161027795, 35.502078242009588 ] } },
{ "type": "Feature", "properties": { "id": "fd-01492", "input_id": "026-582-05", "specification": "terminal", "source": "fd-00187", "demand": 1, "placement": "ug", "duct_group": "4", "duct_assignment": "10" }, "geometry": { "type": "Point", "coordinates": [ -119.292559830876556, 35.501894757430406 ] } },
{ "type": "Feature", "properties": { "id": "fd-01493", "input_id": "026-582-06", "specification": "terminal", "source": "fd-00187", "demand": 1, "placement": "ug", "duct_group": "4", "duct_assignment": "9" }, "geometry": { "type": "Point", "coordinates": [ -119.292549287305832, 35.501684158279488 ] } },
{ "type": "Feature", "properties": { "id": "fd-01494", "input_id": "026-582-07", "specification": "terminal", "source": "fd-00186", "demand": 1, "placement": "ug", "duct_group": "4", "duct_assignment": "8" }, "geometry": { "type": "Point", "coordinates": [ -119.292521249160842, 35.501500870973622 ] } },
{ "type": "Feature", "properties": { "id": "fd-01495", "input_id": "026-592-28", "specification": "terminal", "source": "fd-00301", "demand": 1, "placement": "ug", "duct_group": "7", "duct_assignment": "8" }, "geometry": { "type": "Point", "coordinates": [ -119.292573258695413, 35.502729535700809 ] } },
{ "type": "Feature", "properties": { "id": "fd-01496", "input_id": "026-592-29", "specification": "terminal", "source": "fd-00298", "demand": 1, "placement": "ug", "duct_group": "7", "duct_assignment": "4" }, "geometry": { "type": "Point", "coordinates": [ -119.292537533956093, 35.502424510226582 ] } },
{ "type": "Feature", "properties": { "id": "fd-01497", "input_id": "026-651-20", "specification": "terminal", "source": "fd-00020", "demand": 1, "placement": "ug", "duct_group": "0", "duct_assignment": "5" }, "geometry": { "type": "Point", "coordinates": [ -119.292473667497759, 35.498675231336286 ] } },
{ "type": "Feature", "properties": { "id": "fd-01498", "input_id": "026-651-25", "specification": "terminal", "source": "fd-00022", "demand": 1, "placement": "ug", "duct_group": "0", "duct_assignment": "9" }, "geometry": { "type": "Point", "coordinates": [ -119.292475763232133, 35.498169727603603 ] } },
{ "type": "Feature", "properties": { "id": "fd-01499", "input_id": "026-651-09", "specification": "terminal", "source": "fd-00033", "demand": 1, "placement": "ug", "duct_group": "2", "duct_assignment": "5" }, "geometry": { "type": "Point", "coordinates": [ -119.292472167245663, 35.499037883208004 ] } },
{ "type": "Feature", "properties": { "id": "fd-01500", "input_id": "026-651-03", "specification": "terminal", "source": "fd-00039", "demand": 1, "placement": "ug", "duct_group": "4", "duct_assignment": "4" }, "geometry": { "type": "Point", "coordinates": [ -119.292711950445096, 35.499550532639056 ] } },
{ "type": "Feature", "properties": { "id": "fd-01501", "input_id": "026-651-04", "specification": "terminal", "source": "fd-00039", "demand": 1, "placement": "ug", "duct_group": "4", "duct_assignment": "3" }, "geometry": { "type": "Point", "coordinates": [ -119.292409613996099, 35.499549659032425 ] } },
{ "type": "Feature", "properties": { "id": "fd-01502", "input_id": "026-661-06", "specification": "terminal", "source": "fd-00042", "demand": 1, "placement": "ug", "duct_group": "5", "duct_assignment": "5" }, "geometry": { "type": "Point", "coordinates": [ -119.292477292232661, 35.497807006158247 ] } },
{ "type": "Feature", "properties": { "id": "fd-01503", "input_id": "026-582-09", "specification": "terminal", "source": "fd-00185", "demand": 1, "placement": "ug", "duct_group": "4", "duct_assignment": "6" }, "geometry": { "type": "Point", "coordinates": [ -119.292566854600167, 35.501107627482803 ] } },
{ "type": "Feature", "properties": { "id": "fd-01504", "input_id": "026-582-08", "specification": "terminal", "source": "fd-00186", "demand": 1, "placement": "ug", "duct_group": "4", "duct_assignment": "7" }, "geometry": { "type": "Point", "coordinates": [ -119.292552531384885, 35.501318048642695 ] } },
{ "type": "Feature", "properties": { "id": "fd-01505", "input_id": "026-651-19", "specification": "terminal", "source": "fd-00020", "demand": 1, "placement": "ug", "duct_group": "0", "duct_assignment": "6" }, "geometry": { "type": "Point", "coordinates": [ -119.292776012975082, 35.498676083367222 ] } },
{ "type": "Feature", "properties": { "id": "fd-01506", "input_id": "026-651-26", "specification": "terminal", "source": "fd-00021", "demand": 1, "placement": "ug", "duct_group": "0", "duct_assignment": "7" }, "geometry": { "type": "Point", "coordinates": [ -119.292778111388856, 35.498170578114333 ] } },
{ "type": "Feature", "properties": { "id": "fd-01507", "input_id": "026-651-10", "specification": "terminal", "source": "fd-00032", "demand": 1, "placement": "ug", "duct_group": "2", "duct_assignment": "3" }, "geometry": { "type": "Point", "coordinates": [ -119.292774509263509, 35.499038736078901 ] } },
{ "type": "Feature", "properties": { "id": "fd-01508", "input_id": "026-661-05", "specification": "terminal", "source": "fd-00042", "demand": 1, "placement": "ug", "duct_group": "5", "duct_assignment": "6" }, "geometry": { "type": "Point", "coordinates": [ -119.292779641807897, 35.497807869824143 ] } },
{ "type": "Feature", "properties": { "id": "fd-01509", "input_id": "026-651-27", "specification": "terminal", "source": "fd-00050", "demand": 1, "placement": "ug", "duct_group": "6", "duct_assignment": "9" }, "geometry": { "type": "Point", "coordinates": [ -119.293080458908094, 35.498171427780832 ] } },
{ "type": "Feature", "properties": { "id": "fd-01510", "input_id": "026-661-04", "specification": "terminal", "source": "fd-00107", "demand": 1, "placement": "ug", "duct_group": "8", "duct_assignment": "10" }, "geometry": { "type": "Point", "coordinates": [ -119.293081990495338, 35.497808732637914 ] } },
{ "type": "Feature", "properties": { "id": "fd-01511", "input_id": "026-651-18", "specification": "terminal", "source": "fd-00019", "demand": 1, "placement": "ug", "duct_group": "0", "duct_assignment": "3" }, "geometry": { "type": "Point", "coordinates": [ -119.293078357352456, 35.498676933995128 ] } },
{ "type": "Feature", "properties": { "id": "fd-01512", "input_id": "026-651-17", "specification": "terminal", "source": "fd-00019", "demand": 1, "placement": "ug", "duct_group": "0", "duct_assignment": "4" }, "geometry": { "type": "Point", "coordinates": [ -119.293380700990781, 35.498677783874221 ] } },
{ "type": "Feature", "properties": { "id": "fd-01513", "input_id": "026-651-28", "specification": "terminal", "source": "fd-00050", "demand": 1, "placement": "ug", "duct_group": "6", "duct_assignment": "8" }, "geometry": { "type": "Point", "coordinates": [ -119.293382805361048, 35.498172276373985 ] } },
{ "type": "Feature", "properties": { "id": "fd-01514", "input_id": "026-651-11", "specification": "terminal", "source": "fd-00031", "demand": 1, "placement": "ug", "duct_group": "2", "duct_assignment": "1" }, "geometry": { "type": "Point", "coordinates": [ -119.293076850792687, 35.499039588208873 ] } },
{ "type": "Feature", "properties": { "id": "fd-01515", "input_id": "026-651-12", "specification": "terminal", "source": "fd-00031", "demand": 1, "placement": "ug", "duct_group": "2", "duct_assignment": "2" }, "geometry": { "type": "Point", "coordinates": [ -119.293379191775955, 35.49904043870977 ] } },
{ "type": "Feature", "properties": { "id": "fd-01516", "input_id": "026-651-02", "specification": "terminal", "source": "fd-00038", "demand": 1, "placement": "ug", "duct_group": "4", "duct_assignment": "1" }, "geometry": { "type": "Point", "coordinates": [ -119.293014287355291, 35.499551405165846 ] } },
{ "type": "Feature", "properties": { "id": "fd-01517", "input_id": "026-651-01", "specification": "terminal", "source": "fd-00038", "demand": 1, "placement": "ug", "duct_group": "4", "duct_assignment": "2" }, "geometry": { "type": "Point", "coordinates": [ -119.293329033360322, 35.499552312084326 ] } },
{ "type": "Feature", "properties": { "id": "fd-01518", "input_id": "026-661-03", "specification": "terminal", "source": "fd-00107", "demand": 1, "placement": "ug", "duct_group": "8", "duct_assignment": "11" }, "geometry": { "type": "Point", "coordinates": [ -119.293384338822278, 35.497809594494356 ] } },
{ "type": "Feature", "properties": { "id": "fd-01519", "input_id": "026-653-17", "specification": "terminal", "source": "fd-00025", "demand": 1, "placement": "ug", "duct_group": "1", "duct_assignment": "2" }, "geometry": { "type": "Point", "coordinates": [ -119.293875069391291, 35.499552698280375 ] } },
{ "type": "Feature", "properties": { "id": "fd-01520", "input_id": "026-651-16", "specification": "terminal", "source": "fd-00018", "demand": 1, "placement": "ug", "duct_group": "0", "duct_assignment": "1" }, "geometry": { "type": "Point", "coordinates": [ -119.293683044611655, 35.49867863291027 ] } },
{ "type": "Feature", "properties": { "id": "fd-01521", "input_id": "026-651-29", "specification": "terminal", "source": "fd-00047", "demand": 1, "placement": "ug", "duct_group": "6", "duct_assignment": "3" }, "geometry": { "type": "Point", "coordinates": [ -119.293685151506594, 35.498173124227066 ] } },
{ "type": "Feature", "properties": { "id": "fd-01522", "input_id": "026-651-13", "specification": "terminal", "source": "fd-00046", "demand": 1, "placement": "ug", "duct_group": "6", "duct_assignment": "2" }, "geometry": { "type": "Point", "coordinates": [ -119.293681532759592, 35.499041288907591 ] } },
{ "type": "Feature", "properties": { "id": "fd-01523", "input_id": "026-661-02", "specification": "terminal", "source": "fd-00106", "demand": 1, "placement": "ug", "duct_group": "8", "duct_assignment": "8" }, "geometry": { "type": "Point", "coordinates": [ -119.293686686683131, 35.497810454817973 ] } },
{ "type": "Feature", "properties": { "id": "fd-01524", "input_id": "026-653-16", "specification": "terminal", "source": "fd-00025", "demand": 1, "placement": "ug", "duct_group": "1", "duct_assignment": "1" }, "geometry": { "type": "Point", "coordinates": [ -119.294189799357824, 35.499551727924178 ] } },
{ "type": "Feature", "properties": { "id": "fd-01525", "input_id": "026-651-15", "specification": "terminal", "source": "fd-00018", "demand": 1, "placement": "ug", "duct_group": "0", "duct_assignment": "2" }, "geometry": { "type": "Point", "coordinates": [ -119.293999934284088, 35.498682029602918 ] } },
{ "type": "Feature", "properties": { "id": "fd-01526", "input_id": "026-651-30", "specification": "terminal", "source": "fd-00047", "demand": 1, "placement": "ug", "duct_group": "6", "duct_assignment": "4" }, "geometry": { "type": "Point", "coordinates": [ -119.294002065220667, 35.498171503502988 ] } },
{ "type": "Feature", "properties": { "id": "fd-01527", "input_id": "026-651-14", "specification": "terminal", "source": "fd-00046", "demand": 1, "placement": "ug", "duct_group": "6", "duct_assignment": "1" }, "geometry": { "type": "Point", "coordinates": [ -119.293998441486778, 35.49903967117303 ] } },
{ "type": "Feature", "properties": { "id": "fd-01528", "input_id": "026-661-01", "specification": "terminal", "source": "fd-00106", "demand": 1, "placement": "ug", "duct_group": "8", "duct_assignment": "9" }, "geometry": { "type": "Point", "coordinates": [ -119.294003580421744, 35.497813863134468 ] } },
{ "type": "Feature", "properties": { "id": "fd-01529", "input_id": "026-653-15", "specification": "terminal", "source": "fd-00026", "demand": 1, "placement": "ug", "duct_group": "1", "duct_assignment": "4" }, "geometry": { "type": "Point", "coordinates": [ -119.294492141364188, 35.499550723561462 ] } },
{ "type": "Feature", "properties": { "id": "fd-01530", "input_id": "026-653-06", "specification": "terminal", "source": "fd-00027", "demand": 1, "placement": "ug", "duct_group": "1", "duct_assignment": "6" }, "geometry": { "type": "Point", "coordinates": [ -119.294513539869712, 35.499041116014411 ] } },
{ "type": "Feature", "properties": { "id": "fd-01531", "input_id": "026-653-05", "specification": "terminal", "source": "fd-00035", "demand": 1, "placement": "ug", "duct_group": "3", "duct_assignment": "2" }, "geometry": { "type": "Point", "coordinates": [ -119.294515036564846, 35.498683472615724 ] } },
{ "type": "Feature", "properties": { "id": "fd-01532", "input_id": "026-652-01", "specification": "terminal", "source": "fd-00048", "demand": 1, "placement": "ug", "duct_group": "6", "duct_assignment": "5" }, "geometry": { "type": "Point", "coordinates": [ -119.294517171793572, 35.498172943359705 ] } },
{ "type": "Feature", "properties": { "id": "fd-01533", "input_id": "026-663-15", "specification": "terminal", "source": "fd-00052", "demand": 1, "placement": "ug", "duct_group": "7", "duct_assignment": "1" }, "geometry": { "type": "Point", "coordinates": [ -119.294518690250811, 35.497815324835038 ] } },
{ "type": "Feature", "properties": { "id": "fd-01534", "input_id": "026-653-14", "specification": "terminal", "source": "fd-00026", "demand": 1, "placement": "ug", "duct_group": "1", "duct_assignment": "3" }, "geometry": { "type": "Point", "coordinates": [ -119.294794600777294, 35.499549924183043 ] } },
{ "type": "Feature", "properties": { "id": "fd-01535", "input_id": "026-653-07", "specification": "terminal", "source": "fd-00027", "demand": 1, "placement": "ug", "duct_group": "1", "duct_assignment": "5" }, "geometry": { "type": "Point", "coordinates": [ -119.29483042657057, 35.499044512033151 ] } },
{ "type": "Feature", "properties": { "id": "fd-01536", "input_id": "026-653-04", "specification": "terminal", "source": "fd-00035", "demand": 1, "placement": "ug", "duct_group": "3", "duct_assignment": "1" }, "geometry": { "type": "Point", "coordinates": [ -119.294831946299752, 35.498681851496762 ] } },
{ "type": "Feature", "properties": { "id": "fd-01537", "input_id": "026-652-02", "specification": "terminal", "source": "fd-00049", "demand": 1, "placement": "ug", "duct_group": "6", "duct_assignment": "6" }, "geometry": { "type": "Point", "coordinates": [ -119.294834063388805, 35.498176336192955 ] } },
{ "type": "Feature", "properties": { "id": "fd-01538", "input_id": "026-663-14", "specification": "terminal", "source": "fd-00052", "demand": 1, "placement": "ug", "duct_group": "7", "duct_assignment": "2" }, "geometry": { "type": "Point", "coordinates": [ -119.294835605391071, 35.497813714643058 ] } },
{ "type": "Feature", "properties": { "id": "fd-01539", "input_id": "026-653-13", "specification": "terminal", "source": "fd-00028", "demand": 1, "placement": "ug", "duct_group": "1", "duct_assignment": "8" }, "geometry": { "type": "Point", "coordinates": [ -119.295097080418842, 35.499550527749648 ] } },
{ "type": "Feature", "properties": { "id": "fd-01540", "input_id": "026-653-08", "specification": "terminal", "source": "fd-00029", "demand": 1, "placement": "ug", "duct_group": "1", "duct_assignment": "10" }, "geometry": { "type": "Point", "coordinates": [ -119.295132766620284, 35.499045358686885 ] } },
{ "type": "Feature", "properties": { "id": "fd-01541", "input_id": "026-653-03", "specification": "terminal", "source": "fd-00036", "demand": 1, "placement": "ug", "duct_group": "3", "duct_assignment": "3" }, "geometry": { "type": "Point", "coordinates": [ -119.295134287836234, 35.498682697312944 ] } },
{ "type": "Feature", "properties": { "id": "fd-01542", "input_id": "026-652-03", "specification": "terminal", "source": "fd-00049", "demand": 1, "placement": "ug", "duct_group": "6", "duct_assignment": "7" }, "geometry": { "type": "Point", "coordinates": [ -119.295136407774734, 35.49817717936822 ] } },
{ "type": "Feature", "properties": { "id": "fd-01543", "input_id": "026-663-13", "specification": "terminal", "source": "fd-00054", "demand": 1, "placement": "ug", "duct_group": "7", "duct_assignment": "6" }, "geometry": { "type": "Point", "coordinates": [ -119.295137951264664, 35.497814569948183 ] } },
{ "type": "Feature", "properties": { "id": "fd-01544", "input_id": "026-653-12", "specification": "terminal", "source": "fd-00028", "demand": 1, "placement": "ug", "duct_group": "1", "duct_assignment": "7" }, "geometry": { "type": "Point", "coordinates": [ -119.295394640059044, 35.49955840098869 ] } },
{ "type": "Feature", "properties": { "id": "fd-01545", "input_id": "026-652-04", "specification": "terminal", "source": "fd-00051", "demand": 1, "placement": "ug", "duct_group": "6", "duct_assignment": "10" }, "geometry": { "type": "Point", "coordinates": [ -119.29543875162291, 35.498178022256191 ] } },
{ "type": "Feature", "properties": { "id": "fd-01546", "input_id": "026-663-12", "specification": "terminal", "source": "fd-00054", "demand": 1, "placement": "ug", "duct_group": "7", "duct_assignment": "5" }, "geometry": { "type": "Point", "coordinates": [ -119.295436204805355, 35.497821206729242 ] } },
{ "type": "Feature", "properties": { "id": "fd-01547", "input_id": "026-653-11", "specification": "terminal", "source": "fd-00030", "demand": 1, "placement": "ug", "duct_group": "1", "duct_assignment": "12" }, "geometry": { "type": "Point", "coordinates": [ -119.295727093935326, 35.499543232417217 ] } },
{ "type": "Feature", "properties": { "id": "fd-01548", "input_id": "026-653-09", "specification": "terminal", "source": "fd-00029", "demand": 1, "placement": "ug", "duct_group": "1", "duct_assignment": "9" }, "geometry": { "type": "Point", "coordinates": [ -119.295428993413424, 35.499035877003713 ] } },
{ "type": "Feature", "properties": { "id": "fd-01549", "input_id": "026-653-10", "specification": "terminal", "source": "fd-00030", "demand": 1, "placement": "ug", "duct_group": "1", "duct_assignment": "11" }, "geometry": { "type": "Point", "coordinates": [ -119.29575473730101, 35.499051871427724 ] } },
{ "type": "Feature", "properties": { "id": "fd-01550", "input_id": "026-653-02", "specification": "terminal", "source": "fd-00037", "demand": 1, "placement": "ug", "duct_group": "3", "duct_assignment": "4" }, "geometry": { "type": "Point", "coordinates": [ -119.295436628897036, 35.498683542398268 ] } },
{ "type": "Feature", "properties": { "id": "fd-01551", "input_id": "026-653-01", "specification": "terminal", "source": "fd-00037", "demand": 1, "placement": "ug", "duct_group": "3", "duct_assignment": "5" }, "geometry": { "type": "Point", "coordinates": [ -119.295759963202954, 35.498685951275746 ] } },
{ "type": "Feature", "properties": { "id": "fd-01552", "input_id": "026-652-05", "specification": "terminal", "source": "fd-00051", "demand": 1, "placement": "ug", "duct_group": "6", "duct_assignment": "11" }, "geometry": { "type": "Point", "coordinates": [ -119.295769048676064, 35.498175928715256 ] } },
{ "type": "Feature", "properties": { "id": "fd-01553", "input_id": "026-663-11", "specification": "terminal", "source": "fd-00056", "demand": 1, "placement": "ug", "duct_group": "7", "duct_assignment": "10" }, "geometry": { "type": "Point", "coordinates": [ -119.295792931246112, 35.497808261885758 ] } },
{ "type": "Feature", "properties": { "id": "fd-01554", "input_id": "026-663-10", "specification": "terminal", "source": "fd-00056", "demand": 1, "placement": "ug", "duct_group": "7", "duct_assignment": "9" }, "geometry": { "type": "Point", "coordinates": [ -119.295796778744929, 35.497318616138543 ] } },
{ "type": "Feature", "properties": { "id": "fd-01555", "input_id": "026-663-09", "specification": "terminal", "source": "fd-00055", "demand": 1, "placement": "ug", "duct_group": "7", "duct_assignment": "7" }, "geometry": { "type": "Point", "coordinates": [ -119.295438450705959, 35.497304155468619 ] } },
{ "type": "Feature", "properties": { "id": "fd-01556", "input_id": "026-663-08", "specification": "terminal", "source": "fd-00055", "demand": 1, "placement": "ug", "duct_group": "7", "duct_assignment": "8" }, "geometry": { "type": "Point", "coordinates": [ -119.295140143078555, 35.497309095442944 ] } },
{ "type": "Feature", "properties": { "id": "fd-01557", "input_id": "026-663-07", "specification": "terminal", "source": "fd-00053", "demand": 1, "placement": "ug", "duct_group": "7", "duct_assignment": "3" }, "geometry": { "type": "Point", "coordinates": [ -119.294837794501944, 35.497308229023382 ] } },
{ "type": "Feature", "properties": { "id": "fd-01558", "input_id": "026-663-06", "specification": "terminal", "source": "fd-00053", "demand": 1, "placement": "ug", "duct_group": "7", "duct_assignment": "4" }, "geometry": { "type": "Point", "coordinates": [ -119.294520898836481, 35.49730481161432 ] } },
{ "type": "Feature", "properties": { "id": "fd-01559", "input_id": "026-661-16", "specification": "terminal", "source": "fd-00040", "demand": 1, "placement": "ug", "duct_group": "5", "duct_assignment": "1" }, "geometry": { "type": "Point", "coordinates": [ -119.294005779644678, 35.49730332990022 ] } },
{ "type": "Feature", "properties": { "id": "fd-01560", "input_id": "026-661-15", "specification": "terminal", "source": "fd-00040", "demand": 1, "placement": "ug", "duct_group": "5", "duct_assignment": "2" }, "geometry": { "type": "Point", "coordinates": [ -119.293688857128402, 35.497304923856632 ] } },
{ "type": "Feature", "properties": { "id": "fd-01561", "input_id": "026-661-14", "specification": "terminal", "source": "fd-00041", "demand": 1, "placement": "ug", "duct_group": "5", "duct_assignment": "3" }, "geometry": { "type": "Point", "coordinates": [ -119.29338650722292, 35.497304050844484 ] } },
{ "type": "Feature", "properties": { "id": "fd-01562", "input_id": "026-661-13", "specification": "terminal", "source": "fd-00041", "demand": 1, "placement": "ug", "duct_group": "5", "duct_assignment": "4" }, "geometry": { "type": "Point", "coordinates": [ -119.293084156880894, 35.497303176417439 ] } },
{ "type": "Feature", "properties": { "id": "fd-01563", "input_id": "026-661-12", "specification": "terminal", "source": "fd-00043", "demand": 1, "placement": "ug", "duct_group": "5", "duct_assignment": "8" }, "geometry": { "type": "Point", "coordinates": [ -119.292781806418986, 35.497302300351528 ] } },
{ "type": "Feature", "properties": { "id": "fd-01564", "input_id": "026-661-11", "specification": "terminal", "source": "fd-00043", "demand": 1, "placement": "ug", "duct_group": "5", "duct_assignment": "7" }, "geometry": { "type": "Point", "coordinates": [ -119.292479455808746, 35.497301423879136 ] } },
{ "type": "Feature", "properties": { "id": "fd-01565", "input_id": "026-661-10", "specification": "terminal", "source": "fd-00045", "demand": 1, "placement": "ug", "duct_group": "5", "duct_assignment": "11" }, "geometry": { "type": "Point", "coordinates": [ -119.292181195908611, 35.497294763537163 ] } },
{ "type": "Feature", "properties": { "id": "fd-01566", "input_id": "026-622-03", "specification": "terminal", "source": "fd-00146", "demand": 1, "placement": "ug", "duct_group": "6", "duct_assignment": "4" }, "geometry": { "type": "Point", "coordinates": [ -119.291131794301734, 35.497502827309781 ] } },
{ "type": "Feature", "properties": { "id": "fd-01567", "input_id": "026-622-04", "specification": "terminal", "source": "fd-00147", "demand": 1, "placement": "ug", "duct_group": "6", "duct_assignment": "6" }, "geometry": { "type": "Point", "coordinates": [ -119.291499904015609, 35.497217815165229 ] } },
{ "type": "Feature", "properties": { "id": "fd-01568", "input_id": "026-661-09", "specification": "terminal", "source": "fd-00045", "demand": 1, "placement": "ug", "duct_group": "5", "duct_assignment": "12" }, "geometry": { "type": "Point", "coordinates": [ -119.291827173022213, 35.497307194383851 ] } },
{ "type": "Feature", "properties": { "id": "fd-01569", "input_id": "026-621-09", "specification": "terminal", "source": "fd-00123", "demand": 1, "placement": "ug", "duct_group": "1", "duct_assignment": "4" }, "geometry": { "type": "Point", "coordinates": [ -119.287451977437101, 35.496797333517115 ] } },
{ "type": "Feature", "properties": { "id": "fd-01570", "input_id": "026-621-10", "specification": "terminal", "source": "fd-00122", "demand": 1, "placement": "ug", "duct_group": "1", "duct_assignment": "2" }, "geometry": { "type": "Point", "coordinates": [ -119.287674666158452, 35.496795609980879 ] } },
{ "type": "Feature", "properties": { "id": "fd-01571", "input_id": "026-621-11", "specification": "terminal", "source": "fd-00121", "demand": 1, "placement": "ug", "duct_group": "1", "duct_assignment": "1" }, "geometry": { "type": "Point", "coordinates": [ -119.287883038511467, 35.496796204542981 ] } },
{ "type": "Feature", "properties": { "id": "fd-01572", "input_id": "026-621-12", "specification": "terminal", "source": "fd-00160", "demand": 1, "placement": "ug", "duct_group": "8", "duct_assignment": "6" }, "geometry": { "type": "Point", "coordinates": [ -119.288091388719621, 35.496796828951453 ] } },
{ "type": "Feature", "properties": { "id": "fd-01573", "input_id": "026-621-13", "specification": "terminal", "source": "fd-00160", "demand": 1, "placement": "ug", "duct_group": "8", "duct_assignment": "5" }, "geometry": { "type": "Point", "coordinates": [ -119.288306443245418, 35.496797488036492 ] } },
{ "type": "Feature", "properties": { "id": "fd-01574", "input_id": "026-621-14", "specification": "terminal", "source": "fd-00159", "demand": 1, "placement": "ug", "duct_group": "8", "duct_assignment": "3" }, "geometry": { "type": "Point", "coordinates": [ -119.288529882757246, 35.496798182936764 ] } },
{ "type": "Feature", "properties": { "id": "fd-01575", "input_id": "026-621-15", "specification": "terminal", "source": "fd-00159", "demand": 1, "placement": "ug", "duct_group": "8", "duct_assignment": "4" }, "geometry": { "type": "Point", "coordinates": [ -119.288753308457871, 35.496798882981757 ] } },
{ "type": "Feature", "properties": { "id": "fd-01576", "input_id": "026-621-16", "specification": "terminal", "source": "fd-00158", "demand": 1, "placement": "ug", "duct_group": "8", "duct_assignment": "2" }, "geometry": { "type": "Point", "coordinates": [ -119.288968323759832, 35.496799558870762 ] } },
{ "type": "Feature", "properties": { "id": "fd-01577", "input_id": "026-621-17", "specification": "terminal", "source": "fd-00158", "demand": 1, "placement": "ug", "duct_group": "8", "duct_assignment": "1" }, "geometry": { "type": "Point", "coordinates": [ -119.289189827191805, 35.496802715440502 ] } },
{ "type": "Feature", "properties": { "id": "fd-01578", "input_id": "026-621-23", "specification": "terminal", "source": "fd-00141", "demand": 1, "placement": "ug", "duct_group": "5", "duct_assignment": "7" }, "geometry": { "type": "Point", "coordinates": [ -119.288129362038887, 35.497046897424539 ] } },
{ "type": "Feature", "properties": { "id": "fd-01579", "input_id": "026-621-22", "specification": "terminal", "source": "fd-00140", "demand": 1, "placement": "ug", "duct_group": "5", "duct_assignment": "5" }, "geometry": { "type": "Point", "coordinates": [ -119.288372451912807, 35.497062045357296 ] } },
{ "type": "Feature", "properties": { "id": "fd-01580", "input_id": "026-621-21", "specification": "terminal", "source": "fd-00139", "demand": 1, "placement": "ug", "duct_group": "5", "duct_assignment": "4" }, "geometry": { "type": "Point", "coordinates": [ -119.288584101371868, 35.497077209851135 ] } },
{ "type": "Feature", "properties": { "id": "fd-01581", "input_id": "026-621-20", "specification": "terminal", "source": "fd-00139", "demand": 1, "placement": "ug", "duct_group": "5", "duct_assignment": "3" }, "geometry": { "type": "Point", "coordinates": [ -119.288785679628646, 35.497077848169482 ] } },
{ "type": "Feature", "properties": { "id": "fd-01582", "input_id": "026-621-19", "specification": "terminal", "source": "fd-00138", "demand": 1, "placement": "ug", "duct_group": "5", "duct_assignment": "2" }, "geometry": { "type": "Point", "coordinates": [ -119.288987245797927, 35.497078487107899 ] } },
{ "type": "Feature", "properties": { "id": "fd-01583", "input_id": "026-621-18", "specification": "terminal", "source": "fd-00138", "demand": 1, "placement": "ug", "duct_group": "5", "duct_assignment": "1" }, "geometry": { "type": "Point", "coordinates": [ -119.289195584016383, 35.497076970172877 ] } },
{ "type": "Feature", "properties": { "id": "fd-01584", "input_id": "026-621-24", "specification": "terminal", "source": "fd-00141", "demand": 1, "placement": "ug", "duct_group": "5", "duct_assignment": "6" }, "geometry": { "type": "Point", "coordinates": [ -119.287869073647428, 35.497088272589835 ] } },
{ "type": "Feature", "properties": { "id": "fd-01585", "input_id": "026-621-25", "specification": "terminal", "source": "fd-00142", "demand": 1, "placement": "ug", "duct_group": "5", "duct_assignment": "8" }, "geometry": { "type": "Point", "coordinates": [ -119.287797306723434, 35.497301683204412 ] } },
{ "type": "Feature", "properties": { "id": "fd-01586", "input_id": "026-621-06", "specification": "terminal", "source": "fd-00124", "demand": 1, "placement": "ug", "duct_group": "1", "duct_assignment": "5" }, "geometry": { "type": "Point", "coordinates": [ -119.287494745880551, 35.497369854339183 ] } },
{ "type": "Feature", "properties": { "id": "fd-01587", "input_id": "026-621-07", "specification": "terminal", "source": "fd-00124", "demand": 1, "placement": "ug", "duct_group": "1", "duct_assignment": "6" }, "geometry": { "type": "Point", "coordinates": [ -119.28749683648698, 35.497199529984776 ] } },
{ "type": "Feature", "properties": { "id": "fd-01588", "input_id": "026-621-08", "specification": "terminal", "source": "fd-00123", "demand": 1, "placement": "ug", "duct_group": "1", "duct_assignment": "3" }, "geometry": { "type": "Point", "coordinates": [ -119.287499277422526, 35.497024139430458 ] } },
{ "type": "Feature", "properties": { "id": "fd-01589", "input_id": "026-622-30", "specification": "terminal", "source": "fd-00152", "demand": 1, "placement": "ug", "duct_group": "7", "duct_assignment": "1" }, "geometry": { "type": "Point", "coordinates": [ -119.289685498171693, 35.49664328166282 ] } },
{ "type": "Feature", "properties": { "id": "fd-01590", "input_id": "026-622-29", "specification": "terminal", "source": "fd-00133", "demand": 1, "placement": "ug", "duct_group": "3", "duct_assignment": "1" }, "geometry": { "type": "Point", "coordinates": [ -119.289657428075458, 35.496852217276981 ] } },
{ "type": "Feature", "properties": { "id": "fd-01591", "input_id": "026-622-05", "specification": "terminal", "source": "fd-00147", "demand": 1, "placement": "ug", "duct_group": "6", "duct_assignment": "7" }, "geometry": { "type": "Point", "coordinates": [ -119.291501145687405, 35.497034004137767 ] } },
{ "type": "Feature", "properties": { "id": "fd-01592", "input_id": "026-622-06", "specification": "terminal", "source": "fd-00148", "demand": 1, "placement": "ug", "duct_group": "6", "duct_assignment": "8" }, "geometry": { "type": "Point", "coordinates": [ -119.291499822393391, 35.496871361856137 ] } },
{ "type": "Feature", "properties": { "id": "fd-01593", "input_id": "026-622-07", "specification": "terminal", "source": "fd-00149", "demand": 1, "placement": "ug", "duct_group": "6", "duct_assignment": "10" }, "geometry": { "type": "Point", "coordinates": [ -119.291526348307869, 35.496690356946061 ] } },
{ "type": "Feature", "properties": { "id": "fd-01594", "input_id": "026-622-20", "specification": "terminal", "source": "fd-00128", "demand": 1, "placement": "ug", "duct_group": "2", "duct_assignment": "3" }, "geometry": { "type": "Point", "coordinates": [ -119.29103747433733, 35.496808557937236 ] } },
{ "type": "Feature", "properties": { "id": "fd-01595", "input_id": "026-622-19", "specification": "terminal", "source": "fd-00128", "demand": 1, "placement": "ug", "duct_group": "2", "duct_assignment": "4" }, "geometry": { "type": "Point", "coordinates": [ -119.290819335115216, 35.496805329627087 ] } },
{ "type": "Feature", "properties": { "id": "fd-01596", "input_id": "026-622-18", "specification": "terminal", "source": "fd-00129", "demand": 1, "placement": "ug", "duct_group": "2", "duct_assignment": "5" }, "geometry": { "type": "Point", "coordinates": [ -119.290604321973262, 35.496804656467837 ] } },
{ "type": "Feature", "properties": { "id": "fd-01597", "input_id": "026-622-17", "specification": "terminal", "source": "fd-00129", "demand": 1, "placement": "ug", "duct_group": "2", "duct_assignment": "6" }, "geometry": { "type": "Point", "coordinates": [ -119.290373222426169, 35.496826727371094 ] } },
{ "type": "Feature", "properties": { "id": "fd-01598", "input_id": "026-622-16", "specification": "terminal", "source": "fd-00130", "demand": 1, "placement": "ug", "duct_group": "2", "duct_assignment": "7" }, "geometry": { "type": "Point", "coordinates": [ -119.290043137848954, 35.496822362364981 ] } },
{ "type": "Feature", "properties": { "id": "fd-01599", "input_id": "026-622-21", "specification": "terminal", "source": "fd-00127", "demand": 1, "placement": "ug", "duct_group": "2", "duct_assignment": "1" }, "geometry": { "type": "Point", "coordinates": [ -119.29103617603954, 35.497082319990348 ] } },
{ "type": "Feature", "properties": { "id": "fd-01600", "input_id": "026-622-22", "specification": "terminal", "source": "fd-00127", "demand": 1, "placement": "ug", "duct_group": "2", "duct_assignment": "2" }, "geometry": { "type": "Point", "coordinates": [ -119.290824769044292, 35.497084189701901 ] } },
{ "type": "Feature", "properties": { "id": "fd-01601", "input_id": "026-622-23", "specification": "terminal", "source": "fd-00137", "demand": 1, "placement": "ug", "duct_group": "4", "duct_assignment": "8" }, "geometry": { "type": "Point", "coordinates": [ -119.290623174829264, 35.497083565987388 ] } },
{ "type": "Feature", "properties": { "id": "fd-01602", "input_id": "026-622-24", "specification": "terminal", "source": "fd-00137", "demand": 1, "placement": "ug", "duct_group": "4", "duct_assignment": "7" }, "geometry": { "type": "Point", "coordinates": [ -119.29040646611351, 35.497082901923193 ] } },
{ "type": "Feature", "properties": { "id": "fd-01603", "input_id": "026-622-25", "specification": "terminal", "source": "fd-00135", "demand": 1, "placement": "ug", "duct_group": "4", "duct_assignment": "4" }, "geometry": { "type": "Point", "coordinates": [ -119.29018977279641, 35.497082236232849 ] } },
{ "type": "Feature", "properties": { "id": "fd-01604", "input_id": "026-622-26", "specification": "terminal", "source": "fd-00135", "demand": 1, "placement": "ug", "duct_group": "4", "duct_assignment": "3" }, "geometry": { "type": "Point", "coordinates": [ -119.289988214808162, 35.497081611988961 ] } },
{ "type": "Feature", "properties": { "id": "fd-01605", "input_id": "026-622-27", "specification": "terminal", "source": "fd-00134", "demand": 1, "placement": "ug", "duct_group": "4", "duct_assignment": "2" }, "geometry": { "type": "Point", "coordinates": [ -119.289786667627567, 35.497080983763979 ] } },
{ "type": "Feature", "properties": { "id": "fd-01606", "input_id": "026-622-28", "specification": "terminal", "source": "fd-00134", "demand": 1, "placement": "ug", "duct_group": "4", "duct_assignment": "1" }, "geometry": { "type": "Point", "coordinates": [ -119.289578362745971, 35.497078153230795 ] } },
{ "type": "Feature", "properties": { "id": "fd-01607", "input_id": "026-661-24", "specification": "terminal", "source": "fd-00061", "demand": 1, "placement": "ug", "duct_group": "0", "duct_assignment": "10" }, "geometry": { "type": "Point", "coordinates": [ -119.291830684556658, 35.496930382543887 ] } },
{ "type": "Feature", "properties": { "id": "fd-01608", "input_id": "026-661-23", "specification": "terminal", "source": "fd-00060", "demand": 1, "placement": "ug", "duct_group": "0", "duct_assignment": "9" }, "geometry": { "type": "Point", "coordinates": [ -119.292182703290933, 35.496943712022961 ] } },
{ "type": "Feature", "properties": { "id": "fd-01609", "input_id": "026-661-22", "specification": "terminal", "source": "fd-00060", "demand": 1, "placement": "ug", "duct_group": "0", "duct_assignment": "8" }, "geometry": { "type": "Point", "coordinates": [ -119.292481013220296, 35.496938783216095 ] } },
{ "type": "Feature", "properties": { "id": "fd-01610", "input_id": "026-661-21", "specification": "terminal", "source": "fd-00058", "demand": 1, "placement": "ug", "duct_group": "0", "duct_assignment": "4" }, "geometry": { "type": "Point", "coordinates": [ -119.292783364882084, 35.49693965966253 ] } },
{ "type": "Feature", "properties": { "id": "fd-01611", "input_id": "026-661-20", "specification": "terminal", "source": "fd-00104", "demand": 1, "placement": "ug", "duct_group": "8", "duct_assignment": "4" }, "geometry": { "type": "Point", "coordinates": [ -119.29308571614699, 35.496940534583096 ] } },
{ "type": "Feature", "properties": { "id": "fd-01612", "input_id": "026-661-19", "specification": "terminal", "source": "fd-00104", "demand": 1, "placement": "ug", "duct_group": "8", "duct_assignment": "5" }, "geometry": { "type": "Point", "coordinates": [ -119.293388067623169, 35.496941408860152 ] } },
{ "type": "Feature", "properties": { "id": "fd-01613", "input_id": "026-661-18", "specification": "terminal", "source": "fd-00105", "demand": 1, "placement": "ug", "duct_group": "8", "duct_assignment": "6" }, "geometry": { "type": "Point", "coordinates": [ -119.293690418942788, 35.496942281388961 ] } },
{ "type": "Feature", "properties": { "id": "fd-01614", "input_id": "026-661-17", "specification": "terminal", "source": "fd-00105", "demand": 1, "placement": "ug", "duct_group": "8", "duct_assignment": "7" }, "geometry": { "type": "Point", "coordinates": [ -119.294007321570774, 35.496945701876236 ] } },
{ "type": "Feature", "properties": { "id": "fd-01615", "input_id": "026-663-05", "specification": "terminal", "source": "fd-00066", "demand": 1, "placement": "ug", "duct_group": "1", "duct_assignment": "8" }, "geometry": { "type": "Point", "coordinates": [ -119.294522443720666, 35.496947181816651 ] } },
{ "type": "Feature", "properties": { "id": "fd-01616", "input_id": "026-663-04", "specification": "terminal", "source": "fd-00066", "demand": 1, "placement": "ug", "duct_group": "1", "duct_assignment": "9" }, "geometry": { "type": "Point", "coordinates": [ -119.294839363302131, 35.496945581687463 ] } },
{ "type": "Feature", "properties": { "id": "fd-01617", "input_id": "026-663-03", "specification": "terminal", "source": "fd-00067", "demand": 1, "placement": "ug", "duct_group": "1", "duct_assignment": "10" }, "geometry": { "type": "Point", "coordinates": [ -119.29514171451531, 35.496946445912833 ] } },
{ "type": "Feature", "properties": { "id": "fd-01618", "input_id": "026-663-02", "specification": "terminal", "source": "fd-00068", "demand": 1, "placement": "ug", "duct_group": "1", "duct_assignment": "12" }, "geometry": { "type": "Point", "coordinates": [ -119.295444065904917, 35.496947308273889 ] } },
{ "type": "Feature", "properties": { "id": "fd-01619", "input_id": "026-663-01", "specification": "terminal", "source": "fd-00068", "demand": 1, "placement": "ug", "duct_group": "1", "duct_assignment": "11" }, "geometry": { "type": "Point", "coordinates": [ -119.295780962686237, 35.496950321978559 ] } },
{ "type": "Feature", "properties": { "id": "fd-01620", "input_id": "026-662-06", "specification": "terminal", "source": "fd-00069", "demand": 1, "placement": "ug", "duct_group": "2", "duct_assignment": "2" }, "geometry": { "type": "Point", "coordinates": [ -119.295143901695184, 35.496440940341508 ] } },
{ "type": "Feature", "properties": { "id": "fd-01621", "input_id": "026-610-01", "specification": "terminal", "source": "fd-00071", "demand": 1, "placement": "ug", "duct_group": "2", "duct_assignment": "4" }, "geometry": { "type": "Point", "coordinates": [ -119.29551650198843, 35.496055384653388 ] } },
{ "type": "Feature", "properties": { "id": "fd-01622", "input_id": "026-610-02", "specification": "terminal", "source": "fd-00072", "demand": 1, "placement": "ug", "duct_group": "2", "duct_assignment": "5" }, "geometry": { "type": "Point", "coordinates": [ -119.295522176159849, 35.495646140737641 ] } },
{ "type": "Feature", "properties": { "id": "fd-01623", "input_id": "026-610-03", "specification": "terminal", "source": "fd-00073", "demand": 1, "placement": "ug", "duct_group": "2", "duct_assignment": "6" }, "geometry": { "type": "Point", "coordinates": [ -119.295526903521207, 35.495238210713104 ] } },
{ "type": "Feature", "properties": { "id": "fd-01624", "input_id": "026-610-04", "specification": "terminal", "source": "fd-00073", "demand": 1, "placement": "ug", "duct_group": "2", "duct_assignment": "7" }, "geometry": { "type": "Point", "coordinates": [ -119.29553162756936, 35.494830281534028 ] } },
{ "type": "Feature", "properties": { "id": "fd-01625", "input_id": "026-610-05", "specification": "terminal", "source": "fd-00074", "demand": 1, "placement": "ug", "duct_group": "2", "duct_assignment": "9" }, "geometry": { "type": "Point", "coordinates": [ -119.295536350931371, 35.494422352487284 ] } },
{ "type": "Feature", "properties": { "id": "fd-01626", "input_id": "026-610-06", "specification": "terminal", "source": "fd-00074", "demand": 1, "placement": "ug", "duct_group": "2", "duct_assignment": "8" }, "geometry": { "type": "Point", "coordinates": [ -119.295541073510904, 35.494014423680689 ] } },
{ "type": "Feature", "properties": { "id": "fd-01627", "input_id": "026-610-07", "specification": "terminal", "source": "fd-00075", "demand": 1, "placement": "ug", "duct_group": "2", "duct_assignment": "10" }, "geometry": { "type": "Point", "coordinates": [ -119.295545628273004, 35.493620915928673 ] } },
{ "type": "Feature", "properties": { "id": "fd-01628", "input_id": "026-610-08", "specification": "terminal", "source": "fd-00076", "demand": 1, "placement": "ug", "duct_group": "2", "duct_assignment": "11" }, "geometry": { "type": "Point", "coordinates": [ -119.29581118769309, 35.493091157353788 ] } },
{ "type": "Feature", "properties": { "id": "fd-01629", "input_id": "026-610-09", "specification": "terminal", "source": "fd-00076", "demand": 1, "placement": "ug", "duct_group": "2", "duct_assignment": "12" }, "geometry": { "type": "Point", "coordinates": [ -119.295323928599487, 35.493090034481128 ] } },
{ "type": "Feature", "properties": { "id": "fd-01630", "input_id": "026-662-05", "specification": "terminal", "source": "fd-00069", "demand": 1, "placement": "ug", "duct_group": "2", "duct_assignment": "1" }, "geometry": { "type": "Point", "coordinates": [ -119.294841547117557, 35.496440078847122 ] } },
{ "type": "Feature", "properties": { "id": "fd-01631", "input_id": "026-662-04", "specification": "terminal", "source": "fd-00065", "demand": 1, "placement": "ug", "duct_group": "1", "duct_assignment": "7" }, "geometry": { "type": "Point", "coordinates": [ -119.294539193094977, 35.496439214273025 ] } },
{ "type": "Feature", "properties": { "id": "fd-01632", "input_id": "026-662-03", "specification": "terminal", "source": "fd-00065", "demand": 1, "placement": "ug", "duct_group": "1", "duct_assignment": "6" }, "geometry": { "type": "Point", "coordinates": [ -119.294236839539337, 35.496438347590498 ] } },
{ "type": "Feature", "properties": { "id": "fd-01633", "input_id": "026-160-08", "specification": "terminal", "source": "fd-00090", "demand": 1, "placement": "ug", "duct_group": "6", "duct_assignment": "5" }, "geometry": { "type": "Point", "coordinates": [ -119.294481090179531, 35.494486053713906 ] } },
{ "type": "Feature", "properties": { "id": "fd-01634", "input_id": "026-662-02", "specification": "terminal", "source": "fd-00064", "demand": 1, "placement": "ug", "duct_group": "1", "duct_assignment": "5" }, "geometry": { "type": "Point", "coordinates": [ -119.293934486371739, 35.496437478712316 ] } },
{ "type": "Feature", "properties": { "id": "fd-01635", "input_id": "026-662-01", "specification": "terminal", "source": "fd-00103", "demand": 1, "placement": "ug", "duct_group": "8", "duct_assignment": "3" }, "geometry": { "type": "Point", "coordinates": [ -119.293617586054864, 35.496434058223045 ] } },
{ "type": "Feature", "properties": { "id": "fd-01636", "input_id": "026-661-29", "specification": "terminal", "source": "fd-00058", "demand": 1, "placement": "ug", "duct_group": "0", "duct_assignment": "5" }, "geometry": { "type": "Point", "coordinates": [ -119.293102467334535, 35.49643257102538 ] } },
{ "type": "Feature", "properties": { "id": "fd-01637", "input_id": "026-661-28", "specification": "terminal", "source": "fd-00058", "demand": 1, "placement": "ug", "duct_group": "0", "duct_assignment": "3" }, "geometry": { "type": "Point", "coordinates": [ -119.292785546053892, 35.49643416200437 ] } },
{ "type": "Feature", "properties": { "id": "fd-01638", "input_id": "026-661-27", "specification": "terminal", "source": "fd-00059", "demand": 1, "placement": "ug", "duct_group": "0", "duct_assignment": "6" }, "geometry": { "type": "Point", "coordinates": [ -119.292483193590911, 35.496433285707148 ] } },
{ "type": "Feature", "properties": { "id": "fd-01639", "input_id": "026-661-26", "specification": "terminal", "source": "fd-00059", "demand": 1, "placement": "ug", "duct_group": "0", "duct_assignment": "7" }, "geometry": { "type": "Point", "coordinates": [ -119.292184932266679, 35.49642662688386 ] } },
{ "type": "Feature", "properties": { "id": "fd-01640", "input_id": "026-622-41", "specification": "terminal", "source": "fd-00157", "demand": 1, "placement": "ug", "duct_group": "7", "duct_assignment": "11" }, "geometry": { "type": "Point", "coordinates": [ -119.287465692220465, 35.496378114779645 ] } },
{ "type": "Feature", "properties": { "id": "fd-01641", "input_id": "026-622-40", "specification": "terminal", "source": "fd-00157", "demand": 1, "placement": "ug", "duct_group": "7", "duct_assignment": "12" }, "geometry": { "type": "Point", "coordinates": [ -119.287689758138313, 35.496380405096858 ] } },
{ "type": "Feature", "properties": { "id": "fd-01642", "input_id": "026-622-39", "specification": "terminal", "source": "fd-00156", "demand": 1, "placement": "ug", "duct_group": "7", "duct_assignment": "10" }, "geometry": { "type": "Point", "coordinates": [ -119.287891359568263, 35.496380973848481 ] } },
{ "type": "Feature", "properties": { "id": "fd-01643", "input_id": "026-622-38", "specification": "terminal", "source": "fd-00156", "demand": 1, "placement": "ug", "duct_group": "7", "duct_assignment": "9" }, "geometry": { "type": "Point", "coordinates": [ -119.288099673371235, 35.496381573752465 ] } },
{ "type": "Feature", "properties": { "id": "fd-01644", "input_id": "026-622-37", "specification": "terminal", "source": "fd-00155", "demand": 1, "placement": "ug", "duct_group": "7", "duct_assignment": "8" }, "geometry": { "type": "Point", "coordinates": [ -119.288307981105348, 35.496382179833418 ] } },
{ "type": "Feature", "properties": { "id": "fd-01645", "input_id": "026-622-36", "specification": "terminal", "source": "fd-00155", "demand": 1, "placement": "ug", "duct_group": "7", "duct_assignment": "7" }, "geometry": { "type": "Point", "coordinates": [ -119.28851628516685, 35.496382790446667 ] } },
{ "type": "Feature", "properties": { "id": "fd-01646", "input_id": "026-622-35", "specification": "terminal", "source": "fd-00154", "demand": 1, "placement": "ug", "duct_group": "7", "duct_assignment": "5" }, "geometry": { "type": "Point", "coordinates": [ -119.288724584282249, 35.496383403088721 ] } },
{ "type": "Feature", "properties": { "id": "fd-01647", "input_id": "026-622-34", "specification": "terminal", "source": "fd-00154", "demand": 1, "placement": "ug", "duct_group": "7", "duct_assignment": "6" }, "geometry": { "type": "Point", "coordinates": [ -119.288926147811665, 35.496383977470551 ] } },
{ "type": "Feature", "properties": { "id": "fd-01648", "input_id": "026-622-33", "specification": "terminal", "source": "fd-00153", "demand": 1, "placement": "ug", "duct_group": "7", "duct_assignment": "3" }, "geometry": { "type": "Point", "coordinates": [ -119.289144928956873, 35.49636509786604 ] } },
{ "type": "Feature", "properties": { "id": "fd-01649", "input_id": "026-622-32", "specification": "terminal", "source": "fd-00153", "demand": 1, "placement": "ug", "duct_group": "7", "duct_assignment": "4" }, "geometry": { "type": "Point", "coordinates": [ -119.289407775089273, 35.496353905808711 ] } },
{ "type": "Feature", "properties": { "id": "fd-01650", "input_id": "026-622-31", "specification": "terminal", "source": "fd-00152", "demand": 1, "placement": "ug", "duct_group": "7", "duct_assignment": "2" }, "geometry": { "type": "Point", "coordinates": [ -119.289643080339943, 35.496419008603461 ] } },
{ "type": "Feature", "properties": { "id": "fd-01651", "input_id": "026-622-08", "specification": "terminal", "source": "fd-00149", "demand": 1, "placement": "ug", "duct_group": "6", "duct_assignment": "9" }, "geometry": { "type": "Point", "coordinates": [ -119.291511856479801, 35.496454992199503 ] } },
{ "type": "Feature", "properties": { "id": "fd-01652", "input_id": "026-622-09", "specification": "terminal", "source": "fd-00150", "demand": 1, "placement": "ug", "duct_group": "6", "duct_assignment": "11" }, "geometry": { "type": "Point", "coordinates": [ -119.291289040961416, 35.496361069544683 ] } },
{ "type": "Feature", "properties": { "id": "fd-01653", "input_id": "026-622-10", "specification": "terminal", "source": "fd-00151", "demand": 1, "placement": "ug", "duct_group": "6", "duct_assignment": "12" }, "geometry": { "type": "Point", "coordinates": [ -119.291017096364484, 35.496367933389131 ] } },
{ "type": "Feature", "properties": { "id": "fd-01654", "input_id": "026-622-11", "specification": "terminal", "source": "fd-00131", "demand": 1, "placement": "ug", "duct_group": "2", "duct_assignment": "10" }, "geometry": { "type": "Point", "coordinates": [ -119.290796639468795, 35.496389039936474 ] } },
{ "type": "Feature", "properties": { "id": "fd-01655", "input_id": "026-622-12", "specification": "terminal", "source": "fd-00132", "demand": 1, "placement": "ug", "duct_group": "2", "duct_assignment": "11" }, "geometry": { "type": "Point", "coordinates": [ -119.290588684689553, 35.496388916174105 ] } },
{ "type": "Feature", "properties": { "id": "fd-01656", "input_id": "026-622-13", "specification": "terminal", "source": "fd-00132", "demand": 1, "placement": "ug", "duct_group": "2", "duct_assignment": "12" }, "geometry": { "type": "Point", "coordinates": [ -119.290382774601269, 35.496371458934199 ] } },
{ "type": "Feature", "properties": { "id": "fd-01657", "input_id": "026-622-14", "specification": "terminal", "source": "fd-00130", "demand": 1, "placement": "ug", "duct_group": "2", "duct_assignment": "8" }, "geometry": { "type": "Point", "coordinates": [ -119.290083989737198, 35.496348192372579 ] } },
{ "type": "Feature", "properties": { "id": "fd-01658", "input_id": "026-622-15", "specification": "terminal", "source": "fd-00130", "demand": 1, "placement": "ug", "duct_group": "2", "duct_assignment": "9" }, "geometry": { "type": "Point", "coordinates": [ -119.289951276585157, 35.496557445733607 ] } },
{ "type": "Feature", "properties": { "id": "fd-01659", "input_id": "026-661-25", "specification": "terminal", "source": "fd-00061", "demand": 1, "placement": "ug", "duct_group": "0", "duct_assignment": "11" }, "geometry": { "type": "Point", "coordinates": [ -119.291834700649261, 35.496438412094101 ] } },
{ "type": "Feature", "properties": { "id": "fd-01660", "input_id": "026-452-05", "specification": "terminal", "source": "fd-00706", "demand": 1, "placement": "ug", "duct_group": "4", "duct_assignment": "4" }, "geometry": { "type": "Point", "coordinates": [ -119.280905117294836, 35.492056941106867 ] } },
{ "type": "Feature", "properties": { "id": "fd-01661", "input_id": "026-452-06", "specification": "terminal", "source": "fd-00706", "demand": 1, "placement": "ug", "duct_group": "4", "duct_assignment": "3" }, "geometry": { "type": "Point", "coordinates": [ -119.281112266766968, 35.492061319253708 ] } },
{ "type": "Feature", "properties": { "id": "fd-01662", "input_id": "026-452-01", "specification": "terminal", "source": "fd-00628", "demand": 1, "placement": "ug", "duct_group": "0", "duct_assignment": "2" }, "geometry": { "type": "Point", "coordinates": [ -119.281111061961298, 35.492328472555812 ] } },
{ "type": "Feature", "properties": { "id": "fd-01663", "input_id": "026-452-02", "specification": "terminal", "source": "fd-00628", "demand": 1, "placement": "ug", "duct_group": "0", "duct_assignment": "1" }, "geometry": { "type": "Point", "coordinates": [ -119.280903868680753, 35.492331654894123 ] } },
{ "type": "Feature", "properties": { "id": "fd-01664", "input_id": "026-451-08", "specification": "terminal", "source": "fd-00707", "demand": 1, "placement": "ug", "duct_group": "4", "duct_assignment": "5" }, "geometry": { "type": "Point", "coordinates": [ -119.28153763293858, 35.492062547703249 ] } },
{ "type": "Feature", "properties": { "id": "fd-01665", "input_id": "026-451-07", "specification": "terminal", "source": "fd-00650", "demand": 1, "placement": "ug", "duct_group": "4", "duct_assignment": "1" }, "geometry": { "type": "Point", "coordinates": [ -119.281536443221242, 35.492329703785074 ] } },
{ "type": "Feature", "properties": { "id": "fd-01666", "input_id": "026-452-04", "specification": "terminal", "source": "fd-00705", "demand": 1, "placement": "ug", "duct_group": "4", "duct_assignment": "1" }, "geometry": { "type": "Point", "coordinates": [ -119.280703593061588, 35.492056355046039 ] } },
{ "type": "Feature", "properties": { "id": "fd-01667", "input_id": "026-452-03", "specification": "terminal", "source": "fd-00699", "demand": 1, "placement": "ug", "duct_group": "3", "duct_assignment": "2" }, "geometry": { "type": "Point", "coordinates": [ -119.280702336920797, 35.492331071251868 ] } },
{ "type": "Feature", "properties": { "id": "fd-01668", "input_id": "026-451-05", "specification": "terminal", "source": "fd-00651", "demand": 1, "placement": "ug", "duct_group": "4", "duct_assignment": "3" }, "geometry": { "type": "Point", "coordinates": [ -119.281945151455488, 35.492334670898948 ] } },
{ "type": "Feature", "properties": { "id": "fd-01669", "input_id": "026-451-04", "specification": "terminal", "source": "fd-00652", "demand": 1, "placement": "ug", "duct_group": "4", "duct_assignment": "4" }, "geometry": { "type": "Point", "coordinates": [ -119.282146694460877, 35.492335257720605 ] } },
{ "type": "Feature", "properties": { "id": "fd-01670", "input_id": "026-451-03", "specification": "terminal", "source": "fd-00652", "demand": 1, "placement": "ug", "duct_group": "4", "duct_assignment": "5" }, "geometry": { "type": "Point", "coordinates": [ -119.282348239372823, 35.492335845515044 ] } },
{ "type": "Feature", "properties": { "id": "fd-01671", "input_id": "026-451-02", "specification": "terminal", "source": "fd-00653", "demand": 1, "placement": "ug", "duct_group": "4", "duct_assignment": "6" }, "geometry": { "type": "Point", "coordinates": [ -119.282549787902724, 35.492336434718652 ] } },
{ "type": "Feature", "properties": { "id": "fd-01672", "input_id": "026-451-01", "specification": "terminal", "source": "fd-00653", "demand": 1, "placement": "ug", "duct_group": "4", "duct_assignment": "7" }, "geometry": { "type": "Point", "coordinates": [ -119.282752389093076, 35.492336788403676 ] } },
{ "type": "Feature", "properties": { "id": "fd-01673", "input_id": "026-451-06", "specification": "terminal", "source": "fd-00651", "demand": 1, "placement": "ug", "duct_group": "4", "duct_assignment": "2" }, "geometry": { "type": "Point", "coordinates": [ -119.281743609904524, 35.492334084736044 ] } },
{ "type": "Feature", "properties": { "id": "fd-01674", "input_id": "026-410-06", "specification": "terminal", "source": "fd-00498", "demand": 1, "placement": "ug", "duct_group": "0", "duct_assignment": "5" }, "geometry": { "type": "Point", "coordinates": [ -119.283848799370375, 35.493314594244069 ] } },
{ "type": "Feature", "properties": { "id": "fd-01675", "input_id": "026-410-01", "specification": "terminal", "source": "fd-00496", "demand": 1, "placement": "ug", "duct_group": "0", "duct_assignment": "2" }, "geometry": { "type": "Point", "coordinates": [ -119.284855778844914, 35.493315547381478 ] } },
{ "type": "Feature", "properties": { "id": "fd-01676", "input_id": "026-410-02", "specification": "terminal", "source": "fd-00496", "demand": 1, "placement": "ug", "duct_group": "0", "duct_assignment": "1" }, "geometry": { "type": "Point", "coordinates": [ -119.28465527933264, 35.493317125295746 ] } },
{ "type": "Feature", "properties": { "id": "fd-01677", "input_id": "026-410-03", "specification": "terminal", "source": "fd-00497", "demand": 1, "placement": "ug", "duct_group": "0", "duct_assignment": "4" }, "geometry": { "type": "Point", "coordinates": [ -119.284453659146763, 35.493316493308704 ] } },
{ "type": "Feature", "properties": { "id": "fd-01678", "input_id": "026-410-04", "specification": "terminal", "source": "fd-00497", "demand": 1, "placement": "ug", "duct_group": "0", "duct_assignment": "3" }, "geometry": { "type": "Point", "coordinates": [ -119.284252038821009, 35.493315860926792 ] } },
{ "type": "Feature", "properties": { "id": "fd-01679", "input_id": "026-410-05", "specification": "terminal", "source": "fd-00498", "demand": 1, "placement": "ug", "duct_group": "0", "duct_assignment": "6" }, "geometry": { "type": "Point", "coordinates": [ -119.2840504190453, 35.493315227457053 ] } },
{ "type": "Feature", "properties": { "id": "fd-01680", "input_id": "026-691-03", "specification": "terminal", "source": "fd-00705", "demand": 1, "placement": "ug", "duct_group": "4", "duct_assignment": "2" }, "geometry": { "type": "Point", "coordinates": [ -119.280518923555832, 35.492043452664845 ] } },
{ "type": "Feature", "properties": { "id": "fd-01681", "input_id": "026-484-15", "specification": "terminal", "source": "fd-00654", "demand": 1, "placement": "ug", "duct_group": "4", "duct_assignment": "8" }, "geometry": { "type": "Point", "coordinates": [ -119.282972031049624, 35.492310524728111 ] } },
{ "type": "Feature", "properties": { "id": "fd-01682", "input_id": "026-484-05", "specification": "terminal", "source": "fd-00456", "demand": 1, "placement": "ug", "duct_group": "3", "duct_assignment": "6" }, "geometry": { "type": "Point", "coordinates": [ -119.283233466115604, 35.492012652534882 ] } },
{ "type": "Feature", "properties": { "id": "fd-01683", "input_id": "026-691-04", "specification": "terminal", "source": "fd-00688", "demand": 1, "placement": "ug", "duct_group": "1", "duct_assignment": "5" }, "geometry": { "type": "Point", "coordinates": [ -119.280351002936129, 35.492042960324866 ] } },
{ "type": "Feature", "properties": { "id": "fd-01684", "input_id": "026-692-02", "specification": "terminal", "source": "fd-00689", "demand": 1, "placement": "ug", "duct_group": "1", "duct_assignment": "8" }, "geometry": { "type": "Point", "coordinates": [ -119.280379586138295, 35.491619696033808 ] } },
{ "type": "Feature", "properties": { "id": "fd-01685", "input_id": "026-451-09", "specification": "terminal", "source": "fd-00707", "demand": 1, "placement": "ug", "duct_group": "4", "duct_assignment": "6" }, "geometry": { "type": "Point", "coordinates": [ -119.281744828694727, 35.49205936864572 ] } },
{ "type": "Feature", "properties": { "id": "fd-01686", "input_id": "026-451-10", "specification": "terminal", "source": "fd-00629", "demand": 1, "placement": "ug", "duct_group": "1", "duct_assignment": "1" }, "geometry": { "type": "Point", "coordinates": [ -119.281946366964945, 35.492059953715525 ] } },
{ "type": "Feature", "properties": { "id": "fd-01687", "input_id": "026-451-11", "specification": "terminal", "source": "fd-00708", "demand": 1, "placement": "ug", "duct_group": "4", "duct_assignment": "8" }, "geometry": { "type": "Point", "coordinates": [ -119.282152608159549, 35.492072635875452 ] } },
{ "type": "Feature", "properties": { "id": "fd-01688", "input_id": "026-451-12", "specification": "terminal", "source": "fd-00708", "demand": 1, "placement": "ug", "duct_group": "4", "duct_assignment": "7" }, "geometry": { "type": "Point", "coordinates": [ -119.282388942048854, 35.49208916497696 ] } },
{ "type": "Feature", "properties": { "id": "fd-01689", "input_id": "026-451-13", "specification": "terminal", "source": "fd-00709", "demand": 1, "placement": "ug", "duct_group": "4", "duct_assignment": "10" }, "geometry": { "type": "Point", "coordinates": [ -119.282645049655514, 35.492049979830867 ] } },
{ "type": "Feature", "properties": { "id": "fd-01690", "input_id": "026-453-15", "specification": "terminal", "source": "fd-00691", "demand": 1, "placement": "ug", "duct_group": "1", "duct_assignment": "12" }, "geometry": { "type": "Point", "coordinates": [ -119.281010228765481, 35.49161604680323 ] } },
{ "type": "Feature", "properties": { "id": "fd-01691", "input_id": "026-453-14", "specification": "terminal", "source": "fd-00691", "demand": 1, "placement": "ug", "duct_group": "1", "duct_assignment": "11" }, "geometry": { "type": "Point", "coordinates": [ -119.281209364568284, 35.491616625821152 ] } },
{ "type": "Feature", "properties": { "id": "fd-01692", "input_id": "026-453-13", "specification": "terminal", "source": "fd-00655", "demand": 1, "placement": "ug", "duct_group": "5", "duct_assignment": "2" }, "geometry": { "type": "Point", "coordinates": [ -119.281408503460611, 35.491617203765905 ] } },
{ "type": "Feature", "properties": { "id": "fd-01693", "input_id": "026-453-16", "specification": "terminal", "source": "fd-00690", "demand": 1, "placement": "ug", "duct_group": "1", "duct_assignment": "10" }, "geometry": { "type": "Point", "coordinates": [ -119.280811096736585, 35.491615466467117 ] } },
{ "type": "Feature", "properties": { "id": "fd-01694", "input_id": "026-451-15", "specification": "terminal", "source": "fd-00710", "demand": 1, "placement": "ug", "duct_group": "4", "duct_assignment": "12" }, "geometry": { "type": "Point", "coordinates": [ -119.282716393774862, 35.491658179279284 ] } },
{ "type": "Feature", "properties": { "id": "fd-01695", "input_id": "026-451-14", "specification": "terminal", "source": "fd-00709", "demand": 1, "placement": "ug", "duct_group": "4", "duct_assignment": "9" }, "geometry": { "type": "Point", "coordinates": [ -119.282722146389389, 35.491860930835003 ] } },
{ "type": "Feature", "properties": { "id": "fd-01696", "input_id": "026-484-14", "specification": "terminal", "source": "fd-00654", "demand": 1, "placement": "ug", "duct_group": "4", "duct_assignment": "9" }, "geometry": { "type": "Point", "coordinates": [ -119.283249167684374, 35.492312117391357 ] } },
{ "type": "Feature", "properties": { "id": "fd-01697", "input_id": "026-484-04", "specification": "terminal", "source": "fd-00456", "demand": 1, "placement": "ug", "duct_group": "3", "duct_assignment": "5" }, "geometry": { "type": "Point", "coordinates": [ -119.283038362475267, 35.491898635949767 ] } },
{ "type": "Feature", "properties": { "id": "fd-01698", "input_id": "026-692-03", "specification": "terminal", "source": "fd-00690", "demand": 1, "placement": "ug", "duct_group": "1", "duct_assignment": "9" }, "geometry": { "type": "Point", "coordinates": [ -119.280599801909162, 35.491617746171571 ] } },
{ "type": "Feature", "properties": { "id": "fd-01699", "input_id": "026-484-03", "specification": "terminal", "source": "fd-00448", "demand": 1, "placement": "ug", "duct_group": "2", "duct_assignment": "1" }, "geometry": { "type": "Point", "coordinates": [ -119.283028513949901, 35.491670031030061 ] } },
{ "type": "Feature", "properties": { "id": "fd-01700", "input_id": "026-481-07", "specification": "terminal", "source": "fd-00459", "demand": 1, "placement": "ug", "duct_group": "4", "duct_assignment": "1" }, "geometry": { "type": "Point", "coordinates": [ -119.284752726294599, 35.492320667704391 ] } },
{ "type": "Feature", "properties": { "id": "fd-01701", "input_id": "026-481-08", "specification": "terminal", "source": "fd-00459", "demand": 1, "placement": "ug", "duct_group": "4", "duct_assignment": "2" }, "geometry": { "type": "Point", "coordinates": [ -119.284543875068991, 35.492317732848491 ] } },
{ "type": "Feature", "properties": { "id": "fd-01702", "input_id": "026-484-10", "specification": "terminal", "source": "fd-00477", "demand": 1, "placement": "ug", "duct_group": "7", "duct_assignment": "1" }, "geometry": { "type": "Point", "coordinates": [ -119.284121745334005, 35.492315385644076 ] } },
{ "type": "Feature", "properties": { "id": "fd-01703", "input_id": "026-484-11", "specification": "terminal", "source": "fd-00477", "demand": 1, "placement": "ug", "duct_group": "7", "duct_assignment": "2" }, "geometry": { "type": "Point", "coordinates": [ -119.283912835503713, 35.492315893874874 ] } },
{ "type": "Feature", "properties": { "id": "fd-01704", "input_id": "026-481-10", "specification": "terminal", "source": "fd-00471", "demand": 1, "placement": "ug", "duct_group": "6", "duct_assignment": "3" }, "geometry": { "type": "Point", "coordinates": [ -119.284756708916163, 35.492010056332148 ] } },
{ "type": "Feature", "properties": { "id": "fd-01705", "input_id": "026-481-09", "specification": "terminal", "source": "fd-00470", "demand": 1, "placement": "ug", "duct_group": "6", "duct_assignment": "1" }, "geometry": { "type": "Point", "coordinates": [ -119.284547888178366, 35.492009998302876 ] } },
{ "type": "Feature", "properties": { "id": "fd-01706", "input_id": "026-484-08", "specification": "terminal", "source": "fd-00454", "demand": 1, "placement": "ug", "duct_group": "3", "duct_assignment": "1" }, "geometry": { "type": "Point", "coordinates": [ -119.283916872757047, 35.492002937391987 ] } },
{ "type": "Feature", "properties": { "id": "fd-01707", "input_id": "026-484-09", "specification": "terminal", "source": "fd-00454", "demand": 1, "placement": "ug", "duct_group": "3", "duct_assignment": "2" }, "geometry": { "type": "Point", "coordinates": [ -119.284125650150273, 35.492006419046099 ] } },
{ "type": "Feature", "properties": { "id": "fd-01708", "input_id": "026-484-12", "specification": "terminal", "source": "fd-00478", "demand": 1, "placement": "ug", "duct_group": "7", "duct_assignment": "3" }, "geometry": { "type": "Point", "coordinates": [ -119.283711261578972, 35.492314747486624 ] } },
{ "type": "Feature", "properties": { "id": "fd-01709", "input_id": "026-484-13", "specification": "terminal", "source": "fd-00478", "demand": 1, "placement": "ug", "duct_group": "7", "duct_assignment": "4" }, "geometry": { "type": "Point", "coordinates": [ -119.283509687614597, 35.492313600243186 ] } },
{ "type": "Feature", "properties": { "id": "fd-01710", "input_id": "026-484-07", "specification": "terminal", "source": "fd-00455", "demand": 1, "placement": "ug", "duct_group": "3", "duct_assignment": "4" }, "geometry": { "type": "Point", "coordinates": [ -119.283715383598675, 35.492001345952495 ] } },
{ "type": "Feature", "properties": { "id": "fd-01711", "input_id": "026-484-06", "specification": "terminal", "source": "fd-00455", "demand": 1, "placement": "ug", "duct_group": "3", "duct_assignment": "3" }, "geometry": { "type": "Point", "coordinates": [ -119.283504260223111, 35.492016650180346 ] } },
{ "type": "Feature", "properties": { "id": "fd-01712", "input_id": "026-481-01", "specification": "terminal", "source": "fd-00462", "demand": 1, "placement": "ug", "duct_group": "4", "duct_assignment": "7" }, "geometry": { "type": "Point", "coordinates": [ -119.285967624385194, 35.492327562880206 ] } },
{ "type": "Feature", "properties": { "id": "fd-01713", "input_id": "026-481-02", "specification": "terminal", "source": "fd-00462", "demand": 1, "placement": "ug", "duct_group": "4", "duct_assignment": "8" }, "geometry": { "type": "Point", "coordinates": [ -119.28576059545891, 35.492326388620818 ] } },
{ "type": "Feature", "properties": { "id": "fd-01714", "input_id": "026-481-03", "specification": "terminal", "source": "fd-00461", "demand": 1, "placement": "ug", "duct_group": "4", "duct_assignment": "5" }, "geometry": { "type": "Point", "coordinates": [ -119.285559021496894, 35.492325245258549 ] } },
{ "type": "Feature", "properties": { "id": "fd-01715", "input_id": "026-481-04", "specification": "terminal", "source": "fd-00461", "demand": 1, "placement": "ug", "duct_group": "4", "duct_assignment": "6" }, "geometry": { "type": "Point", "coordinates": [ -119.285357447912702, 35.492324101426959 ] } },
{ "type": "Feature", "properties": { "id": "fd-01716", "input_id": "026-481-05", "specification": "terminal", "source": "fd-00460", "demand": 1, "placement": "ug", "duct_group": "4", "duct_assignment": "4" }, "geometry": { "type": "Point", "coordinates": [ -119.28515587386805, 35.492322957109259 ] } },
{ "type": "Feature", "properties": { "id": "fd-01717", "input_id": "026-481-16", "specification": "terminal", "source": "fd-00475", "demand": 1, "placement": "ug", "duct_group": "6", "duct_assignment": "9" }, "geometry": { "type": "Point", "coordinates": [ -119.285979509412968, 35.49202739771205 ] } },
{ "type": "Feature", "properties": { "id": "fd-01718", "input_id": "026-481-15", "specification": "terminal", "source": "fd-00475", "demand": 1, "placement": "ug", "duct_group": "6", "duct_assignment": "10" }, "geometry": { "type": "Point", "coordinates": [ -119.285760572071581, 35.492027230779492 ] } },
{ "type": "Feature", "properties": { "id": "fd-01719", "input_id": "026-481-14", "specification": "terminal", "source": "fd-00473", "demand": 1, "placement": "ug", "duct_group": "6", "duct_assignment": "6" }, "geometry": { "type": "Point", "coordinates": [ -119.285562952033487, 35.492016885504796 ] } },
{ "type": "Feature", "properties": { "id": "fd-01720", "input_id": "026-481-13", "specification": "terminal", "source": "fd-00473", "demand": 1, "placement": "ug", "duct_group": "6", "duct_assignment": "5" }, "geometry": { "type": "Point", "coordinates": [ -119.285361391537009, 35.492015178847332 ] } },
{ "type": "Feature", "properties": { "id": "fd-01721", "input_id": "026-481-12", "specification": "terminal", "source": "fd-00472", "demand": 1, "placement": "ug", "duct_group": "6", "duct_assignment": "4" }, "geometry": { "type": "Point", "coordinates": [ -119.285159830597934, 35.492013471872284 ] } },
{ "type": "Feature", "properties": { "id": "fd-01722", "input_id": "026-481-11", "specification": "terminal", "source": "fd-00471", "demand": 1, "placement": "ug", "duct_group": "6", "duct_assignment": "2" }, "geometry": { "type": "Point", "coordinates": [ -119.284958269613654, 35.492011764337747 ] } },
{ "type": "Feature", "properties": { "id": "fd-01723", "input_id": "026-481-06", "specification": "terminal", "source": "fd-00460", "demand": 1, "placement": "ug", "duct_group": "4", "duct_assignment": "3" }, "geometry": { "type": "Point", "coordinates": [ -119.284954299918326, 35.492321812756764 ] } },
{ "type": "Feature", "properties": { "id": "fd-01724", "input_id": "026-472-10", "specification": "terminal", "source": "fd-00784", "demand": 1, "placement": "ug", "duct_group": "6", "duct_assignment": "9" }, "geometry": { "type": "Point", "coordinates": [ -119.280498882786048, 35.490122395651461 ] } },
{ "type": "Feature", "properties": { "id": "fd-01725", "input_id": "026-472-09", "specification": "terminal", "source": "fd-00783", "demand": 1, "placement": "ug", "duct_group": "6", "duct_assignment": "7" }, "geometry": { "type": "Point", "coordinates": [ -119.280527475163552, 35.490290020722746 ] } },
{ "type": "Feature", "properties": { "id": "fd-01726", "input_id": "026-472-08", "specification": "terminal", "source": "fd-00783", "demand": 1, "placement": "ug", "duct_group": "6", "duct_assignment": "8" }, "geometry": { "type": "Point", "coordinates": [ -119.280521813801926, 35.490476528704562 ] } },
{ "type": "Feature", "properties": { "id": "fd-01727", "input_id": "026-472-07", "specification": "terminal", "source": "fd-00782", "demand": 1, "placement": "ug", "duct_group": "6", "duct_assignment": "5" }, "geometry": { "type": "Point", "coordinates": [ -119.280449526331296, 35.490633131200276 ] } },
{ "type": "Feature", "properties": { "id": "fd-01728", "input_id": "026-472-11", "specification": "terminal", "source": "fd-00785", "demand": 1, "placement": "ug", "duct_group": "6", "duct_assignment": "10" }, "geometry": { "type": "Point", "coordinates": [ -119.280498823444177, 35.489972566500178 ] } },
{ "type": "Feature", "properties": { "id": "fd-01729", "input_id": "026-472-12", "specification": "terminal", "source": "fd-00786", "demand": 1, "placement": "ug", "duct_group": "6", "duct_assignment": "12" }, "geometry": { "type": "Point", "coordinates": [ -119.280500515643212, 35.489835210476151 ] } },
{ "type": "Feature", "properties": { "id": "fd-01730", "input_id": "026-472-13", "specification": "terminal", "source": "fd-00786", "demand": 1, "placement": "ug", "duct_group": "6", "duct_assignment": "11" }, "geometry": { "type": "Point", "coordinates": [ -119.28050220701445, 35.4896978542413 ] } },
{ "type": "Feature", "properties": { "id": "fd-01731", "input_id": "026-472-17", "specification": "terminal", "source": "fd-00742", "demand": 1, "placement": "ug", "duct_group": "0", "duct_assignment": "4" }, "geometry": { "type": "Point", "coordinates": [ -119.28051773516971, 35.489145162378868 ] } },
{ "type": "Feature", "properties": { "id": "fd-01732", "input_id": "026-472-16", "specification": "terminal", "source": "fd-00742", "demand": 1, "placement": "ug", "duct_group": "0", "duct_assignment": "5" }, "geometry": { "type": "Point", "coordinates": [ -119.280507275453118, 35.489285783903618 ] } },
{ "type": "Feature", "properties": { "id": "fd-01733", "input_id": "026-472-14", "specification": "terminal", "source": "fd-00741", "demand": 1, "placement": "ug", "duct_group": "0", "duct_assignment": "2" }, "geometry": { "type": "Point", "coordinates": [ -119.28050389716843, 35.489560497800078 ] } },
{ "type": "Feature", "properties": { "id": "fd-01734", "input_id": "026-472-15", "specification": "terminal", "source": "fd-00741", "demand": 1, "placement": "ug", "duct_group": "0", "duct_assignment": "3" }, "geometry": { "type": "Point", "coordinates": [ -119.2805055869309, 35.489423140952489 ] } },
{ "type": "Feature", "properties": { "id": "fd-01735", "input_id": "026-491-16", "specification": "terminal", "source": "fd-00642", "demand": 1, "placement": "ug", "duct_group": "2", "duct_assignment": "10" }, "geometry": { "type": "Point", "coordinates": [ -119.28162701708483, 35.490190255499321 ] } },
{ "type": "Feature", "properties": { "id": "fd-01736", "input_id": "026-454-07", "specification": "terminal", "source": "fd-00695", "demand": 1, "placement": "ug", "duct_group": "2", "duct_assignment": "6" }, "geometry": { "type": "Point", "coordinates": [ -119.28101346977266, 35.490895185346332 ] } },
{ "type": "Feature", "properties": { "id": "fd-01737", "input_id": "026-454-06", "specification": "terminal", "source": "fd-00695", "demand": 1, "placement": "ug", "duct_group": "2", "duct_assignment": "7" }, "geometry": { "type": "Point", "coordinates": [ -119.281212602860236, 35.490895768565743 ] } },
{ "type": "Feature", "properties": { "id": "fd-01738", "input_id": "026-454-05", "specification": "terminal", "source": "fd-00696", "demand": 1, "placement": "ug", "duct_group": "2", "duct_assignment": "8" }, "geometry": { "type": "Point", "coordinates": [ -119.281411738256296, 35.490896351078973 ] } },
{ "type": "Feature", "properties": { "id": "fd-01739", "input_id": "026-454-04", "specification": "terminal", "source": "fd-00696", "demand": 1, "placement": "ug", "duct_group": "2", "duct_assignment": "9" }, "geometry": { "type": "Point", "coordinates": [ -119.281610876957686, 35.490896932896604 ] } },
{ "type": "Feature", "properties": { "id": "fd-01740", "input_id": "026-491-20", "specification": "terminal", "source": "fd-00640", "demand": 1, "placement": "ug", "duct_group": "2", "duct_assignment": "6" }, "geometry": { "type": "Point", "coordinates": [ -119.281621777750203, 35.49061511439097 ] } },
{ "type": "Feature", "properties": { "id": "fd-01741", "input_id": "026-454-08", "specification": "terminal", "source": "fd-00694", "demand": 1, "placement": "ug", "duct_group": "2", "duct_assignment": "5" }, "geometry": { "type": "Point", "coordinates": [ -119.280814339122927, 35.490894599143246 ] } },
{ "type": "Feature", "properties": { "id": "fd-01742", "input_id": "026-492-04", "specification": "terminal", "source": "fd-00630", "demand": 1, "placement": "ug", "duct_group": "1", "duct_assignment": "2" }, "geometry": { "type": "Point", "coordinates": [ -119.282702114681626, 35.490167304146468 ] } },
{ "type": "Feature", "properties": { "id": "fd-01743", "input_id": "026-491-14", "specification": "terminal", "source": "fd-00638", "demand": 1, "placement": "ug", "duct_group": "2", "duct_assignment": "3" }, "geometry": { "type": "Point", "coordinates": [ -119.282030060335302, 35.490191446190138 ] } },
{ "type": "Feature", "properties": { "id": "fd-01744", "input_id": "026-451-20", "specification": "terminal", "source": "fd-00659", "demand": 1, "placement": "ug", "duct_group": "5", "duct_assignment": "9" }, "geometry": { "type": "Point", "coordinates": [ -119.282700975266479, 35.490825609207519 ] } },
{ "type": "Feature", "properties": { "id": "fd-01745", "input_id": "026-451-19", "specification": "terminal", "source": "fd-00659", "demand": 1, "placement": "ug", "duct_group": "5", "duct_assignment": "8" }, "geometry": { "type": "Point", "coordinates": [ -119.282699583944918, 35.490990435683678 ] } },
{ "type": "Feature", "properties": { "id": "fd-01746", "input_id": "026-451-18", "specification": "terminal", "source": "fd-00658", "demand": 1, "placement": "ug", "duct_group": "5", "duct_assignment": "7" }, "geometry": { "type": "Point", "coordinates": [ -119.282698193276403, 35.491155261943483 ] } },
{ "type": "Feature", "properties": { "id": "fd-01747", "input_id": "026-454-03", "specification": "terminal", "source": "fd-00697", "demand": 1, "placement": "ug", "duct_group": "2", "duct_assignment": "10" }, "geometry": { "type": "Point", "coordinates": [ -119.281810019283739, 35.490897514096751 ] } },
{ "type": "Feature", "properties": { "id": "fd-01748", "input_id": "026-454-02", "specification": "terminal", "source": "fd-00698", "demand": 1, "placement": "ug", "duct_group": "2", "duct_assignment": "11" }, "geometry": { "type": "Point", "coordinates": [ -119.282009165403338, 35.490898095671426 ] } },
{ "type": "Feature", "properties": { "id": "fd-01749", "input_id": "026-454-01", "specification": "terminal", "source": "fd-00698", "demand": 1, "placement": "ug", "duct_group": "2", "duct_assignment": "12" }, "geometry": { "type": "Point", "coordinates": [ -119.282215203762405, 35.490894911857893 ] } },
{ "type": "Feature", "properties": { "id": "fd-01750", "input_id": "026-492-02", "specification": "terminal", "source": "fd-00661", "demand": 1, "placement": "ug", "duct_group": "5", "duct_assignment": "11" }, "geometry": { "type": "Point", "coordinates": [ -119.28269801511874, 35.490496946591726 ] } },
{ "type": "Feature", "properties": { "id": "fd-01751", "input_id": "026-492-03", "specification": "terminal", "source": "fd-00661", "demand": 1, "placement": "ug", "duct_group": "5", "duct_assignment": "12" }, "geometry": { "type": "Point", "coordinates": [ -119.282700064879961, 35.490332125391397 ] } },
{ "type": "Feature", "properties": { "id": "fd-01752", "input_id": "026-491-22", "specification": "terminal", "source": "fd-00637", "demand": 1, "placement": "ug", "duct_group": "2", "duct_assignment": "2" }, "geometry": { "type": "Point", "coordinates": [ -119.282024810426222, 35.490616250093822 ] } },
{ "type": "Feature", "properties": { "id": "fd-01753", "input_id": "026-491-23", "specification": "terminal", "source": "fd-00637", "demand": 1, "placement": "ug", "duct_group": "2", "duct_assignment": "1" }, "geometry": { "type": "Point", "coordinates": [ -119.282231074001203, 35.490619888755404 ] } },
{ "type": "Feature", "properties": { "id": "fd-01754", "input_id": "026-491-15", "specification": "terminal", "source": "fd-00641", "demand": 1, "placement": "ug", "duct_group": "2", "duct_assignment": "8" }, "geometry": { "type": "Point", "coordinates": [ -119.281828529414895, 35.490190862131193 ] } },
{ "type": "Feature", "properties": { "id": "fd-01755", "input_id": "026-491-21", "specification": "terminal", "source": "fd-00639", "demand": 1, "placement": "ug", "duct_group": "2", "duct_assignment": "5" }, "geometry": { "type": "Point", "coordinates": [ -119.281823279804783, 35.490615664024219 ] } },
{ "type": "Feature", "properties": { "id": "fd-01756", "input_id": "026-492-12", "specification": "terminal", "source": "fd-00635", "demand": 1, "placement": "ug", "duct_group": "1", "duct_assignment": "10" }, "geometry": { "type": "Point", "coordinates": [ -119.281765439697836, 35.489485047082105 ] } },
{ "type": "Feature", "properties": { "id": "fd-01757", "input_id": "026-492-13", "specification": "terminal", "source": "fd-00636", "demand": 1, "placement": "ug", "duct_group": "1", "duct_assignment": "11" }, "geometry": { "type": "Point", "coordinates": [ -119.281563909673636, 35.489484458192344 ] } },
{ "type": "Feature", "properties": { "id": "fd-01758", "input_id": "026-492-17", "specification": "terminal", "source": "fd-00744", "demand": 1, "placement": "ug", "duct_group": "0", "duct_assignment": "8" }, "geometry": { "type": "Point", "coordinates": [ -119.281766678153488, 35.489207962443402 ] } },
{ "type": "Feature", "properties": { "id": "fd-01759", "input_id": "026-492-16", "specification": "terminal", "source": "fd-00649", "demand": 1, "placement": "ug", "duct_group": "3", "duct_assignment": "11" }, "geometry": { "type": "Point", "coordinates": [ -119.281565143641416, 35.489207374163179 ] } },
{ "type": "Feature", "properties": { "id": "fd-01760", "input_id": "026-492-15", "specification": "terminal", "source": "fd-00649", "demand": 1, "placement": "ug", "duct_group": "3", "duct_assignment": "12" }, "geometry": { "type": "Point", "coordinates": [ -119.281357951032092, 35.489210546878141 ] } },
{ "type": "Feature", "properties": { "id": "fd-01761", "input_id": "026-491-09", "specification": "terminal", "source": "fd-00645", "demand": 1, "placement": "ug", "duct_group": "3", "duct_assignment": "4" }, "geometry": { "type": "Point", "coordinates": [ -119.281628248259395, 35.489909218441944 ] } },
{ "type": "Feature", "properties": { "id": "fd-01762", "input_id": "026-491-03", "specification": "terminal", "source": "fd-00648", "demand": 1, "placement": "ug", "duct_group": "3", "duct_assignment": "10" }, "geometry": { "type": "Point", "coordinates": [ -119.280872455596651, 35.48932889449236 ] } },
{ "type": "Feature", "properties": { "id": "fd-01763", "input_id": "026-491-02", "specification": "terminal", "source": "fd-00743", "demand": 1, "placement": "ug", "duct_group": "0", "duct_assignment": "6" }, "geometry": { "type": "Point", "coordinates": [ -119.280889499757777, 35.48916503042679 ] } },
{ "type": "Feature", "properties": { "id": "fd-01764", "input_id": "026-492-11", "specification": "terminal", "source": "fd-00635", "demand": 1, "placement": "ug", "duct_group": "1", "duct_assignment": "9" }, "geometry": { "type": "Point", "coordinates": [ -119.281966968535329, 35.48948562788388 ] } },
{ "type": "Feature", "properties": { "id": "fd-01765", "input_id": "026-492-22", "specification": "terminal", "source": "fd-00746", "demand": 1, "placement": "ug", "duct_group": "0", "duct_assignment": "11" }, "geometry": { "type": "Point", "coordinates": [ -119.282787544084783, 35.489210673211488 ] } },
{ "type": "Feature", "properties": { "id": "fd-01766", "input_id": "026-492-21", "specification": "terminal", "source": "fd-00746", "demand": 1, "placement": "ug", "duct_group": "0", "duct_assignment": "12" }, "geometry": { "type": "Point", "coordinates": [ -119.282579135442532, 35.489210318662025 ] } },
{ "type": "Feature", "properties": { "id": "fd-01767", "input_id": "026-492-20", "specification": "terminal", "source": "fd-00745", "demand": 1, "placement": "ug", "duct_group": "0", "duct_assignment": "9" }, "geometry": { "type": "Point", "coordinates": [ -119.282373391539878, 35.489209724641242 ] } },
{ "type": "Feature", "properties": { "id": "fd-01768", "input_id": "026-492-19", "specification": "terminal", "source": "fd-00745", "demand": 1, "placement": "ug", "duct_group": "0", "duct_assignment": "10" }, "geometry": { "type": "Point", "coordinates": [ -119.282169752301186, 35.489209134500882 ] } },
{ "type": "Feature", "properties": { "id": "fd-01769", "input_id": "026-492-18", "specification": "terminal", "source": "fd-00744", "demand": 1, "placement": "ug", "duct_group": "0", "duct_assignment": "7" }, "geometry": { "type": "Point", "coordinates": [ -119.281968214574263, 35.489208549146369 ] } },
{ "type": "Feature", "properties": { "id": "fd-01770", "input_id": "026-491-12", "specification": "terminal", "source": "fd-00644", "demand": 1, "placement": "ug", "duct_group": "3", "duct_assignment": "2" }, "geometry": { "type": "Point", "coordinates": [ -119.282239879321651, 35.489913375034959 ] } },
{ "type": "Feature", "properties": { "id": "fd-01771", "input_id": "026-491-11", "specification": "terminal", "source": "fd-00644", "demand": 1, "placement": "ug", "duct_group": "3", "duct_assignment": "1" }, "geometry": { "type": "Point", "coordinates": [ -119.282031300798337, 35.489910380876182 ] } },
{ "type": "Feature", "properties": { "id": "fd-01772", "input_id": "026-491-10", "specification": "terminal", "source": "fd-00645", "demand": 1, "placement": "ug", "duct_group": "3", "duct_assignment": "3" }, "geometry": { "type": "Point", "coordinates": [ -119.281829769227798, 35.489909795582534 ] } },
{ "type": "Feature", "properties": { "id": "fd-01773", "input_id": "026-491-17", "specification": "terminal", "source": "fd-00642", "demand": 1, "placement": "ug", "duct_group": "2", "duct_assignment": "9" }, "geometry": { "type": "Point", "coordinates": [ -119.281402234497747, 35.490161267552196 ] } },
{ "type": "Feature", "properties": { "id": "fd-01774", "input_id": "026-491-19", "specification": "terminal", "source": "fd-00640", "demand": 1, "placement": "ug", "duct_group": "2", "duct_assignment": "7" }, "geometry": { "type": "Point", "coordinates": [ -119.281396635994938, 35.490643895998645 ] } },
{ "type": "Feature", "properties": { "id": "fd-01775", "input_id": "026-492-01", "specification": "terminal", "source": "fd-00660", "demand": 1, "placement": "ug", "duct_group": "5", "duct_assignment": "10" }, "geometry": { "type": "Point", "coordinates": [ -119.282695623521107, 35.490661291037718 ] } },
{ "type": "Feature", "properties": { "id": "fd-01776", "input_id": "026-491-06", "specification": "terminal", "source": "fd-00647", "demand": 1, "placement": "ug", "duct_group": "3", "duct_assignment": "8" }, "geometry": { "type": "Point", "coordinates": [ -119.280905902100798, 35.489903057967759 ] } },
{ "type": "Feature", "properties": { "id": "fd-01777", "input_id": "026-491-08", "specification": "terminal", "source": "fd-00646", "demand": 1, "placement": "ug", "duct_group": "3", "duct_assignment": "6" }, "geometry": { "type": "Point", "coordinates": [ -119.281416072061987, 35.489926256563422 ] } },
{ "type": "Feature", "properties": { "id": "fd-01778", "input_id": "026-491-07", "specification": "terminal", "source": "fd-00646", "demand": 1, "placement": "ug", "duct_group": "3", "duct_assignment": "5" }, "geometry": { "type": "Point", "coordinates": [ -119.281166358508628, 35.489940913610369 ] } },
{ "type": "Feature", "properties": { "id": "fd-01779", "input_id": "026-491-04", "specification": "terminal", "source": "fd-00648", "demand": 1, "placement": "ug", "duct_group": "3", "duct_assignment": "9" }, "geometry": { "type": "Point", "coordinates": [ -119.280848023346707, 35.489505520447679 ] } },
{ "type": "Feature", "properties": { "id": "fd-01780", "input_id": "026-491-05", "specification": "terminal", "source": "fd-00647", "demand": 1, "placement": "ug", "duct_group": "3", "duct_assignment": "7" }, "geometry": { "type": "Point", "coordinates": [ -119.280828188690791, 35.489719310826629 ] } },
{ "type": "Feature", "properties": { "id": "fd-01781", "input_id": "026-492-05", "specification": "terminal", "source": "fd-00631", "demand": 1, "placement": "ug", "duct_group": "1", "duct_assignment": "3" }, "geometry": { "type": "Point", "coordinates": [ -119.282709700978543, 35.490004400781288 ] } },
{ "type": "Feature", "properties": { "id": "fd-01782", "input_id": "026-492-06", "specification": "terminal", "source": "fd-00632", "demand": 1, "placement": "ug", "duct_group": "1", "duct_assignment": "4" }, "geometry": { "type": "Point", "coordinates": [ -119.282752404501522, 35.489824670972268 ] } },
{ "type": "Feature", "properties": { "id": "fd-01783", "input_id": "026-492-07", "specification": "terminal", "source": "fd-00633", "demand": 1, "placement": "ug", "duct_group": "1", "duct_assignment": "6" }, "geometry": { "type": "Point", "coordinates": [ -119.282743870829805, 35.489621567761994 ] } },
{ "type": "Feature", "properties": { "id": "fd-01784", "input_id": "026-492-08", "specification": "terminal", "source": "fd-00633", "demand": 1, "placement": "ug", "duct_group": "1", "duct_assignment": "5" }, "geometry": { "type": "Point", "coordinates": [ -119.282645174391178, 35.489488069297806 ] } },
{ "type": "Feature", "properties": { "id": "fd-01785", "input_id": "026-492-09", "specification": "terminal", "source": "fd-00634", "demand": 1, "placement": "ug", "duct_group": "1", "duct_assignment": "8" }, "geometry": { "type": "Point", "coordinates": [ -119.282416156439851, 35.489454744817451 ] } },
{ "type": "Feature", "properties": { "id": "fd-01786", "input_id": "026-492-10", "specification": "terminal", "source": "fd-00634", "demand": 1, "placement": "ug", "duct_group": "1", "duct_assignment": "7" }, "geometry": { "type": "Point", "coordinates": [ -119.28217629587536, 35.489470434216898 ] } },
{ "type": "Feature", "properties": { "id": "fd-01787", "input_id": "026-693-01", "specification": "terminal", "source": "fd-00694", "demand": 1, "placement": "ug", "duct_group": "2", "duct_assignment": "4" }, "geometry": { "type": "Point", "coordinates": [ -119.2806222875911, 35.490903975151511 ] } },
{ "type": "Feature", "properties": { "id": "fd-01788", "input_id": "026-501-07", "specification": "terminal", "source": "fd-00489", "demand": 1, "placement": "ug", "duct_group": "9", "duct_assignment": "9" }, "geometry": { "type": "Point", "coordinates": [ -119.28462767027726, 35.490257560840256 ] } },
{ "type": "Feature", "properties": { "id": "fd-01789", "input_id": "026-503-07", "specification": "terminal", "source": "fd-00441", "demand": 1, "placement": "ug", "duct_group": "0", "duct_assignment": "9" }, "geometry": { "type": "Point", "coordinates": [ -119.284060045073986, 35.490252735744441 ] } },
{ "type": "Feature", "properties": { "id": "fd-01790", "input_id": "026-501-02", "specification": "terminal", "source": "fd-00486", "demand": 1, "placement": "ug", "duct_group": "9", "duct_assignment": "4" }, "geometry": { "type": "Point", "coordinates": [ -119.28461708111719, 35.491095383566474 ] } },
{ "type": "Feature", "properties": { "id": "fd-01791", "input_id": "026-501-03", "specification": "terminal", "source": "fd-00487", "demand": 1, "placement": "ug", "duct_group": "9", "duct_assignment": "6" }, "geometry": { "type": "Point", "coordinates": [ -119.284619198413026, 35.49092781950111 ] } },
{ "type": "Feature", "properties": { "id": "fd-01792", "input_id": "026-501-04", "specification": "terminal", "source": "fd-00487", "demand": 1, "placement": "ug", "duct_group": "9", "duct_assignment": "5" }, "geometry": { "type": "Point", "coordinates": [ -119.284621315988957, 35.49076025474232 ] } },
{ "type": "Feature", "properties": { "id": "fd-01793", "input_id": "026-501-05", "specification": "terminal", "source": "fd-00488", "demand": 1, "placement": "ug", "duct_group": "9", "duct_assignment": "7" }, "geometry": { "type": "Point", "coordinates": [ -119.284623433510461, 35.490592690193829 ] } },
{ "type": "Feature", "properties": { "id": "fd-01794", "input_id": "026-501-06", "specification": "terminal", "source": "fd-00488", "demand": 1, "placement": "ug", "duct_group": "9", "duct_assignment": "8" }, "geometry": { "type": "Point", "coordinates": [ -119.284625551912953, 35.490425125503457 ] } },
{ "type": "Feature", "properties": { "id": "fd-01795", "input_id": "026-503-12", "specification": "terminal", "source": "fd-00438", "demand": 1, "placement": "ug", "duct_group": "0", "duct_assignment": "4" }, "geometry": { "type": "Point", "coordinates": [ -119.28404940961569, 35.491090569472284 ] } },
{ "type": "Feature", "properties": { "id": "fd-01796", "input_id": "026-503-11", "specification": "terminal", "source": "fd-00439", "demand": 1, "placement": "ug", "duct_group": "0", "duct_assignment": "5" }, "geometry": { "type": "Point", "coordinates": [ -119.284051536586162, 35.490923002943752 ] } },
{ "type": "Feature", "properties": { "id": "fd-01797", "input_id": "026-503-10", "specification": "terminal", "source": "fd-00439", "demand": 1, "placement": "ug", "duct_group": "0", "duct_assignment": "6" }, "geometry": { "type": "Point", "coordinates": [ -119.284053663712811, 35.490755436258802 ] } },
{ "type": "Feature", "properties": { "id": "fd-01798", "input_id": "026-503-09", "specification": "terminal", "source": "fd-00440", "demand": 1, "placement": "ug", "duct_group": "0", "duct_assignment": "8" }, "geometry": { "type": "Point", "coordinates": [ -119.284055790484899, 35.490587869480443 ] } },
{ "type": "Feature", "properties": { "id": "fd-01799", "input_id": "026-503-08", "specification": "terminal", "source": "fd-00440", "demand": 1, "placement": "ug", "duct_group": "0", "duct_assignment": "7" }, "geometry": { "type": "Point", "coordinates": [ -119.284057918048404, 35.490420302508916 ] } },
{ "type": "Feature", "properties": { "id": "fd-01800", "input_id": "026-501-09", "specification": "terminal", "source": "fd-00489", "demand": 1, "placement": "ug", "duct_group": "9", "duct_assignment": "11" }, "geometry": { "type": "Point", "coordinates": [ -119.284634011273042, 35.489920753654239 ] } },
{ "type": "Feature", "properties": { "id": "fd-01801", "input_id": "026-502-03", "specification": "terminal", "source": "fd-00464", "demand": 1, "placement": "ug", "duct_group": "5", "duct_assignment": "4" }, "geometry": { "type": "Point", "coordinates": [ -119.284638314994453, 35.489568400401588 ] } },
{ "type": "Feature", "properties": { "id": "fd-01802", "input_id": "026-502-04", "specification": "terminal", "source": "fd-00464", "demand": 1, "placement": "ug", "duct_group": "5", "duct_assignment": "3" }, "geometry": { "type": "Point", "coordinates": [ -119.284638802124704, 35.489377154867718 ] } },
{ "type": "Feature", "properties": { "id": "fd-01803", "input_id": "026-503-05", "specification": "terminal", "source": "fd-00463", "demand": 1, "placement": "ug", "duct_group": "5", "duct_assignment": "2" }, "geometry": { "type": "Point", "coordinates": [ -119.284064334208182, 35.489914862775954 ] } },
{ "type": "Feature", "properties": { "id": "fd-01804", "input_id": "026-503-01", "specification": "terminal", "source": "fd-00466", "demand": 1, "placement": "ug", "duct_group": "5", "duct_assignment": "7" }, "geometry": { "type": "Point", "coordinates": [ -119.284072155637261, 35.489177637756626 ] } },
{ "type": "Feature", "properties": { "id": "fd-01805", "input_id": "026-503-02", "specification": "terminal", "source": "fd-00465", "demand": 1, "placement": "ug", "duct_group": "5", "duct_assignment": "6" }, "geometry": { "type": "Point", "coordinates": [ -119.284071222431024, 35.489372330231468 ] } },
{ "type": "Feature", "properties": { "id": "fd-01806", "input_id": "026-503-03", "specification": "terminal", "source": "fd-00465", "demand": 1, "placement": "ug", "duct_group": "5", "duct_assignment": "5" }, "geometry": { "type": "Point", "coordinates": [ -119.28406886813562, 35.489557752653582 ] } },
{ "type": "Feature", "properties": { "id": "fd-01807", "input_id": "026-503-04", "specification": "terminal", "source": "fd-00463", "demand": 1, "placement": "ug", "duct_group": "5", "duct_assignment": "1" }, "geometry": { "type": "Point", "coordinates": [ -119.284066601258402, 35.489736307609569 ] } },
{ "type": "Feature", "properties": { "id": "fd-01808", "input_id": "026-502-02", "specification": "terminal", "source": "fd-00484", "demand": 1, "placement": "ug", "duct_group": "8", "duct_assignment": "10" }, "geometry": { "type": "Point", "coordinates": [ -119.285538865484426, 35.489731925031151 ] } },
{ "type": "Feature", "properties": { "id": "fd-01809", "input_id": "026-502-01", "specification": "terminal", "source": "fd-00484", "demand": 1, "placement": "ug", "duct_group": "8", "duct_assignment": "9" }, "geometry": { "type": "Point", "coordinates": [ -119.285526499446377, 35.489929655366709 ] } },
{ "type": "Feature", "properties": { "id": "fd-01810", "input_id": "026-501-10", "specification": "terminal", "source": "fd-00495", "demand": 1, "placement": "ug", "duct_group": "10", "duct_assignment": "10" }, "geometry": { "type": "Point", "coordinates": [ -119.284964596337517, 35.489924094727186 ] } },
{ "type": "Feature", "properties": { "id": "fd-01811", "input_id": "026-501-08", "specification": "terminal", "source": "fd-00489", "demand": 1, "placement": "ug", "duct_group": "9", "duct_assignment": "10" }, "geometry": { "type": "Point", "coordinates": [ -119.28462977089589, 35.490091374776547 ] } },
{ "type": "Feature", "properties": { "id": "fd-01812", "input_id": "026-503-06", "specification": "terminal", "source": "fd-00441", "demand": 1, "placement": "ug", "duct_group": "0", "duct_assignment": "10" }, "geometry": { "type": "Point", "coordinates": [ -119.284062153754036, 35.490086546445298 ] } },
{ "type": "Feature", "properties": { "id": "fd-01813", "input_id": "026-541-02", "specification": "terminal", "source": "fd-00479", "demand": 1, "placement": "ug", "duct_group": "8", "duct_assignment": "2" }, "geometry": { "type": "Point", "coordinates": [ -119.285498786768059, 35.491105607809864 ] } },
{ "type": "Feature", "properties": { "id": "fd-01814", "input_id": "026-541-03", "specification": "terminal", "source": "fd-00480", "demand": 1, "placement": "ug", "duct_group": "8", "duct_assignment": "3" }, "geometry": { "type": "Point", "coordinates": [ -119.285500891143258, 35.490938046680327 ] } },
{ "type": "Feature", "properties": { "id": "fd-01815", "input_id": "026-541-04", "specification": "terminal", "source": "fd-00481", "demand": 1, "placement": "ug", "duct_group": "8", "duct_assignment": "4" }, "geometry": { "type": "Point", "coordinates": [ -119.285502995942693, 35.490770485808127 ] } },
{ "type": "Feature", "properties": { "id": "fd-01816", "input_id": "026-541-05", "specification": "terminal", "source": "fd-00481", "demand": 1, "placement": "ug", "duct_group": "8", "duct_assignment": "5" }, "geometry": { "type": "Point", "coordinates": [ -119.285505100623837, 35.490602925111844 ] } },
{ "type": "Feature", "properties": { "id": "fd-01817", "input_id": "026-541-06", "specification": "terminal", "source": "fd-00482", "demand": 1, "placement": "ug", "duct_group": "8", "duct_assignment": "7" }, "geometry": { "type": "Point", "coordinates": [ -119.285507205414532, 35.490435364130406 ] } },
{ "type": "Feature", "properties": { "id": "fd-01818", "input_id": "026-541-07", "specification": "terminal", "source": "fd-00482", "demand": 1, "placement": "ug", "duct_group": "8", "duct_assignment": "6" }, "geometry": { "type": "Point", "coordinates": [ -119.285509309872197, 35.490267803220462 ] } },
{ "type": "Feature", "properties": { "id": "fd-01819", "input_id": "026-541-08", "specification": "terminal", "source": "fd-00483", "demand": 1, "placement": "ug", "duct_group": "8", "duct_assignment": "8" }, "geometry": { "type": "Point", "coordinates": [ -119.285511449748569, 35.490097495473414 ] } },
{ "type": "Feature", "properties": { "id": "fd-01820", "input_id": "026-542-07", "specification": "terminal", "source": "fd-00492", "demand": 1, "placement": "ug", "duct_group": "10", "duct_assignment": "5" }, "geometry": { "type": "Point", "coordinates": [ -119.284952979718881, 35.491098229542487 ] } },
{ "type": "Feature", "properties": { "id": "fd-01821", "input_id": "026-542-06", "specification": "terminal", "source": "fd-00492", "demand": 1, "placement": "ug", "duct_group": "10", "duct_assignment": "4" }, "geometry": { "type": "Point", "coordinates": [ -119.284955091401613, 35.490930666241496 ] } },
{ "type": "Feature", "properties": { "id": "fd-01822", "input_id": "026-542-05", "specification": "terminal", "source": "fd-00493", "demand": 1, "placement": "ug", "duct_group": "10", "duct_assignment": "7" }, "geometry": { "type": "Point", "coordinates": [ -119.284957203456457, 35.490763102879157 ] } },
{ "type": "Feature", "properties": { "id": "fd-01823", "input_id": "026-542-04", "specification": "terminal", "source": "fd-00493", "demand": 1, "placement": "ug", "duct_group": "10", "duct_assignment": "6" }, "geometry": { "type": "Point", "coordinates": [ -119.284959316377922, 35.490595539772208 ] } },
{ "type": "Feature", "properties": { "id": "fd-01824", "input_id": "026-542-03", "specification": "terminal", "source": "fd-00494", "demand": 1, "placement": "ug", "duct_group": "10", "duct_assignment": "9" }, "geometry": { "type": "Point", "coordinates": [ -119.28496142897356, 35.490427976832635 ] } },
{ "type": "Feature", "properties": { "id": "fd-01825", "input_id": "026-542-02", "specification": "terminal", "source": "fd-00494", "demand": 1, "placement": "ug", "duct_group": "10", "duct_assignment": "8" }, "geometry": { "type": "Point", "coordinates": [ -119.284963541995239, 35.490260413518904 ] } },
{ "type": "Feature", "properties": { "id": "fd-01826", "input_id": "026-542-01", "specification": "terminal", "source": "fd-00495", "demand": 1, "placement": "ug", "duct_group": "10", "duct_assignment": "11" }, "geometry": { "type": "Point", "coordinates": [ -119.284965637851812, 35.490094228852257 ] } },
{ "type": "Feature", "properties": { "id": "fd-01827", "input_id": "026-551-02", "specification": "terminal", "source": "fd-00458", "demand": 1, "placement": "ug", "duct_group": "3", "duct_assignment": "10" }, "geometry": { "type": "Point", "coordinates": [ -119.28365471512933, 35.49108721861819 ] } },
{ "type": "Feature", "properties": { "id": "fd-01828", "input_id": "026-551-03", "specification": "terminal", "source": "fd-00442", "demand": 1, "placement": "ug", "duct_group": "1", "duct_assignment": "2" }, "geometry": { "type": "Point", "coordinates": [ -119.283656849651223, 35.490919650079704 ] } },
{ "type": "Feature", "properties": { "id": "fd-01829", "input_id": "026-551-04", "specification": "terminal", "source": "fd-00442", "demand": 1, "placement": "ug", "duct_group": "1", "duct_assignment": "1" }, "geometry": { "type": "Point", "coordinates": [ -119.283658984001079, 35.490752081674856 ] } },
{ "type": "Feature", "properties": { "id": "fd-01830", "input_id": "026-551-05", "specification": "terminal", "source": "fd-00443", "demand": 1, "placement": "ug", "duct_group": "1", "duct_assignment": "4" }, "geometry": { "type": "Point", "coordinates": [ -119.283661118062099, 35.490584513300981 ] } },
{ "type": "Feature", "properties": { "id": "fd-01831", "input_id": "026-551-06", "specification": "terminal", "source": "fd-00443", "demand": 1, "placement": "ug", "duct_group": "1", "duct_assignment": "3" }, "geometry": { "type": "Point", "coordinates": [ -119.283663252294062, 35.490416945143799 ] } },
{ "type": "Feature", "properties": { "id": "fd-01832", "input_id": "026-551-07", "specification": "terminal", "source": "fd-00444", "demand": 1, "placement": "ug", "duct_group": "1", "duct_assignment": "5" }, "geometry": { "type": "Point", "coordinates": [ -119.28366538617216, 35.490249377421399 ] } },
{ "type": "Feature", "properties": { "id": "fd-01833", "input_id": "026-551-08", "specification": "terminal", "source": "fd-00444", "demand": 1, "placement": "ug", "duct_group": "1", "duct_assignment": "6" }, "geometry": { "type": "Point", "coordinates": [ -119.283667501659096, 35.490083184459877 ] } },
{ "type": "Feature", "properties": { "id": "fd-01834", "input_id": "026-551-09", "specification": "terminal", "source": "fd-00445", "demand": 1, "placement": "ug", "duct_group": "1", "duct_assignment": "7" }, "geometry": { "type": "Point", "coordinates": [ -119.283669689448644, 35.489911497364915 ] } },
{ "type": "Feature", "properties": { "id": "fd-01835", "input_id": "026-551-10", "specification": "terminal", "source": "fd-00445", "demand": 1, "placement": "ug", "duct_group": "1", "duct_assignment": "8" }, "geometry": { "type": "Point", "coordinates": [ -119.283671963070631, 35.489732941236277 ] } },
{ "type": "Feature", "properties": { "id": "fd-01836", "input_id": "026-551-11", "specification": "terminal", "source": "fd-00446", "demand": 1, "placement": "ug", "duct_group": "1", "duct_assignment": "10" }, "geometry": { "type": "Point", "coordinates": [ -119.283674237020264, 35.489554385550484 ] } },
{ "type": "Feature", "properties": { "id": "fd-01837", "input_id": "026-551-12", "specification": "terminal", "source": "fd-00446", "demand": 1, "placement": "ug", "duct_group": "1", "duct_assignment": "9" }, "geometry": { "type": "Point", "coordinates": [ -119.283676597922877, 35.489368962799247 ] } },
{ "type": "Feature", "properties": { "id": "fd-01838", "input_id": "026-551-13", "specification": "terminal", "source": "fd-00447", "demand": 1, "placement": "ug", "duct_group": "1", "duct_assignment": "11" }, "geometry": { "type": "Point", "coordinates": [ -119.283683408494895, 35.489175959142024 ] } },
{ "type": "Feature", "properties": { "id": "fd-01839", "input_id": "026-552-13", "specification": "terminal", "source": "fd-00450", "demand": 1, "placement": "ug", "duct_group": "2", "duct_assignment": "4" }, "geometry": { "type": "Point", "coordinates": [ -119.283062149857869, 35.491169217560753 ] } },
{ "type": "Feature", "properties": { "id": "fd-01840", "input_id": "026-552-12", "specification": "terminal", "source": "fd-00450", "demand": 1, "placement": "ug", "duct_group": "2", "duct_assignment": "5" }, "geometry": { "type": "Point", "coordinates": [ -119.283064226597489, 35.491004394073251 ] } },
{ "type": "Feature", "properties": { "id": "fd-01841", "input_id": "026-552-11", "specification": "terminal", "source": "fd-00451", "demand": 1, "placement": "ug", "duct_group": "2", "duct_assignment": "7" }, "geometry": { "type": "Point", "coordinates": [ -119.283066303939322, 35.490839570776302 ] } },
{ "type": "Feature", "properties": { "id": "fd-01842", "input_id": "026-552-10", "specification": "terminal", "source": "fd-00451", "demand": 1, "placement": "ug", "duct_group": "2", "duct_assignment": "6" }, "geometry": { "type": "Point", "coordinates": [ -119.283068381292196, 35.490674747523002 ] } },
{ "type": "Feature", "properties": { "id": "fd-01843", "input_id": "026-552-09", "specification": "terminal", "source": "fd-00452", "demand": 1, "placement": "ug", "duct_group": "2", "duct_assignment": "8" }, "geometry": { "type": "Point", "coordinates": [ -119.283070459217527, 35.49050992451847 ] } },
{ "type": "Feature", "properties": { "id": "fd-01844", "input_id": "026-552-08", "specification": "terminal", "source": "fd-00452", "demand": 1, "placement": "ug", "duct_group": "2", "duct_assignment": "9" }, "geometry": { "type": "Point", "coordinates": [ -119.283072537321331, 35.490345101846195 ] } },
{ "type": "Feature", "properties": { "id": "fd-01845", "input_id": "026-552-07", "specification": "terminal", "source": "fd-00453", "demand": 1, "placement": "ug", "duct_group": "2", "duct_assignment": "10" }, "geometry": { "type": "Point", "coordinates": [ -119.283074615228159, 35.490180279013607 ] } },
{ "type": "Feature", "properties": { "id": "fd-01846", "input_id": "026-552-06", "specification": "terminal", "source": "fd-00453", "demand": 1, "placement": "ug", "duct_group": "2", "duct_assignment": "11" }, "geometry": { "type": "Point", "coordinates": [ -119.28307669349411, 35.490015456096415 ] } },
{ "type": "Feature", "properties": { "id": "fd-01847", "input_id": "026-552-05", "specification": "terminal", "source": "fd-00467", "demand": 1, "placement": "ug", "duct_group": "5", "duct_assignment": "9" }, "geometry": { "type": "Point", "coordinates": [ -119.283078771033487, 35.489850633464222 ] } },
{ "type": "Feature", "properties": { "id": "fd-01848", "input_id": "026-552-04", "specification": "terminal", "source": "fd-00467", "demand": 1, "placement": "ug", "duct_group": "5", "duct_assignment": "8" }, "geometry": { "type": "Point", "coordinates": [ -119.283080848828931, 35.489685810810357 ] } },
{ "type": "Feature", "properties": { "id": "fd-01849", "input_id": "026-552-03", "specification": "terminal", "source": "fd-00468", "demand": 1, "placement": "ug", "duct_group": "5", "duct_assignment": "11" }, "geometry": { "type": "Point", "coordinates": [ -119.28308292646129, 35.489520988078588 ] } },
{ "type": "Feature", "properties": { "id": "fd-01850", "input_id": "026-552-02", "specification": "terminal", "source": "fd-00468", "demand": 1, "placement": "ug", "duct_group": "5", "duct_assignment": "10" }, "geometry": { "type": "Point", "coordinates": [ -119.283085004590575, 35.489356165636373 ] } },
{ "type": "Feature", "properties": { "id": "fd-01851", "input_id": "026-552-01", "specification": "terminal", "source": "fd-00469", "demand": 1, "placement": "ug", "duct_group": "5", "duct_assignment": "12" }, "geometry": { "type": "Point", "coordinates": [ -119.283083168329441, 35.489176541815233 ] } },
{ "type": "Feature", "properties": { "id": "fd-01852", "input_id": "026-693-02", "specification": "terminal", "source": "fd-00693", "demand": 1, "placement": "ug", "duct_group": "2", "duct_assignment": "2" }, "geometry": { "type": "Point", "coordinates": [ -119.280441945281538, 35.490913741867701 ] } },
{ "type": "Feature", "properties": { "id": "fd-01853", "input_id": "026-693-03", "specification": "terminal", "source": "fd-00693", "demand": 1, "placement": "ug", "duct_group": "2", "duct_assignment": "3" }, "geometry": { "type": "Point", "coordinates": [ -119.280273461541611, 35.490915052045445 ] } },
{ "type": "Feature", "properties": { "id": "fd-01854", "input_id": "026-472-06", "specification": "terminal", "source": "fd-00782", "demand": 1, "placement": "ug", "duct_group": "6", "duct_assignment": "6" }, "geometry": { "type": "Point", "coordinates": [ -119.280218675252499, 35.490671748186621 ] } },
{ "type": "Feature", "properties": { "id": "fd-01855", "input_id": "026-693-04", "specification": "terminal", "source": "fd-00713", "demand": 1, "placement": "ug", "duct_group": "5", "duct_assignment": "6" }, "geometry": { "type": "Point", "coordinates": [ -119.2801055384177, 35.490914560945249 ] } },
{ "type": "Feature", "properties": { "id": "fd-01856", "input_id": "026-473-08", "specification": "terminal", "source": "fd-00770", "demand": 1, "placement": "ug", "duct_group": "4", "duct_assignment": "7" }, "geometry": { "type": "Point", "coordinates": [ -119.279982888890771, 35.490286065978552 ] } },
{ "type": "Feature", "properties": { "id": "fd-01857", "input_id": "026-473-09", "specification": "terminal", "source": "fd-00770", "demand": 1, "placement": "ug", "duct_group": "4", "duct_assignment": "8" }, "geometry": { "type": "Point", "coordinates": [ -119.279992975005626, 35.490143409225091 ] } },
{ "type": "Feature", "properties": { "id": "fd-01858", "input_id": "026-472-05", "specification": "terminal", "source": "fd-00781", "demand": 1, "placement": "ug", "duct_group": "6", "duct_assignment": "4" }, "geometry": { "type": "Point", "coordinates": [ -119.279964736565645, 35.490649956538114 ] } },
{ "type": "Feature", "properties": { "id": "fd-01859", "input_id": "026-473-26", "specification": "terminal", "source": "fd-00757", "demand": 1, "placement": "ug", "duct_group": "2", "duct_assignment": "8" }, "geometry": { "type": "Point", "coordinates": [ -119.280001842252219, 35.489423813613108 ] } },
{ "type": "Feature", "properties": { "id": "fd-01860", "input_id": "026-473-25", "specification": "terminal", "source": "fd-00757", "demand": 1, "placement": "ug", "duct_group": "2", "duct_assignment": "7" }, "geometry": { "type": "Point", "coordinates": [ -119.279991773926071, 35.489564991249331 ] } },
{ "type": "Feature", "properties": { "id": "fd-01861", "input_id": "026-473-27", "specification": "terminal", "source": "fd-00759", "demand": 1, "placement": "ug", "duct_group": "2", "duct_assignment": "11" }, "geometry": { "type": "Point", "coordinates": [ -119.280003543318529, 35.489285776780029 ] } },
{ "type": "Feature", "properties": { "id": "fd-01862", "input_id": "026-473-28", "specification": "terminal", "source": "fd-00758", "demand": 1, "placement": "ug", "duct_group": "2", "duct_assignment": "10" }, "geometry": { "type": "Point", "coordinates": [ -119.27999676125448, 35.489144166773471 ] } },
{ "type": "Feature", "properties": { "id": "fd-01863", "input_id": "026-473-11", "specification": "terminal", "source": "fd-00771", "demand": 1, "placement": "ug", "duct_group": "4", "duct_assignment": "10" }, "geometry": { "type": "Point", "coordinates": [ -119.279987993306577, 35.489859779498452 ] } },
{ "type": "Feature", "properties": { "id": "fd-01864", "input_id": "026-473-10", "specification": "terminal", "source": "fd-00771", "demand": 1, "placement": "ug", "duct_group": "4", "duct_assignment": "9" }, "geometry": { "type": "Point", "coordinates": [ -119.279994709622542, 35.490002646973011 ] } },
{ "type": "Feature", "properties": { "id": "fd-01865", "input_id": "026-473-29", "specification": "terminal", "source": "fd-00758", "demand": 1, "placement": "ug", "duct_group": "2", "duct_assignment": "9" }, "geometry": { "type": "Point", "coordinates": [ -119.279752655219809, 35.489209493231741 ] } },
{ "type": "Feature", "properties": { "id": "fd-01866", "input_id": "026-473-24", "specification": "terminal", "source": "fd-00788", "demand": 1, "placement": "ug", "duct_group": "7", "duct_assignment": "3" }, "geometry": { "type": "Point", "coordinates": [ -119.279749078955575, 35.489498625235747 ] } },
{ "type": "Feature", "properties": { "id": "fd-01867", "input_id": "026-473-12", "specification": "terminal", "source": "fd-00772", "demand": 1, "placement": "ug", "duct_group": "4", "duct_assignment": "11" }, "geometry": { "type": "Point", "coordinates": [ -119.279743805294572, 35.489926360700025 ] } },
{ "type": "Feature", "properties": { "id": "fd-01868", "input_id": "026-693-05", "specification": "terminal", "source": "fd-00713", "demand": 1, "placement": "ug", "duct_group": "5", "duct_assignment": "5" }, "geometry": { "type": "Point", "coordinates": [ -119.279937617040062, 35.490914069592279 ] } },
{ "type": "Feature", "properties": { "id": "fd-01869", "input_id": "026-473-07", "specification": "terminal", "source": "fd-00769", "demand": 1, "placement": "ug", "duct_group": "4", "duct_assignment": "5" }, "geometry": { "type": "Point", "coordinates": [ -119.279740207579593, 35.490218218420083 ] } },
{ "type": "Feature", "properties": { "id": "fd-01870", "input_id": "026-472-04", "specification": "terminal", "source": "fd-00740", "demand": 1, "placement": "ug", "duct_group": "0", "duct_assignment": "1" }, "geometry": { "type": "Point", "coordinates": [ -119.279767582265166, 35.490638839964461 ] } },
{ "type": "Feature", "properties": { "id": "fd-01871", "input_id": "026-693-06", "specification": "terminal", "source": "fd-00714", "demand": 1, "placement": "ug", "duct_group": "5", "duct_assignment": "7" }, "geometry": { "type": "Point", "coordinates": [ -119.279769699468943, 35.490913569820599 ] } },
{ "type": "Feature", "properties": { "id": "fd-01872", "input_id": "026-473-06", "specification": "terminal", "source": "fd-00769", "demand": 1, "placement": "ug", "duct_group": "4", "duct_assignment": "6" }, "geometry": { "type": "Point", "coordinates": [ -119.279572286831907, 35.490217725214222 ] } },
{ "type": "Feature", "properties": { "id": "fd-01873", "input_id": "026-472-03", "specification": "terminal", "source": "fd-00780", "demand": 1, "placement": "ug", "duct_group": "6", "duct_assignment": "2" }, "geometry": { "type": "Point", "coordinates": [ -119.279599664199708, 35.490638347968201 ] } },
{ "type": "Feature", "properties": { "id": "fd-01874", "input_id": "026-473-30", "specification": "terminal", "source": "fd-00756", "demand": 1, "placement": "ug", "duct_group": "2", "duct_assignment": "5" }, "geometry": { "type": "Point", "coordinates": [ -119.279584741673261, 35.489209002419081 ] } },
{ "type": "Feature", "properties": { "id": "fd-01875", "input_id": "026-473-23", "specification": "terminal", "source": "fd-00788", "demand": 1, "placement": "ug", "duct_group": "7", "duct_assignment": "2" }, "geometry": { "type": "Point", "coordinates": [ -119.279581161449158, 35.489498133540245 ] } },
{ "type": "Feature", "properties": { "id": "fd-01876", "input_id": "026-473-13", "specification": "terminal", "source": "fd-00772", "demand": 1, "placement": "ug", "duct_group": "4", "duct_assignment": "12" }, "geometry": { "type": "Point", "coordinates": [ -119.279575884994543, 35.489925867658791 ] } },
{ "type": "Feature", "properties": { "id": "fd-01877", "input_id": "026-693-07", "specification": "terminal", "source": "fd-00714", "demand": 1, "placement": "ug", "duct_group": "5", "duct_assignment": "8" }, "geometry": { "type": "Point", "coordinates": [ -119.279601782724569, 35.490913077894284 ] } },
{ "type": "Feature", "properties": { "id": "fd-01878", "input_id": "026-472-02", "specification": "terminal", "source": "fd-00780", "demand": 1, "placement": "ug", "duct_group": "6", "duct_assignment": "3" }, "geometry": { "type": "Point", "coordinates": [ -119.279431747968317, 35.490637855717083 ] } },
{ "type": "Feature", "properties": { "id": "fd-01879", "input_id": "026-693-08", "specification": "terminal", "source": "fd-00715", "demand": 1, "placement": "ug", "duct_group": "5", "duct_assignment": "9" }, "geometry": { "type": "Point", "coordinates": [ -119.279433868416234, 35.490912585332111 ] } },
{ "type": "Feature", "properties": { "id": "fd-01880", "input_id": "026-453-02", "specification": "terminal", "source": "fd-00681", "demand": 1, "placement": "ug", "duct_group": "0", "duct_assignment": "5" }, "geometry": { "type": "Point", "coordinates": [ -119.281011481480746, 35.491338032632704 ] } },
{ "type": "Feature", "properties": { "id": "fd-01881", "input_id": "026-453-03", "specification": "terminal", "source": "fd-00682", "demand": 1, "placement": "ug", "duct_group": "0", "duct_assignment": "7" }, "geometry": { "type": "Point", "coordinates": [ -119.281210615655382, 35.491338613550063 ] } },
{ "type": "Feature", "properties": { "id": "fd-01882", "input_id": "026-453-04", "specification": "terminal", "source": "fd-00683", "demand": 1, "placement": "ug", "duct_group": "0", "duct_assignment": "9" }, "geometry": { "type": "Point", "coordinates": [ -119.281409752741425, 35.491339193190541 ] } },
{ "type": "Feature", "properties": { "id": "fd-01883", "input_id": "026-453-05", "specification": "terminal", "source": "fd-00683", "demand": 1, "placement": "ug", "duct_group": "0", "duct_assignment": "8" }, "geometry": { "type": "Point", "coordinates": [ -119.281608893242449, 35.491339772623526 ] } },
{ "type": "Feature", "properties": { "id": "fd-01884", "input_id": "026-453-01", "specification": "terminal", "source": "fd-00681", "demand": 1, "placement": "ug", "duct_group": "0", "duct_assignment": "6" }, "geometry": { "type": "Point", "coordinates": [ -119.280812349693704, 35.491337448084764 ] } },
{ "type": "Feature", "properties": { "id": "fd-01885", "input_id": "026-451-17", "specification": "terminal", "source": "fd-00658", "demand": 1, "placement": "ug", "duct_group": "5", "duct_assignment": "6" }, "geometry": { "type": "Point", "coordinates": [ -119.282696802214886, 35.491320087897158 ] } },
{ "type": "Feature", "properties": { "id": "fd-01886", "input_id": "026-453-06", "specification": "terminal", "source": "fd-00684", "demand": 1, "placement": "ug", "duct_group": "0", "duct_assignment": "11" }, "geometry": { "type": "Point", "coordinates": [ -119.281808037389339, 35.491340351539471 ] } },
{ "type": "Feature", "properties": { "id": "fd-01887", "input_id": "026-453-07", "specification": "terminal", "source": "fd-00684", "demand": 1, "placement": "ug", "duct_group": "0", "duct_assignment": "10" }, "geometry": { "type": "Point", "coordinates": [ -119.282007185460259, 35.491340930770704 ] } },
{ "type": "Feature", "properties": { "id": "fd-01888", "input_id": "026-453-08", "specification": "terminal", "source": "fd-00685", "demand": 1, "placement": "ug", "duct_group": "0", "duct_assignment": "12" }, "geometry": { "type": "Point", "coordinates": [ -119.282213194753638, 35.491345315550738 ] } },
{ "type": "Feature", "properties": { "id": "fd-01889", "input_id": "026-453-12", "specification": "terminal", "source": "fd-00655", "demand": 1, "placement": "ug", "duct_group": "5", "duct_assignment": "1" }, "geometry": { "type": "Point", "coordinates": [ -119.281607646153688, 35.49161778123154 ] } },
{ "type": "Feature", "properties": { "id": "fd-01890", "input_id": "026-451-16", "specification": "terminal", "source": "fd-00710", "demand": 1, "placement": "ug", "duct_group": "4", "duct_assignment": "11" }, "geometry": { "type": "Point", "coordinates": [ -119.282695520581569, 35.491484864974602 ] } },
{ "type": "Feature", "properties": { "id": "fd-01891", "input_id": "026-453-11", "specification": "terminal", "source": "fd-00656", "demand": 1, "placement": "ug", "duct_group": "5", "duct_assignment": "3" }, "geometry": { "type": "Point", "coordinates": [ -119.281806792603007, 35.491618359036742 ] } },
{ "type": "Feature", "properties": { "id": "fd-01892", "input_id": "026-453-10", "specification": "terminal", "source": "fd-00657", "demand": 1, "placement": "ug", "duct_group": "5", "duct_assignment": "4" }, "geometry": { "type": "Point", "coordinates": [ -119.282005942709304, 35.491618937482471 ] } },
{ "type": "Feature", "properties": { "id": "fd-01893", "input_id": "026-453-09", "specification": "terminal", "source": "fd-00657", "demand": 1, "placement": "ug", "duct_group": "5", "duct_assignment": "5" }, "geometry": { "type": "Point", "coordinates": [ -119.282211988810687, 35.491615752752722 ] } },
{ "type": "Feature", "properties": { "id": "fd-01894", "input_id": "026-692-04", "specification": "terminal", "source": "fd-00680", "demand": 1, "placement": "ug", "duct_group": "0", "duct_assignment": "4" }, "geometry": { "type": "Point", "coordinates": [ -119.280602035978561, 35.491336433372275 ] } },
{ "type": "Feature", "properties": { "id": "fd-01895", "input_id": "026-484-01", "specification": "terminal", "source": "fd-00449", "demand": 1, "placement": "ug", "duct_group": "2", "duct_assignment": "3" }, "geometry": { "type": "Point", "coordinates": [ -119.283060071800207, 35.491334041651818 ] } },
{ "type": "Feature", "properties": { "id": "fd-01896", "input_id": "026-484-02", "specification": "terminal", "source": "fd-00448", "demand": 1, "placement": "ug", "duct_group": "2", "duct_assignment": "2" }, "geometry": { "type": "Point", "coordinates": [ -119.283056467797977, 35.491498330742878 ] } },
{ "type": "Feature", "properties": { "id": "fd-01897", "input_id": "026-482-04", "specification": "terminal", "source": "fd-00485", "demand": 1, "placement": "ug", "duct_group": "9", "duct_assignment": "1" }, "geometry": { "type": "Point", "coordinates": [ -119.284612846616056, 35.491430512021623 ] } },
{ "type": "Feature", "properties": { "id": "fd-01898", "input_id": "026-482-03", "specification": "terminal", "source": "fd-00485", "demand": 1, "placement": "ug", "duct_group": "9", "duct_assignment": "2" }, "geometry": { "type": "Point", "coordinates": [ -119.284612748698677, 35.491602555898844 ] } },
{ "type": "Feature", "properties": { "id": "fd-01899", "input_id": "026-483-02", "specification": "terminal", "source": "fd-00437", "demand": 1, "placement": "ug", "duct_group": "0", "duct_assignment": "2" }, "geometry": { "type": "Point", "coordinates": [ -119.284040858378376, 35.491597866592116 ] } },
{ "type": "Feature", "properties": { "id": "fd-01900", "input_id": "026-483-01", "specification": "terminal", "source": "fd-00437", "demand": 1, "placement": "ug", "duct_group": "0", "duct_assignment": "1" }, "geometry": { "type": "Point", "coordinates": [ -119.284045154285025, 35.491425702394388 ] } },
{ "type": "Feature", "properties": { "id": "fd-01901", "input_id": "026-501-01", "specification": "terminal", "source": "fd-00486", "demand": 1, "placement": "ug", "duct_group": "9", "duct_assignment": "3" }, "geometry": { "type": "Point", "coordinates": [ -119.284614964224147, 35.491262946990176 ] } },
{ "type": "Feature", "properties": { "id": "fd-01902", "input_id": "026-503-13", "specification": "terminal", "source": "fd-00438", "demand": 1, "placement": "ug", "duct_group": "0", "duct_assignment": "3" }, "geometry": { "type": "Point", "coordinates": [ -119.284047282186634, 35.491258135198024 ] } },
{ "type": "Feature", "properties": { "id": "fd-01903", "input_id": "026-483-03", "specification": "terminal", "source": "fd-00457", "demand": 1, "placement": "ug", "duct_group": "3", "duct_assignment": "8" }, "geometry": { "type": "Point", "coordinates": [ -119.283650363288743, 35.491594547071237 ] } },
{ "type": "Feature", "properties": { "id": "fd-01904", "input_id": "026-483-04", "specification": "terminal", "source": "fd-00457", "demand": 1, "placement": "ug", "duct_group": "3", "duct_assignment": "7" }, "geometry": { "type": "Point", "coordinates": [ -119.283650446677314, 35.491422356842605 ] } },
{ "type": "Feature", "properties": { "id": "fd-01905", "input_id": "026-481-17", "specification": "terminal", "source": "fd-00476", "demand": 1, "placement": "ug", "duct_group": "6", "duct_assignment": "11" }, "geometry": { "type": "Point", "coordinates": [ -119.285984752568353, 35.491525416495712 ] } },
{ "type": "Feature", "properties": { "id": "fd-01906", "input_id": "026-481-18", "specification": "terminal", "source": "fd-00476", "demand": 1, "placement": "ug", "duct_group": "6", "duct_assignment": "12" }, "geometry": { "type": "Point", "coordinates": [ -119.285767372475746, 35.491522210146783 ] } },
{ "type": "Feature", "properties": { "id": "fd-01907", "input_id": "026-481-19", "specification": "terminal", "source": "fd-00474", "demand": 1, "placement": "ug", "duct_group": "6", "duct_assignment": "8" }, "geometry": { "type": "Point", "coordinates": [ -119.285494543877448, 35.491610074372296 ] } },
{ "type": "Feature", "properties": { "id": "fd-01908", "input_id": "026-481-20", "specification": "terminal", "source": "fd-00474", "demand": 1, "placement": "ug", "duct_group": "6", "duct_assignment": "7" }, "geometry": { "type": "Point", "coordinates": [ -119.285494596365453, 35.491439353511112 ] } },
{ "type": "Feature", "properties": { "id": "fd-01909", "input_id": "026-482-02", "specification": "terminal", "source": "fd-00490", "demand": 1, "placement": "ug", "duct_group": "10", "duct_assignment": "2" }, "geometry": { "type": "Point", "coordinates": [ -119.284944503107099, 35.491605363398939 ] } },
{ "type": "Feature", "properties": { "id": "fd-01910", "input_id": "026-482-01", "specification": "terminal", "source": "fd-00490", "demand": 1, "placement": "ug", "duct_group": "10", "duct_assignment": "1" }, "geometry": { "type": "Point", "coordinates": [ -119.284948754984512, 35.491433356798204 ] } },
{ "type": "Feature", "properties": { "id": "fd-01911", "input_id": "026-541-01", "specification": "terminal", "source": "fd-00479", "demand": 1, "placement": "ug", "duct_group": "8", "duct_assignment": "1" }, "geometry": { "type": "Point", "coordinates": [ -119.285496684217932, 35.491273166337528 ] } },
{ "type": "Feature", "properties": { "id": "fd-01912", "input_id": "026-542-08", "specification": "terminal", "source": "fd-00491", "demand": 1, "placement": "ug", "duct_group": "10", "duct_assignment": "3" }, "geometry": { "type": "Point", "coordinates": [ -119.284950867911206, 35.491265792475069 ] } },
{ "type": "Feature", "properties": { "id": "fd-01913", "input_id": "026-551-01", "specification": "terminal", "source": "fd-00458", "demand": 1, "placement": "ug", "duct_group": "3", "duct_assignment": "9" }, "geometry": { "type": "Point", "coordinates": [ -119.283652580444453, 35.491254787446906 ] } },
{ "type": "Feature", "properties": { "id": "fd-01914", "input_id": "026-692-05", "specification": "terminal", "source": "fd-00679", "demand": 1, "placement": "ug", "duct_group": "0", "duct_assignment": "3" }, "geometry": { "type": "Point", "coordinates": [ -119.280380867280002, 35.491335390207787 ] } },
{ "type": "Feature", "properties": { "id": "fd-01915", "input_id": "026-391-09", "specification": "terminal", "source": "fd-00526", "demand": 1, "placement": "ug", "duct_group": "5", "duct_assignment": "10" }, "geometry": { "type": "Point", "coordinates": [ -119.283223161560457, 35.495073659180058 ] } },
{ "type": "Feature", "properties": { "id": "fd-01916", "input_id": "026-391-10", "specification": "terminal", "source": "fd-00526", "demand": 1, "placement": "ug", "duct_group": "5", "duct_assignment": "9" }, "geometry": { "type": "Point", "coordinates": [ -119.283021580864499, 35.495073035510686 ] } },
{ "type": "Feature", "properties": { "id": "fd-01917", "input_id": "026-391-15", "specification": "terminal", "source": "fd-00533", "demand": 1, "placement": "ug", "duct_group": "6", "duct_assignment": "12" }, "geometry": { "type": "Point", "coordinates": [ -119.282014011769434, 35.495068395137054 ] } },
{ "type": "Feature", "properties": { "id": "fd-01918", "input_id": "026-391-14", "specification": "terminal", "source": "fd-00533", "demand": 1, "placement": "ug", "duct_group": "6", "duct_assignment": "11" }, "geometry": { "type": "Point", "coordinates": [ -119.282215258936787, 35.495070535263501 ] } },
{ "type": "Feature", "properties": { "id": "fd-01919", "input_id": "026-391-13", "specification": "terminal", "source": "fd-00532", "demand": 1, "placement": "ug", "duct_group": "6", "duct_assignment": "10" }, "geometry": { "type": "Point", "coordinates": [ -119.282416839115911, 35.49507116078982 ] } },
{ "type": "Feature", "properties": { "id": "fd-01920", "input_id": "026-391-12", "specification": "terminal", "source": "fd-00532", "demand": 1, "placement": "ug", "duct_group": "6", "duct_assignment": "9" }, "geometry": { "type": "Point", "coordinates": [ -119.282618419623518, 35.495071786191964 ] } },
{ "type": "Feature", "properties": { "id": "fd-01921", "input_id": "026-391-11", "specification": "terminal", "source": "fd-00527", "demand": 1, "placement": "ug", "duct_group": "5", "duct_assignment": "11" }, "geometry": { "type": "Point", "coordinates": [ -119.282820000451451, 35.495072411056562 ] } },
{ "type": "Feature", "properties": { "id": "fd-01922", "input_id": "026-391-19", "specification": "terminal", "source": "fd-00511", "demand": 1, "placement": "ug", "duct_group": "2", "duct_assignment": "12" }, "geometry": { "type": "Point", "coordinates": [ -119.282620227688923, 35.494686559702927 ] } },
{ "type": "Feature", "properties": { "id": "fd-01923", "input_id": "026-391-18", "specification": "terminal", "source": "fd-00531", "demand": 1, "placement": "ug", "duct_group": "6", "duct_assignment": "8" }, "geometry": { "type": "Point", "coordinates": [ -119.282418639375464, 35.494685932429405 ] } },
{ "type": "Feature", "properties": { "id": "fd-01924", "input_id": "026-391-17", "specification": "terminal", "source": "fd-00531", "demand": 1, "placement": "ug", "duct_group": "6", "duct_assignment": "6" }, "geometry": { "type": "Point", "coordinates": [ -119.282217051282672, 35.494685304294215 ] } },
{ "type": "Feature", "properties": { "id": "fd-01925", "input_id": "026-391-16", "specification": "terminal", "source": "fd-00531", "demand": 1, "placement": "ug", "duct_group": "6", "duct_assignment": "7" }, "geometry": { "type": "Point", "coordinates": [ -119.282017260443709, 35.494686907924674 ] } },
{ "type": "Feature", "properties": { "id": "fd-01926", "input_id": "026-391-06", "specification": "terminal", "source": "fd-00524", "demand": 1, "placement": "ug", "duct_group": "5", "duct_assignment": "5" }, "geometry": { "type": "Point", "coordinates": [ -119.283827903121022, 35.495075530014091 ] } },
{ "type": "Feature", "properties": { "id": "fd-01927", "input_id": "026-391-01", "specification": "terminal", "source": "fd-00522", "demand": 1, "placement": "ug", "duct_group": "5", "duct_assignment": "1" }, "geometry": { "type": "Point", "coordinates": [ -119.28483403498339, 35.495076416011571 ] } },
{ "type": "Feature", "properties": { "id": "fd-01928", "input_id": "026-391-02", "specification": "terminal", "source": "fd-00522", "demand": 1, "placement": "ug", "duct_group": "5", "duct_assignment": "2" }, "geometry": { "type": "Point", "coordinates": [ -119.284634225746956, 35.495078019904156 ] } },
{ "type": "Feature", "properties": { "id": "fd-01929", "input_id": "026-391-03", "specification": "terminal", "source": "fd-00523", "demand": 1, "placement": "ug", "duct_group": "5", "duct_assignment": "3" }, "geometry": { "type": "Point", "coordinates": [ -119.284432645210742, 35.495077397638944 ] } },
{ "type": "Feature", "properties": { "id": "fd-01930", "input_id": "026-391-04", "specification": "terminal", "source": "fd-00523", "demand": 1, "placement": "ug", "duct_group": "5", "duct_assignment": "4" }, "geometry": { "type": "Point", "coordinates": [ -119.284231064766345, 35.495076775349261 ] } },
{ "type": "Feature", "properties": { "id": "fd-01931", "input_id": "026-391-05", "specification": "terminal", "source": "fd-00524", "demand": 1, "placement": "ug", "duct_group": "5", "duct_assignment": "6" }, "geometry": { "type": "Point", "coordinates": [ -119.284029484097388, 35.49507615311024 ] } },
{ "type": "Feature", "properties": { "id": "fd-01932", "input_id": "026-391-07", "specification": "terminal", "source": "fd-00525", "demand": 1, "placement": "ug", "duct_group": "5", "duct_assignment": "7" }, "geometry": { "type": "Point", "coordinates": [ -119.283626322692797, 35.495074907183202 ] } },
{ "type": "Feature", "properties": { "id": "fd-01933", "input_id": "026-391-08", "specification": "terminal", "source": "fd-00525", "demand": 1, "placement": "ug", "duct_group": "5", "duct_assignment": "8" }, "geometry": { "type": "Point", "coordinates": [ -119.283424742260664, 35.4950742835711 ] } },
{ "type": "Feature", "properties": { "id": "fd-01934", "input_id": "026-461-17", "specification": "terminal", "source": "fd-00725", "demand": 1, "placement": "ug", "duct_group": "1", "duct_assignment": "1" }, "geometry": { "type": "Point", "coordinates": [ -119.28056008588311, 35.493541963547642 ] } },
{ "type": "Feature", "properties": { "id": "fd-01935", "input_id": "026-461-16", "specification": "terminal", "source": "fd-00725", "demand": 1, "placement": "ug", "duct_group": "1", "duct_assignment": "2" }, "geometry": { "type": "Point", "coordinates": [ -119.280550479502708, 35.493696892194258 ] } },
{ "type": "Feature", "properties": { "id": "fd-01936", "input_id": "026-461-10", "specification": "terminal", "source": "fd-00729", "demand": 1, "placement": "ug", "duct_group": "1", "duct_assignment": "8" }, "geometry": { "type": "Point", "coordinates": [ -119.280467907624654, 35.49468006316939 ] } },
{ "type": "Feature", "properties": { "id": "fd-01937", "input_id": "026-461-15", "specification": "terminal", "source": "fd-00726", "demand": 1, "placement": "ug", "duct_group": "1", "duct_assignment": "3" }, "geometry": { "type": "Point", "coordinates": [ -119.280548584692653, 35.493848191263098 ] } },
{ "type": "Feature", "properties": { "id": "fd-01938", "input_id": "026-461-14", "specification": "terminal", "source": "fd-00727", "demand": 1, "placement": "ug", "duct_group": "1", "duct_assignment": "5" }, "geometry": { "type": "Point", "coordinates": [ -119.280546689823183, 35.49399949010806 ] } },
{ "type": "Feature", "properties": { "id": "fd-01939", "input_id": "026-461-13", "specification": "terminal", "source": "fd-00727", "demand": 1, "placement": "ug", "duct_group": "1", "duct_assignment": "4" }, "geometry": { "type": "Point", "coordinates": [ -119.280544998440888, 35.49415074773119 ] } },
{ "type": "Feature", "properties": { "id": "fd-01940", "input_id": "026-461-12", "specification": "terminal", "source": "fd-00728", "demand": 1, "placement": "ug", "duct_group": "1", "duct_assignment": "6" }, "geometry": { "type": "Point", "coordinates": [ -119.280569361149787, 35.49432027490009 ] } },
{ "type": "Feature", "properties": { "id": "fd-01941", "input_id": "026-461-11", "specification": "terminal", "source": "fd-00728", "demand": 1, "placement": "ug", "duct_group": "1", "duct_assignment": "7" }, "geometry": { "type": "Point", "coordinates": [ -119.28054983625016, 35.494513195675907 ] } },
{ "type": "Feature", "properties": { "id": "fd-01942", "input_id": "026-400-12", "specification": "terminal", "source": "fd-00505", "demand": 1, "placement": "ug", "duct_group": "1", "duct_assignment": "12" }, "geometry": { "type": "Point", "coordinates": [ -119.282027575081855, 35.493806410994864 ] } },
{ "type": "Feature", "properties": { "id": "fd-01943", "input_id": "026-400-11", "specification": "terminal", "source": "fd-00505", "demand": 1, "placement": "ug", "duct_group": "1", "duct_assignment": "11" }, "geometry": { "type": "Point", "coordinates": [ -119.282226579772711, 35.493804791658434 ] } },
{ "type": "Feature", "properties": { "id": "fd-01944", "input_id": "026-400-10", "specification": "terminal", "source": "fd-00504", "demand": 1, "placement": "ug", "duct_group": "1", "duct_assignment": "10" }, "geometry": { "type": "Point", "coordinates": [ -119.282428188058205, 35.493805424574411 ] } },
{ "type": "Feature", "properties": { "id": "fd-01945", "input_id": "026-400-09", "specification": "terminal", "source": "fd-00521", "demand": 1, "placement": "ug", "duct_group": "4", "duct_assignment": "10" }, "geometry": { "type": "Point", "coordinates": [ -119.282629796438442, 35.493806057164988 ] } },
{ "type": "Feature", "properties": { "id": "fd-01946", "input_id": "026-400-08", "specification": "terminal", "source": "fd-00521", "demand": 1, "placement": "ug", "duct_group": "4", "duct_assignment": "9" }, "geometry": { "type": "Point", "coordinates": [ -119.282831404586176, 35.493806689487073 ] } },
{ "type": "Feature", "properties": { "id": "fd-01947", "input_id": "026-400-07", "specification": "terminal", "source": "fd-00520", "demand": 1, "placement": "ug", "duct_group": "4", "duct_assignment": "8" }, "geometry": { "type": "Point", "coordinates": [ -119.283033013338397, 35.493807321569079 ] } },
{ "type": "Feature", "properties": { "id": "fd-01948", "input_id": "026-400-06", "specification": "terminal", "source": "fd-00520", "demand": 1, "placement": "ug", "duct_group": "4", "duct_assignment": "7" }, "geometry": { "type": "Point", "coordinates": [ -119.283234621726947, 35.493807953299168 ] } },
{ "type": "Feature", "properties": { "id": "fd-01949", "input_id": "026-391-22", "specification": "terminal", "source": "fd-00510", "demand": 1, "placement": "ug", "duct_group": "2", "duct_assignment": "9" }, "geometry": { "type": "Point", "coordinates": [ -119.283224991849707, 35.494688440148181 ] } },
{ "type": "Feature", "properties": { "id": "fd-01950", "input_id": "026-391-21", "specification": "terminal", "source": "fd-00510", "demand": 1, "placement": "ug", "duct_group": "2", "duct_assignment": "10" }, "geometry": { "type": "Point", "coordinates": [ -119.283023403514107, 35.494687814017546 ] } },
{ "type": "Feature", "properties": { "id": "fd-01951", "input_id": "026-391-20", "specification": "terminal", "source": "fd-00511", "demand": 1, "placement": "ug", "duct_group": "2", "duct_assignment": "11" }, "geometry": { "type": "Point", "coordinates": [ -119.282821815415076, 35.494687186573429 ] } },
{ "type": "Feature", "properties": { "id": "fd-01952", "input_id": "026-392-11", "specification": "terminal", "source": "fd-00528", "demand": 1, "placement": "ug", "duct_group": "6", "duct_assignment": "2" }, "geometry": { "type": "Point", "coordinates": [ -119.282829588307933, 35.494191914268306 ] } },
{ "type": "Feature", "properties": { "id": "fd-01953", "input_id": "026-392-12", "specification": "terminal", "source": "fd-00528", "demand": 1, "placement": "ug", "duct_group": "6", "duct_assignment": "1" }, "geometry": { "type": "Point", "coordinates": [ -119.2826279874634, 35.494191284182982 ] } },
{ "type": "Feature", "properties": { "id": "fd-01954", "input_id": "026-392-13", "specification": "terminal", "source": "fd-00529", "demand": 1, "placement": "ug", "duct_group": "6", "duct_assignment": "3" }, "geometry": { "type": "Point", "coordinates": [ -119.282426386718441, 35.494190653302311 ] } },
{ "type": "Feature", "properties": { "id": "fd-01955", "input_id": "026-392-14", "specification": "terminal", "source": "fd-00530", "demand": 1, "placement": "ug", "duct_group": "6", "duct_assignment": "5" }, "geometry": { "type": "Point", "coordinates": [ -119.28222478638871, 35.494190022772536 ] } },
{ "type": "Feature", "properties": { "id": "fd-01956", "input_id": "026-392-15", "specification": "terminal", "source": "fd-00530", "demand": 1, "placement": "ug", "duct_group": "6", "duct_assignment": "4" }, "geometry": { "type": "Point", "coordinates": [ -119.282024324898416, 35.494187866814841 ] } },
{ "type": "Feature", "properties": { "id": "fd-01957", "input_id": "026-392-10", "specification": "terminal", "source": "fd-00516", "demand": 1, "placement": "ug", "duct_group": "3", "duct_assignment": "10" }, "geometry": { "type": "Point", "coordinates": [ -119.283031189015588, 35.494192543658059 ] } },
{ "type": "Feature", "properties": { "id": "fd-01958", "input_id": "026-392-09", "specification": "terminal", "source": "fd-00516", "demand": 1, "placement": "ug", "duct_group": "3", "duct_assignment": "9" }, "geometry": { "type": "Point", "coordinates": [ -119.283232789902826, 35.494193173460992 ] } },
{ "type": "Feature", "properties": { "id": "fd-01959", "input_id": "026-463-14", "specification": "terminal", "source": "fd-00739", "demand": 1, "placement": "ug", "duct_group": "3", "duct_assignment": "1" }, "geometry": { "type": "Point", "coordinates": [ -119.280279918396104, 35.493166365435222 ] } },
{ "type": "Feature", "properties": { "id": "fd-01960", "input_id": "026-463-17", "specification": "terminal", "source": "fd-00700", "demand": 1, "placement": "ug", "duct_group": "3", "duct_assignment": "3" }, "geometry": { "type": "Point", "coordinates": [ -119.280280393218462, 35.492863853125577 ] } },
{ "type": "Feature", "properties": { "id": "fd-01961", "input_id": "026-410-09", "specification": "terminal", "source": "fd-00500", "demand": 1, "placement": "ug", "duct_group": "1", "duct_assignment": "4" }, "geometry": { "type": "Point", "coordinates": [ -119.283243940815609, 35.493312692196611 ] } },
{ "type": "Feature", "properties": { "id": "fd-01962", "input_id": "026-410-10", "specification": "terminal", "source": "fd-00500", "demand": 1, "placement": "ug", "duct_group": "1", "duct_assignment": "3" }, "geometry": { "type": "Point", "coordinates": [ -119.283042321378815, 35.493312057448598 ] } },
{ "type": "Feature", "properties": { "id": "fd-01963", "input_id": "026-410-15", "specification": "terminal", "source": "fd-00503", "demand": 1, "placement": "ug", "duct_group": "1", "duct_assignment": "8" }, "geometry": { "type": "Point", "coordinates": [ -119.282035405558631, 35.493307348875952 ] } },
{ "type": "Feature", "properties": { "id": "fd-01964", "input_id": "026-410-14", "specification": "terminal", "source": "fd-00503", "demand": 1, "placement": "ug", "duct_group": "1", "duct_assignment": "9" }, "geometry": { "type": "Point", "coordinates": [ -119.282235842158812, 35.493309515812861 ] } },
{ "type": "Feature", "properties": { "id": "fd-01965", "input_id": "026-410-13", "specification": "terminal", "source": "fd-00502", "demand": 1, "placement": "ug", "duct_group": "1", "duct_assignment": "7" }, "geometry": { "type": "Point", "coordinates": [ -119.282437461674817, 35.493310151889098 ] } },
{ "type": "Feature", "properties": { "id": "fd-01966", "input_id": "026-410-12", "specification": "terminal", "source": "fd-00501", "demand": 1, "placement": "ug", "duct_group": "1", "duct_assignment": "5" }, "geometry": { "type": "Point", "coordinates": [ -119.282639081692636, 35.493310787701681 ] } },
{ "type": "Feature", "properties": { "id": "fd-01967", "input_id": "026-410-11", "specification": "terminal", "source": "fd-00501", "demand": 1, "placement": "ug", "duct_group": "1", "duct_assignment": "6" }, "geometry": { "type": "Point", "coordinates": [ -119.282840701811139, 35.493311422587254 ] } },
{ "type": "Feature", "properties": { "id": "fd-01968", "input_id": "026-463-13", "specification": "terminal", "source": "fd-00732", "demand": 1, "placement": "ug", "duct_group": "2", "duct_assignment": "1" }, "geometry": { "type": "Point", "coordinates": [ -119.280095126273949, 35.493165827285715 ] } },
{ "type": "Feature", "properties": { "id": "fd-01969", "input_id": "026-463-18", "specification": "terminal", "source": "fd-00701", "demand": 1, "placement": "ug", "duct_group": "3", "duct_assignment": "6" }, "geometry": { "type": "Point", "coordinates": [ -119.280088940486024, 35.492863295407737 ] } },
{ "type": "Feature", "properties": { "id": "fd-01970", "input_id": "026-461-09", "specification": "terminal", "source": "fd-00729", "demand": 1, "placement": "ug", "duct_group": "1", "duct_assignment": "9" }, "geometry": { "type": "Point", "coordinates": [ -119.280214538099941, 35.49470640961151 ] } },
{ "type": "Feature", "properties": { "id": "fd-01971", "input_id": "026-400-05", "specification": "terminal", "source": "fd-00519", "demand": 1, "placement": "ug", "duct_group": "4", "duct_assignment": "5" }, "geometry": { "type": "Point", "coordinates": [ -119.283436230161911, 35.493808584344301 ] } },
{ "type": "Feature", "properties": { "id": "fd-01972", "input_id": "026-400-04", "specification": "terminal", "source": "fd-00519", "demand": 1, "placement": "ug", "duct_group": "4", "duct_assignment": "6" }, "geometry": { "type": "Point", "coordinates": [ -119.283637837820379, 35.493809215577294 ] } },
{ "type": "Feature", "properties": { "id": "fd-01973", "input_id": "026-400-03", "specification": "terminal", "source": "fd-00518", "demand": 1, "placement": "ug", "duct_group": "4", "duct_assignment": "4" }, "geometry": { "type": "Point", "coordinates": [ -119.283839445899929, 35.493809846559621 ] } },
{ "type": "Feature", "properties": { "id": "fd-01974", "input_id": "026-400-02", "specification": "terminal", "source": "fd-00518", "demand": 1, "placement": "ug", "duct_group": "4", "duct_assignment": "3" }, "geometry": { "type": "Point", "coordinates": [ -119.284041054484234, 35.493810476977522 ] } },
{ "type": "Feature", "properties": { "id": "fd-01975", "input_id": "026-400-01", "specification": "terminal", "source": "fd-00517", "demand": 1, "placement": "ug", "duct_group": "4", "duct_assignment": "1" }, "geometry": { "type": "Point", "coordinates": [ -119.284242663071652, 35.493811107064694 ] } },
{ "type": "Feature", "properties": { "id": "fd-01976", "input_id": "026-391-25", "specification": "terminal", "source": "fd-00508", "demand": 1, "placement": "ug", "duct_group": "2", "duct_assignment": "6" }, "geometry": { "type": "Point", "coordinates": [ -119.283829756025185, 35.494690317768736 ] } },
{ "type": "Feature", "properties": { "id": "fd-01977", "input_id": "026-392-06", "specification": "terminal", "source": "fd-00514", "demand": 1, "placement": "ug", "duct_group": "3", "duct_assignment": "5" }, "geometry": { "type": "Point", "coordinates": [ -119.283837592237106, 35.494195059848678 ] } },
{ "type": "Feature", "properties": { "id": "fd-01978", "input_id": "026-391-30", "specification": "terminal", "source": "fd-00506", "demand": 1, "placement": "ug", "duct_group": "2", "duct_assignment": "2" }, "geometry": { "type": "Point", "coordinates": [ -119.28483735446035, 35.494694968524925 ] } },
{ "type": "Feature", "properties": { "id": "fd-01979", "input_id": "026-391-29", "specification": "terminal", "source": "fd-00506", "demand": 1, "placement": "ug", "duct_group": "2", "duct_assignment": "1" }, "geometry": { "type": "Point", "coordinates": [ -119.284636109034679, 35.494692816068977 ] } },
{ "type": "Feature", "properties": { "id": "fd-01980", "input_id": "026-391-28", "specification": "terminal", "source": "fd-00507", "demand": 1, "placement": "ug", "duct_group": "2", "duct_assignment": "4" }, "geometry": { "type": "Point", "coordinates": [ -119.284434520508213, 35.494692191959565 ] } },
{ "type": "Feature", "properties": { "id": "fd-01981", "input_id": "026-391-27", "specification": "terminal", "source": "fd-00507", "demand": 1, "placement": "ug", "duct_group": "2", "duct_assignment": "3" }, "geometry": { "type": "Point", "coordinates": [ -119.284232932665802, 35.494691567728793 ] } },
{ "type": "Feature", "properties": { "id": "fd-01982", "input_id": "026-391-26", "specification": "terminal", "source": "fd-00508", "demand": 1, "placement": "ug", "duct_group": "2", "duct_assignment": "5" }, "geometry": { "type": "Point", "coordinates": [ -119.284031344370149, 35.494690942877668 ] } },
{ "type": "Feature", "properties": { "id": "fd-01983", "input_id": "026-392-05", "specification": "terminal", "source": "fd-00514", "demand": 1, "placement": "ug", "duct_group": "3", "duct_assignment": "6" }, "geometry": { "type": "Point", "coordinates": [ -119.28403919313962, 35.494195688028086 ] } },
{ "type": "Feature", "properties": { "id": "fd-01984", "input_id": "026-392-04", "specification": "terminal", "source": "fd-00513", "demand": 1, "placement": "ug", "duct_group": "3", "duct_assignment": "3" }, "geometry": { "type": "Point", "coordinates": [ -119.284240793314751, 35.494196315439588 ] } },
{ "type": "Feature", "properties": { "id": "fd-01985", "input_id": "026-392-03", "specification": "terminal", "source": "fd-00513", "demand": 1, "placement": "ug", "duct_group": "3", "duct_assignment": "4" }, "geometry": { "type": "Point", "coordinates": [ -119.284442394223404, 35.494196942957679 ] } },
{ "type": "Feature", "properties": { "id": "fd-01986", "input_id": "026-392-02", "specification": "terminal", "source": "fd-00512", "demand": 1, "placement": "ug", "duct_group": "3", "duct_assignment": "1" }, "geometry": { "type": "Point", "coordinates": [ -119.284643995553154, 35.494197570225104 ] } },
{ "type": "Feature", "properties": { "id": "fd-01987", "input_id": "026-392-01", "specification": "terminal", "source": "fd-00512", "demand": 1, "placement": "ug", "duct_group": "3", "duct_assignment": "2" }, "geometry": { "type": "Point", "coordinates": [ -119.284844527705658, 35.494195988598669 ] } },
{ "type": "Feature", "properties": { "id": "fd-01988", "input_id": "026-391-24", "specification": "terminal", "source": "fd-00509", "demand": 1, "placement": "ug", "duct_group": "2", "duct_assignment": "8" }, "geometry": { "type": "Point", "coordinates": [ -119.283628167960288, 35.494689692175911 ] } },
{ "type": "Feature", "properties": { "id": "fd-01989", "input_id": "026-391-23", "specification": "terminal", "source": "fd-00509", "demand": 1, "placement": "ug", "duct_group": "2", "duct_assignment": "7" }, "geometry": { "type": "Point", "coordinates": [ -119.283426579856155, 35.494689066475104 ] } },
{ "type": "Feature", "properties": { "id": "fd-01990", "input_id": "026-392-08", "specification": "terminal", "source": "fd-00515", "demand": 1, "placement": "ug", "duct_group": "3", "duct_assignment": "8" }, "geometry": { "type": "Point", "coordinates": [ -119.283434390890704, 35.494193802336937 ] } },
{ "type": "Feature", "properties": { "id": "fd-01991", "input_id": "026-392-07", "specification": "terminal", "source": "fd-00515", "demand": 1, "placement": "ug", "duct_group": "3", "duct_assignment": "7" }, "geometry": { "type": "Point", "coordinates": [ -119.283635991288349, 35.494194431110621 ] } },
{ "type": "Feature", "properties": { "id": "fd-01992", "input_id": "026-410-07", "specification": "terminal", "source": "fd-00499", "demand": 1, "placement": "ug", "duct_group": "1", "duct_assignment": "2" }, "geometry": { "type": "Point", "coordinates": [ -119.283647179973599, 35.493313960716279 ] } },
{ "type": "Feature", "properties": { "id": "fd-01993", "input_id": "026-410-08", "specification": "terminal", "source": "fd-00499", "demand": 1, "placement": "ug", "duct_group": "1", "duct_assignment": "1" }, "geometry": { "type": "Point", "coordinates": [ -119.283445560344234, 35.493313326919925 ] } },
{ "type": "Feature", "properties": { "id": "fd-01994", "input_id": "026-691-01", "specification": "terminal", "source": "fd-00699", "demand": 1, "placement": "ug", "duct_group": "3", "duct_assignment": "1" }, "geometry": { "type": "Point", "coordinates": [ -119.280346863144047, 35.492389103141583 ] } },
{ "type": "Feature", "properties": { "id": "fd-01995", "input_id": "026-463-16", "specification": "terminal", "source": "fd-00700", "demand": 1, "placement": "ug", "duct_group": "3", "duct_assignment": "4" }, "geometry": { "type": "Point", "coordinates": [ -119.280473146917245, 35.492870869797514 ] } },
{ "type": "Feature", "properties": { "id": "fd-01996", "input_id": "026-691-02", "specification": "terminal", "source": "fd-00678", "demand": 1, "placement": "ug", "duct_group": "0", "duct_assignment": "1" }, "geometry": { "type": "Point", "coordinates": [ -119.280341682554834, 35.492247600843399 ] } },
{ "type": "Feature", "properties": { "id": "fd-01997", "input_id": "026-694-13", "specification": "terminal", "source": "fd-00712", "demand": 1, "placement": "ug", "duct_group": "5", "duct_assignment": "3" }, "geometry": { "type": "Point", "coordinates": [ -119.279734200153982, 35.491417552177047 ] } },
{ "type": "Feature", "properties": { "id": "fd-01998", "input_id": "026-694-14", "specification": "terminal", "source": "fd-00712", "demand": 1, "placement": "ug", "duct_group": "5", "duct_assignment": "4" }, "geometry": { "type": "Point", "coordinates": [ -119.279733584415141, 35.491554913056142 ] } },
{ "type": "Feature", "properties": { "id": "fd-01999", "input_id": "026-694-15", "specification": "terminal", "source": "fd-00711", "demand": 1, "placement": "ug", "duct_group": "5", "duct_assignment": "2" }, "geometry": { "type": "Point", "coordinates": [ -119.27973296880748, 35.49169227396542 ] } },
{ "type": "Feature", "properties": { "id": "fd-02000", "input_id": "026-694-16", "specification": "terminal", "source": "fd-00711", "demand": 1, "placement": "ug", "duct_group": "5", "duct_assignment": "1" }, "geometry": { "type": "Point", "coordinates": [ -119.279732352491308, 35.491829634830971 ] } },
{ "type": "Feature", "properties": { "id": "fd-02001", "input_id": "026-694-17", "specification": "terminal", "source": "fd-00687", "demand": 1, "placement": "ug", "duct_group": "1", "duct_assignment": "4" }, "geometry": { "type": "Point", "coordinates": [ -119.279731737243551, 35.491966995499283 ] } },
{ "type": "Feature", "properties": { "id": "fd-02002", "input_id": "026-694-18", "specification": "terminal", "source": "fd-00687", "demand": 1, "placement": "ug", "duct_group": "1", "duct_assignment": "3" }, "geometry": { "type": "Point", "coordinates": [ -119.279731123066313, 35.492104355623013 ] } },
{ "type": "Feature", "properties": { "id": "fd-02003", "input_id": "026-694-19", "specification": "terminal", "source": "fd-00686", "demand": 1, "placement": "ug", "duct_group": "1", "duct_assignment": "1" }, "geometry": { "type": "Point", "coordinates": [ -119.279730511077332, 35.492241715337329 ] } },
{ "type": "Feature", "properties": { "id": "fd-02004", "input_id": "026-210-03", "specification": "terminal", "source": "fd-00828", "demand": 1, "placement": "ug", "duct_group": "5", "duct_assignment": "5" }, "geometry": { "type": "Point", "coordinates": [ -119.278753478751426, 35.493692929344881 ] } },
{ "type": "Feature", "properties": { "id": "fd-02005", "input_id": "026-210-02", "specification": "terminal", "source": "fd-00828", "demand": 1, "placement": "ug", "duct_group": "5", "duct_assignment": "4" }, "geometry": { "type": "Point", "coordinates": [ -119.278751761170412, 35.493830449836047 ] } },
{ "type": "Feature", "properties": { "id": "fd-02006", "input_id": "026-210-14", "specification": "terminal", "source": "fd-00829", "demand": 1, "placement": "ug", "duct_group": "5", "duct_assignment": "6" }, "geometry": { "type": "Point", "coordinates": [ -119.278765861062297, 35.494046324715654 ] } },
{ "type": "Feature", "properties": { "id": "fd-02007", "input_id": "026-210-08", "specification": "terminal", "source": "fd-00704", "demand": 1, "placement": "ug", "duct_group": "3", "duct_assignment": "11" }, "geometry": { "type": "Point", "coordinates": [ -119.278782462042969, 35.492895724983946 ] } },
{ "type": "Feature", "properties": { "id": "fd-02008", "input_id": "026-210-12", "specification": "terminal", "source": "fd-00826", "demand": 1, "placement": "ug", "duct_group": "5", "duct_assignment": "1" }, "geometry": { "type": "Point", "coordinates": [ -119.278776714278791, 35.493177273982496 ] } },
{ "type": "Feature", "properties": { "id": "fd-02009", "input_id": "026-210-11", "specification": "terminal", "source": "fd-00827", "demand": 1, "placement": "ug", "duct_group": "5", "duct_assignment": "3" }, "geometry": { "type": "Point", "coordinates": [ -119.2787742926253, 35.493371178693955 ] } },
{ "type": "Feature", "properties": { "id": "fd-02010", "input_id": "026-210-04", "specification": "terminal", "source": "fd-00827", "demand": 1, "placement": "ug", "duct_group": "5", "duct_assignment": "2" }, "geometry": { "type": "Point", "coordinates": [ -119.278772111429546, 35.493545830461443 ] } },
{ "type": "Feature", "properties": { "id": "fd-02011", "input_id": "026-463-05", "specification": "terminal", "source": "fd-00736", "demand": 1, "placement": "ug", "duct_group": "2", "duct_assignment": "8" }, "geometry": { "type": "Point", "coordinates": [ -119.279188266874399, 35.49381645160819 ] } },
{ "type": "Feature", "properties": { "id": "fd-02012", "input_id": "026-462-11", "specification": "terminal", "source": "fd-00720", "demand": 1, "placement": "ug", "duct_group": "0", "duct_assignment": "5" }, "geometry": { "type": "Point", "coordinates": [ -119.279710102241992, 35.493694191474709 ] } },
{ "type": "Feature", "properties": { "id": "fd-02013", "input_id": "026-462-02", "specification": "terminal", "source": "fd-00718", "demand": 1, "placement": "ug", "duct_group": "0", "duct_assignment": "3" }, "geometry": { "type": "Point", "coordinates": [ -119.280045989972265, 35.493695175537958 ] } },
{ "type": "Feature", "properties": { "id": "fd-02014", "input_id": "026-462-01", "specification": "terminal", "source": "fd-00717", "demand": 1, "placement": "ug", "duct_group": "0", "duct_assignment": "1" }, "geometry": { "type": "Point", "coordinates": [ -119.280040143444253, 35.493540307179096 ] } },
{ "type": "Feature", "properties": { "id": "fd-02015", "input_id": "026-463-06", "specification": "terminal", "source": "fd-00736", "demand": 1, "placement": "ug", "duct_group": "2", "duct_assignment": "9" }, "geometry": { "type": "Point", "coordinates": [ -119.279178575794404, 35.493664501720858 ] } },
{ "type": "Feature", "properties": { "id": "fd-02016", "input_id": "026-461-01", "specification": "terminal", "source": "fd-00830", "demand": 1, "placement": "ug", "duct_group": "5", "duct_assignment": "8" }, "geometry": { "type": "Point", "coordinates": [ -119.278626970460479, 35.494666641646958 ] } },
{ "type": "Feature", "properties": { "id": "fd-02017", "input_id": "026-461-02", "specification": "terminal", "source": "fd-00830", "demand": 1, "placement": "ug", "duct_group": "5", "duct_assignment": "9" }, "geometry": { "type": "Point", "coordinates": [ -119.278818505718547, 35.494660873011142 ] } },
{ "type": "Feature", "properties": { "id": "fd-02018", "input_id": "026-461-03", "specification": "terminal", "source": "fd-00831", "demand": 1, "placement": "ug", "duct_group": "5", "duct_assignment": "10" }, "geometry": { "type": "Point", "coordinates": [ -119.279006383997526, 35.494661810735764 ] } },
{ "type": "Feature", "properties": { "id": "fd-02019", "input_id": "026-461-04", "specification": "terminal", "source": "fd-00832", "demand": 1, "placement": "ug", "duct_group": "5", "duct_assignment": "12" }, "geometry": { "type": "Point", "coordinates": [ -119.279193647877463, 35.494667642232059 ] } },
{ "type": "Feature", "properties": { "id": "fd-02020", "input_id": "026-461-05", "specification": "terminal", "source": "fd-00832", "demand": 1, "placement": "ug", "duct_group": "5", "duct_assignment": "11" }, "geometry": { "type": "Point", "coordinates": [ -119.279388921908435, 35.49467551111259 ] } },
{ "type": "Feature", "properties": { "id": "fd-02021", "input_id": "026-461-06", "specification": "terminal", "source": "fd-00731", "demand": 1, "placement": "ug", "duct_group": "1", "duct_assignment": "12" }, "geometry": { "type": "Point", "coordinates": [ -119.279590827976136, 35.494677164217279 ] } },
{ "type": "Feature", "properties": { "id": "fd-02022", "input_id": "026-461-07", "specification": "terminal", "source": "fd-00731", "demand": 1, "placement": "ug", "duct_group": "1", "duct_assignment": "11" }, "geometry": { "type": "Point", "coordinates": [ -119.279792362937215, 35.49467776642858 ] } },
{ "type": "Feature", "properties": { "id": "fd-02023", "input_id": "026-461-08", "specification": "terminal", "source": "fd-00730", "demand": 1, "placement": "ug", "duct_group": "1", "duct_assignment": "10" }, "geometry": { "type": "Point", "coordinates": [ -119.279992498991476, 35.494694711682513 ] } },
{ "type": "Feature", "properties": { "id": "fd-02024", "input_id": "026-463-02", "specification": "terminal", "source": "fd-00738", "demand": 1, "placement": "ug", "duct_group": "2", "duct_assignment": "11" }, "geometry": { "type": "Point", "coordinates": [ -119.279179169280312, 35.494278442856526 ] } },
{ "type": "Feature", "properties": { "id": "fd-02025", "input_id": "026-462-07", "specification": "terminal", "source": "fd-00724", "demand": 1, "placement": "ug", "duct_group": "0", "duct_assignment": "12" }, "geometry": { "type": "Point", "coordinates": [ -119.279710284131269, 35.494302884040735 ] } },
{ "type": "Feature", "properties": { "id": "fd-02026", "input_id": "026-462-06", "specification": "terminal", "source": "fd-00721", "demand": 1, "placement": "ug", "duct_group": "0", "duct_assignment": "7" }, "geometry": { "type": "Point", "coordinates": [ -119.280030811920497, 35.494303908887964 ] } },
{ "type": "Feature", "properties": { "id": "fd-02027", "input_id": "026-462-08", "specification": "terminal", "source": "fd-00723", "demand": 1, "placement": "ug", "duct_group": "0", "duct_assignment": "10" }, "geometry": { "type": "Point", "coordinates": [ -119.2797044394529, 35.494148018535633 ] } },
{ "type": "Feature", "properties": { "id": "fd-02028", "input_id": "026-462-05", "specification": "terminal", "source": "fd-00721", "demand": 1, "placement": "ug", "duct_group": "0", "duct_assignment": "8" }, "geometry": { "type": "Point", "coordinates": [ -119.280040328578536, 35.494149011502472 ] } },
{ "type": "Feature", "properties": { "id": "fd-02029", "input_id": "026-462-09", "specification": "terminal", "source": "fd-00723", "demand": 1, "placement": "ug", "duct_group": "0", "duct_assignment": "11" }, "geometry": { "type": "Point", "coordinates": [ -119.27970632704465, 35.493996742937028 ] } },
{ "type": "Feature", "properties": { "id": "fd-02030", "input_id": "026-462-04", "specification": "terminal", "source": "fd-00719", "demand": 1, "placement": "ug", "duct_group": "0", "duct_assignment": "4" }, "geometry": { "type": "Point", "coordinates": [ -119.280042215823556, 35.493997732912732 ] } },
{ "type": "Feature", "properties": { "id": "fd-02031", "input_id": "026-462-10", "specification": "terminal", "source": "fd-00722", "demand": 1, "placement": "ug", "duct_group": "0", "duct_assignment": "9" }, "geometry": { "type": "Point", "coordinates": [ -119.279708214507423, 35.493845467232468 ] } },
{ "type": "Feature", "properties": { "id": "fd-02032", "input_id": "026-462-03", "specification": "terminal", "source": "fd-00718", "demand": 1, "placement": "ug", "duct_group": "0", "duct_assignment": "2" }, "geometry": { "type": "Point", "coordinates": [ -119.28004410274113, 35.493846454145718 ] } },
{ "type": "Feature", "properties": { "id": "fd-02033", "input_id": "026-463-03", "specification": "terminal", "source": "fd-00738", "demand": 1, "placement": "ug", "duct_group": "2", "duct_assignment": "12" }, "geometry": { "type": "Point", "coordinates": [ -119.279184489593405, 35.494119010294952 ] } },
{ "type": "Feature", "properties": { "id": "fd-02034", "input_id": "026-463-04", "specification": "terminal", "source": "fd-00737", "demand": 1, "placement": "ug", "duct_group": "2", "duct_assignment": "10" }, "geometry": { "type": "Point", "coordinates": [ -119.279186378269372, 35.493967731036122 ] } },
{ "type": "Feature", "properties": { "id": "fd-02035", "input_id": "026-463-12", "specification": "terminal", "source": "fd-00733", "demand": 1, "placement": "ug", "duct_group": "2", "duct_assignment": "3" }, "geometry": { "type": "Point", "coordinates": [ -119.279910334384596, 35.493165288479787 ] } },
{ "type": "Feature", "properties": { "id": "fd-02036", "input_id": "026-463-11", "specification": "terminal", "source": "fd-00733", "demand": 1, "placement": "ug", "duct_group": "2", "duct_assignment": "2" }, "geometry": { "type": "Point", "coordinates": [ -119.279713834288259, 35.493144577584737 ] } },
{ "type": "Feature", "properties": { "id": "fd-02037", "input_id": "026-463-10", "specification": "terminal", "source": "fd-00734", "demand": 1, "placement": "ug", "duct_group": "2", "duct_assignment": "5" }, "geometry": { "type": "Point", "coordinates": [ -119.279480018883149, 35.493137879255819 ] } },
{ "type": "Feature", "properties": { "id": "fd-02038", "input_id": "026-463-09", "specification": "terminal", "source": "fd-00734", "demand": 1, "placement": "ug", "duct_group": "2", "duct_assignment": "4" }, "geometry": { "type": "Point", "coordinates": [ -119.279243629695543, 35.493175304901875 ] } },
{ "type": "Feature", "properties": { "id": "fd-02039", "input_id": "026-463-19", "specification": "terminal", "source": "fd-00701", "demand": 1, "placement": "ug", "duct_group": "3", "duct_assignment": "5" }, "geometry": { "type": "Point", "coordinates": [ -119.279897487862115, 35.492862737088053 ] } },
{ "type": "Feature", "properties": { "id": "fd-02040", "input_id": "026-694-20", "specification": "terminal", "source": "fd-00686", "demand": 1, "placement": "ug", "duct_group": "1", "duct_assignment": "2" }, "geometry": { "type": "Point", "coordinates": [ -119.279724407965332, 35.492384541517609 ] } },
{ "type": "Feature", "properties": { "id": "fd-02041", "input_id": "026-463-20", "specification": "terminal", "source": "fd-00702", "demand": 1, "placement": "ug", "duct_group": "3", "duct_assignment": "8" }, "geometry": { "type": "Point", "coordinates": [ -119.27970603479379, 35.4928621784981 ] } },
{ "type": "Feature", "properties": { "id": "fd-02042", "input_id": "026-463-21", "specification": "terminal", "source": "fd-00702", "demand": 1, "placement": "ug", "duct_group": "3", "duct_assignment": "7" }, "geometry": { "type": "Point", "coordinates": [ -119.27951626136506, 35.492861624856495 ] } },
{ "type": "Feature", "properties": { "id": "fd-02043", "input_id": "026-463-22", "specification": "terminal", "source": "fd-00703", "demand": 1, "placement": "ug", "duct_group": "3", "duct_assignment": "9" }, "geometry": { "type": "Point", "coordinates": [ -119.279328167414391, 35.492861075927742 ] } },
{ "type": "Feature", "properties": { "id": "fd-02044", "input_id": "026-463-23", "specification": "terminal", "source": "fd-00704", "demand": 1, "placement": "ug", "duct_group": "3", "duct_assignment": "10" }, "geometry": { "type": "Point", "coordinates": [ -119.279124958511716, 35.492860481811739 ] } },
{ "type": "Feature", "properties": { "id": "fd-02045", "input_id": "026-463-08", "specification": "terminal", "source": "fd-00735", "demand": 1, "placement": "ug", "duct_group": "2", "duct_assignment": "6" }, "geometry": { "type": "Point", "coordinates": [ -119.279176916479358, 35.49333812143027 ] } },
{ "type": "Feature", "properties": { "id": "fd-02046", "input_id": "026-462-12", "specification": "terminal", "source": "fd-00720", "demand": 1, "placement": "ug", "duct_group": "0", "duct_assignment": "6" }, "geometry": { "type": "Point", "coordinates": [ -119.279719618928738, 35.493539296178369 ] } },
{ "type": "Feature", "properties": { "id": "fd-02047", "input_id": "026-463-07", "specification": "terminal", "source": "fd-00735", "demand": 1, "placement": "ug", "duct_group": "2", "duct_assignment": "7" }, "geometry": { "type": "Point", "coordinates": [ -119.279165059687699, 35.493507279999449 ] } },
{ "type": "Feature", "properties": { "id": "fd-02048", "input_id": "026-463-01", "specification": "terminal", "source": "fd-00829", "demand": 1, "placement": "ug", "duct_group": "5", "duct_assignment": "7" }, "geometry": { "type": "Point", "coordinates": [ -119.278771147655917, 35.494273321784242 ] } },
{ "type": "Feature", "properties": { "id": "fd-02049", "input_id": "026-473-04", "specification": "terminal", "source": "fd-00768", "demand": 1, "placement": "ug", "duct_group": "4", "duct_assignment": "4" }, "geometry": { "type": "Point", "coordinates": [ -119.279236453446941, 35.490216738133988 ] } },
{ "type": "Feature", "properties": { "id": "fd-02050", "input_id": "026-473-05", "specification": "terminal", "source": "fd-00787", "demand": 1, "placement": "ug", "duct_group": "7", "duct_assignment": "1" }, "geometry": { "type": "Point", "coordinates": [ -119.279404368506164, 35.49021723208002 ] } },
{ "type": "Feature", "properties": { "id": "fd-02051", "input_id": "026-472-01", "specification": "terminal", "source": "fd-00780", "demand": 1, "placement": "ug", "duct_group": "6", "duct_assignment": "1" }, "geometry": { "type": "Point", "coordinates": [ -119.279259287555945, 35.490644243496156 ] } },
{ "type": "Feature", "properties": { "id": "fd-02052", "input_id": "026-473-31", "specification": "terminal", "source": "fd-00756", "demand": 1, "placement": "ug", "duct_group": "2", "duct_assignment": "6" }, "geometry": { "type": "Point", "coordinates": [ -119.279416827932238, 35.489208511820095 ] } },
{ "type": "Feature", "properties": { "id": "fd-02053", "input_id": "026-473-21", "specification": "terminal", "source": "fd-00790", "demand": 1, "placement": "ug", "duct_group": "7", "duct_assignment": "7" }, "geometry": { "type": "Point", "coordinates": [ -119.279241700634984, 35.489490350750401 ] } },
{ "type": "Feature", "properties": { "id": "fd-02054", "input_id": "026-473-22", "specification": "terminal", "source": "fd-00790", "demand": 1, "placement": "ug", "duct_group": "7", "duct_assignment": "6" }, "geometry": { "type": "Point", "coordinates": [ -119.279413245952938, 35.489497641051315 ] } },
{ "type": "Feature", "properties": { "id": "fd-02055", "input_id": "026-473-14", "specification": "terminal", "source": "fd-00789", "demand": 1, "placement": "ug", "duct_group": "7", "duct_assignment": "4" }, "geometry": { "type": "Point", "coordinates": [ -119.279407966898788, 35.489925373914716 ] } },
{ "type": "Feature", "properties": { "id": "fd-02056", "input_id": "026-473-03", "specification": "terminal", "source": "fd-00768", "demand": 1, "placement": "ug", "duct_group": "4", "duct_assignment": "3" }, "geometry": { "type": "Point", "coordinates": [ -119.279068542457935, 35.490216243932544 ] } },
{ "type": "Feature", "properties": { "id": "fd-02057", "input_id": "026-473-01", "specification": "terminal", "source": "fd-00767", "demand": 1, "placement": "ug", "duct_group": "4", "duct_assignment": "2" }, "geometry": { "type": "Point", "coordinates": [ -119.278728140817734, 35.490208195944568 ] } },
{ "type": "Feature", "properties": { "id": "fd-02058", "input_id": "026-473-02", "specification": "terminal", "source": "fd-00767", "demand": 1, "placement": "ug", "duct_group": "4", "duct_assignment": "1" }, "geometry": { "type": "Point", "coordinates": [ -119.278900637082515, 35.490215748377402 ] } },
{ "type": "Feature", "properties": { "id": "fd-02059", "input_id": "026-471-01", "specification": "terminal", "source": "fd-00773", "demand": 1, "placement": "ug", "duct_group": "5", "duct_assignment": "1" }, "geometry": { "type": "Point", "coordinates": [ -119.278722458641781, 35.490642858987187 ] } },
{ "type": "Feature", "properties": { "id": "fd-02060", "input_id": "026-471-02", "specification": "terminal", "source": "fd-00774", "demand": 1, "placement": "ug", "duct_group": "5", "duct_assignment": "2" }, "geometry": { "type": "Point", "coordinates": [ -119.278898936708956, 35.490643191184958 ] } },
{ "type": "Feature", "properties": { "id": "fd-02061", "input_id": "026-473-32", "specification": "terminal", "source": "fd-00755", "demand": 1, "placement": "ug", "duct_group": "2", "duct_assignment": "3" }, "geometry": { "type": "Point", "coordinates": [ -119.279248915201194, 35.489208020522121 ] } },
{ "type": "Feature", "properties": { "id": "fd-02062", "input_id": "026-473-33", "specification": "terminal", "source": "fd-00755", "demand": 1, "placement": "ug", "duct_group": "2", "duct_assignment": "4" }, "geometry": { "type": "Point", "coordinates": [ -119.279081003974483, 35.489207528223638 ] } },
{ "type": "Feature", "properties": { "id": "fd-02063", "input_id": "026-473-34", "specification": "terminal", "source": "fd-00754", "demand": 1, "placement": "ug", "duct_group": "2", "duct_assignment": "2" }, "geometry": { "type": "Point", "coordinates": [ -119.278913094839808, 35.489207035571624 ] } },
{ "type": "Feature", "properties": { "id": "fd-02064", "input_id": "026-473-35", "specification": "terminal", "source": "fd-00754", "demand": 1, "placement": "ug", "duct_group": "2", "duct_assignment": "1" }, "geometry": { "type": "Point", "coordinates": [ -119.278740344857511, 35.489213385526014 ] } },
{ "type": "Feature", "properties": { "id": "fd-02065", "input_id": "026-473-20", "specification": "terminal", "source": "fd-00792", "demand": 1, "placement": "ug", "duct_group": "7", "duct_assignment": "10" }, "geometry": { "type": "Point", "coordinates": [ -119.279027315015014, 35.489449112764476 ] } },
{ "type": "Feature", "properties": { "id": "fd-02066", "input_id": "026-473-16", "specification": "terminal", "source": "fd-00791", "demand": 1, "placement": "ug", "duct_group": "7", "duct_assignment": "8" }, "geometry": { "type": "Point", "coordinates": [ -119.279020600124468, 35.489972251362005 ] } },
{ "type": "Feature", "properties": { "id": "fd-02067", "input_id": "026-473-15", "specification": "terminal", "source": "fd-00789", "demand": 1, "placement": "ug", "duct_group": "7", "duct_assignment": "5" }, "geometry": { "type": "Point", "coordinates": [ -119.279235832358353, 35.489931969644857 ] } },
{ "type": "Feature", "properties": { "id": "fd-02068", "input_id": "026-473-17", "specification": "terminal", "source": "fd-00791", "demand": 1, "placement": "ug", "duct_group": "7", "duct_assignment": "9" }, "geometry": { "type": "Point", "coordinates": [ -119.278795709224028, 35.489923611300007 ] } },
{ "type": "Feature", "properties": { "id": "fd-02069", "input_id": "026-473-19", "specification": "terminal", "source": "fd-00793", "demand": 1, "placement": "ug", "duct_group": "7", "duct_assignment": "12" }, "geometry": { "type": "Point", "coordinates": [ -119.27880001131193, 35.489496104572048 ] } },
{ "type": "Feature", "properties": { "id": "fd-02070", "input_id": "026-473-18", "specification": "terminal", "source": "fd-00793", "demand": 1, "placement": "ug", "duct_group": "7", "duct_assignment": "11" }, "geometry": { "type": "Point", "coordinates": [ -119.278754003367567, 35.489709808032728 ] } },
{ "type": "Feature", "properties": { "id": "fd-02071", "input_id": "026-694-01", "specification": "terminal", "source": "fd-00775", "demand": 1, "placement": "ug", "duct_group": "5", "duct_assignment": "4" }, "geometry": { "type": "Point", "coordinates": [ -119.278807586837857, 35.490842077817916 ] } },
{ "type": "Feature", "properties": { "id": "fd-02072", "input_id": "026-694-02", "specification": "terminal", "source": "fd-00775", "demand": 1, "placement": "ug", "duct_group": "5", "duct_assignment": "3" }, "geometry": { "type": "Point", "coordinates": [ -119.278806473010633, 35.490979459730397 ] } },
{ "type": "Feature", "properties": { "id": "fd-02073", "input_id": "026-694-03", "specification": "terminal", "source": "fd-00776", "demand": 1, "placement": "ug", "duct_group": "5", "duct_assignment": "5" }, "geometry": { "type": "Point", "coordinates": [ -119.278805325744997, 35.491116817778533 ] } },
{ "type": "Feature", "properties": { "id": "fd-02074", "input_id": "026-694-04", "specification": "terminal", "source": "fd-00776", "demand": 1, "placement": "ug", "duct_group": "5", "duct_assignment": "6" }, "geometry": { "type": "Point", "coordinates": [ -119.278804178967007, 35.491254175941229 ] } },
{ "type": "Feature", "properties": { "id": "fd-02075", "input_id": "026-694-05", "specification": "terminal", "source": "fd-00777", "demand": 1, "placement": "ug", "duct_group": "5", "duct_assignment": "7" }, "geometry": { "type": "Point", "coordinates": [ -119.278803029817809, 35.491391533570251 ] } },
{ "type": "Feature", "properties": { "id": "fd-02076", "input_id": "026-694-06", "specification": "terminal", "source": "fd-00778", "demand": 1, "placement": "ug", "duct_group": "5", "duct_assignment": "8" }, "geometry": { "type": "Point", "coordinates": [ -119.278779316650031, 35.491531940953173 ] } },
{ "type": "Feature", "properties": { "id": "fd-02077", "input_id": "026-694-07", "specification": "terminal", "source": "fd-00778", "demand": 1, "placement": "ug", "duct_group": "5", "duct_assignment": "10" }, "geometry": { "type": "Point", "coordinates": [ -119.278791906335883, 35.491693817527306 ] } },
{ "type": "Feature", "properties": { "id": "fd-02078", "input_id": "026-694-08", "specification": "terminal", "source": "fd-00779", "demand": 1, "placement": "ug", "duct_group": "5", "duct_assignment": "12" }, "geometry": { "type": "Point", "coordinates": [ -119.27936658036046, 35.491698872970936 ] } },
{ "type": "Feature", "properties": { "id": "fd-02079", "input_id": "026-694-09", "specification": "terminal", "source": "fd-00779", "demand": 1, "placement": "ug", "duct_group": "5", "duct_assignment": "11" }, "geometry": { "type": "Point", "coordinates": [ -119.279386856097133, 35.491548403232365 ] } },
{ "type": "Feature", "properties": { "id": "fd-02080", "input_id": "026-694-10", "specification": "terminal", "source": "fd-00716", "demand": 1, "placement": "ug", "duct_group": "5", "duct_assignment": "12" }, "geometry": { "type": "Point", "coordinates": [ -119.279360606708053, 35.491412329047009 ] } },
{ "type": "Feature", "properties": { "id": "fd-02081", "input_id": "026-220-38", "specification": "terminal", "source": "fd-00778", "demand": 1, "placement": "ug", "duct_group": "5", "duct_assignment": "9" }, "geometry": { "type": "Point", "coordinates": [ -119.279039644681205, 35.492134722314439 ] } },
{ "type": "Feature", "properties": { "id": "fd-02082", "input_id": "026-463-15", "specification": "terminal", "source": "fd-00739", "demand": 1, "placement": "ug", "duct_group": "3", "duct_assignment": "2" }, "geometry": { "type": "Point", "coordinates": [ -119.280469601871204, 35.493160618808844 ] } },
{ "type": "Feature", "properties": { "id": "fd-02083", "input_id": "026-691-05", "specification": "terminal", "source": "fd-00688", "demand": 1, "placement": "ug", "duct_group": "1", "duct_assignment": "6" }, "geometry": { "type": "Point", "coordinates": [ -119.280176469744461, 35.492045369457102 ] } },
{ "type": "Feature", "properties": { "id": "fd-02084", "input_id": "026-692-01", "specification": "terminal", "source": "fd-00689", "demand": 1, "placement": "ug", "duct_group": "1", "duct_assignment": "7" }, "geometry": { "type": "Point", "coordinates": [ -119.280178299829473, 35.491616167570598 ] } },
{ "type": "Feature", "properties": { "id": "fd-02085", "input_id": "026-692-06", "specification": "terminal", "source": "fd-00679", "demand": 1, "placement": "ug", "duct_group": "0", "duct_assignment": "2" }, "geometry": { "type": "Point", "coordinates": [ -119.280179610794562, 35.491337729900465 ] } },
{ "type": "Feature", "properties": { "id": "fd-02086", "input_id": "026-693-09", "specification": "terminal", "source": "fd-00715", "demand": 1, "placement": "ug", "duct_group": "5", "duct_assignment": "10" }, "geometry": { "type": "Point", "coordinates": [ -119.279259348370744, 35.490909150064859 ] } },
{ "type": "Feature", "properties": { "id": "fd-02087", "input_id": "026-694-12", "specification": "terminal", "source": "fd-00692", "demand": 1, "placement": "ug", "duct_group": "2", "duct_assignment": "1" }, "geometry": { "type": "Point", "coordinates": [ -119.279731356427348, 35.491272663117783 ] } },
{ "type": "Feature", "properties": { "id": "fd-02088", "input_id": "026-694-11", "specification": "terminal", "source": "fd-00716", "demand": 1, "placement": "ug", "duct_group": "5", "duct_assignment": "11" }, "geometry": { "type": "Point", "coordinates": [ -119.279364714389104, 35.491269390208899 ] } },
{ "type": "Feature", "properties": { "id": "fd-02089", "input_id": "026-491-13", "specification": "terminal", "source": "fd-00638", "demand": 1, "placement": "ug", "duct_group": "2", "duct_assignment": "4" }, "geometry": { "type": "Point", "coordinates": [ -119.28223676944134, 35.490187993487254 ] } },
{ "type": "Feature", "properties": { "id": "fd-02090", "input_id": "026-492-14", "specification": "terminal", "source": "fd-00636", "demand": 1, "placement": "ug", "duct_group": "1", "duct_assignment": "12" }, "geometry": { "type": "Point", "coordinates": [ -119.281355900030007, 35.489481227811083 ] } },
{ "type": "Feature", "properties": { "id": "fd-02091", "input_id": "026-712-11", "specification": "terminal", "source": "fd-00584", "demand": 1, "placement": "ug", "duct_group": "9", "duct_assignment": "10" }, "geometry": { "type": "Point", "coordinates": [ -119.282987847404939, 35.504638946785072 ] } },
{ "type": "Feature", "properties": { "id": "fd-02092", "input_id": "026-712-10", "specification": "terminal", "source": "fd-00554", "demand": 1, "placement": "ug", "duct_group": "3", "duct_assignment": "8" }, "geometry": { "type": "Point", "coordinates": [ -119.282986283260286, 35.504814302443123 ] } },
{ "type": "Feature", "properties": { "id": "fd-02093", "input_id": "026-712-09", "specification": "terminal", "source": "fd-00570", "demand": 1, "placement": "ug", "duct_group": "6", "duct_assignment": "8" }, "geometry": { "type": "Point", "coordinates": [ -119.282985005050378, 35.504997464574821 ] } },
{ "type": "Feature", "properties": { "id": "fd-02094", "input_id": "026-712-08", "specification": "terminal", "source": "fd-00570", "demand": 1, "placement": "ug", "duct_group": "6", "duct_assignment": "7" }, "geometry": { "type": "Point", "coordinates": [ -119.282983337665769, 35.5051976486019 ] } },
{ "type": "Feature", "properties": { "id": "fd-02095", "input_id": "026-712-25", "specification": "terminal", "source": "fd-00583", "demand": 1, "placement": "ug", "duct_group": "9", "duct_assignment": "7" }, "geometry": { "type": "Point", "coordinates": [ -119.283401545140094, 35.504415604386132 ] } },
{ "type": "Feature", "properties": { "id": "fd-02096", "input_id": "026-712-04", "specification": "terminal", "source": "fd-00568", "demand": 1, "placement": "ug", "duct_group": "6", "duct_assignment": "4" }, "geometry": { "type": "Point", "coordinates": [ -119.284059739251106, 35.505141857693317 ] } },
{ "type": "Feature", "properties": { "id": "fd-02097", "input_id": "026-711-08", "specification": "terminal", "source": "fd-00546", "demand": 1, "placement": "ug", "duct_group": "2", "duct_assignment": "3" }, "geometry": { "type": "Point", "coordinates": [ -119.285151556200418, 35.503994058630639 ] } },
{ "type": "Feature", "properties": { "id": "fd-02098", "input_id": "026-712-19", "specification": "terminal", "source": "fd-00580", "demand": 1, "placement": "ug", "duct_group": "9", "duct_assignment": "1" }, "geometry": { "type": "Point", "coordinates": [ -119.284729127363534, 35.504421072353068 ] } },
{ "type": "Feature", "properties": { "id": "fd-02099", "input_id": "026-711-14", "specification": "terminal", "source": "fd-00549", "demand": 1, "placement": "ug", "duct_group": "2", "duct_assignment": "8" }, "geometry": { "type": "Point", "coordinates": [ -119.286501424091469, 35.503983017406725 ] } },
{ "type": "Feature", "properties": { "id": "fd-02100", "input_id": "026-711-22", "specification": "terminal", "source": "fd-00542", "demand": 1, "placement": "ug", "duct_group": "1", "duct_assignment": "7" }, "geometry": { "type": "Point", "coordinates": [ -119.286254526337103, 35.505147119768466 ] } },
{ "type": "Feature", "properties": { "id": "fd-02101", "input_id": "026-713-02", "specification": "terminal", "source": "fd-00585", "demand": 1, "placement": "ug", "duct_group": "10", "duct_assignment": "1" }, "geometry": { "type": "Point", "coordinates": [ -119.285373400362971, 35.504698034504173 ] } },
{ "type": "Feature", "properties": { "id": "fd-02102", "input_id": "026-711-05", "specification": "terminal", "source": "fd-00593", "demand": 1, "placement": "ug", "duct_group": "11", "duct_assignment": "4" }, "geometry": { "type": "Point", "coordinates": [ -119.285713636065211, 35.503715387590773 ] } },
{ "type": "Feature", "properties": { "id": "fd-02103", "input_id": "026-712-26", "specification": "terminal", "source": "fd-00584", "demand": 1, "placement": "ug", "duct_group": "9", "duct_assignment": "9" }, "geometry": { "type": "Point", "coordinates": [ -119.283175815681261, 35.504415046635621 ] } },
{ "type": "Feature", "properties": { "id": "fd-02104", "input_id": "026-714-07", "specification": "terminal", "source": "fd-00578", "demand": 1, "placement": "ug", "duct_group": "8", "duct_assignment": "6" }, "geometry": { "type": "Point", "coordinates": [ -119.283457413050684, 35.503712273498557 ] } },
{ "type": "Feature", "properties": { "id": "fd-02105", "input_id": "026-711-24", "specification": "terminal", "source": "fd-00540", "demand": 1, "placement": "ug", "duct_group": "1", "duct_assignment": "3" }, "geometry": { "type": "Point", "coordinates": [ -119.285827752221124, 35.505145944739553 ] } },
{ "type": "Feature", "properties": { "id": "fd-02106", "input_id": "026-713-05", "specification": "terminal", "source": "fd-00587", "demand": 1, "placement": "ug", "duct_group": "10", "duct_assignment": "5" }, "geometry": { "type": "Point", "coordinates": [ -119.286035475369786, 35.504699648887609 ] } },
{ "type": "Feature", "properties": { "id": "fd-02107", "input_id": "026-712-16", "specification": "terminal", "source": "fd-00552", "demand": 1, "placement": "ug", "duct_group": "3", "duct_assignment": "4" }, "geometry": { "type": "Point", "coordinates": [ -119.284284112045697, 35.504695580620385 ] } },
{ "type": "Feature", "properties": { "id": "fd-02108", "input_id": "026-714-11", "specification": "terminal", "source": "fd-00558", "demand": 1, "placement": "ug", "duct_group": "4", "duct_assignment": "7" }, "geometry": { "type": "Point", "coordinates": [ -119.283179757191462, 35.50399329610152 ] } },
{ "type": "Feature", "properties": { "id": "fd-02109", "input_id": "026-712-02", "specification": "terminal", "source": "fd-00567", "demand": 1, "placement": "ug", "duct_group": "6", "duct_assignment": "1" }, "geometry": { "type": "Point", "coordinates": [ -119.284507756907132, 35.505143001204949 ] } },
{ "type": "Feature", "properties": { "id": "fd-02110", "input_id": "026-712-24", "specification": "terminal", "source": "fd-00582", "demand": 1, "placement": "ug", "duct_group": "9", "duct_assignment": "6" }, "geometry": { "type": "Point", "coordinates": [ -119.283620732851091, 35.504416137107512 ] } },
{ "type": "Feature", "properties": { "id": "fd-02111", "input_id": "026-714-12", "specification": "terminal", "source": "fd-00558", "demand": 1, "placement": "ug", "duct_group": "4", "duct_assignment": "8" }, "geometry": { "type": "Point", "coordinates": [ -119.283403685061515, 35.503994017711506 ] } },
{ "type": "Feature", "properties": { "id": "fd-02112", "input_id": "026-713-13", "specification": "terminal", "source": "fd-00545", "demand": 1, "placement": "ug", "duct_group": "2", "duct_assignment": "1" }, "geometry": { "type": "Point", "coordinates": [ -119.285374057332817, 35.504420574252364 ] } },
{ "type": "Feature", "properties": { "id": "fd-02113", "input_id": "026-711-09", "specification": "terminal", "source": "fd-00546", "demand": 1, "placement": "ug", "duct_group": "2", "duct_assignment": "4" }, "geometry": { "type": "Point", "coordinates": [ -119.285380137470838, 35.503996182620405 ] } },
{ "type": "Feature", "properties": { "id": "fd-02114", "input_id": "026-712-13", "specification": "terminal", "source": "fd-00554", "demand": 1, "placement": "ug", "duct_group": "3", "duct_assignment": "7" }, "geometry": { "type": "Point", "coordinates": [ -119.283616771704175, 35.504687072912759 ] } },
{ "type": "Feature", "properties": { "id": "fd-02115", "input_id": "026-713-11", "specification": "terminal", "source": "fd-00589", "demand": 1, "placement": "ug", "duct_group": "10", "duct_assignment": "9" }, "geometry": { "type": "Point", "coordinates": [ -119.285817687218724, 35.50442163300503 ] } },
{ "type": "Feature", "properties": { "id": "fd-02116", "input_id": "026-712-17", "specification": "terminal", "source": "fd-00551", "demand": 1, "placement": "ug", "duct_group": "3", "duct_assignment": "2" }, "geometry": { "type": "Point", "coordinates": [ -119.284498905138321, 35.504695854256951 ] } },
{ "type": "Feature", "properties": { "id": "fd-02117", "input_id": "026-711-10", "specification": "terminal", "source": "fd-00547", "demand": 1, "placement": "ug", "duct_group": "2", "duct_assignment": "6" }, "geometry": { "type": "Point", "coordinates": [ -119.285600270927276, 35.503996690833937 ] } },
{ "type": "Feature", "properties": { "id": "fd-02118", "input_id": "026-711-21", "specification": "terminal", "source": "fd-00542", "demand": 1, "placement": "ug", "duct_group": "1", "duct_assignment": "6" }, "geometry": { "type": "Point", "coordinates": [ -119.286491515425197, 35.505164935480458 ] } },
{ "type": "Feature", "properties": { "id": "fd-02119", "input_id": "026-713-08", "specification": "terminal", "source": "fd-00591", "demand": 1, "placement": "ug", "duct_group": "10", "duct_assignment": "11" }, "geometry": { "type": "Point", "coordinates": [ -119.28648640736057, 35.504425717449152 ] } },
{ "type": "Feature", "properties": { "id": "fd-02120", "input_id": "026-711-04", "specification": "terminal", "source": "fd-00593", "demand": 1, "placement": "ug", "duct_group": "11", "duct_assignment": "3" }, "geometry": { "type": "Point", "coordinates": [ -119.285980873058861, 35.503716083305342 ] } },
{ "type": "Feature", "properties": { "id": "fd-02121", "input_id": "026-712-07", "specification": "terminal", "source": "fd-00570", "demand": 1, "placement": "ug", "duct_group": "6", "duct_assignment": "9" }, "geometry": { "type": "Point", "coordinates": [ -119.283323706148252, 35.505139377629071 ] } },
{ "type": "Feature", "properties": { "id": "fd-02122", "input_id": "026-712-06", "specification": "terminal", "source": "fd-00570", "demand": 1, "placement": "ug", "duct_group": "6", "duct_assignment": "6" }, "geometry": { "type": "Point", "coordinates": [ -119.283623772341102, 35.505146414038293 ] } },
{ "type": "Feature", "properties": { "id": "fd-02123", "input_id": "026-712-20", "specification": "terminal", "source": "fd-00580", "demand": 1, "placement": "ug", "duct_group": "9", "duct_assignment": "2" }, "geometry": { "type": "Point", "coordinates": [ -119.284507361584019, 35.504418519059278 ] } },
{ "type": "Feature", "properties": { "id": "fd-02124", "input_id": "026-714-08", "specification": "terminal", "source": "fd-00579", "demand": 1, "placement": "ug", "duct_group": "8", "duct_assignment": "8" }, "geometry": { "type": "Point", "coordinates": [ -119.283215806326155, 35.503711609396987 ] } },
{ "type": "Feature", "properties": { "id": "fd-02125", "input_id": "026-713-06", "specification": "terminal", "source": "fd-00587", "demand": 1, "placement": "ug", "duct_group": "10", "duct_assignment": "6" }, "geometry": { "type": "Point", "coordinates": [ -119.286253984807942, 35.504700229168755 ] } },
{ "type": "Feature", "properties": { "id": "fd-02126", "input_id": "026-714-05", "specification": "terminal", "source": "fd-00577", "demand": 1, "placement": "ug", "duct_group": "8", "duct_assignment": "4" }, "geometry": { "type": "Point", "coordinates": [ -119.283941005628179, 35.5037137024459 ] } },
{ "type": "Feature", "properties": { "id": "fd-02127", "input_id": "026-711-19", "specification": "terminal", "source": "fd-00543", "demand": 1, "placement": "ug", "duct_group": "1", "duct_assignment": "9" }, "geometry": { "type": "Point", "coordinates": [ -119.286991716345796, 35.505017852120069 ] } },
{ "type": "Feature", "properties": { "id": "fd-02128", "input_id": "026-711-13", "specification": "terminal", "source": "fd-00549", "demand": 1, "placement": "ug", "duct_group": "2", "duct_assignment": "9" }, "geometry": { "type": "Point", "coordinates": [ -119.286270674777882, 35.503998146471716 ] } },
{ "type": "Feature", "properties": { "id": "fd-02129", "input_id": "026-714-16", "specification": "terminal", "source": "fd-00556", "demand": 1, "placement": "ug", "duct_group": "4", "duct_assignment": "3" }, "geometry": { "type": "Point", "coordinates": [ -119.284279740362351, 35.50399622374637 ] } },
{ "type": "Feature", "properties": { "id": "fd-02130", "input_id": "026-712-05", "specification": "terminal", "source": "fd-00569", "demand": 1, "placement": "ug", "duct_group": "6", "duct_assignment": "5" }, "geometry": { "type": "Point", "coordinates": [ -119.283844310350659, 35.505141318198042 ] } },
{ "type": "Feature", "properties": { "id": "fd-02131", "input_id": "026-712-18", "specification": "terminal", "source": "fd-00551", "demand": 1, "placement": "ug", "duct_group": "3", "duct_assignment": "1" }, "geometry": { "type": "Point", "coordinates": [ -119.284722651918528, 35.504694383366896 ] } },
{ "type": "Feature", "properties": { "id": "fd-02132", "input_id": "026-714-14", "specification": "terminal", "source": "fd-00557", "demand": 1, "placement": "ug", "duct_group": "4", "duct_assignment": "6" }, "geometry": { "type": "Point", "coordinates": [ -119.283841503043504, 35.503994942141333 ] } },
{ "type": "Feature", "properties": { "id": "fd-02133", "input_id": "026-714-04", "specification": "terminal", "source": "fd-00577", "demand": 1, "placement": "ug", "duct_group": "8", "duct_assignment": "3" }, "geometry": { "type": "Point", "coordinates": [ -119.284182936326403, 35.503714402853596 ] } },
{ "type": "Feature", "properties": { "id": "fd-02134", "input_id": "026-712-03", "specification": "terminal", "source": "fd-00568", "demand": 1, "placement": "ug", "duct_group": "6", "duct_assignment": "3" }, "geometry": { "type": "Point", "coordinates": [ -119.284283755059889, 35.505142371186352 ] } },
{ "type": "Feature", "properties": { "id": "fd-02135", "input_id": "026-714-15", "specification": "terminal", "source": "fd-00556", "demand": 1, "placement": "ug", "duct_group": "4", "duct_assignment": "4" }, "geometry": { "type": "Point", "coordinates": [ -119.284056362242325, 35.503995579451008 ] } },
{ "type": "Feature", "properties": { "id": "fd-02136", "input_id": "026-711-20", "specification": "terminal", "source": "fd-00543", "demand": 1, "placement": "ug", "duct_group": "1", "duct_assignment": "8" }, "geometry": { "type": "Point", "coordinates": [ -119.286822519312935, 35.505180044514532 ] } },
{ "type": "Feature", "properties": { "id": "fd-02137", "input_id": "026-711-03", "specification": "terminal", "source": "fd-00594", "demand": 1, "placement": "ug", "duct_group": "11", "duct_assignment": "5" }, "geometry": { "type": "Point", "coordinates": [ -119.286244794112008, 35.503716829960361 ] } },
{ "type": "Feature", "properties": { "id": "fd-02138", "input_id": "026-713-12", "specification": "terminal", "source": "fd-00589", "demand": 1, "placement": "ug", "duct_group": "10", "duct_assignment": "8" }, "geometry": { "type": "Point", "coordinates": [ -119.285599220688908, 35.504421094125071 ] } },
{ "type": "Feature", "properties": { "id": "fd-02139", "input_id": "026-711-17", "specification": "terminal", "source": "fd-00544", "demand": 1, "placement": "ug", "duct_group": "1", "duct_assignment": "10" }, "geometry": { "type": "Point", "coordinates": [ -119.286971513952466, 35.504601222898636 ] } },
{ "type": "Feature", "properties": { "id": "fd-02140", "input_id": "026-714-10", "specification": "terminal", "source": "fd-00559", "demand": 1, "placement": "ug", "duct_group": "4", "duct_assignment": "9" }, "geometry": { "type": "Point", "coordinates": [ -119.282940396407142, 35.503990918597559 ] } },
{ "type": "Feature", "properties": { "id": "fd-02141", "input_id": "026-712-21", "specification": "terminal", "source": "fd-00581", "demand": 1, "placement": "ug", "duct_group": "9", "duct_assignment": "4" }, "geometry": { "type": "Point", "coordinates": [ -119.284289236318727, 35.504417867230934 ] } },
{ "type": "Feature", "properties": { "id": "fd-02142", "input_id": "026-713-07", "specification": "terminal", "source": "fd-00588", "demand": 1, "placement": "ug", "duct_group": "10", "duct_assignment": "7" }, "geometry": { "type": "Point", "coordinates": [ -119.286485731162912, 35.504698578630389 ] } },
{ "type": "Feature", "properties": { "id": "fd-02143", "input_id": "026-711-15", "specification": "terminal", "source": "fd-00550", "demand": 1, "placement": "ug", "duct_group": "2", "duct_assignment": "10" }, "geometry": { "type": "Point", "coordinates": [ -119.286969300957779, 35.504228980785385 ] } },
{ "type": "Feature", "properties": { "id": "fd-02144", "input_id": "026-711-18", "specification": "terminal", "source": "fd-00544", "demand": 1, "placement": "ug", "duct_group": "1", "duct_assignment": "11" }, "geometry": { "type": "Point", "coordinates": [ -119.286990063654869, 35.504784789797412 ] } },
{ "type": "Feature", "properties": { "id": "fd-02145", "input_id": "026-712-12", "specification": "terminal", "source": "fd-00554", "demand": 1, "placement": "ug", "duct_group": "3", "duct_assignment": "6" }, "geometry": { "type": "Point", "coordinates": [ -119.283317945934058, 35.504695230484941 ] } },
{ "type": "Feature", "properties": { "id": "fd-02146", "input_id": "026-712-01", "specification": "terminal", "source": "fd-00567", "demand": 1, "placement": "ug", "duct_group": "6", "duct_assignment": "2" }, "geometry": { "type": "Point", "coordinates": [ -119.284725696241708, 35.505145627785609 ] } },
{ "type": "Feature", "properties": { "id": "fd-02147", "input_id": "026-711-27", "specification": "terminal", "source": "fd-00539", "demand": 1, "placement": "ug", "duct_group": "1", "duct_assignment": "2" }, "geometry": { "type": "Point", "coordinates": [ -119.285144783594248, 35.505146487516953 ] } },
{ "type": "Feature", "properties": { "id": "fd-02148", "input_id": "026-712-15", "specification": "terminal", "source": "fd-00552", "demand": 1, "placement": "ug", "duct_group": "3", "duct_assignment": "3" }, "geometry": { "type": "Point", "coordinates": [ -119.284060451591884, 35.504694972011251 ] } },
{ "type": "Feature", "properties": { "id": "fd-02149", "input_id": "026-711-02", "specification": "terminal", "source": "fd-00594", "demand": 1, "placement": "ug", "duct_group": "11", "duct_assignment": "6" }, "geometry": { "type": "Point", "coordinates": [ -119.286510442764538, 35.503717635842612 ] } },
{ "type": "Feature", "properties": { "id": "fd-02150", "input_id": "026-711-07", "specification": "terminal", "source": "fd-00592", "demand": 1, "placement": "ug", "duct_group": "11", "duct_assignment": "2" }, "geometry": { "type": "Point", "coordinates": [ -119.285180304123685, 35.50371594428762 ] } },
{ "type": "Feature", "properties": { "id": "fd-02151", "input_id": "026-714-03", "specification": "terminal", "source": "fd-00576", "demand": 1, "placement": "ug", "duct_group": "8", "duct_assignment": "1" }, "geometry": { "type": "Point", "coordinates": [ -119.284424898195923, 35.503715105476864 ] } },
{ "type": "Feature", "properties": { "id": "fd-02152", "input_id": "026-712-23", "specification": "terminal", "source": "fd-00582", "demand": 1, "placement": "ug", "duct_group": "9", "duct_assignment": "5" }, "geometry": { "type": "Point", "coordinates": [ -119.283839592326814, 35.504416961560551 ] } },
{ "type": "Feature", "properties": { "id": "fd-02153", "input_id": "026-714-13", "specification": "terminal", "source": "fd-00557", "demand": 1, "placement": "ug", "duct_group": "4", "duct_assignment": "5" }, "geometry": { "type": "Point", "coordinates": [ -119.283627010101824, 35.503994221474571 ] } },
{ "type": "Feature", "properties": { "id": "fd-02154", "input_id": "026-712-22", "specification": "terminal", "source": "fd-00581", "demand": 1, "placement": "ug", "duct_group": "9", "duct_assignment": "3" }, "geometry": { "type": "Point", "coordinates": [ -119.284064536302708, 35.504417285056128 ] } },
{ "type": "Feature", "properties": { "id": "fd-02155", "input_id": "026-711-26", "specification": "terminal", "source": "fd-00539", "demand": 1, "placement": "ug", "duct_group": "1", "duct_assignment": "1" }, "geometry": { "type": "Point", "coordinates": [ -119.285380967971122, 35.505144898032995 ] } },
{ "type": "Feature", "properties": { "id": "fd-02156", "input_id": "026-713-03", "specification": "terminal", "source": "fd-00586", "demand": 1, "placement": "ug", "duct_group": "10", "duct_assignment": "3" }, "geometry": { "type": "Point", "coordinates": [ -119.285598546021788, 35.504698554610108 ] } },
{ "type": "Feature", "properties": { "id": "fd-02157", "input_id": "026-711-11", "specification": "terminal", "source": "fd-00547", "demand": 1, "placement": "ug", "duct_group": "2", "duct_assignment": "5" }, "geometry": { "type": "Point", "coordinates": [ -119.285823790593739, 35.503997247327938 ] } },
{ "type": "Feature", "properties": { "id": "fd-02158", "input_id": "026-711-12", "specification": "terminal", "source": "fd-00548", "demand": 1, "placement": "ug", "duct_group": "2", "duct_assignment": "7" }, "geometry": { "type": "Point", "coordinates": [ -119.286047337684636, 35.503997837796952 ] } },
{ "type": "Feature", "properties": { "id": "fd-02159", "input_id": "026-714-06", "specification": "terminal", "source": "fd-00578", "demand": 1, "placement": "ug", "duct_group": "8", "duct_assignment": "5" }, "geometry": { "type": "Point", "coordinates": [ -119.283699131593977, 35.503712999049078 ] } },
{ "type": "Feature", "properties": { "id": "fd-02160", "input_id": "026-714-18", "specification": "terminal", "source": "fd-00555", "demand": 1, "placement": "ug", "duct_group": "4", "duct_assignment": "1" }, "geometry": { "type": "Point", "coordinates": [ -119.284728381703758, 35.503995329867848 ] } },
{ "type": "Feature", "properties": { "id": "fd-02161", "input_id": "026-713-09", "specification": "terminal", "source": "fd-00591", "demand": 1, "placement": "ug", "duct_group": "10", "duct_assignment": "12" }, "geometry": { "type": "Point", "coordinates": [ -119.286254696388056, 35.504422782179347 ] } },
{ "type": "Feature", "properties": { "id": "fd-02162", "input_id": "026-714-17", "specification": "terminal", "source": "fd-00555", "demand": 1, "placement": "ug", "duct_group": "4", "duct_assignment": "2" }, "geometry": { "type": "Point", "coordinates": [ -119.284503176088393, 35.503996865376457 ] } },
{ "type": "Feature", "properties": { "id": "fd-02163", "input_id": "026-711-23", "specification": "terminal", "source": "fd-00541", "demand": 1, "placement": "ug", "duct_group": "1", "duct_assignment": "5" }, "geometry": { "type": "Point", "coordinates": [ -119.286041145505195, 35.505146473764007 ] } },
{ "type": "Feature", "properties": { "id": "fd-02164", "input_id": "026-711-06", "specification": "terminal", "source": "fd-00592", "demand": 1, "placement": "ug", "duct_group": "11", "duct_assignment": "1" }, "geometry": { "type": "Point", "coordinates": [ -119.285446434782116, 35.503714750362654 ] } },
{ "type": "Feature", "properties": { "id": "fd-02165", "input_id": "026-714-02", "specification": "terminal", "source": "fd-00576", "demand": 1, "placement": "ug", "duct_group": "8", "duct_assignment": "2" }, "geometry": { "type": "Point", "coordinates": [ -119.284691181234606, 35.503717912033778 ] } },
{ "type": "Feature", "properties": { "id": "fd-02166", "input_id": "026-714-09", "specification": "terminal", "source": "fd-00579", "demand": 1, "placement": "ug", "duct_group": "8", "duct_assignment": "7" }, "geometry": { "type": "Point", "coordinates": [ -119.282956243357972, 35.503712983904151 ] } },
{ "type": "Feature", "properties": { "id": "fd-02167", "input_id": "026-712-14", "specification": "terminal", "source": "fd-00553", "demand": 1, "placement": "ug", "duct_group": "3", "duct_assignment": "5" }, "geometry": { "type": "Point", "coordinates": [ -119.283836483415271, 35.504694211364971 ] } },
{ "type": "Feature", "properties": { "id": "fd-02168", "input_id": "026-713-04", "specification": "terminal", "source": "fd-00586", "demand": 1, "placement": "ug", "duct_group": "10", "duct_assignment": "4" }, "geometry": { "type": "Point", "coordinates": [ -119.285816997313717, 35.504699090751934 ] } },
{ "type": "Feature", "properties": { "id": "fd-02169", "input_id": "026-713-01", "specification": "terminal", "source": "fd-00585", "demand": 1, "placement": "ug", "duct_group": "10", "duct_assignment": "2" }, "geometry": { "type": "Point", "coordinates": [ -119.285138927927861, 35.504695800312909 ] } },
{ "type": "Feature", "properties": { "id": "fd-02170", "input_id": "026-713-14", "specification": "terminal", "source": "fd-00545", "demand": 1, "placement": "ug", "duct_group": "2", "duct_assignment": "2" }, "geometry": { "type": "Point", "coordinates": [ -119.285140581440587, 35.504422307431327 ] } },
{ "type": "Feature", "properties": { "id": "fd-02171", "input_id": "026-711-16", "specification": "terminal", "source": "fd-00550", "demand": 1, "placement": "ug", "duct_group": "2", "duct_assignment": "11" }, "geometry": { "type": "Point", "coordinates": [ -119.286985926085407, 35.504421039793328 ] } },
{ "type": "Feature", "properties": { "id": "fd-02172", "input_id": "026-712-27", "specification": "terminal", "source": "fd-00584", "demand": 1, "placement": "ug", "duct_group": "9", "duct_assignment": "8" }, "geometry": { "type": "Point", "coordinates": [ -119.282931920347252, 35.504416376261815 ] } },
{ "type": "Feature", "properties": { "id": "fd-02173", "input_id": "026-711-25", "specification": "terminal", "source": "fd-00540", "demand": 1, "placement": "ug", "duct_group": "1", "duct_assignment": "4" }, "geometry": { "type": "Point", "coordinates": [ -119.285604328594403, 35.50514541074773 ] } },
{ "type": "Feature", "properties": { "id": "fd-02174", "input_id": "026-713-10", "specification": "terminal", "source": "fd-00590", "demand": 1, "placement": "ug", "duct_group": "10", "duct_assignment": "10" }, "geometry": { "type": "Point", "coordinates": [ -119.286036177891361, 35.504422195809077 ] } },
{ "type": "Feature", "properties": { "id": "fd-02175", "input_id": "028-581-04", "specification": "terminal", "source": "fd-00854", "demand": 1, "placement": "ug", "duct_group": "9", "duct_assignment": "5" }, "geometry": { "type": "Point", "coordinates": [ -119.278053553072496, 35.492116144376006 ] } },
{ "type": "Feature", "properties": { "id": "fd-02176", "input_id": "028-581-05", "specification": "terminal", "source": "fd-00856", "demand": 1, "placement": "ug", "duct_group": "9", "duct_assignment": "10" }, "geometry": { "type": "Point", "coordinates": [ -119.27803030609185, 35.492333155194423 ] } },
{ "type": "Feature", "properties": { "id": "fd-02177", "input_id": "028-581-03", "specification": "terminal", "source": "fd-00854", "demand": 1, "placement": "ug", "duct_group": "9", "duct_assignment": "6" }, "geometry": { "type": "Point", "coordinates": [ -119.278046718641562, 35.491916963453512 ] } },
{ "type": "Feature", "properties": { "id": "fd-02178", "input_id": "028-581-02", "specification": "terminal", "source": "fd-00852", "demand": 1, "placement": "ug", "duct_group": "9", "duct_assignment": "1" }, "geometry": { "type": "Point", "coordinates": [ -119.278051694316758, 35.491718660188425 ] } },
{ "type": "Feature", "properties": { "id": "fd-02179", "input_id": "028-581-01", "specification": "terminal", "source": "fd-00852", "demand": 1, "placement": "ug", "duct_group": "9", "duct_assignment": "2" }, "geometry": { "type": "Point", "coordinates": [ -119.27805366623025, 35.491517574669771 ] } },
{ "type": "Feature", "properties": { "id": "fd-02180", "input_id": "028-581-10", "specification": "terminal", "source": "fd-00853", "demand": 1, "placement": "ug", "duct_group": "9", "duct_assignment": "4" }, "geometry": { "type": "Point", "coordinates": [ -119.2774886437047, 35.491519332538402 ] } },
{ "type": "Feature", "properties": { "id": "fd-02181", "input_id": "028-581-09", "specification": "terminal", "source": "fd-00853", "demand": 1, "placement": "ug", "duct_group": "9", "duct_assignment": "3" }, "geometry": { "type": "Point", "coordinates": [ -119.277490153376959, 35.491725434434819 ] } },
{ "type": "Feature", "properties": { "id": "fd-02182", "input_id": "028-581-08", "specification": "terminal", "source": "fd-00855", "demand": 1, "placement": "ug", "duct_group": "9", "duct_assignment": "8" }, "geometry": { "type": "Point", "coordinates": [ -119.277487305020429, 35.491917382604221 ] } },
{ "type": "Feature", "properties": { "id": "fd-02183", "input_id": "028-581-07", "specification": "terminal", "source": "fd-00855", "demand": 1, "placement": "ug", "duct_group": "9", "duct_assignment": "7" }, "geometry": { "type": "Point", "coordinates": [ -119.277467754522448, 35.492113801466473 ] } },
{ "type": "Feature", "properties": { "id": "fd-02184", "input_id": "028-581-06", "specification": "terminal", "source": "fd-00856", "demand": 1, "placement": "ug", "duct_group": "9", "duct_assignment": "9" }, "geometry": { "type": "Point", "coordinates": [ -119.277479014639098, 35.49233540441233 ] } },
{ "type": "Feature", "properties": { "id": "fd-02185", "input_id": "028-581-11", "specification": "terminal", "source": "fd-00812", "demand": 1, "placement": "ug", "duct_group": "3", "duct_assignment": "2" }, "geometry": { "type": "Point", "coordinates": [ -119.27715145312051, 35.491556825868336 ] } },
{ "type": "Feature", "properties": { "id": "fd-02186", "input_id": "028-581-12", "specification": "terminal", "source": "fd-00812", "demand": 1, "placement": "ug", "duct_group": "3", "duct_assignment": "1" }, "geometry": { "type": "Point", "coordinates": [ -119.276877466623276, 35.491555989872388 ] } },
{ "type": "Feature", "properties": { "id": "fd-02187", "input_id": "028-581-13", "specification": "terminal", "source": "fd-00813", "demand": 1, "placement": "ug", "duct_group": "3", "duct_assignment": "3" }, "geometry": { "type": "Point", "coordinates": [ -119.276608790937217, 35.491557133550167 ] } },
{ "type": "Feature", "properties": { "id": "fd-02188", "input_id": "028-581-14", "specification": "terminal", "source": "fd-00803", "demand": 1, "placement": "ug", "duct_group": "1", "duct_assignment": "7" }, "geometry": { "type": "Point", "coordinates": [ -119.276607413089067, 35.491855367692352 ] } },
{ "type": "Feature", "properties": { "id": "fd-02189", "input_id": "028-581-15", "specification": "terminal", "source": "fd-00803", "demand": 1, "placement": "ug", "duct_group": "1", "duct_assignment": "8" }, "geometry": { "type": "Point", "coordinates": [ -119.276870433465248, 35.491849130091552 ] } },
{ "type": "Feature", "properties": { "id": "fd-02190", "input_id": "028-581-16", "specification": "terminal", "source": "fd-00805", "demand": 1, "placement": "ug", "duct_group": "1", "duct_assignment": "11" }, "geometry": { "type": "Point", "coordinates": [ -119.277164971921223, 35.491851859978922 ] } },
{ "type": "Feature", "properties": { "id": "fd-02191", "input_id": "028-581-17", "specification": "terminal", "source": "fd-00805", "demand": 1, "placement": "ug", "duct_group": "1", "duct_assignment": "12" }, "geometry": { "type": "Point", "coordinates": [ -119.277164100231275, 35.492289494624799 ] } },
{ "type": "Feature", "properties": { "id": "fd-02192", "input_id": "028-581-18", "specification": "terminal", "source": "fd-00804", "demand": 1, "placement": "ug", "duct_group": "1", "duct_assignment": "9" }, "geometry": { "type": "Point", "coordinates": [ -119.276871157608113, 35.492299285449604 ] } },
{ "type": "Feature", "properties": { "id": "fd-02193", "input_id": "028-581-19", "specification": "terminal", "source": "fd-00804", "demand": 1, "placement": "ug", "duct_group": "1", "duct_assignment": "10" }, "geometry": { "type": "Point", "coordinates": [ -119.276607888465364, 35.492296399171799 ] } },
{ "type": "Feature", "properties": { "id": "fd-02194", "input_id": "028-583-01", "specification": "terminal", "source": "fd-00815", "demand": 1, "placement": "ug", "duct_group": "3", "duct_assignment": "6" }, "geometry": { "type": "Point", "coordinates": [ -119.276152558394116, 35.492299997218254 ] } },
{ "type": "Feature", "properties": { "id": "fd-02195", "input_id": "028-583-02", "specification": "terminal", "source": "fd-00815", "demand": 1, "placement": "ug", "duct_group": "3", "duct_assignment": "7" }, "geometry": { "type": "Point", "coordinates": [ -119.275896584835351, 35.492300220789986 ] } },
{ "type": "Feature", "properties": { "id": "fd-02196", "input_id": "028-583-03", "specification": "terminal", "source": "fd-00833", "demand": 1, "placement": "ug", "duct_group": "6", "duct_assignment": "2" }, "geometry": { "type": "Point", "coordinates": [ -119.275644661260301, 35.492299450536827 ] } },
{ "type": "Feature", "properties": { "id": "fd-02197", "input_id": "028-583-04", "specification": "terminal", "source": "fd-00833", "demand": 1, "placement": "ug", "duct_group": "6", "duct_assignment": "1" }, "geometry": { "type": "Point", "coordinates": [ -119.275392738089067, 35.49229867987858 ] } },
{ "type": "Feature", "properties": { "id": "fd-02198", "input_id": "028-583-05", "specification": "terminal", "source": "fd-00835", "demand": 1, "placement": "ug", "duct_group": "6", "duct_assignment": "5" }, "geometry": { "type": "Point", "coordinates": [ -119.275140814523439, 35.492297908592711 ] } },
{ "type": "Feature", "properties": { "id": "fd-02199", "input_id": "028-583-06", "specification": "terminal", "source": "fd-00836", "demand": 1, "placement": "ug", "duct_group": "6", "duct_assignment": "7" }, "geometry": { "type": "Point", "coordinates": [ -119.274889135252764, 35.492297455804454 ] } },
{ "type": "Feature", "properties": { "id": "fd-02200", "input_id": "028-583-07", "specification": "terminal", "source": "fd-00836", "demand": 1, "placement": "ug", "duct_group": "6", "duct_assignment": "6" }, "geometry": { "type": "Point", "coordinates": [ -119.274621918647455, 35.492320388159094 ] } },
{ "type": "Feature", "properties": { "id": "fd-02201", "input_id": "028-583-08", "specification": "terminal", "source": "fd-00838", "demand": 1, "placement": "ug", "duct_group": "6", "duct_assignment": "10" }, "geometry": { "type": "Point", "coordinates": [ -119.274293907886801, 35.492314945906145 ] } },
{ "type": "Feature", "properties": { "id": "fd-02202", "input_id": "028-583-09", "specification": "terminal", "source": "fd-00838", "demand": 1, "placement": "ug", "duct_group": "6", "duct_assignment": "11" }, "geometry": { "type": "Point", "coordinates": [ -119.274125861970631, 35.492162275086621 ] } },
{ "type": "Feature", "properties": { "id": "fd-02203", "input_id": "028-583-10", "specification": "terminal", "source": "fd-00837", "demand": 1, "placement": "ug", "duct_group": "6", "duct_assignment": "8" }, "geometry": { "type": "Point", "coordinates": [ -119.274132689619734, 35.491906651038889 ] } },
{ "type": "Feature", "properties": { "id": "fd-02204", "input_id": "028-583-11", "specification": "terminal", "source": "fd-00837", "demand": 1, "placement": "ug", "duct_group": "6", "duct_assignment": "9" }, "geometry": { "type": "Point", "coordinates": [ -119.274162437020181, 35.491701536956 ] } },
{ "type": "Feature", "properties": { "id": "fd-02205", "input_id": "028-583-12", "specification": "terminal", "source": "fd-00834", "demand": 1, "placement": "ug", "duct_group": "6", "duct_assignment": "4" }, "geometry": { "type": "Point", "coordinates": [ -119.27416454632511, 35.491503808498457 ] } },
{ "type": "Feature", "properties": { "id": "fd-02206", "input_id": "028-582-07", "specification": "terminal", "source": "fd-00860", "demand": 1, "placement": "ug", "duct_group": "10", "duct_assignment": "7" }, "geometry": { "type": "Point", "coordinates": [ -119.274664168003525, 35.491551337676441 ] } },
{ "type": "Feature", "properties": { "id": "fd-02207", "input_id": "028-582-06", "specification": "terminal", "source": "fd-00860", "demand": 1, "placement": "ug", "duct_group": "10", "duct_assignment": "6" }, "geometry": { "type": "Point", "coordinates": [ -119.274914188295199, 35.491549979825962 ] } },
{ "type": "Feature", "properties": { "id": "fd-02208", "input_id": "028-582-05", "specification": "terminal", "source": "fd-00859", "demand": 1, "placement": "ug", "duct_group": "10", "duct_assignment": "4" }, "geometry": { "type": "Point", "coordinates": [ -119.27516274699326, 35.491550742409189 ] } },
{ "type": "Feature", "properties": { "id": "fd-02209", "input_id": "028-582-04", "specification": "terminal", "source": "fd-00859", "demand": 1, "placement": "ug", "duct_group": "10", "duct_assignment": "5" }, "geometry": { "type": "Point", "coordinates": [ -119.275411305569349, 35.49155150470893 ] } },
{ "type": "Feature", "properties": { "id": "fd-02210", "input_id": "028-582-03", "specification": "terminal", "source": "fd-00858", "demand": 1, "placement": "ug", "duct_group": "10", "duct_assignment": "3" }, "geometry": { "type": "Point", "coordinates": [ -119.275659864677195, 35.491552266176363 ] } },
{ "type": "Feature", "properties": { "id": "fd-02211", "input_id": "028-582-02", "specification": "terminal", "source": "fd-00858", "demand": 1, "placement": "ug", "duct_group": "10", "duct_assignment": "2" }, "geometry": { "type": "Point", "coordinates": [ -119.275908423660027, 35.491553027583571 ] } },
{ "type": "Feature", "properties": { "id": "fd-02212", "input_id": "028-582-01", "specification": "terminal", "source": "fd-00857", "demand": 1, "placement": "ug", "duct_group": "10", "duct_assignment": "1" }, "geometry": { "type": "Point", "coordinates": [ -119.276161977793109, 35.491555870213304 ] } },
{ "type": "Feature", "properties": { "id": "fd-02213", "input_id": "028-582-14", "specification": "terminal", "source": "fd-00814", "demand": 1, "placement": "ug", "duct_group": "3", "duct_assignment": "5" }, "geometry": { "type": "Point", "coordinates": [ -119.276160612533602, 35.491853920360931 ] } },
{ "type": "Feature", "properties": { "id": "fd-02214", "input_id": "028-582-13", "specification": "terminal", "source": "fd-00814", "demand": 1, "placement": "ug", "duct_group": "3", "duct_assignment": "4" }, "geometry": { "type": "Point", "coordinates": [ -119.275907036996813, 35.491855211419832 ] } },
{ "type": "Feature", "properties": { "id": "fd-02215", "input_id": "028-582-12", "specification": "terminal", "source": "fd-00816", "demand": 1, "placement": "ug", "duct_group": "3", "duct_assignment": "8" }, "geometry": { "type": "Point", "coordinates": [ -119.27565847572528, 35.491854450809676 ] } },
{ "type": "Feature", "properties": { "id": "fd-02216", "input_id": "028-582-11", "specification": "terminal", "source": "fd-00817", "demand": 1, "placement": "ug", "duct_group": "3", "duct_assignment": "10" }, "geometry": { "type": "Point", "coordinates": [ -119.275409914526648, 35.491853689700953 ] } },
{ "type": "Feature", "properties": { "id": "fd-02217", "input_id": "028-582-10", "specification": "terminal", "source": "fd-00817", "demand": 1, "placement": "ug", "duct_group": "3", "duct_assignment": "9" }, "geometry": { "type": "Point", "coordinates": [ -119.275161353483071, 35.491852928194234 ] } },
{ "type": "Feature", "properties": { "id": "fd-02218", "input_id": "028-582-09", "specification": "terminal", "source": "fd-00818", "demand": 1, "placement": "ug", "duct_group": "3", "duct_assignment": "11" }, "geometry": { "type": "Point", "coordinates": [ -119.274912792502363, 35.491852165961546 ] } },
{ "type": "Feature", "properties": { "id": "fd-02219", "input_id": "028-582-08", "specification": "terminal", "source": "fd-00818", "demand": 1, "placement": "ug", "duct_group": "3", "duct_assignment": "12" }, "geometry": { "type": "Point", "coordinates": [ -119.274662888967214, 35.491849143382375 ] } },
{ "type": "Feature", "properties": { "id": "fd-02220", "input_id": "028-583-13", "specification": "terminal", "source": "fd-00834", "demand": 1, "placement": "ug", "duct_group": "6", "duct_assignment": "3" }, "geometry": { "type": "Point", "coordinates": [ -119.274166520698145, 35.491306016147718 ] } },
{ "type": "Feature", "properties": { "id": "fd-02221", "input_id": "028-583-14", "specification": "terminal", "source": "fd-00861", "demand": 1, "placement": "ug", "duct_group": "10", "duct_assignment": "8" }, "geometry": { "type": "Point", "coordinates": [ -119.274168495068736, 35.491108223693345 ] } },
{ "type": "Feature", "properties": { "id": "fd-02222", "input_id": "028-583-15", "specification": "terminal", "source": "fd-00861", "demand": 1, "placement": "ug", "duct_group": "10", "duct_assignment": "9" }, "geometry": { "type": "Point", "coordinates": [ -119.274170469723785, 35.490910431231434 ] } },
{ "type": "Feature", "properties": { "id": "fd-02223", "input_id": "028-593-01", "specification": "terminal", "source": "fd-00862", "demand": 1, "placement": "ug", "duct_group": "10", "duct_assignment": "10" }, "geometry": { "type": "Point", "coordinates": [ -119.274172444485998, 35.490712638671432 ] } },
{ "type": "Feature", "properties": { "id": "fd-02224", "input_id": "028-593-02", "specification": "terminal", "source": "fd-00862", "demand": 1, "placement": "ug", "duct_group": "10", "duct_assignment": "11" }, "geometry": { "type": "Point", "coordinates": [ -119.274174419120769, 35.490514846189349 ] } },
{ "type": "Feature", "properties": { "id": "fd-02225", "input_id": "028-593-03", "specification": "terminal", "source": "fd-00753", "demand": 1, "placement": "ug", "duct_group": "1", "duct_assignment": "12" }, "geometry": { "type": "Point", "coordinates": [ -119.274176393177711, 35.490317053745152 ] } },
{ "type": "Feature", "properties": { "id": "fd-02226", "input_id": "028-592-47", "specification": "terminal", "source": "fd-00798", "demand": 1, "placement": "ug", "duct_group": "0", "duct_assignment": "9" }, "geometry": { "type": "Point", "coordinates": [ -119.274725517276039, 35.490307666973479 ] } },
{ "type": "Feature", "properties": { "id": "fd-02227", "input_id": "028-592-48", "specification": "terminal", "source": "fd-00798", "demand": 1, "placement": "ug", "duct_group": "0", "duct_assignment": "10" }, "geometry": { "type": "Point", "coordinates": [ -119.274724577201752, 35.490510956922016 ] } },
{ "type": "Feature", "properties": { "id": "fd-02228", "input_id": "028-592-49", "specification": "terminal", "source": "fd-00797", "demand": 1, "placement": "ug", "duct_group": "0", "duct_assignment": "7" }, "geometry": { "type": "Point", "coordinates": [ -119.27472363723119, 35.490714246525528 ] } },
{ "type": "Feature", "properties": { "id": "fd-02229", "input_id": "028-584-01", "specification": "terminal", "source": "fd-00797", "demand": 1, "placement": "ug", "duct_group": "0", "duct_assignment": "8" }, "geometry": { "type": "Point", "coordinates": [ -119.274722696801604, 35.49091753638821 ] } },
{ "type": "Feature", "properties": { "id": "fd-02230", "input_id": "028-584-02", "specification": "terminal", "source": "fd-00796", "demand": 1, "placement": "ug", "duct_group": "0", "duct_assignment": "6" }, "geometry": { "type": "Point", "coordinates": [ -119.274723958364945, 35.491135907382962 ] } },
{ "type": "Feature", "properties": { "id": "fd-02231", "input_id": "028-584-03", "specification": "terminal", "source": "fd-00795", "demand": 1, "placement": "ug", "duct_group": "0", "duct_assignment": "5" }, "geometry": { "type": "Point", "coordinates": [ -119.275037565568837, 35.491105313810543 ] } },
{ "type": "Feature", "properties": { "id": "fd-02232", "input_id": "028-584-04", "specification": "terminal", "source": "fd-00795", "demand": 1, "placement": "ug", "duct_group": "0", "duct_assignment": "4" }, "geometry": { "type": "Point", "coordinates": [ -119.275299556474423, 35.491106117934486 ] } },
{ "type": "Feature", "properties": { "id": "fd-02233", "input_id": "028-584-05", "specification": "terminal", "source": "fd-00795", "demand": 1, "placement": "ug", "duct_group": "0", "duct_assignment": "3" }, "geometry": { "type": "Point", "coordinates": [ -119.275554829710316, 35.491106901188083 ] } },
{ "type": "Feature", "properties": { "id": "fd-02234", "input_id": "028-584-06", "specification": "terminal", "source": "fd-00794", "demand": 1, "placement": "ug", "duct_group": "0", "duct_assignment": "1" }, "geometry": { "type": "Point", "coordinates": [ -119.275803385151661, 35.491107663058109 ] } },
{ "type": "Feature", "properties": { "id": "fd-02235", "input_id": "028-584-07", "specification": "terminal", "source": "fd-00794", "demand": 1, "placement": "ug", "duct_group": "0", "duct_assignment": "2" }, "geometry": { "type": "Point", "coordinates": [ -119.27605194066598, 35.491108424429498 ] } },
{ "type": "Feature", "properties": { "id": "fd-02236", "input_id": "028-592-11", "specification": "terminal", "source": "fd-00844", "demand": 1, "placement": "ug", "duct_group": "7", "duct_assignment": "11" }, "geometry": { "type": "Point", "coordinates": [ -119.275025489525007, 35.490803522243816 ] } },
{ "type": "Feature", "properties": { "id": "fd-02237", "input_id": "028-592-10", "specification": "terminal", "source": "fd-00843", "demand": 1, "placement": "ug", "duct_group": "7", "duct_assignment": "9" }, "geometry": { "type": "Point", "coordinates": [ -119.275306658771186, 35.490812667561059 ] } },
{ "type": "Feature", "properties": { "id": "fd-02238", "input_id": "028-592-09", "specification": "terminal", "source": "fd-00843", "demand": 1, "placement": "ug", "duct_group": "7", "duct_assignment": "10" }, "geometry": { "type": "Point", "coordinates": [ -119.275556219769356, 35.490804714991327 ] } },
{ "type": "Feature", "properties": { "id": "fd-02239", "input_id": "028-592-08", "specification": "terminal", "source": "fd-00842", "demand": 1, "placement": "ug", "duct_group": "7", "duct_assignment": "7" }, "geometry": { "type": "Point", "coordinates": [ -119.275804772716356, 35.490805477553742 ] } },
{ "type": "Feature", "properties": { "id": "fd-02240", "input_id": "028-592-07", "specification": "terminal", "source": "fd-00842", "demand": 1, "placement": "ug", "duct_group": "7", "duct_assignment": "8" }, "geometry": { "type": "Point", "coordinates": [ -119.276053325876703, 35.490806239494937 ] } },
{ "type": "Feature", "properties": { "id": "fd-02241", "input_id": "028-592-12", "specification": "terminal", "source": "fd-00844", "demand": 1, "placement": "ug", "duct_group": "7", "duct_assignment": "12" }, "geometry": { "type": "Point", "coordinates": [ -119.275027547693824, 35.490357608972182 ] } },
{ "type": "Feature", "properties": { "id": "fd-02242", "input_id": "028-592-13", "specification": "terminal", "source": "fd-00825", "demand": 1, "placement": "ug", "duct_group": "4", "duct_assignment": "11" }, "geometry": { "type": "Point", "coordinates": [ -119.275308789544212, 35.490350192031073 ] } },
{ "type": "Feature", "properties": { "id": "fd-02243", "input_id": "028-592-14", "specification": "terminal", "source": "fd-00825", "demand": 1, "placement": "ug", "duct_group": "4", "duct_assignment": "12" }, "geometry": { "type": "Point", "coordinates": [ -119.275556586770421, 35.490359672244104 ] } },
{ "type": "Feature", "properties": { "id": "fd-02244", "input_id": "028-592-15", "specification": "terminal", "source": "fd-00824", "demand": 1, "placement": "ug", "duct_group": "4", "duct_assignment": "10" }, "geometry": { "type": "Point", "coordinates": [ -119.275801777703649, 35.490360425114375 ] } },
{ "type": "Feature", "properties": { "id": "fd-02245", "input_id": "028-592-16", "specification": "terminal", "source": "fd-00824", "demand": 1, "placement": "ug", "duct_group": "4", "duct_assignment": "9" }, "geometry": { "type": "Point", "coordinates": [ -119.276046969029238, 35.490361177414641 ] } },
{ "type": "Feature", "properties": { "id": "fd-02246", "input_id": "028-584-08", "specification": "terminal", "source": "fd-00802", "demand": 1, "placement": "ug", "duct_group": "1", "duct_assignment": "6" }, "geometry": { "type": "Point", "coordinates": [ -119.276300496055228, 35.49110918574074 ] } },
{ "type": "Feature", "properties": { "id": "fd-02247", "input_id": "028-584-09", "specification": "terminal", "source": "fd-00802", "demand": 1, "placement": "ug", "duct_group": "1", "duct_assignment": "5" }, "geometry": { "type": "Point", "coordinates": [ -119.276549051301743, 35.49110994622135 ] } },
{ "type": "Feature", "properties": { "id": "fd-02248", "input_id": "028-584-10", "specification": "terminal", "source": "fd-00801", "demand": 1, "placement": "ug", "duct_group": "1", "duct_assignment": "4" }, "geometry": { "type": "Point", "coordinates": [ -119.276797606703241, 35.491110706303978 ] } },
{ "type": "Feature", "properties": { "id": "fd-02249", "input_id": "028-584-11", "specification": "terminal", "source": "fd-00801", "demand": 1, "placement": "ug", "duct_group": "1", "duct_assignment": "3" }, "geometry": { "type": "Point", "coordinates": [ -119.277046162441522, 35.491111465769414 ] } },
{ "type": "Feature", "properties": { "id": "fd-02250", "input_id": "028-584-12", "specification": "terminal", "source": "fd-00800", "demand": 1, "placement": "ug", "duct_group": "1", "duct_assignment": "1" }, "geometry": { "type": "Point", "coordinates": [ -119.277294717701807, 35.491112224742004 ] } },
{ "type": "Feature", "properties": { "id": "fd-02251", "input_id": "028-584-13", "specification": "terminal", "source": "fd-00800", "demand": 1, "placement": "ug", "duct_group": "1", "duct_assignment": "2" }, "geometry": { "type": "Point", "coordinates": [ -119.27755332828319, 35.491111025150659 ] } },
{ "type": "Feature", "properties": { "id": "fd-02252", "input_id": "028-592-06", "specification": "terminal", "source": "fd-00841", "demand": 1, "placement": "ug", "duct_group": "7", "duct_assignment": "5" }, "geometry": { "type": "Point", "coordinates": [ -119.276301878986459, 35.490807000933486 ] } },
{ "type": "Feature", "properties": { "id": "fd-02253", "input_id": "028-592-05", "specification": "terminal", "source": "fd-00841", "demand": 1, "placement": "ug", "duct_group": "7", "duct_assignment": "6" }, "geometry": { "type": "Point", "coordinates": [ -119.2765504319473, 35.490807761987917 ] } },
{ "type": "Feature", "properties": { "id": "fd-02254", "input_id": "028-592-04", "specification": "terminal", "source": "fd-00840", "demand": 1, "placement": "ug", "duct_group": "7", "duct_assignment": "3" }, "geometry": { "type": "Point", "coordinates": [ -119.276798985063166, 35.490808522644379 ] } },
{ "type": "Feature", "properties": { "id": "fd-02255", "input_id": "028-592-03", "specification": "terminal", "source": "fd-00840", "demand": 1, "placement": "ug", "duct_group": "7", "duct_assignment": "4" }, "geometry": { "type": "Point", "coordinates": [ -119.277047538310214, 35.490809282579015 ] } },
{ "type": "Feature", "properties": { "id": "fd-02256", "input_id": "028-592-02", "specification": "terminal", "source": "fd-00839", "demand": 1, "placement": "ug", "duct_group": "7", "duct_assignment": "1" }, "geometry": { "type": "Point", "coordinates": [ -119.277296091219583, 35.49081004189815 ] } },
{ "type": "Feature", "properties": { "id": "fd-02257", "input_id": "028-592-01", "specification": "terminal", "source": "fd-00839", "demand": 1, "placement": "ug", "duct_group": "7", "duct_assignment": "2" }, "geometry": { "type": "Point", "coordinates": [ -119.277554681321178, 35.490812820537194 ] } },
{ "type": "Feature", "properties": { "id": "fd-02258", "input_id": "028-592-17", "specification": "terminal", "source": "fd-00823", "demand": 1, "placement": "ug", "duct_group": "4", "duct_assignment": "7" }, "geometry": { "type": "Point", "coordinates": [ -119.276292159981978, 35.490361929185916 ] } },
{ "type": "Feature", "properties": { "id": "fd-02259", "input_id": "028-592-18", "specification": "terminal", "source": "fd-00823", "demand": 1, "placement": "ug", "duct_group": "4", "duct_assignment": "8" }, "geometry": { "type": "Point", "coordinates": [ -119.276537351050237, 35.490362680548003 ] } },
{ "type": "Feature", "properties": { "id": "fd-02260", "input_id": "028-592-19", "specification": "terminal", "source": "fd-00822", "demand": 1, "placement": "ug", "duct_group": "4", "duct_assignment": "6" }, "geometry": { "type": "Point", "coordinates": [ -119.276782541715974, 35.490363431500228 ] } },
{ "type": "Feature", "properties": { "id": "fd-02261", "input_id": "028-592-20", "specification": "terminal", "source": "fd-00822", "demand": 1, "placement": "ug", "duct_group": "4", "duct_assignment": "5" }, "geometry": { "type": "Point", "coordinates": [ -119.277027732527429, 35.490364181806378 ] } },
{ "type": "Feature", "properties": { "id": "fd-02262", "input_id": "028-592-21", "specification": "terminal", "source": "fd-00821", "demand": 1, "placement": "ug", "duct_group": "4", "duct_assignment": "4" }, "geometry": { "type": "Point", "coordinates": [ -119.277272923561796, 35.490364932022153 ] } },
{ "type": "Feature", "properties": { "id": "fd-02263", "input_id": "028-592-22", "specification": "terminal", "source": "fd-00845", "demand": 1, "placement": "ug", "duct_group": "8", "duct_assignment": "1" }, "geometry": { "type": "Point", "coordinates": [ -119.277543261734834, 35.490363950394624 ] } },
{ "type": "Feature", "properties": { "id": "fd-02264", "input_id": "028-585-02", "specification": "terminal", "source": "fd-00819", "demand": 1, "placement": "ug", "duct_group": "4", "duct_assignment": "1" }, "geometry": { "type": "Point", "coordinates": [ -119.278056976468591, 35.491157201425978 ] } },
{ "type": "Feature", "properties": { "id": "fd-02265", "input_id": "028-585-01", "specification": "terminal", "source": "fd-00820", "demand": 1, "placement": "ug", "duct_group": "4", "duct_assignment": "3" }, "geometry": { "type": "Point", "coordinates": [ -119.278059971468693, 35.490959507511043 ] } },
{ "type": "Feature", "properties": { "id": "fd-02266", "input_id": "028-591-05", "specification": "terminal", "source": "fd-00820", "demand": 1, "placement": "ug", "duct_group": "4", "duct_assignment": "2" }, "geometry": { "type": "Point", "coordinates": [ -119.278061588128026, 35.490767212964123 ] } },
{ "type": "Feature", "properties": { "id": "fd-02267", "input_id": "028-591-04", "specification": "terminal", "source": "fd-00806", "demand": 1, "placement": "ug", "duct_group": "2", "duct_assignment": "1" }, "geometry": { "type": "Point", "coordinates": [ -119.278063204656291, 35.490574918134456 ] } },
{ "type": "Feature", "properties": { "id": "fd-02268", "input_id": "028-591-03", "specification": "terminal", "source": "fd-00806", "demand": 1, "placement": "ug", "duct_group": "2", "duct_assignment": "2" }, "geometry": { "type": "Point", "coordinates": [ -119.278064821261452, 35.4903826231441 ] } },
{ "type": "Feature", "properties": { "id": "fd-02269", "input_id": "028-591-02", "specification": "terminal", "source": "fd-00807", "demand": 1, "placement": "ug", "duct_group": "2", "duct_assignment": "3" }, "geometry": { "type": "Point", "coordinates": [ -119.278066438326363, 35.490190328276782 ] } },
{ "type": "Feature", "properties": { "id": "fd-02270", "input_id": "028-591-01", "specification": "terminal", "source": "fd-00807", "demand": 1, "placement": "ug", "duct_group": "2", "duct_assignment": "4" }, "geometry": { "type": "Point", "coordinates": [ -119.278066617358022, 35.48999450131106 ] } },
{ "type": "Feature", "properties": { "id": "fd-02271", "input_id": "028-594-16", "specification": "terminal", "source": "fd-00808", "demand": 1, "placement": "ug", "duct_group": "2", "duct_assignment": "5" }, "geometry": { "type": "Point", "coordinates": [ -119.278075984229602, 35.489626354132632 ] } },
{ "type": "Feature", "properties": { "id": "fd-02272", "input_id": "028-594-15", "specification": "terminal", "source": "fd-00808", "demand": 1, "placement": "ug", "duct_group": "2", "duct_assignment": "6" }, "geometry": { "type": "Point", "coordinates": [ -119.277925770866503, 35.489180860929629 ] } },
{ "type": "Feature", "properties": { "id": "fd-02273", "input_id": "028-592-23", "specification": "terminal", "source": "fd-00846", "demand": 1, "placement": "ug", "duct_group": "8", "duct_assignment": "2" }, "geometry": { "type": "Point", "coordinates": [ -119.27746048017886, 35.490115514061173 ] } },
{ "type": "Feature", "properties": { "id": "fd-02274", "input_id": "028-592-24", "specification": "terminal", "source": "fd-00846", "demand": 1, "placement": "ug", "duct_group": "8", "duct_assignment": "3" }, "geometry": { "type": "Point", "coordinates": [ -119.277461378059016, 35.489917721778802 ] } },
{ "type": "Feature", "properties": { "id": "fd-02275", "input_id": "028-592-25", "specification": "terminal", "source": "fd-00847", "demand": 1, "placement": "ug", "duct_group": "8", "duct_assignment": "4" }, "geometry": { "type": "Point", "coordinates": [ -119.277462276298095, 35.489719929504041 ] } },
{ "type": "Feature", "properties": { "id": "fd-02276", "input_id": "028-592-26", "specification": "terminal", "source": "fd-00847", "demand": 1, "placement": "ug", "duct_group": "8", "duct_assignment": "5" }, "geometry": { "type": "Point", "coordinates": [ -119.27746055410249, 35.489512480299794 ] } },
{ "type": "Feature", "properties": { "id": "fd-02277", "input_id": "028-592-27", "specification": "terminal", "source": "fd-00747", "demand": 1, "placement": "ug", "duct_group": "1", "duct_assignment": "1" }, "geometry": { "type": "Point", "coordinates": [ -119.276995501974483, 35.489510995708322 ] } },
{ "type": "Feature", "properties": { "id": "fd-02278", "input_id": "028-592-28", "specification": "terminal", "source": "fd-00849", "demand": 1, "placement": "ug", "duct_group": "8", "duct_assignment": "8" }, "geometry": { "type": "Point", "coordinates": [ -119.276992041136836, 35.489718489707258 ] } },
{ "type": "Feature", "properties": { "id": "fd-02279", "input_id": "028-592-29", "specification": "terminal", "source": "fd-00849", "demand": 1, "placement": "ug", "duct_group": "8", "duct_assignment": "9" }, "geometry": { "type": "Point", "coordinates": [ -119.277006193027361, 35.489912386577224 ] } },
{ "type": "Feature", "properties": { "id": "fd-02280", "input_id": "028-592-30", "specification": "terminal", "source": "fd-00851", "demand": 1, "placement": "ug", "duct_group": "8", "duct_assignment": "12" }, "geometry": { "type": "Point", "coordinates": [ -119.276989523167259, 35.490122001933813 ] } },
{ "type": "Feature", "properties": { "id": "fd-02281", "input_id": "028-592-31", "specification": "terminal", "source": "fd-00851", "demand": 1, "placement": "ug", "duct_group": "8", "duct_assignment": "11" }, "geometry": { "type": "Point", "coordinates": [ -119.276346002567124, 35.490120030103462 ] } },
{ "type": "Feature", "properties": { "id": "fd-02282", "input_id": "028-592-32", "specification": "terminal", "source": "fd-00850", "demand": 1, "placement": "ug", "duct_group": "8", "duct_assignment": "10" }, "geometry": { "type": "Point", "coordinates": [ -119.276331247400847, 35.489910317534054 ] } },
{ "type": "Feature", "properties": { "id": "fd-02283", "input_id": "028-592-33", "specification": "terminal", "source": "fd-00848", "demand": 1, "placement": "ug", "duct_group": "8", "duct_assignment": "7" }, "geometry": { "type": "Point", "coordinates": [ -119.276347169070547, 35.48971651189089 ] } },
{ "type": "Feature", "properties": { "id": "fd-02284", "input_id": "028-592-34", "specification": "terminal", "source": "fd-00848", "demand": 1, "placement": "ug", "duct_group": "8", "duct_assignment": "6" }, "geometry": { "type": "Point", "coordinates": [ -119.27634560265156, 35.489509001465969 ] } },
{ "type": "Feature", "properties": { "id": "fd-02285", "input_id": "028-594-14", "specification": "terminal", "source": "fd-00809", "demand": 1, "placement": "ug", "duct_group": "2", "duct_assignment": "8" }, "geometry": { "type": "Point", "coordinates": [ -119.277314737427758, 35.489107158673505 ] } },
{ "type": "Feature", "properties": { "id": "fd-02286", "input_id": "028-594-13", "specification": "terminal", "source": "fd-00809", "demand": 1, "placement": "ug", "duct_group": "2", "duct_assignment": "7" }, "geometry": { "type": "Point", "coordinates": [ -119.277069565813505, 35.489106423326319 ] } },
{ "type": "Feature", "properties": { "id": "fd-02287", "input_id": "028-594-12", "specification": "terminal", "source": "fd-00810", "demand": 1, "placement": "ug", "duct_group": "2", "duct_assignment": "9" }, "geometry": { "type": "Point", "coordinates": [ -119.27682438421111, 35.48910567500225 ] } },
{ "type": "Feature", "properties": { "id": "fd-02288", "input_id": "028-594-11", "specification": "terminal", "source": "fd-00810", "demand": 1, "placement": "ug", "duct_group": "2", "duct_assignment": "10" }, "geometry": { "type": "Point", "coordinates": [ -119.276579202643518, 35.489104926291262 ] } },
{ "type": "Feature", "properties": { "id": "fd-02289", "input_id": "028-594-10", "specification": "terminal", "source": "fd-00811", "demand": 1, "placement": "ug", "duct_group": "2", "duct_assignment": "11" }, "geometry": { "type": "Point", "coordinates": [ -119.276334021604072, 35.48910417675684 ] } },
{ "type": "Feature", "properties": { "id": "fd-02290", "input_id": "028-594-09", "specification": "terminal", "source": "fd-00811", "demand": 1, "placement": "ug", "duct_group": "2", "duct_assignment": "12" }, "geometry": { "type": "Point", "coordinates": [ -119.276088840102844, 35.489103426844295 ] } },
{ "type": "Feature", "properties": { "id": "fd-02291", "input_id": "028-594-08", "specification": "terminal", "source": "fd-00760", "demand": 1, "placement": "ug", "duct_group": "3", "duct_assignment": "2" }, "geometry": { "type": "Point", "coordinates": [ -119.275843658396511, 35.489102676559668 ] } },
{ "type": "Feature", "properties": { "id": "fd-02292", "input_id": "028-594-07", "specification": "terminal", "source": "fd-00760", "demand": 1, "placement": "ug", "duct_group": "3", "duct_assignment": "1" }, "geometry": { "type": "Point", "coordinates": [ -119.275598476968611, 35.48910192589625 ] } },
{ "type": "Feature", "properties": { "id": "fd-02293", "input_id": "028-594-06", "specification": "terminal", "source": "fd-00763", "demand": 1, "placement": "ug", "duct_group": "3", "duct_assignment": "6" }, "geometry": { "type": "Point", "coordinates": [ -119.27535329560564, 35.489101174294078 ] } },
{ "type": "Feature", "properties": { "id": "fd-02294", "input_id": "028-592-35", "specification": "terminal", "source": "fd-00761", "demand": 1, "placement": "ug", "duct_group": "3", "duct_assignment": "4" }, "geometry": { "type": "Point", "coordinates": [ -119.275880418731859, 35.489507572294976 ] } },
{ "type": "Feature", "properties": { "id": "fd-02295", "input_id": "028-592-36", "specification": "terminal", "source": "fd-00761", "demand": 1, "placement": "ug", "duct_group": "3", "duct_assignment": "3" }, "geometry": { "type": "Point", "coordinates": [ -119.275876950931902, 35.489715067918254 ] } },
{ "type": "Feature", "properties": { "id": "fd-02296", "input_id": "028-592-42", "specification": "terminal", "source": "fd-00762", "demand": 1, "placement": "ug", "duct_group": "3", "duct_assignment": "5" }, "geometry": { "type": "Point", "coordinates": [ -119.275230520480378, 35.489505572824484 ] } },
{ "type": "Feature", "properties": { "id": "fd-02297", "input_id": "028-592-41", "specification": "terminal", "source": "fd-00765", "demand": 1, "placement": "ug", "duct_group": "3", "duct_assignment": "9" }, "geometry": { "type": "Point", "coordinates": [ -119.27523207948353, 35.489713084618693 ] } },
{ "type": "Feature", "properties": { "id": "fd-02298", "input_id": "028-592-37", "specification": "terminal", "source": "fd-00764", "demand": 1, "placement": "ug", "duct_group": "3", "duct_assignment": "8" }, "geometry": { "type": "Point", "coordinates": [ -119.2758910958228, 35.489908966215388 ] } },
{ "type": "Feature", "properties": { "id": "fd-02299", "input_id": "028-592-38", "specification": "terminal", "source": "fd-00766", "demand": 1, "placement": "ug", "duct_group": "3", "duct_assignment": "12" }, "geometry": { "type": "Point", "coordinates": [ -119.275874419039098, 35.490118583113428 ] } },
{ "type": "Feature", "properties": { "id": "fd-02300", "input_id": "028-592-39", "specification": "terminal", "source": "fd-00766", "demand": 1, "placement": "ug", "duct_group": "3", "duct_assignment": "11" }, "geometry": { "type": "Point", "coordinates": [ -119.275230899048267, 35.490116605647373 ] } },
{ "type": "Feature", "properties": { "id": "fd-02301", "input_id": "028-592-40", "specification": "terminal", "source": "fd-00765", "demand": 1, "placement": "ug", "duct_group": "3", "duct_assignment": "10" }, "geometry": { "type": "Point", "coordinates": [ -119.275216151058302, 35.489906891530367 ] } },
{ "type": "Feature", "properties": { "id": "fd-02302", "input_id": "028-592-46", "specification": "terminal", "source": "fd-00799", "demand": 1, "placement": "ug", "duct_group": "0", "duct_assignment": "11" }, "geometry": { "type": "Point", "coordinates": [ -119.274768428499456, 35.490107253393937 ] } },
{ "type": "Feature", "properties": { "id": "fd-02303", "input_id": "028-592-45", "specification": "terminal", "source": "fd-00799", "demand": 1, "placement": "ug", "duct_group": "0", "duct_assignment": "12" }, "geometry": { "type": "Point", "coordinates": [ -119.274769343337994, 35.489909457714475 ] } },
{ "type": "Feature", "properties": { "id": "fd-02304", "input_id": "028-592-44", "specification": "terminal", "source": "fd-00749", "demand": 1, "placement": "ug", "duct_group": "1", "duct_assignment": "4" }, "geometry": { "type": "Point", "coordinates": [ -119.274770257844452, 35.489711662237816 ] } },
{ "type": "Feature", "properties": { "id": "fd-02305", "input_id": "028-592-43", "specification": "terminal", "source": "fd-00749", "demand": 1, "placement": "ug", "duct_group": "1", "duct_assignment": "5" }, "geometry": { "type": "Point", "coordinates": [ -119.274773726141248, 35.489504206266837 ] } },
{ "type": "Feature", "properties": { "id": "fd-02306", "input_id": "028-593-07", "specification": "terminal", "source": "fd-00751", "demand": 1, "placement": "ug", "duct_group": "1", "duct_assignment": "8" }, "geometry": { "type": "Point", "coordinates": [ -119.274182095725749, 35.489505513836406 ] } },
{ "type": "Feature", "properties": { "id": "fd-02307", "input_id": "028-593-06", "specification": "terminal", "source": "fd-00752", "demand": 1, "placement": "ug", "duct_group": "1", "duct_assignment": "10" }, "geometry": { "type": "Point", "coordinates": [ -119.274182357942806, 35.489719563518406 ] } },
{ "type": "Feature", "properties": { "id": "fd-02308", "input_id": "028-593-05", "specification": "terminal", "source": "fd-00752", "demand": 1, "placement": "ug", "duct_group": "1", "duct_assignment": "9" }, "geometry": { "type": "Point", "coordinates": [ -119.27418034223453, 35.489921468546555 ] } },
{ "type": "Feature", "properties": { "id": "fd-02309", "input_id": "028-593-04", "specification": "terminal", "source": "fd-00753", "demand": 1, "placement": "ug", "duct_group": "1", "duct_assignment": "11" }, "geometry": { "type": "Point", "coordinates": [ -119.274178367638399, 35.490119261112632 ] } },
{ "type": "Feature", "properties": { "id": "fd-02310", "input_id": "028-594-05", "specification": "terminal", "source": "fd-00763", "demand": 1, "placement": "ug", "duct_group": "3", "duct_assignment": "7" }, "geometry": { "type": "Point", "coordinates": [ -119.275108113790935, 35.48910042253798 ] } },
{ "type": "Feature", "properties": { "id": "fd-02311", "input_id": "028-594-04", "specification": "terminal", "source": "fd-00748", "demand": 1, "placement": "ug", "duct_group": "1", "duct_assignment": "2" }, "geometry": { "type": "Point", "coordinates": [ -119.274862932224323, 35.489099670300959 ] } },
{ "type": "Feature", "properties": { "id": "fd-02312", "input_id": "028-594-03", "specification": "terminal", "source": "fd-00748", "demand": 1, "placement": "ug", "duct_group": "1", "duct_assignment": "3" }, "geometry": { "type": "Point", "coordinates": [ -119.274617750969597, 35.489098917560909 ] } },
{ "type": "Feature", "properties": { "id": "fd-02313", "input_id": "028-594-02", "specification": "terminal", "source": "fd-00750", "demand": 1, "placement": "ug", "duct_group": "1", "duct_assignment": "7" }, "geometry": { "type": "Point", "coordinates": [ -119.274372569962949, 35.489098164339936 ] } },
{ "type": "Feature", "properties": { "id": "fd-02314", "input_id": "028-594-01", "specification": "terminal", "source": "fd-00750", "demand": 1, "placement": "ug", "duct_group": "1", "duct_assignment": "6" }, "geometry": { "type": "Point", "coordinates": [ -119.274127687712067, 35.489097743706019 ] } },
{ "type": "Feature", "properties": { "id": "fd-02315", "input_id": "026-733-24", "specification": "terminal", "source": "fd-00612", "demand": 1, "placement": "ug", "duct_group": "5", "duct_assignment": "2" }, "geometry": { "type": "Point", "coordinates": [ -119.283947386767295, 35.506901518547402 ] } },
{ "type": "Feature", "properties": { "id": "fd-02316", "input_id": "026-733-23", "specification": "terminal", "source": "fd-00612", "demand": 1, "placement": "ug", "duct_group": "5", "duct_assignment": "1" }, "geometry": { "type": "Point", "coordinates": [ -119.283944815241099, 35.506731102526537 ] } },
{ "type": "Feature", "properties": { "id": "fd-02317", "input_id": "026-733-22", "specification": "terminal", "source": "fd-00613", "demand": 1, "placement": "ug", "duct_group": "5", "duct_assignment": "3" }, "geometry": { "type": "Point", "coordinates": [ -119.283946495228051, 35.506566291162201 ] } },
{ "type": "Feature", "properties": { "id": "fd-02318", "input_id": "026-733-21", "specification": "terminal", "source": "fd-00601", "demand": 1, "placement": "ug", "duct_group": "2", "duct_assignment": "2" }, "geometry": { "type": "Point", "coordinates": [ -119.283948199018837, 35.506401470181501 ] } },
{ "type": "Feature", "properties": { "id": "fd-02319", "input_id": "026-733-20", "specification": "terminal", "source": "fd-00601", "demand": 1, "placement": "ug", "duct_group": "2", "duct_assignment": "1" }, "geometry": { "type": "Point", "coordinates": [ -119.283949918183339, 35.50623664430978 ] } },
{ "type": "Feature", "properties": { "id": "fd-02320", "input_id": "026-733-19", "specification": "terminal", "source": "fd-00602", "demand": 1, "placement": "ug", "duct_group": "2", "duct_assignment": "4" }, "geometry": { "type": "Point", "coordinates": [ -119.283951648768081, 35.506071815559451 ] } },
{ "type": "Feature", "properties": { "id": "fd-02321", "input_id": "026-733-18", "specification": "terminal", "source": "fd-00602", "demand": 1, "placement": "ug", "duct_group": "2", "duct_assignment": "3" }, "geometry": { "type": "Point", "coordinates": [ -119.283953391094968, 35.505906985030684 ] } },
{ "type": "Feature", "properties": { "id": "fd-02322", "input_id": "026-733-17", "specification": "terminal", "source": "fd-00603", "demand": 1, "placement": "ug", "duct_group": "2", "duct_assignment": "5" }, "geometry": { "type": "Point", "coordinates": [ -119.283955146824027, 35.505742153156767 ] } },
{ "type": "Feature", "properties": { "id": "fd-02323", "input_id": "026-733-16", "specification": "terminal", "source": "fd-00604", "demand": 1, "placement": "ug", "duct_group": "2", "duct_assignment": "6" }, "geometry": { "type": "Point", "coordinates": [ -119.283978830148499, 35.505575204788038 ] } },
{ "type": "Feature", "properties": { "id": "fd-02324", "input_id": "026-733-15", "specification": "terminal", "source": "fd-00604", "demand": 1, "placement": "ug", "duct_group": "2", "duct_assignment": "7" }, "geometry": { "type": "Point", "coordinates": [ -119.28395379640564, 35.505386233679559 ] } },
{ "type": "Feature", "properties": { "id": "fd-02325", "input_id": "026-733-14", "specification": "terminal", "source": "fd-00605", "demand": 1, "placement": "ug", "duct_group": "2", "duct_assignment": "10" }, "geometry": { "type": "Point", "coordinates": [ -119.283378348693887, 35.505388200034943 ] } },
{ "type": "Feature", "properties": { "id": "fd-02326", "input_id": "026-733-13", "specification": "terminal", "source": "fd-00605", "demand": 1, "placement": "ug", "duct_group": "2", "duct_assignment": "9" }, "geometry": { "type": "Point", "coordinates": [ -119.283353222734888, 35.505582117500566 ] } },
{ "type": "Feature", "properties": { "id": "fd-02327", "input_id": "026-733-12", "specification": "terminal", "source": "fd-00616", "demand": 1, "placement": "ug", "duct_group": "5", "duct_assignment": "7" }, "geometry": { "type": "Point", "coordinates": [ -119.283370662841037, 35.505748226338483 ] } },
{ "type": "Feature", "properties": { "id": "fd-02328", "input_id": "026-733-11", "specification": "terminal", "source": "fd-00616", "demand": 1, "placement": "ug", "duct_group": "5", "duct_assignment": "8" }, "geometry": { "type": "Point", "coordinates": [ -119.283368916955695, 35.505913055700027 ] } },
{ "type": "Feature", "properties": { "id": "fd-02329", "input_id": "026-733-10", "specification": "terminal", "source": "fd-00615", "demand": 1, "placement": "ug", "duct_group": "5", "duct_assignment": "6" }, "geometry": { "type": "Point", "coordinates": [ -119.283367176288905, 35.506077884056886 ] } },
{ "type": "Feature", "properties": { "id": "fd-02330", "input_id": "026-733-09", "specification": "terminal", "source": "fd-00615", "demand": 1, "placement": "ug", "duct_group": "5", "duct_assignment": "5" }, "geometry": { "type": "Point", "coordinates": [ -119.283365441289703, 35.506242711221098 ] } },
{ "type": "Feature", "properties": { "id": "fd-02331", "input_id": "026-733-08", "specification": "terminal", "source": "fd-00614", "demand": 1, "placement": "ug", "duct_group": "5", "duct_assignment": "4" }, "geometry": { "type": "Point", "coordinates": [ -119.283358512661451, 35.506411983215514 ] } },
{ "type": "Feature", "properties": { "id": "fd-02332", "input_id": "026-731-01", "specification": "terminal", "source": "fd-00677", "demand": 1, "placement": "ug", "duct_group": "4", "duct_assignment": "6" }, "geometry": { "type": "Point", "coordinates": [ -119.283444070466018, 35.506818398232546 ] } },
{ "type": "Feature", "properties": { "id": "fd-02333", "input_id": "026-731-02", "specification": "terminal", "source": "fd-00677", "demand": 1, "placement": "ug", "duct_group": "4", "duct_assignment": "5" }, "geometry": { "type": "Point", "coordinates": [ -119.283237610602285, 35.506818227475797 ] } },
{ "type": "Feature", "properties": { "id": "fd-02334", "input_id": "026-731-03", "specification": "terminal", "source": "fd-00676", "demand": 1, "placement": "ug", "duct_group": "4", "duct_assignment": "4" }, "geometry": { "type": "Point", "coordinates": [ -119.283042498067203, 35.506817985821172 ] } },
{ "type": "Feature", "properties": { "id": "fd-02335", "input_id": "026-731-04", "specification": "terminal", "source": "fd-00675", "demand": 1, "placement": "ug", "duct_group": "4", "duct_assignment": "3" }, "geometry": { "type": "Point", "coordinates": [ -119.28283795629028, 35.506850998019573 ] } },
{ "type": "Feature", "properties": { "id": "fd-02336", "input_id": "026-731-05", "specification": "terminal", "source": "fd-00675", "demand": 1, "placement": "ug", "duct_group": "4", "duct_assignment": "2" }, "geometry": { "type": "Point", "coordinates": [ -119.282562147818581, 35.506846387971017 ] } },
{ "type": "Feature", "properties": { "id": "fd-02337", "input_id": "026-731-06", "specification": "terminal", "source": "fd-00674", "demand": 1, "placement": "ug", "duct_group": "4", "duct_assignment": "1" }, "geometry": { "type": "Point", "coordinates": [ -119.282216911834894, 35.506746248201814 ] } },
{ "type": "Feature", "properties": { "id": "fd-02338", "input_id": "026-731-08", "specification": "terminal", "source": "fd-00667", "demand": 1, "placement": "ug", "duct_group": "1", "duct_assignment": "3" }, "geometry": { "type": "Point", "coordinates": [ -119.282384304343637, 35.506388768338489 ] } },
{ "type": "Feature", "properties": { "id": "fd-02339", "input_id": "026-731-07", "specification": "terminal", "source": "fd-00667", "demand": 1, "placement": "ug", "duct_group": "1", "duct_assignment": "1" }, "geometry": { "type": "Point", "coordinates": [ -119.282073837106481, 35.506389243090041 ] } },
{ "type": "Feature", "properties": { "id": "fd-02340", "input_id": "026-733-07", "specification": "terminal", "source": "fd-00668", "demand": 1, "placement": "ug", "duct_group": "2", "duct_assignment": "1" }, "geometry": { "type": "Point", "coordinates": [ -119.282975382417931, 35.506407960426756 ] } },
{ "type": "Feature", "properties": { "id": "fd-02341", "input_id": "026-733-06", "specification": "terminal", "source": "fd-00668", "demand": 1, "placement": "ug", "duct_group": "2", "duct_assignment": "4" }, "geometry": { "type": "Point", "coordinates": [ -119.282967336333286, 35.506239575070424 ] } },
{ "type": "Feature", "properties": { "id": "fd-02342", "input_id": "026-733-05", "specification": "terminal", "source": "fd-00668", "demand": 1, "placement": "ug", "duct_group": "2", "duct_assignment": "2" }, "geometry": { "type": "Point", "coordinates": [ -119.282969074270355, 35.506074749432955 ] } },
{ "type": "Feature", "properties": { "id": "fd-02343", "input_id": "026-733-04", "specification": "terminal", "source": "fd-00668", "demand": 1, "placement": "ug", "duct_group": "2", "duct_assignment": "3" }, "geometry": { "type": "Point", "coordinates": [ -119.282970814302473, 35.505909923579516 ] } },
{ "type": "Feature", "properties": { "id": "fd-02344", "input_id": "026-733-03", "specification": "terminal", "source": "fd-00605", "demand": 1, "placement": "ug", "duct_group": "2", "duct_assignment": "11" }, "geometry": { "type": "Point", "coordinates": [ -119.282972556160246, 35.505745097763686 ] } },
{ "type": "Feature", "properties": { "id": "fd-02345", "input_id": "026-733-02", "specification": "terminal", "source": "fd-00605", "demand": 1, "placement": "ug", "duct_group": "2", "duct_assignment": "12" }, "geometry": { "type": "Point", "coordinates": [ -119.282974358983324, 35.505574777489016 ] } },
{ "type": "Feature", "properties": { "id": "fd-02346", "input_id": "026-733-01", "specification": "terminal", "source": "fd-00605", "demand": 1, "placement": "ug", "duct_group": "2", "duct_assignment": "8" }, "geometry": { "type": "Point", "coordinates": [ -119.282976625640288, 35.50539491172767 ] } },
{ "type": "Feature", "properties": { "id": "fd-02347", "input_id": "026-732-18", "specification": "terminal", "source": "fd-00669", "demand": 1, "placement": "ug", "duct_group": "3", "duct_assignment": "1" }, "geometry": { "type": "Point", "coordinates": [ -119.282489169842748, 35.505503566365135 ] } },
{ "type": "Feature", "properties": { "id": "fd-02348", "input_id": "026-732-17", "specification": "terminal", "source": "fd-00669", "demand": 1, "placement": "ug", "duct_group": "3", "duct_assignment": "2" }, "geometry": { "type": "Point", "coordinates": [ -119.282264830436091, 35.505502264852908 ] } },
{ "type": "Feature", "properties": { "id": "fd-02349", "input_id": "026-732-16", "specification": "terminal", "source": "fd-00670", "demand": 1, "placement": "ug", "duct_group": "3", "duct_assignment": "3" }, "geometry": { "type": "Point", "coordinates": [ -119.2820375336388, 35.505501788598295 ] } },
{ "type": "Feature", "properties": { "id": "fd-02350", "input_id": "026-732-15", "specification": "terminal", "source": "fd-00671", "demand": 1, "placement": "ug", "duct_group": "3", "duct_assignment": "4" }, "geometry": { "type": "Point", "coordinates": [ -119.281810207749658, 35.505501282783634 ] } },
{ "type": "Feature", "properties": { "id": "fd-02351", "input_id": "026-732-14", "specification": "terminal", "source": "fd-00671", "demand": 1, "placement": "ug", "duct_group": "3", "duct_assignment": "5" }, "geometry": { "type": "Point", "coordinates": [ -119.281582862492598, 35.505500755753992 ] } },
{ "type": "Feature", "properties": { "id": "fd-02352", "input_id": "026-732-13", "specification": "terminal", "source": "fd-00672", "demand": 1, "placement": "ug", "duct_group": "3", "duct_assignment": "6" }, "geometry": { "type": "Point", "coordinates": [ -119.281355496534459, 35.505500209339431 ] } },
{ "type": "Feature", "properties": { "id": "fd-02353", "input_id": "026-732-12", "specification": "terminal", "source": "fd-00672", "demand": 1, "placement": "ug", "duct_group": "3", "duct_assignment": "7" }, "geometry": { "type": "Point", "coordinates": [ -119.281128100630099, 35.505499635383856 ] } },
{ "type": "Feature", "properties": { "id": "fd-02354", "input_id": "026-732-11", "specification": "terminal", "source": "fd-00673", "demand": 1, "placement": "ug", "duct_group": "3", "duct_assignment": "9" }, "geometry": { "type": "Point", "coordinates": [ -119.280900647168338, 35.505499009902465 ] } },
{ "type": "Feature", "properties": { "id": "fd-02355", "input_id": "026-732-10", "specification": "terminal", "source": "fd-00673", "demand": 1, "placement": "ug", "duct_group": "3", "duct_assignment": "8" }, "geometry": { "type": "Point", "coordinates": [ -119.280678857125793, 35.505500142770678 ] } },
{ "type": "Feature", "properties": { "id": "fd-02356", "input_id": "026-732-09", "specification": "terminal", "source": "fd-00666", "demand": 1, "placement": "ug", "duct_group": "0", "duct_assignment": "11" }, "geometry": { "type": "Point", "coordinates": [ -119.280677603752011, 35.50588274788052 ] } },
{ "type": "Feature", "properties": { "id": "fd-02357", "input_id": "026-732-08", "specification": "terminal", "source": "fd-00666", "demand": 1, "placement": "ug", "duct_group": "0", "duct_assignment": "10" }, "geometry": { "type": "Point", "coordinates": [ -119.280899664886689, 35.505886694352647 ] } },
{ "type": "Feature", "properties": { "id": "fd-02358", "input_id": "026-732-07", "specification": "terminal", "source": "fd-00665", "demand": 1, "placement": "ug", "duct_group": "0", "duct_assignment": "8" }, "geometry": { "type": "Point", "coordinates": [ -119.281127132470445, 35.505887172623879 ] } },
{ "type": "Feature", "properties": { "id": "fd-02359", "input_id": "026-732-06", "specification": "terminal", "source": "fd-00665", "demand": 1, "placement": "ug", "duct_group": "0", "duct_assignment": "7" }, "geometry": { "type": "Point", "coordinates": [ -119.281354542499884, 35.505887600279593 ] } },
{ "type": "Feature", "properties": { "id": "fd-02360", "input_id": "026-732-05", "specification": "terminal", "source": "fd-00664", "demand": 1, "placement": "ug", "duct_group": "0", "duct_assignment": "4" }, "geometry": { "type": "Point", "coordinates": [ -119.281581922830028, 35.505887999503237 ] } },
{ "type": "Feature", "properties": { "id": "fd-02361", "input_id": "026-732-04", "specification": "terminal", "source": "fd-00664", "demand": 1, "placement": "ug", "duct_group": "0", "duct_assignment": "5" }, "geometry": { "type": "Point", "coordinates": [ -119.281809282940046, 35.505888376054806 ] } },
{ "type": "Feature", "properties": { "id": "fd-02362", "input_id": "026-732-03", "specification": "terminal", "source": "fd-00663", "demand": 1, "placement": "ug", "duct_group": "0", "duct_assignment": "2" }, "geometry": { "type": "Point", "coordinates": [ -119.282036624877918, 35.505888730597867 ] } },
{ "type": "Feature", "properties": { "id": "fd-02363", "input_id": "026-732-02", "specification": "terminal", "source": "fd-00663", "demand": 1, "placement": "ug", "duct_group": "0", "duct_assignment": "3" }, "geometry": { "type": "Point", "coordinates": [ -119.282263940194966, 35.505889052777377 ] } },
{ "type": "Feature", "properties": { "id": "fd-02364", "input_id": "026-732-01", "specification": "terminal", "source": "fd-00662", "demand": 1, "placement": "ug", "duct_group": "0", "duct_assignment": "1" }, "geometry": { "type": "Point", "coordinates": [ -119.282485415335955, 35.505884922628937 ] } },
{ "type": "Feature", "properties": { "id": "fd-02365", "input_id": "026-711-01", "specification": "terminal", "source": "fd-00550", "demand": 1, "placement": "ug", "duct_group": "2", "duct_assignment": "12" }, "geometry": { "type": "Point", "coordinates": [ -119.28689566936869, 35.503857482719397 ] } },
{ "type": "Feature", "properties": { "id": "fd-02366", "input_id": "026-720-01", "specification": "terminal", "source": "fd-00113", "demand": 1, "placement": "ug", "duct_group": "9", "duct_assignment": "11" }, "geometry": { "type": "Point", "coordinates": [ -119.287437704227372, 35.496070781001869 ] } },
{ "type": "Feature", "properties": { "id": "fd-02367", "input_id": "026-720-02", "specification": "terminal", "source": "fd-00113", "demand": 1, "placement": "ug", "duct_group": "9", "duct_assignment": "10" }, "geometry": { "type": "Point", "coordinates": [ -119.287689085285734, 35.496068133468945 ] } },
{ "type": "Feature", "properties": { "id": "fd-02368", "input_id": "026-720-03", "specification": "terminal", "source": "fd-00112", "demand": 1, "placement": "ug", "duct_group": "9", "duct_assignment": "9" }, "geometry": { "type": "Point", "coordinates": [ -119.288007936594624, 35.496069024327724 ] } },
{ "type": "Feature", "properties": { "id": "fd-02369", "input_id": "026-720-04", "specification": "terminal", "source": "fd-00111", "demand": 1, "placement": "ug", "duct_group": "9", "duct_assignment": "8" }, "geometry": { "type": "Point", "coordinates": [ -119.288326787863298, 35.496069917359186 ] } },
{ "type": "Feature", "properties": { "id": "fd-02370", "input_id": "026-720-05", "specification": "terminal", "source": "fd-00111", "demand": 1, "placement": "ug", "duct_group": "9", "duct_assignment": "7" }, "geometry": { "type": "Point", "coordinates": [ -119.288645638523192, 35.496070810944396 ] } },
{ "type": "Feature", "properties": { "id": "fd-02371", "input_id": "026-720-06", "specification": "terminal", "source": "fd-00110", "demand": 1, "placement": "ug", "duct_group": "9", "duct_assignment": "6" }, "geometry": { "type": "Point", "coordinates": [ -119.28896448902195, 35.49607170549541 ] } },
{ "type": "Feature", "properties": { "id": "fd-02372", "input_id": "026-720-07", "specification": "terminal", "source": "fd-00110", "demand": 1, "placement": "ug", "duct_group": "9", "duct_assignment": "5" }, "geometry": { "type": "Point", "coordinates": [ -119.289283339412563, 35.496072599998094 ] } },
{ "type": "Feature", "properties": { "id": "fd-02373", "input_id": "026-720-08", "specification": "terminal", "source": "fd-00109", "demand": 1, "placement": "ug", "duct_group": "9", "duct_assignment": "4" }, "geometry": { "type": "Point", "coordinates": [ -119.289602189606981, 35.496073494676772 ] } },
{ "type": "Feature", "properties": { "id": "fd-02374", "input_id": "026-720-09", "specification": "terminal", "source": "fd-00109", "demand": 1, "placement": "ug", "duct_group": "9", "duct_assignment": "3" }, "geometry": { "type": "Point", "coordinates": [ -119.289921039565868, 35.496074388471193 ] } },
{ "type": "Feature", "properties": { "id": "fd-02375", "input_id": "026-720-10", "specification": "terminal", "source": "fd-00108", "demand": 1, "placement": "ug", "duct_group": "9", "duct_assignment": "2" }, "geometry": { "type": "Point", "coordinates": [ -119.290239889483374, 35.496075282077854 ] } },
{ "type": "Feature", "properties": { "id": "fd-02376", "input_id": "026-720-11", "specification": "terminal", "source": "fd-00108", "demand": 1, "placement": "ug", "duct_group": "9", "duct_assignment": "1" }, "geometry": { "type": "Point", "coordinates": [ -119.290558739105336, 35.496076174348502 ] } },
{ "type": "Feature", "properties": { "id": "fd-02377", "input_id": "026-720-12", "specification": "terminal", "source": "fd-00079", "demand": 1, "placement": "ug", "duct_group": "3", "duct_assignment": "6" }, "geometry": { "type": "Point", "coordinates": [ -119.290877588764943, 35.496077065731193 ] } },
{ "type": "Feature", "properties": { "id": "fd-02378", "input_id": "026-720-13", "specification": "terminal", "source": "fd-00079", "demand": 1, "placement": "ug", "duct_group": "3", "duct_assignment": "5" }, "geometry": { "type": "Point", "coordinates": [ -119.291196438790479, 35.496077955814592 ] } },
{ "type": "Feature", "properties": { "id": "fd-02379", "input_id": "026-720-14", "specification": "terminal", "source": "fd-00078", "demand": 1, "placement": "ug", "duct_group": "3", "duct_assignment": "3" }, "geometry": { "type": "Point", "coordinates": [ -119.29151607522688, 35.49607861083534 ] } },
{ "type": "Feature", "properties": { "id": "fd-02380", "input_id": "026-742-01", "specification": "terminal", "source": "fd-00077", "demand": 1, "placement": "ug", "duct_group": "3", "duct_assignment": "2" }, "geometry": { "type": "Point", "coordinates": [ -119.291968050590597, 35.495578767980163 ] } },
{ "type": "Feature", "properties": { "id": "fd-02381", "input_id": "026-743-12", "specification": "terminal", "source": "fd-00096", "demand": 1, "placement": "ug", "duct_group": "7", "duct_assignment": "3" }, "geometry": { "type": "Point", "coordinates": [ -119.292001579885351, 35.492949536616919 ] } },
{ "type": "Feature", "properties": { "id": "fd-02382", "input_id": "026-743-11", "specification": "terminal", "source": "fd-00096", "demand": 1, "placement": "ug", "duct_group": "7", "duct_assignment": "2" }, "geometry": { "type": "Point", "coordinates": [ -119.292318238137867, 35.492949555099351 ] } },
{ "type": "Feature", "properties": { "id": "fd-02383", "input_id": "026-743-10", "specification": "terminal", "source": "fd-00101", "demand": 1, "placement": "ug", "duct_group": "7", "duct_assignment": "11" }, "geometry": { "type": "Point", "coordinates": [ -119.292620709932947, 35.492950652795933 ] } },
{ "type": "Feature", "properties": { "id": "fd-02384", "input_id": "026-743-09", "specification": "terminal", "source": "fd-00101", "demand": 1, "placement": "ug", "duct_group": "7", "duct_assignment": "12" }, "geometry": { "type": "Point", "coordinates": [ -119.292923099127194, 35.492951707341774 ] } },
{ "type": "Feature", "properties": { "id": "fd-02385", "input_id": "026-743-08", "specification": "terminal", "source": "fd-00100", "demand": 1, "placement": "ug", "duct_group": "7", "duct_assignment": "10" }, "geometry": { "type": "Point", "coordinates": [ -119.293219138334067, 35.492936872804151 ] } },
{ "type": "Feature", "properties": { "id": "fd-02386", "input_id": "026-743-07", "specification": "terminal", "source": "fd-00097", "demand": 1, "placement": "ug", "duct_group": "7", "duct_assignment": "4" }, "geometry": { "type": "Point", "coordinates": [ -119.293636632051815, 35.492948941069329 ] } },
{ "type": "Feature", "properties": { "id": "fd-02387", "input_id": "026-743-06", "specification": "terminal", "source": "fd-00097", "demand": 1, "placement": "ug", "duct_group": "7", "duct_assignment": "5" }, "geometry": { "type": "Point", "coordinates": [ -119.293784234079325, 35.493255808180123 ] } },
{ "type": "Feature", "properties": { "id": "fd-02388", "input_id": "026-742-24", "specification": "terminal", "source": "fd-00095", "demand": 1, "placement": "ug", "duct_group": "7", "duct_assignment": "1" }, "geometry": { "type": "Point", "coordinates": [ -119.291991539576415, 35.493471662979694 ] } },
{ "type": "Feature", "properties": { "id": "fd-02389", "input_id": "026-742-23", "specification": "terminal", "source": "fd-00098", "demand": 1, "placement": "ug", "duct_group": "7", "duct_assignment": "6" }, "geometry": { "type": "Point", "coordinates": [ -119.29230826061206, 35.493470759682438 ] } },
{ "type": "Feature", "properties": { "id": "fd-02390", "input_id": "026-742-22", "specification": "terminal", "source": "fd-00098", "demand": 1, "placement": "ug", "duct_group": "7", "duct_assignment": "7" }, "geometry": { "type": "Point", "coordinates": [ -119.292610787651313, 35.493471959301615 ] } },
{ "type": "Feature", "properties": { "id": "fd-02391", "input_id": "026-742-21", "specification": "terminal", "source": "fd-00099", "demand": 1, "placement": "ug", "duct_group": "7", "duct_assignment": "9" }, "geometry": { "type": "Point", "coordinates": [ -119.292913258653272, 35.493473092785081 ] } },
{ "type": "Feature", "properties": { "id": "fd-02392", "input_id": "026-742-20", "specification": "terminal", "source": "fd-00099", "demand": 1, "placement": "ug", "duct_group": "7", "duct_assignment": "8" }, "geometry": { "type": "Point", "coordinates": [ -119.293230869361295, 35.493475954085746 ] } },
{ "type": "Feature", "properties": { "id": "fd-02393", "input_id": "026-743-05", "specification": "terminal", "source": "fd-00094", "demand": 1, "placement": "ug", "duct_group": "6", "duct_assignment": "11" }, "geometry": { "type": "Point", "coordinates": [ -119.293753253962478, 35.493567809242151 ] } },
{ "type": "Feature", "properties": { "id": "fd-02394", "input_id": "026-743-04", "specification": "terminal", "source": "fd-00094", "demand": 1, "placement": "ug", "duct_group": "6", "duct_assignment": "12" }, "geometry": { "type": "Point", "coordinates": [ -119.293747492276296, 35.493853320201119 ] } },
{ "type": "Feature", "properties": { "id": "fd-02395", "input_id": "026-742-16", "specification": "terminal", "source": "fd-00086", "demand": 1, "placement": "ug", "duct_group": "5", "duct_assignment": "9" }, "geometry": { "type": "Point", "coordinates": [ -119.292307856727334, 35.493831763941429 ] } },
{ "type": "Feature", "properties": { "id": "fd-02396", "input_id": "026-742-17", "specification": "terminal", "source": "fd-00086", "demand": 1, "placement": "ug", "duct_group": "5", "duct_assignment": "10" }, "geometry": { "type": "Point", "coordinates": [ -119.292608968437008, 35.49383435019444 ] } },
{ "type": "Feature", "properties": { "id": "fd-02397", "input_id": "026-742-18", "specification": "terminal", "source": "fd-00093", "demand": 1, "placement": "ug", "duct_group": "6", "duct_assignment": "9" }, "geometry": { "type": "Point", "coordinates": [ -119.292911497811986, 35.49383552546324 ] } },
{ "type": "Feature", "properties": { "id": "fd-02398", "input_id": "026-742-19", "specification": "terminal", "source": "fd-00093", "demand": 1, "placement": "ug", "duct_group": "6", "duct_assignment": "10" }, "geometry": { "type": "Point", "coordinates": [ -119.293229264197663, 35.49383505223485 ] } },
{ "type": "Feature", "properties": { "id": "fd-02399", "input_id": "026-742-15", "specification": "terminal", "source": "fd-00087", "demand": 1, "placement": "ug", "duct_group": "5", "duct_assignment": "11" }, "geometry": { "type": "Point", "coordinates": [ -119.291974761816974, 35.493826096945661 ] } },
{ "type": "Feature", "properties": { "id": "fd-02400", "input_id": "026-743-03", "specification": "terminal", "source": "fd-00092", "demand": 1, "placement": "ug", "duct_group": "6", "duct_assignment": "8" }, "geometry": { "type": "Point", "coordinates": [ -119.293745084145854, 35.494140102570867 ] } },
{ "type": "Feature", "properties": { "id": "fd-02401", "input_id": "026-742-14", "specification": "terminal", "source": "fd-00087", "demand": 1, "placement": "ug", "duct_group": "5", "duct_assignment": "12" }, "geometry": { "type": "Point", "coordinates": [ -119.291967193449096, 35.494344112449149 ] } },
{ "type": "Feature", "properties": { "id": "fd-02402", "input_id": "026-742-13", "specification": "terminal", "source": "fd-00085", "demand": 1, "placement": "ug", "duct_group": "5", "duct_assignment": "8" }, "geometry": { "type": "Point", "coordinates": [ -119.292299507499834, 35.494340772137804 ] } },
{ "type": "Feature", "properties": { "id": "fd-02403", "input_id": "026-742-12", "specification": "terminal", "source": "fd-00085", "demand": 1, "placement": "ug", "duct_group": "5", "duct_assignment": "7" }, "geometry": { "type": "Point", "coordinates": [ -119.292600116826037, 35.49433963881264 ] } },
{ "type": "Feature", "properties": { "id": "fd-02404", "input_id": "026-742-11", "specification": "terminal", "source": "fd-00084", "demand": 1, "placement": "ug", "duct_group": "5", "duct_assignment": "5" }, "geometry": { "type": "Point", "coordinates": [ -119.29290241224804, 35.49434064098547 ] } },
{ "type": "Feature", "properties": { "id": "fd-02405", "input_id": "026-742-10", "specification": "terminal", "source": "fd-00084", "demand": 1, "placement": "ug", "duct_group": "5", "duct_assignment": "6" }, "geometry": { "type": "Point", "coordinates": [ -119.293223545458588, 35.494343476450211 ] } },
{ "type": "Feature", "properties": { "id": "fd-02406", "input_id": "026-743-02", "specification": "terminal", "source": "fd-00092", "demand": 1, "placement": "ug", "duct_group": "6", "duct_assignment": "7" }, "geometry": { "type": "Point", "coordinates": [ -119.293742661388805, 35.49442869413901 ] } },
{ "type": "Feature", "properties": { "id": "fd-02407", "input_id": "026-742-06", "specification": "terminal", "source": "fd-00082", "demand": 1, "placement": "ug", "duct_group": "5", "duct_assignment": "2" }, "geometry": { "type": "Point", "coordinates": [ -119.292297691708214, 35.494699784042659 ] } },
{ "type": "Feature", "properties": { "id": "fd-02408", "input_id": "026-742-07", "specification": "terminal", "source": "fd-00082", "demand": 1, "placement": "ug", "duct_group": "5", "duct_assignment": "1" }, "geometry": { "type": "Point", "coordinates": [ -119.292598668338272, 35.494702293353029 ] } },
{ "type": "Feature", "properties": { "id": "fd-02409", "input_id": "026-742-08", "specification": "terminal", "source": "fd-00083", "demand": 1, "placement": "ug", "duct_group": "5", "duct_assignment": "4" }, "geometry": { "type": "Point", "coordinates": [ -119.292900668637785, 35.494703049638339 ] } },
{ "type": "Feature", "properties": { "id": "fd-02410", "input_id": "026-742-09", "specification": "terminal", "source": "fd-00083", "demand": 1, "placement": "ug", "duct_group": "5", "duct_assignment": "3" }, "geometry": { "type": "Point", "coordinates": [ -119.2932217067778, 35.494702683686953 ] } },
{ "type": "Feature", "properties": { "id": "fd-02411", "input_id": "026-743-01", "specification": "terminal", "source": "fd-00091", "demand": 1, "placement": "ug", "duct_group": "6", "duct_assignment": "6" }, "geometry": { "type": "Point", "coordinates": [ -119.293741806245237, 35.494728764337609 ] } },
{ "type": "Feature", "properties": { "id": "fd-02412", "input_id": "026-742-05", "specification": "terminal", "source": "fd-00081", "demand": 1, "placement": "ug", "duct_group": "4", "duct_assignment": "3" }, "geometry": { "type": "Point", "coordinates": [ -119.291964288694786, 35.494694022575842 ] } },
{ "type": "Feature", "properties": { "id": "fd-02413", "input_id": "026-742-04", "specification": "terminal", "source": "fd-00080", "demand": 1, "placement": "ug", "duct_group": "4", "duct_assignment": "1" }, "geometry": { "type": "Point", "coordinates": [ -119.291956837095924, 35.495216183277684 ] } },
{ "type": "Feature", "properties": { "id": "fd-02414", "input_id": "026-742-03", "specification": "terminal", "source": "fd-00080", "demand": 1, "placement": "ug", "duct_group": "4", "duct_assignment": "2" }, "geometry": { "type": "Point", "coordinates": [ -119.292304431080481, 35.495214360058391 ] } },
{ "type": "Feature", "properties": { "id": "fd-02415", "input_id": "026-744-07", "specification": "terminal", "source": "fd-00088", "demand": 1, "placement": "ug", "duct_group": "6", "duct_assignment": "1" }, "geometry": { "type": "Point", "coordinates": [ -119.292816410718004, 35.495214232310872 ] } },
{ "type": "Feature", "properties": { "id": "fd-02416", "input_id": "026-744-08", "specification": "terminal", "source": "fd-00089", "demand": 1, "placement": "ug", "duct_group": "6", "duct_assignment": "3" }, "geometry": { "type": "Point", "coordinates": [ -119.2931337604345, 35.4952134610051 ] } },
{ "type": "Feature", "properties": { "id": "fd-02417", "input_id": "026-744-09", "specification": "terminal", "source": "fd-00089", "demand": 1, "placement": "ug", "duct_group": "6", "duct_assignment": "2" }, "geometry": { "type": "Point", "coordinates": [ -119.293436009577164, 35.495214487675476 ] } },
{ "type": "Feature", "properties": { "id": "fd-02418", "input_id": "026-744-10", "specification": "terminal", "source": "fd-00090", "demand": 1, "placement": "ug", "duct_group": "6", "duct_assignment": "4" }, "geometry": { "type": "Point", "coordinates": [ -119.293746228750209, 35.495215370733206 ] } },
{ "type": "Feature", "properties": { "id": "fd-02419", "input_id": "026-742-02", "specification": "terminal", "source": "fd-00077", "demand": 1, "placement": "ug", "duct_group": "3", "duct_assignment": "1" }, "geometry": { "type": "Point", "coordinates": [ -119.292301220951657, 35.49558034794677 ] } },
{ "type": "Feature", "properties": { "id": "fd-02420", "input_id": "026-744-06", "specification": "terminal", "source": "fd-00062", "demand": 1, "placement": "ug", "duct_group": "1", "duct_assignment": "2" }, "geometry": { "type": "Point", "coordinates": [ -119.292815028994539, 35.495581929650655 ] } },
{ "type": "Feature", "properties": { "id": "fd-02421", "input_id": "026-744-05", "specification": "terminal", "source": "fd-00062", "demand": 1, "placement": "ug", "duct_group": "1", "duct_assignment": "1" }, "geometry": { "type": "Point", "coordinates": [ -119.293117073413228, 35.495566479001667 ] } },
{ "type": "Feature", "properties": { "id": "fd-02422", "input_id": "026-744-04", "specification": "terminal", "source": "fd-00063", "demand": 1, "placement": "ug", "duct_group": "1", "duct_assignment": "3" }, "geometry": { "type": "Point", "coordinates": [ -119.293423925810501, 35.495550827125598 ] } },
{ "type": "Feature", "properties": { "id": "fd-02423", "input_id": "026-744-03", "specification": "terminal", "source": "fd-00063", "demand": 1, "placement": "ug", "duct_group": "1", "duct_assignment": "4" }, "geometry": { "type": "Point", "coordinates": [ -119.293682075477292, 35.495625001230756 ] } },
{ "type": "Feature", "properties": { "id": "fd-02424", "input_id": "026-744-02", "specification": "terminal", "source": "fd-00102", "demand": 1, "placement": "ug", "duct_group": "8", "duct_assignment": "2" }, "geometry": { "type": "Point", "coordinates": [ -119.293717417268468, 35.495879201648982 ] } },
{ "type": "Feature", "properties": { "id": "fd-02425", "input_id": "026-741-01", "specification": "terminal", "source": "fd-00078", "demand": 1, "placement": "ug", "duct_group": "3", "duct_assignment": "4" }, "geometry": { "type": "Point", "coordinates": [ -119.291833623924887, 35.496079902465681 ] } },
{ "type": "Feature", "properties": { "id": "fd-02426", "input_id": "026-741-02", "specification": "terminal", "source": "fd-00114", "demand": 1, "placement": "ug", "duct_group": "10", "duct_assignment": "2" }, "geometry": { "type": "Point", "coordinates": [ -119.292147761273142, 35.496080499079909 ] } },
{ "type": "Feature", "properties": { "id": "fd-02427", "input_id": "026-741-03", "specification": "terminal", "source": "fd-00114", "demand": 1, "placement": "ug", "duct_group": "10", "duct_assignment": "1" }, "geometry": { "type": "Point", "coordinates": [ -119.292461333176348, 35.496081335556831 ] } },
{ "type": "Feature", "properties": { "id": "fd-02428", "input_id": "026-741-04", "specification": "terminal", "source": "fd-00057", "demand": 1, "placement": "ug", "duct_group": "0", "duct_assignment": "1" }, "geometry": { "type": "Point", "coordinates": [ -119.292774809948085, 35.496082255521578 ] } },
{ "type": "Feature", "properties": { "id": "fd-02429", "input_id": "026-741-05", "specification": "terminal", "source": "fd-00057", "demand": 1, "placement": "ug", "duct_group": "0", "duct_assignment": "2" }, "geometry": { "type": "Point", "coordinates": [ -119.293101062979972, 35.496084968569207 ] } },
{ "type": "Feature", "properties": { "id": "fd-02430", "input_id": "026-744-01", "specification": "terminal", "source": "fd-00102", "demand": 1, "placement": "ug", "duct_group": "8", "duct_assignment": "1" }, "geometry": { "type": "Point", "coordinates": [ -119.29367747841043, 35.496134150808359 ] } },
{ "type": "Feature", "properties": { "id": "fd-02431", "input_id": "026-090-33", "specification": "terminal", "source": "fd-00560", "demand": 1, "placement": "ug", "duct_group": "5", "duct_assignment": "1" }, "geometry": { "type": "Point", "coordinates": [ -119.284497710170029, 35.506148036521516 ] } },
{ "type": "Feature", "properties": { "id": "fd-02432", "input_id": "026-491-18", "specification": "terminal", "source": "fd-00643", "demand": 1, "placement": "ug", "duct_group": "2", "duct_assignment": "11" }, "geometry": { "type": "Point", "coordinates": [ -119.280956409714904, 35.490402144605106 ] } },
{ "type": "Feature", "properties": { "id": "fd-02433", "input_id": "026-502-06", "specification": "terminal", "source": "fd-00484", "demand": 1, "placement": "ug", "duct_group": "8", "duct_assignment": "11" }, "geometry": { "type": "Point", "coordinates": [ -119.285242592997903, 35.489371700786876 ] } },
{ "type": "Feature", "properties": { "id": "fd-02434", "input_id": "026-160-32", "specification": "terminal", "source": "fd-00517", "demand": 1, "placement": "ug", "duct_group": "4", "duct_assignment": "2" }, "geometry": { "type": "Point", "coordinates": [ -119.28464613748163, 35.493812873944883 ] } },
{ "type": "Feature", "properties": { "id": "fd-02435", "input_id": "026-603-06", "specification": "terminal", "source": "fd-00213", "demand": 1, "placement": "ug", "duct_group": "2", "duct_assignment": "5" }, "geometry": { "type": "Point", "coordinates": [ -119.291477370090561, 35.497650290155612 ] } },
{ "type": "Feature", "properties": { "id": "fd-02436", "input_id": "026-634-08", "specification": "terminal", "source": "fd-00333", "demand": 1, "placement": "ug", "duct_group": "0", "duct_assignment": "11" }, "geometry": { "type": "Point", "coordinates": [ -119.291169159799665, 35.503810185220139 ] } },
{ "type": "Feature", "properties": { "id": "fd-02437", "input_id": "026-662-07", "specification": "terminal", "source": "fd-00070", "demand": 1, "placement": "ug", "duct_group": "2", "duct_assignment": "3" }, "geometry": { "type": "Point", "coordinates": [ -119.295633722528692, 35.496441001123493 ] } }
]
}
