{
"type": "FeatureCollection",
"name": "parcels",
"crs": { "type": "name", "properties": { "name": "urn:ogc:def:crs:OGC:1.3:CRS84" } },
"features": [
{ "type": "Feature", "properties": { "id": "p-00001", "input_id": "026-700-19", "source": "fd-00534", "demand": 1, "duct_group": 0, "duct_assignment": "2" }, "geometry": { "type": "Polygon", "coordinates": [ [ [ -119.285002615537095, 35.506119486585185 ], [ -119.285005964863629, 35.50580901123368 ], [ -119.285060346396236, 35.505765150638219 ], [ -119.285247758453025, 35.505765590681271 ], [ -119.285246052030985, 35.5061200205921 ], [ -119.285002615537095, 35.506119486585185 ] ] ] } },
{ "type": "Feature", "properties": { "id": "p-00002", "input_id": "026-700-20", "source": "fd-00534", "demand": 1, "duct_group": 0, "duct_assignment": "1" }, "geometry": { "type": "Polygon", "coordinates": [ [ [ -119.285246052030985, 35.5061200205921 ], [ -119.285247758453025, 35.505765590681271 ], [ -119.285484181984032, 35.505766268740771 ], [ -119.2854810995603, 35.506120615706884 ], [ -119.285246052030985, 35.5061200205921 ] ] ] } },
{ "type": "Feature", "properties": { "id": "p-00003", "input_id": "026-700-21", "source": "fd-00535", "demand": 1, "duct_group": 0, "duct_assignment": "3" }, "geometry": { "type": "Polygon", "coordinates": [ [ [ -119.2854810995603, 35.506120615706884 ], [ -119.285484181984032, 35.505766268740771 ], [ -119.285717348260377, 35.505766603641199 ], [ -119.285716550284647, 35.506121263842978 ], [ -119.2854810995603, 35.506120615706884 ] ] ] } },
{ "type": "Feature", "properties": { "id": "p-00004", "input_id": "026-700-22", "source": "fd-00535", "demand": 1, "duct_group": 0, "duct_assignment": "4" }, "geometry": { "type": "Polygon", "coordinates": [ [ [ -119.285716550284647, 35.506121263842978 ], [ -119.285717348260377, 35.505766603641199 ], [ -119.285951494620207, 35.505767085586619 ], [ -119.285952257703741, 35.506121901631701 ], [ -119.285716550284647, 35.506121263842978 ] ] ] } },
{ "type": "Feature", "properties": { "id": "p-00005", "input_id": "026-700-23", "source": "fd-00536", "demand": 1, "duct_group": 0, "duct_assignment": "6" }, "geometry": { "type": "Polygon", "coordinates": [ [ [ -119.285976796451607, 35.506121939664894 ], [ -119.285952257703741, 35.506121901631701 ], [ -119.285951494620207, 35.505767085586619 ], [ -119.285981439611476, 35.505767154492958 ], [ -119.286185921833464, 35.505767621835261 ], [ -119.286185779320974, 35.506122266188918 ], [ -119.285976796451607, 35.506121939664894 ] ] ] } },
{ "type": "Feature", "properties": { "id": "p-00006", "input_id": "026-700-24", "source": "fd-00536", "demand": 1, "duct_group": 0, "duct_assignment": "5" }, "geometry": { "type": "Polygon", "coordinates": [ [ [ -119.286185779320974, 35.506122266188918 ], [ -119.286185921833464, 35.505767621835261 ], [ -119.286420506247396, 35.505768200159054 ], [ -119.286420036290437, 35.506122776741805 ], [ -119.286185779320974, 35.506122266188918 ] ] ] } },
{ "type": "Feature", "properties": { "id": "p-00007", "input_id": "026-700-25", "source": "fd-00537", "demand": 1, "duct_group": 0, "duct_assignment": "8" }, "geometry": { "type": "Polygon", "coordinates": [ [ [ -119.286420036290437, 35.506122776741805 ], [ -119.286420506247396, 35.505768200159054 ], [ -119.286655242619645, 35.505768837738046 ], [ -119.286654615374729, 35.506123371811235 ], [ -119.286420036290437, 35.506122776741805 ] ] ] } },
{ "type": "Feature", "properties": { "id": "p-00008", "input_id": "026-700-26", "source": "fd-00537", "demand": 1, "duct_group": 0, "duct_assignment": "7" }, "geometry": { "type": "Polygon", "coordinates": [ [ [ -119.286654615374729, 35.506123371811235 ], [ -119.286655242619645, 35.505768837738046 ], [ -119.286751391982079, 35.505769126548209 ], [ -119.286765188632103, 35.505770090302946 ], [ -119.28677860565152, 35.505772889669082 ], [ -119.286791280315327, 35.505777448966704 ], [ -119.286802869967715, 35.505783644936457 ], [ -119.286813061285571, 35.505791310072269 ], [ -119.286829840175088, 35.505804272001342 ], [ -119.286848627847263, 35.505815237479659 ], [ -119.286869071814152, 35.505824000776215 ], [ -119.286890788512409, 35.505830397476636 ], [ -119.286890209452281, 35.506124090111697 ], [ -119.286654615374729, 35.506123371811235 ] ] ] } },
{ "type": "Feature", "properties": { "id": "p-00009", "input_id": "026-682-01", "source": "fd-00351", "demand": 1, "duct_group": 4, "duct_assignment": "2" }, "geometry": { "type": "Polygon", "coordinates": [ [ [ -119.289468663395155, 35.506092777290867 ], [ -119.289470366239243, 35.505947180272969 ], [ -119.289521232266466, 35.505906124484056 ], [ -119.289832833531236, 35.505906997011664 ], [ -119.289830774613705, 35.506095609558209 ], [ -119.289468663395155, 35.506092777290867 ] ] ] } },
{ "type": "Feature", "properties": { "id": "p-00010", "input_id": "026-682-12", "source": "fd-00352", "demand": 1, "duct_group": 4, "duct_assignment": "3" }, "geometry": { "type": "Polygon", "coordinates": [ [ [ -119.288932741402192, 35.506096762944431 ], [ -119.288934991767903, 35.505904481636705 ], [ -119.289259182292653, 35.505905390362756 ], [ -119.289309100112334, 35.505946742836137 ], [ -119.289307310638208, 35.506099695069757 ], [ -119.288932741402192, 35.506096762944431 ] ] ] } },
{ "type": "Feature", "properties": { "id": "p-00011", "input_id": "026-682-13", "source": "fd-00358", "demand": 1, "duct_group": 5, "duct_assignment": "1" }, "geometry": { "type": "Polygon", "coordinates": [ [ [ -119.288557281406071, 35.506093823692375 ], [ -119.288559028596779, 35.505944624347912 ], [ -119.288609895077684, 35.505903568936091 ], [ -119.288934991767903, 35.505904481636705 ], [ -119.288932741402192, 35.506096762944431 ], [ -119.288557281406071, 35.506093823692375 ] ] ] } },
{ "type": "Feature", "properties": { "id": "p-00012", "input_id": "026-682-24", "source": "fd-00359", "demand": 1, "duct_group": 5, "duct_assignment": "3" }, "geometry": { "type": "Polygon", "coordinates": [ [ [ -119.288020542532067, 35.506095976931377 ], [ -119.288022816805011, 35.505901919705096 ], [ -119.288347878198991, 35.505902833426745 ], [ -119.288397763143905, 35.505944157765974 ], [ -119.288395950717288, 35.506098918365801 ], [ -119.288020542532067, 35.506095976931377 ] ] ] } },
{ "type": "Feature", "properties": { "id": "p-00013", "input_id": "026-682-25", "source": "fd-00421", "demand": 1, "duct_group": 4, "duct_assignment": "8" }, "geometry": { "type": "Polygon", "coordinates": [ [ [ -119.287667791411266, 35.506093212541685 ], [ -119.28766924558083, 35.505969181759284 ], [ -119.287669323932278, 35.505966795001392 ], [ -119.287669504855103, 35.505964411675784 ], [ -119.287669786201619, 35.505962035410541 ], [ -119.287670167999934, 35.505959668008138 ], [ -119.287670651408803, 35.505957313061998 ], [ -119.287671233164062, 35.505954973310267 ], [ -119.28767191551232, 35.505952651433653 ], [ -119.287672695189499, 35.505950350170437 ], [ -119.287673572237964, 35.505948072224264 ], [ -119.28767454561202, 35.505945821211583 ], [ -119.287675614237699, 35.505943598946502 ], [ -119.287676777055268, 35.505941408144068 ], [ -119.287678031916784, 35.505939252432412 ], [ -119.287679377734264, 35.50593713272422 ], [ -119.287680813476186, 35.505935053537307 ], [ -119.287682335850064, 35.505933015807315 ], [ -119.287683943810322, 35.505931023150858 ], [ -119.287685636268932, 35.505929076480662 ], [ -119.287687409989857, 35.505927180337466 ], [ -119.287689263871087, 35.505925334732844 ], [ -119.287691194662614, 35.505923543306295 ], [ -119.287693200188301, 35.505921807883368 ], [ -119.287695278272025, 35.505920130289688 ], [ -119.287697426751961, 35.505918513251878 ], [ -119.287699642335639, 35.505916957705921 ], [ -119.287701923963269, 35.505915466366979 ], [ -119.287704266138292, 35.505914040193971 ], [ -119.287706667814902, 35.505912682803491 ], [ -119.287709125672549, 35.50591139332878 ], [ -119.287711637549322, 35.505910174496719 ], [ -119.287714199064737, 35.505909028155855 ], [ -119.287716808042774, 35.505907956131828 ], [ -119.287719461162865, 35.505906957557961 ], [ -119.287722155175018, 35.505906036073782 ], [ -119.287724886758539, 35.505905190812776 ], [ -119.287727651547243, 35.505904424524807 ], [ -119.287730448424867, 35.505903736320093 ], [ -119.287733273025125, 35.505903128948567 ], [ -119.287736120925231, 35.505902601555228 ], [ -119.287738989949219, 35.505902155965529 ], [ -119.28774187568834, 35.505901792225714 ], [ -119.287744775938364, 35.505901510358846 ], [ -119.287747686304726, 35.505901311312343 ], [ -119.287750602378864, 35.505901195132395 ], [ -119.287753523058512, 35.505901161830565 ], [ -119.288022816805011, 35.505901919705096 ], [ -119.288020542532067, 35.506095976931377 ], [ -119.287667791411266, 35.506093212541685 ] ] ] } },
{ "type": "Feature", "properties": { "id": "p-00014", "input_id": "026-683-06", "source": "fd-00423", "demand": 1, "duct_group": 5, "duct_assignment": "3" }, "geometry": { "type": "Polygon", "coordinates": [ [ [ -119.287135238509521, 35.506151486281631 ], [ -119.287135488846729, 35.506125238354876 ], [ -119.287137102893013, 35.505955828944174 ], [ -119.287448183339151, 35.506010568268259 ], [ -119.287450044868322, 35.506018991941687 ], [ -119.287452254964137, 35.506027359684481 ], [ -119.287454810164803, 35.506035661617894 ], [ -119.287457707008755, 35.506043887862972 ], [ -119.287460943150563, 35.506052029430592 ], [ -119.287464515128477, 35.506060076441777 ], [ -119.287468418392862, 35.506068019930439 ], [ -119.287472647277625, 35.506075850040858 ], [ -119.28747719946557, 35.506083559586273 ], [ -119.287482067072304, 35.506091137832641 ], [ -119.287487246678324, 35.506098577604796 ], [ -119.287492731529653, 35.506105869959704 ], [ -119.28749422658521, 35.506107858054733 ], [ -119.287495638511871, 35.506109887582276 ], [ -119.287496966150968, 35.506111954949048 ], [ -119.287498206153614, 35.506114057485874 ], [ -119.287499357389464, 35.506116193401951 ], [ -119.287500420932361, 35.506118360883157 ], [ -119.287501392303184, 35.506120555469707 ], [ -119.287502272589848, 35.506122776248681 ], [ -119.287503059545713, 35.506125020539663 ], [ -119.287503753128433, 35.506127285638769 ], [ -119.287504352179369, 35.506129567952783 ], [ -119.287504856670253, 35.506131865679215 ], [ -119.287505264368534, 35.506134177038703 ], [ -119.287505576305762, 35.506136497513644 ], [ -119.287505791351592, 35.506138825312959 ], [ -119.287505909463519, 35.506141157733097 ], [ -119.287505930599295, 35.506143492070343 ], [ -119.287505802615939, 35.506154391923829 ], [ -119.287135238509521, 35.506151486281631 ] ] ] } },
{ "type": "Feature", "properties": { "id": "p-00015", "input_id": "026-671-02", "source": "fd-00329", "demand": 1, "duct_group": 0, "duct_assignment": "4" }, "geometry": { "type": "Polygon", "coordinates": [ [ [ -119.291219920875378, 35.505872053272668 ], [ -119.291220342507927, 35.505845354637103 ], [ -119.291222277218296, 35.505682508211095 ], [ -119.291558214625624, 35.505685522878558 ], [ -119.291555962688506, 35.505875068660252 ], [ -119.291219920875378, 35.505872053272668 ] ] ] } },
{ "type": "Feature", "properties": { "id": "p-00016", "input_id": "026-673-05", "source": "fd-00394", "demand": 1, "duct_group": 11, "duct_assignment": "5" }, "geometry": { "type": "Polygon", "coordinates": [ [ [ -119.290827415737724, 35.505777910554286 ], [ -119.290828560985673, 35.505503195617834 ], [ -119.291063130577896, 35.505503849959325 ], [ -119.291060356462225, 35.505737347734666 ], [ -119.291009465082993, 35.505778418860636 ], [ -119.290827415737724, 35.505777910554286 ] ] ] } },
{ "type": "Feature", "properties": { "id": "p-00017", "input_id": "026-673-04", "source": "fd-00393", "demand": 1, "duct_group": 11, "duct_assignment": "3" }, "geometry": { "type": "Polygon", "coordinates": [ [ [ -119.290609038334765, 35.505777301174575 ], [ -119.290610185414735, 35.505502586228573 ], [ -119.290720441413015, 35.505502894176999 ], [ -119.290828560985673, 35.505503195617834 ], [ -119.290827415737724, 35.505777910554286 ], [ -119.290609038334765, 35.505777301174575 ] ] ] } },
{ "type": "Feature", "properties": { "id": "p-00018", "input_id": "026-673-03", "source": "fd-00392", "demand": 1, "duct_group": 11, "duct_assignment": "2" }, "geometry": { "type": "Polygon", "coordinates": [ [ [ -119.290381591591455, 35.505776665829927 ], [ -119.290382739431578, 35.505501950885893 ], [ -119.290499912884997, 35.505502278354825 ], [ -119.290610185414735, 35.505502586228573 ], [ -119.290609038334765, 35.505777301174575 ], [ -119.290381591591455, 35.505776665829927 ] ] ] } },
{ "type": "Feature", "properties": { "id": "p-00019", "input_id": "026-673-02", "source": "fd-00392", "demand": 1, "duct_group": 11, "duct_assignment": "1" }, "geometry": { "type": "Polygon", "coordinates": [ [ [ -119.290163214195104, 35.505776055658281 ], [ -119.290164362765154, 35.505501340716194 ], [ -119.290382739431578, 35.505501950885893 ], [ -119.290381591591455, 35.505776665829927 ], [ -119.290163214195104, 35.505776055658281 ] ] ] } },
{ "type": "Feature", "properties": { "id": "p-00020", "input_id": "026-673-01", "source": "fd-00345", "demand": 1, "duct_group": 3, "duct_assignment": "2" }, "geometry": { "type": "Polygon", "coordinates": [ [ [ -119.289944837904144, 35.505775445087089 ], [ -119.289945987204064, 35.50550073014702 ], [ -119.290096751377988, 35.505501151670394 ], [ -119.290164362765154, 35.505501340716194 ], [ -119.290163214195104, 35.505776055658281 ], [ -119.289944837904144, 35.505775445087089 ] ] ] } },
{ "type": "Feature", "properties": { "id": "p-00021", "input_id": "026-681-02", "source": "fd-00345", "demand": 1, "duct_group": 3, "duct_assignment": "1" }, "geometry": { "type": "Polygon", "coordinates": [ [ [ -119.289834272882544, 35.505775136076366 ], [ -119.289713023518772, 35.505774796651814 ], [ -119.289714172491358, 35.505500081725415 ], [ -119.289872033812841, 35.505500523703482 ], [ -119.289945987204064, 35.50550073014702 ], [ -119.289944837904144, 35.505775445087089 ], [ -119.289834272882544, 35.505775136076366 ] ] ] } },
{ "type": "Feature", "properties": { "id": "p-00022", "input_id": "026-683-16", "source": "fd-00348", "demand": 1, "duct_group": 3, "duct_assignment": "7" }, "geometry": { "type": "Polygon", "coordinates": [ [ [ -119.289078014347922, 35.5057730180893 ], [ -119.289079166530954, 35.50549830225588 ], [ -119.289314341304831, 35.505498961699935 ], [ -119.289311608540089, 35.505732460753144 ], [ -119.289260725093143, 35.505773530161463 ], [ -119.289078014347922, 35.5057730180893 ] ] ] } },
{ "type": "Feature", "properties": { "id": "p-00023", "input_id": "026-683-15", "source": "fd-00428", "demand": 1, "duct_group": 5, "duct_assignment": "12" }, "geometry": { "type": "Polygon", "coordinates": [ [ [ -119.288859638073106, 35.505772405590335 ], [ -119.288860790986035, 35.505497689758904 ], [ -119.288978359083032, 35.505498019948256 ], [ -119.289079166530954, 35.50549830225588 ], [ -119.289078014347922, 35.5057730180893 ], [ -119.288859638073106, 35.505772405590335 ] ] ] } },
{ "type": "Feature", "properties": { "id": "p-00024", "input_id": "026-683-14", "source": "fd-00427", "demand": 1, "duct_group": 5, "duct_assignment": "11" }, "geometry": { "type": "Polygon", "coordinates": [ [ [ -119.288641261801516, 35.505771792703435 ], [ -119.288642415444343, 35.505497076873937 ], [ -119.288860790986035, 35.505497689758904 ], [ -119.288859638073106, 35.505772405590335 ], [ -119.288641261801516, 35.505771792703435 ] ] ] } },
{ "type": "Feature", "properties": { "id": "p-00025", "input_id": "026-700-27", "source": "fd-00538", "demand": 1, "duct_group": 0, "duct_assignment": "10" }, "geometry": { "type": "Polygon", "coordinates": [ [ [ -119.286890209452281, 35.506124090111697 ], [ -119.286890788512409, 35.505830397476636 ], [ -119.286918428593594, 35.505834916599362 ], [ -119.28694660346747, 35.505835598191183 ], [ -119.286974521934454, 35.505832423111841 ], [ -119.287001399995603, 35.505825480523001 ], [ -119.287026482868583, 35.50581496538463 ], [ -119.287049066183954, 35.505801172979915 ], [ -119.287068515764929, 35.505784490623071 ], [ -119.287084285436293, 35.505765386783104 ], [ -119.287095932361837, 35.505744397927685 ], [ -119.287103129479959, 35.505722113458802 ], [ -119.287105674687311, 35.505699159160741 ], [ -119.287139547596141, 35.505699388563265 ], [ -119.287137102893013, 35.505955828944174 ], [ -119.287135488846729, 35.506125238354876 ], [ -119.286890209452281, 35.506124090111697 ] ] ] } },
{ "type": "Feature", "properties": { "id": "p-00026", "input_id": "026-683-07", "source": "fd-00424", "demand": 1, "duct_group": 5, "duct_assignment": "5" }, "geometry": { "type": "Polygon", "coordinates": [ [ [ -119.287137102893013, 35.505955828944174 ], [ -119.287139547596141, 35.505699388563265 ], [ -119.287139565901029, 35.505697460332399 ], [ -119.2874737224151, 35.505861949928018 ], [ -119.287469460359461, 35.505869664360752 ], [ -119.287465516429705, 35.505877490837108 ], [ -119.287461896009631, 35.505885421188516 ], [ -119.28745860226465, 35.505893446367907 ], [ -119.2874556383602, 35.505901557328599 ], [ -119.287453009651756, 35.505909744099334 ], [ -119.287450716012401, 35.505917998569075 ], [ -119.287448762811934, 35.505926311667871 ], [ -119.287447150997181, 35.505934673470691 ], [ -119.287445882617419, 35.505943074041021 ], [ -119.287444958647654, 35.505951505256256 ], [ -119.287444380035097, 35.505959957191351 ], [ -119.28744414882874, 35.505968419909799 ], [ -119.287444263785332, 35.505976884410877 ], [ -119.287444725851969, 35.505985340769485 ], [ -119.287445533785345, 35.505993779984912 ], [ -119.287446686328039, 35.506002192155286 ], [ -119.287448183339151, 35.506010568268259 ], [ -119.287137102893013, 35.505955828944174 ] ] ] } },
{ "type": "Feature", "properties": { "id": "p-00027", "input_id": "026-592-25", "source": "fd-00302", "demand": 1, "duct_group": 7, "duct_assignment": "9" }, "geometry": { "type": "Polygon", "coordinates": [ [ [ -119.292284945646344, 35.503512783619378 ], [ -119.292287581666145, 35.503244578657629 ], [ -119.292312898452906, 35.503243132326276 ], [ -119.292337623226544, 35.503238452456102 ], [ -119.292361142259068, 35.503230655212725 ], [ -119.292382871752167, 35.503219934142336 ], [ -119.2924022723288, 35.50320655536747 ], [ -119.292418862421854, 35.503190850980999 ], [ -119.292704453553341, 35.503417821150613 ], [ -119.292703550116357, 35.503513936214262 ], [ -119.292284945646344, 35.503512783619378 ] ] ] } },
{ "type": "Feature", "properties": { "id": "p-00028", "input_id": "026-592-24", "source": "fd-00302", "demand": 1, "duct_group": 7, "duct_assignment": "10" }, "geometry": { "type": "Polygon", "coordinates": [ [ [ -119.291869670318846, 35.503511639678557 ], [ -119.291871213710905, 35.503358556383084 ], [ -119.291871417268723, 35.503337634219804 ], [ -119.292146459590782, 35.503174498449056 ], [ -119.292159696700878, 35.503191585364185 ], [ -119.292175972219923, 35.503206816995416 ], [ -119.292194903648522, 35.503219835374807 ], [ -119.292216046068262, 35.503230334549201 ], [ -119.292238902598399, 35.503238067770809 ], [ -119.292262936073115, 35.503242853296193 ], [ -119.292287581666145, 35.503244578657629 ], [ -119.292284945646344, 35.503512783619378 ], [ -119.291869670318846, 35.503511639678557 ] ] ] } },
{ "type": "Feature", "properties": { "id": "p-00029", "input_id": "026-634-01", "source": "fd-00330", "demand": 1, "duct_group": 0, "duct_assignment": "6" }, "geometry": { "type": "Polygon", "coordinates": [ [ [ -119.291224394969589, 35.505504299526322 ], [ -119.291226804435937, 35.505301016928072 ], [ -119.291562769345873, 35.505301952708066 ], [ -119.29156035518541, 35.505505234469517 ], [ -119.291224394969589, 35.505504299526322 ] ] ] } },
{ "type": "Feature", "properties": { "id": "p-00030", "input_id": "026-634-02", "source": "fd-00330", "demand": 1, "duct_group": 0, "duct_assignment": "5" }, "geometry": { "type": "Polygon", "coordinates": [ [ [ -119.291226804435937, 35.505301016928072 ], [ -119.291229086687963, 35.505108722506961 ], [ -119.291565050811869, 35.505109658280844 ], [ -119.291562769345873, 35.505301952708066 ], [ -119.291226804435937, 35.505301016928072 ] ] ] } },
{ "type": "Feature", "properties": { "id": "p-00031", "input_id": "026-634-03", "source": "fd-00331", "demand": 1, "duct_group": 0, "duct_assignment": "8" }, "geometry": { "type": "Polygon", "coordinates": [ [ [ -119.291229086687963, 35.505108722506961 ], [ -119.291231336023074, 35.504919174906085 ], [ -119.291567300474426, 35.504920110662297 ], [ -119.291565050811869, 35.505109658280844 ], [ -119.291229086687963, 35.505108722506961 ] ] ] } },
{ "type": "Feature", "properties": { "id": "p-00032", "input_id": "026-634-04", "source": "fd-00331", "demand": 1, "duct_group": 0, "duct_assignment": "7" }, "geometry": { "type": "Polygon", "coordinates": [ [ [ -119.291231336023074, 35.504919174906085 ], [ -119.291233586450033, 35.504729627279346 ], [ -119.291569549024473, 35.504730563041093 ], [ -119.291567300474426, 35.504920110662297 ], [ -119.291231336023074, 35.504919174906085 ] ] ] } },
{ "type": "Feature", "properties": { "id": "p-00033", "input_id": "026-634-05", "source": "fd-00332", "demand": 1, "duct_group": 0, "duct_assignment": "9" }, "geometry": { "type": "Polygon", "coordinates": [ [ [ -119.291233586450033, 35.504729627279346 ], [ -119.291235868670299, 35.504537332814664 ], [ -119.29157183045875, 35.50453826857018 ], [ -119.291569549024473, 35.504730563041093 ], [ -119.291233586450033, 35.504729627279346 ] ] ] } },
{ "type": "Feature", "properties": { "id": "p-00034", "input_id": "026-634-06", "source": "fd-00333", "demand": 1, "duct_group": 0, "duct_assignment": "10" }, "geometry": { "type": "Polygon", "coordinates": [ [ [ -119.291235868670299, 35.504537332814664 ], [ -119.291236410905768, 35.504491649038854 ], [ -119.291236486681115, 35.5044893154843 ], [ -119.291236660617656, 35.504486985405528 ], [ -119.291236930539498, 35.504484660627995 ], [ -119.291237296517323, 35.504482345657955 ], [ -119.291237758579555, 35.504480042297772 ], [ -119.291238316754487, 35.504477752349963 ], [ -119.291238969996527, 35.504475479431022 ], [ -119.29123971614392, 35.504473226267713 ], [ -119.291240556327111, 35.50447099465098 ], [ -119.291241488398427, 35.504468788208776 ], [ -119.291242512386276, 35.504466608743691 ], [ -119.291243626128662, 35.504464458982483 ], [ -119.291244828566121, 35.504462341640377 ], [ -119.291246117522519, 35.504460258543006 ], [ -119.29124749304043, 35.504458212394063 ], [ -119.291248952958057, 35.504456205920391 ], [ -119.291250495113559, 35.504454241848819 ], [ -119.291256099631838, 35.504447105377096 ], [ -119.291261407485166, 35.50443981968921 ], [ -119.291266414392439, 35.504432392942483 ], [ -119.29127111385408, 35.504424832416241 ], [ -119.291275499398978, 35.504417147192257 ], [ -119.29127956786229, 35.50440934631758 ], [ -119.291283314963053, 35.504401437949511 ], [ -119.291286734230084, 35.504393431169923 ], [ -119.291289822498683, 35.504385335025802 ], [ -119.291292577720313, 35.504377159453774 ], [ -119.291294996701964, 35.504368911698457 ], [ -119.291297075219347, 35.504360603522102 ], [ -119.29129881118142, 35.504352242157672 ], [ -119.291300203642052, 35.5043438375303 ], [ -119.29157412888776, 35.504344601111747 ], [ -119.29157183045875, 35.50453826857018 ], [ -119.291235868670299, 35.504537332814664 ] ] ] } },
{ "type": "Feature", "properties": { "id": "p-00035", "input_id": "026-634-07", "source": "fd-00333", "demand": 1, "duct_group": 0, "duct_assignment": "12" }, "geometry": { "type": "Polygon", "coordinates": [ [ [ -119.291300203642052, 35.5043438375303 ], [ -119.29130126099119, 35.504335292203294 ], [ -119.291301962998716, 35.50432672176526 ], [ -119.29130230873244, 35.504318137042446 ], [ -119.291302297246204, 35.504309547959899 ], [ -119.291301929797868, 35.504300964419599 ], [ -119.291301204325009, 35.504292395456936 ], [ -119.29130012428972, 35.504283850950692 ], [ -119.291298689876413, 35.504275342616715 ], [ -119.291296902314585, 35.504266878554525 ], [ -119.291294763964387, 35.504258468654427 ], [ -119.291292277200199, 35.504250123707926 ], [ -119.291289445470085, 35.504241852692587 ], [ -119.291286272222109, 35.504233664585868 ], [ -119.291282759816468, 35.504225569278113 ], [ -119.291278912817461, 35.504217576636442 ], [ -119.291274736877483, 35.504209695615216 ], [ -119.29127023434242, 35.504201935203497 ], [ -119.291265413054816, 35.504194303431277 ], [ -119.291260277593139, 35.504186811066859 ], [ -119.291254833581377, 35.504179465262219 ], [ -119.291249086671883, 35.504172274971573 ], [ -119.291243045823379, 35.504165249114628 ], [ -119.291236715543576, 35.504158393953588 ], [ -119.291230103703114, 35.504151719320809 ], [ -119.291223219232535, 35.504145232333471 ], [ -119.291216068857764, 35.504138940131945 ], [ -119.291576556650668, 35.504139944515828 ], [ -119.29157412888776, 35.504344601111747 ], [ -119.291300203642052, 35.5043438375303 ] ] ] } },
{ "type": "Feature", "properties": { "id": "p-00036", "input_id": "026-633-37", "source": "fd-00340", "demand": 1, "duct_group": 2, "duct_assignment": "3" }, "geometry": { "type": "Polygon", "coordinates": [ [ [ -119.290733132440693, 35.504434286567594 ], [ -119.290735383592818, 35.504244712778082 ], [ -119.290993536936099, 35.50424543324479 ], [ -119.290996415846379, 35.504245481427688 ], [ -119.290999291622128, 35.504245610767214 ], [ -119.291002159840758, 35.504245820408421 ], [ -119.291005017181575, 35.504246109484853 ], [ -119.291007860366577, 35.504246479833569 ], [ -119.291010687149083, 35.504246928774144 ], [ -119.291013493134585, 35.504247457254181 ], [ -119.291016276090531, 35.504248063494188 ], [ -119.291019031608499, 35.504248747540629 ], [ -119.291021756367741, 35.504249508526939 ], [ -119.291024447047889, 35.504250345586641 ], [ -119.291027102532539, 35.504251257830013 ], [ -119.291029717282697, 35.504252243512617 ], [ -119.291032289079993, 35.504253301756286 ], [ -119.291034815705942, 35.504254431682995 ], [ -119.291037292723814, 35.504255631536594 ], [ -119.291039719017149, 35.504256900427357 ], [ -119.29104209014919, 35.50425823659922 ], [ -119.291044403887383, 35.504259638272849 ], [ -119.291046656911107, 35.504261104581836 ], [ -119.291048848075647, 35.504262632833928 ], [ -119.291050972944433, 35.504264221273061 ], [ -119.291053030386792, 35.504265868108384 ], [ -119.291055018184281, 35.504267572461821 ], [ -119.291056932974044, 35.504269330763194 ], [ -119.291058772537383, 35.504271142134435 ], [ -119.291060535729983, 35.504273003883355 ], [ -119.291062219216911, 35.504274914242323 ], [ -119.291063821839472, 35.504276869618025 ], [ -119.291065341393363, 35.504278870033595 ], [ -119.291066776705676, 35.504280910994467 ], [ -119.291068125557999, 35.504282991622553 ], [ -119.291069385689411, 35.50428510833612 ], [ -119.291070557071549, 35.504287259332756 ], [ -119.291071637457733, 35.504289441931867 ], [ -119.291072625703293, 35.50429165344142 ], [ -119.29107351957569, 35.504293892082103 ], [ -119.29107432010619, 35.504296153336142 ], [ -119.291075026178518, 35.504298436313931 ], [ -119.291075634429731, 35.504300737445362 ], [ -119.291076147035639, 35.504303054904746 ], [ -119.291076561735366, 35.504305385110356 ], [ -119.29107687848645, 35.504307725358508 ], [ -119.2910770972465, 35.5043100729456 ], [ -119.291077217972898, 35.504312425167825 ], [ -119.291077239521073, 35.504314779333136 ], [ -119.291075809435455, 35.504435242396077 ], [ -119.290733132440693, 35.504434286567594 ] ] ] } },
{ "type": "Feature", "properties": { "id": "p-00037", "input_id": "026-633-38", "source": "fd-00340", "demand": 1, "duct_group": 2, "duct_assignment": "4" }, "geometry": { "type": "Polygon", "coordinates": [ [ [ -119.290731044351134, 35.504610098241152 ], [ -119.290733132440693, 35.504434286567594 ], [ -119.291075809435455, 35.504435242396077 ], [ -119.291073722078863, 35.504611054075355 ], [ -119.290731044351134, 35.504610098241152 ] ] ] } },
{ "type": "Feature", "properties": { "id": "p-00038", "input_id": "026-633-39", "source": "fd-00339", "demand": 1, "duct_group": 2, "duct_assignment": "2" }, "geometry": { "type": "Polygon", "coordinates": [ [ [ -119.290728956266861, 35.504785910803598 ], [ -119.290731044351134, 35.504610098241152 ], [ -119.291073722078863, 35.504611054075355 ], [ -119.291071634727487, 35.504786866643521 ], [ -119.290728956266861, 35.504785910803598 ] ] ] } },
{ "type": "Feature", "properties": { "id": "p-00039", "input_id": "026-633-40", "source": "fd-00339", "demand": 1, "duct_group": 2, "duct_assignment": "1" }, "geometry": { "type": "Polygon", "coordinates": [ [ [ -119.290726705762594, 35.504975457504074 ], [ -119.290728956266861, 35.504785910803598 ], [ -119.291071634727487, 35.504786866643521 ], [ -119.291069385013486, 35.504976413350214 ], [ -119.290726705762594, 35.504975457504074 ] ] ] } },
{ "type": "Feature", "properties": { "id": "p-00040", "input_id": "026-633-41", "source": "fd-00395", "demand": 1, "duct_group": 11, "duct_assignment": "7" }, "geometry": { "type": "Polygon", "coordinates": [ [ [ -119.29072461765972, 35.505151270041047 ], [ -119.290726705762594, 35.504975457504074 ], [ -119.291069385013486, 35.504976413350214 ], [ -119.291067297643608, 35.505152225892957 ], [ -119.29072461765972, 35.505151270041047 ] ] ] } },
{ "type": "Feature", "properties": { "id": "p-00041", "input_id": "026-633-42", "source": "fd-00395", "demand": 1, "duct_group": 11, "duct_assignment": "6" }, "geometry": { "type": "Polygon", "coordinates": [ [ [ -119.290722529533738, 35.505327081664511 ], [ -119.290722791604097, 35.50530502317612 ], [ -119.29072461765972, 35.505151270041047 ], [ -119.291067297643608, 35.505152225892957 ], [ -119.291065210250594, 35.505328037522226 ], [ -119.290722529533738, 35.505327081664511 ] ] ] } },
{ "type": "Feature", "properties": { "id": "p-00042", "input_id": "026-633-43", "source": "fd-00394", "demand": 1, "duct_group": 11, "duct_assignment": "4" }, "geometry": { "type": "Polygon", "coordinates": [ [ [ -119.290828560985673, 35.505503195617834 ], [ -119.290720441413015, 35.505502894176999 ], [ -119.290722529533738, 35.505327081664511 ], [ -119.291065210250594, 35.505328037522226 ], [ -119.291063130577896, 35.505503849959325 ], [ -119.290828560985673, 35.505503195617834 ] ] ] } },
{ "type": "Feature", "properties": { "id": "p-00043", "input_id": "026-633-31", "source": "fd-00386", "demand": 1, "duct_group": 9, "duct_assignment": "9" }, "geometry": { "type": "Polygon", "coordinates": [ [ [ -119.290610185414735, 35.505502586228573 ], [ -119.290499912884997, 35.505502278354825 ], [ -119.290367297603538, 35.50522136544631 ], [ -119.290372561713184, 35.505219429918149 ], [ -119.290377739738702, 35.50521734746799 ], [ -119.290382828416043, 35.505215120834222 ], [ -119.290387820072681, 35.505212752801604 ], [ -119.290392709240137, 35.505210246131583 ], [ -119.290397490436064, 35.505207602684521 ], [ -119.29040215822036, 35.505204827024379 ], [ -119.290406706022651, 35.505201921924289 ], [ -119.290411129490892, 35.505198891035477 ], [ -119.290415422054664, 35.505195737131032 ], [ -119.290419580478215, 35.505192464751758 ], [ -119.290423599307445, 35.505189077560509 ], [ -119.290427472000161, 35.505185580132817 ], [ -119.29043119639455, 35.505181975195505 ], [ -119.290434768166875, 35.505178268202187 ], [ -119.29043818076093, 35.505174462827334 ], [ -119.290441432043082, 35.505170563600096 ], [ -119.29044451657343, 35.505166575084509 ], [ -119.290447433334649, 35.505162502699598 ], [ -119.290450175784756, 35.505158351020796 ], [ -119.290452742892271, 35.505154124565891 ], [ -119.290455131435664, 35.505149828776936 ], [ -119.290457338179309, 35.505145468194804 ], [ -119.29045935990159, 35.505141048261528 ], [ -119.290722791604097, 35.50530502317612 ], [ -119.290722529533738, 35.505327081664511 ], [ -119.290720441413015, 35.505502894176999 ], [ -119.290610185414735, 35.505502586228573 ] ] ] } },
{ "type": "Feature", "properties": { "id": "p-00044", "input_id": "026-633-30", "source": "fd-00386", "demand": 1, "duct_group": 9, "duct_assignment": "10" }, "geometry": { "type": "Polygon", "coordinates": [ [ [ -119.290382739431578, 35.505501950885893 ], [ -119.290164362765154, 35.505501340716194 ], [ -119.290096751377988, 35.505501151670394 ], [ -119.290231879686829, 35.505220324379344 ], [ -119.290237213621452, 35.505222204544339 ], [ -119.29024262232987, 35.50522393249323 ], [ -119.290248101375269, 35.505225506469955 ], [ -119.290253644116405, 35.505226924741393 ], [ -119.290259243912047, 35.505228185574495 ], [ -119.290264893018772, 35.505229287247801 ], [ -119.290270584809534, 35.505230228929499 ], [ -119.290276313745295, 35.505231008874972 ], [ -119.290282072096815, 35.505231626263942 ], [ -119.290287853236975, 35.505232080264641 ], [ -119.290293649450689, 35.505232370958041 ], [ -119.290299455227185, 35.50523249840198 ], [ -119.290305262823097, 35.505232460874979 ], [ -119.290311064537519, 35.505232259359246 ], [ -119.290316854859554, 35.505231893912672 ], [ -119.290322627176394, 35.50523136460464 ], [ -119.290328372684883, 35.505230672428915 ], [ -119.290334084800392, 35.505229819257359 ], [ -119.290339759100092, 35.505228804235095 ], [ -119.290345385707241, 35.505227630169962 ], [ -119.290350960212933, 35.505226297108109 ], [ -119.290356474944815, 35.505224807834352 ], [ -119.29036192220174, 35.505223163330825 ], [ -119.290367297603538, 35.50522136544631 ], [ -119.290499912884997, 35.505502278354825 ], [ -119.290382739431578, 35.505501950885893 ] ] ] } },
{ "type": "Feature", "properties": { "id": "p-00045", "input_id": "026-633-29", "source": "fd-00387", "demand": 1, "duct_group": 9, "duct_assignment": "11" }, "geometry": { "type": "Polygon", "coordinates": [ [ [ -119.289945987204064, 35.50550073014702 ], [ -119.289872033812841, 35.505500523703482 ], [ -119.289874248800999, 35.505310975648833 ], [ -119.289874875778068, 35.505257297621966 ], [ -119.290141346940175, 35.505137781191145 ], [ -119.290143247354735, 35.505142275329028 ], [ -119.290145336476144, 35.505146712502466 ], [ -119.29014761313158, 35.505151088216842 ], [ -119.290150072827473, 35.505155397110975 ], [ -119.290152714376958, 35.505159633789162 ], [ -119.290155533286466, 35.505163792890251 ], [ -119.290158526178857, 35.50516786994276 ], [ -119.290161689677035, 35.5051718604754 ], [ -119.290165021477605, 35.505175758202583 ], [ -119.290168514911073, 35.505179559588811 ], [ -119.290172167688382, 35.505183259249939 ], [ -119.290175975344312, 35.505186853627194 ], [ -119.290179932297292, 35.505190338272335 ], [ -119.290184035184367, 35.505193709615206 ], [ -119.290188277293652, 35.505196961416537 ], [ -119.290192655290369, 35.505200091908627 ], [ -119.290197162490827, 35.505203096654661 ], [ -119.290201794429805, 35.505205972096036 ], [ -119.290206545540073, 35.50520871468575 ], [ -119.290211409152107, 35.505211320888172 ], [ -119.290216380814783, 35.50521378804595 ], [ -119.290221453858607, 35.505216112623593 ], [ -119.290226622730401, 35.505218291975233 ], [ -119.290231879686829, 35.505220324379344 ], [ -119.290096751377988, 35.505501151670394 ], [ -119.289945987204064, 35.50550073014702 ] ] ] } },
{ "type": "Feature", "properties": { "id": "p-00046", "input_id": "026-633-28", "source": "fd-00385", "demand": 1, "duct_group": 9, "duct_assignment": "8" }, "geometry": { "type": "Polygon", "coordinates": [ [ [ -119.289876174252313, 35.505146176055824 ], [ -119.28987817819791, 35.504974648668878 ], [ -119.28987832583293, 35.504962071140056 ], [ -119.290216412514482, 35.504963016262579 ], [ -119.29021535840856, 35.504965104995648 ], [ -119.290214220072599, 35.504967164867438 ], [ -119.290213000756452, 35.50496919223837 ], [ -119.290211700445923, 35.504971186207186 ], [ -119.290210320200714, 35.504973144058653 ], [ -119.290208861080572, 35.504975063077545 ], [ -119.290207326377697, 35.504976942327829 ], [ -119.290205717151935, 35.504978779094372 ], [ -119.290204034491154, 35.504980572464284 ], [ -119.290202281645207, 35.504982318797971 ], [ -119.29020045860004, 35.504984017194289 ], [ -119.290198567517464, 35.504985664926373 ], [ -119.290196611703834, 35.504987261959428 ], [ -119.290194593306992, 35.504988804665523 ], [ -119.290192513428963, 35.504990293033018 ], [ -119.290188113930839, 35.504993446249642 ], [ -119.290183851948797, 35.504996722412407 ], [ -119.290179732951074, 35.505000118759817 ], [ -119.290175760159229, 35.505003629849853 ], [ -119.290171939027474, 35.505007252019759 ], [ -119.290168274995679, 35.505010980705578 ], [ -119.290164771299729, 35.505014811366479 ], [ -119.290161433379595, 35.505018739438505 ], [ -119.290158264470875, 35.505022760380882 ], [ -119.290155268897308, 35.505026868739918 ], [ -119.290152449894805, 35.505031059974812 ], [ -119.290149811801001, 35.505035329533236 ], [ -119.290147356721377, 35.505039671083438 ], [ -119.290145086789394, 35.505044080096084 ], [ -119.290143007430913, 35.505048551106135 ], [ -119.290141119663318, 35.505053078694537 ], [ -119.290139425591875, 35.505057656529665 ], [ -119.290137927364299, 35.505062280983488 ], [ -119.290136625955469, 35.505066943933315 ], [ -119.29013552571746, 35.505071641728129 ], [ -119.290134625463182, 35.50507636897202 ], [ -119.290133926167471, 35.50508111754241 ], [ -119.290133431080378, 35.505085883799744 ], [ -119.290133137898522, 35.505090661458517 ], [ -119.290133048727171, 35.505095444187106 ], [ -119.290133163481528, 35.505100226578051 ], [ -119.290133482076726, 35.50510500322406 ], [ -119.290134003297581, 35.505109766926822 ], [ -119.290134727087349, 35.505114514081491 ], [ -119.290135653333067, 35.505119237478176 ], [ -119.290136779731256, 35.505123930831566 ], [ -119.290138105109307, 35.505128589647008 ], [ -119.290139627177879, 35.505133208540215 ], [ -119.290141346940175, 35.505137781191145 ], [ -119.289874875778068, 35.505257297621966 ], [ -119.289876174252313, 35.505146176055824 ] ] ] } },
{ "type": "Feature", "properties": { "id": "p-00047", "input_id": "026-633-27", "source": "fd-00385", "demand": 1, "duct_group": 9, "duct_assignment": "7" }, "geometry": { "type": "Polygon", "coordinates": [ [ [ -119.28987832583293, 35.504962071140056 ], [ -119.289880379356376, 35.504786258084678 ], [ -119.290224024601116, 35.504787219662937 ], [ -119.290222241937713, 35.504938529621946 ], [ -119.290222168590745, 35.504940809067136 ], [ -119.29022200260691, 35.504943085879269 ], [ -119.290221745031801, 35.504945356441688 ], [ -119.290221394720717, 35.504947618062431 ], [ -119.290220952761729, 35.504949869828657 ], [ -119.290220420200313, 35.504952108123852 ], [ -119.290219797008362, 35.504954331145605 ], [ -119.290219083129017, 35.504956535289011 ], [ -119.290218280752555, 35.504958719629698 ], [ -119.290217389822402, 35.504960880562734 ], [ -119.290216412514482, 35.504963016262579 ], [ -119.28987832583293, 35.504962071140056 ] ] ] } },
{ "type": "Feature", "properties": { "id": "p-00048", "input_id": "026-633-26", "source": "fd-00383", "demand": 1, "duct_group": 9, "duct_assignment": "4" }, "geometry": { "type": "Polygon", "coordinates": [ [ [ -119.289880379356376, 35.504786258084678 ], [ -119.289881645049533, 35.50467796535569 ], [ -119.28988243398733, 35.504610445906728 ], [ -119.290226095029055, 35.504611407305774 ], [ -119.290224024601116, 35.504787219662937 ], [ -119.289880379356376, 35.504786258084678 ] ] ] } },
{ "type": "Feature", "properties": { "id": "p-00049", "input_id": "026-633-25", "source": "fd-00381", "demand": 1, "duct_group": 9, "duct_assignment": "2" }, "geometry": { "type": "Polygon", "coordinates": [ [ [ -119.28988243398733, 35.504610445906728 ], [ -119.289883524821064, 35.504517070054732 ], [ -119.289884488609459, 35.504434633716542 ], [ -119.290228166550378, 35.5044355949248 ], [ -119.290226095029055, 35.504611407305774 ], [ -119.28988243398733, 35.504610445906728 ] ] ] } },
{ "type": "Feature", "properties": { "id": "p-00050", "input_id": "026-633-24", "source": "fd-00381", "demand": 1, "duct_group": 9, "duct_assignment": "1" }, "geometry": { "type": "Polygon", "coordinates": [ [ [ -119.289884488609459, 35.504434633716542 ], [ -119.289886734668585, 35.504242363102762 ], [ -119.290180030340849, 35.504243183407723 ], [ -119.290229946512255, 35.50428453554597 ], [ -119.290228166550378, 35.5044355949248 ], [ -119.289884488609459, 35.504434633716542 ] ] ] } },
{ "type": "Feature", "properties": { "id": "p-00051", "input_id": "026-633-36", "source": "fd-00341", "demand": 1, "duct_group": 2, "duct_assignment": "5" }, "geometry": { "type": "Polygon", "coordinates": [ [ [ -119.290389458907853, 35.504433326724921 ], [ -119.290391205906488, 35.504284960994944 ], [ -119.290442087909511, 35.50424389379819 ], [ -119.290735383592818, 35.504244712778082 ], [ -119.290733132440693, 35.504434286567594 ], [ -119.290389458907853, 35.504433326724921 ] ] ] } },
{ "type": "Feature", "properties": { "id": "p-00052", "input_id": "026-633-35", "source": "fd-00341", "demand": 1, "duct_group": 2, "duct_assignment": "6" }, "geometry": { "type": "Polygon", "coordinates": [ [ [ -119.29038738773167, 35.504609139108773 ], [ -119.290389458907853, 35.504433326724921 ], [ -119.290733132440693, 35.504434286567594 ], [ -119.290731044351134, 35.504610098241152 ], [ -119.29038738773167, 35.504609139108773 ] ] ] } },
{ "type": "Feature", "properties": { "id": "p-00053", "input_id": "026-633-34", "source": "fd-00382", "demand": 1, "duct_group": 9, "duct_assignment": "3" }, "geometry": { "type": "Polygon", "coordinates": [ [ [ -119.290385316546562, 35.504784951480346 ], [ -119.29038738773167, 35.504609139108773 ], [ -119.290731044351134, 35.504610098241152 ], [ -119.290728956266861, 35.504785910803598 ], [ -119.290385316546562, 35.504784951480346 ] ] ] } },
{ "type": "Feature", "properties": { "id": "p-00054", "input_id": "026-633-33", "source": "fd-00384", "demand": 1, "duct_group": 9, "duct_assignment": "6" }, "geometry": { "type": "Polygon", "coordinates": [ [ [ -119.290394553123662, 35.504974530810784 ], [ -119.290393216741762, 35.504972541985254 ], [ -119.290391961381076, 35.504970518056879 ], [ -119.290390787069953, 35.504968460828202 ], [ -119.290389698273501, 35.504966373857762 ], [ -119.290388692801514, 35.504964258069997 ], [ -119.290387775119356, 35.504962117023517 ], [ -119.29038694303668, 35.504959951642618 ], [ -119.290386199902471, 35.504957764596384 ], [ -119.290385544671167, 35.504955559501241 ], [ -119.290384979561196, 35.504953337235222 ], [ -119.290384503526994, 35.504951101414925 ], [ -119.290384118801143, 35.504948853819542 ], [ -119.290383825426147, 35.504946597152859 ], [ -119.290383622342191, 35.504944334129981 ], [ -119.290383511781926, 35.504942066530404 ], [ -119.290383492685621, 35.50493979706922 ], [ -119.290385316546562, 35.504784951480346 ], [ -119.290728956266861, 35.504785910803598 ], [ -119.290726705762594, 35.504975457504074 ], [ -119.290394553123662, 35.504974530810784 ] ] ] } },
{ "type": "Feature", "properties": { "id": "p-00055", "input_id": "026-633-32", "source": "fd-00384", "demand": 1, "duct_group": 9, "duct_assignment": "5" }, "geometry": { "type": "Polygon", "coordinates": [ [ [ -119.29045935990159, 35.505141048261528 ], [ -119.290461226231784, 35.505136490246556 ], [ -119.290462897748682, 35.505131881095608 ], [ -119.290464371244994, 35.505127227152073 ], [ -119.290465643513329, 35.505122534759217 ], [ -119.290466714610403, 35.50511780752197 ], [ -119.29046758356138, 35.505113053562937 ], [ -119.290468247130576, 35.505108277422899 ], [ -119.290468706505195, 35.505103484497774 ], [ -119.290468960696217, 35.505098682008835 ], [ -119.29046900978858, 35.505093875363514 ], [ -119.290468852765159, 35.505089069980663 ], [ -119.29046848971079, 35.505084271267727 ], [ -119.290467921855125, 35.505079487324096 ], [ -119.290467149254724, 35.505074721754653 ], [ -119.290466173110843, 35.50506998085649 ], [ -119.290464995726879, 35.505065270914997 ], [ -119.29046361720188, 35.505060598238757 ], [ -119.290462038708753, 35.505055967322363 ], [ -119.290460263653173, 35.505051384439618 ], [ -119.29045829323627, 35.505046855887549 ], [ -119.290456130821028, 35.505042385236322 ], [ -119.290453777622886, 35.505037979684232 ], [ -119.290451238135446, 35.505033644592267 ], [ -119.290448514633766, 35.505029384443432 ], [ -119.290445610523264, 35.505025205511629 ], [ -119.290442528064844, 35.50502111137849 ], [ -119.290439273970577, 35.505017108283262 ], [ -119.290435849413285, 35.505013200720491 ], [ -119.29043225997448, 35.505009393138401 ], [ -119.290428510147663, 35.505005690898052 ], [ -119.290424604412209, 35.505002098459343 ], [ -119.29042054723331, 35.504998619380878 ], [ -119.29041634310434, 35.50499525902358 ], [ -119.290411998694935, 35.504992020923055 ], [ -119.290409947566062, 35.504990495696738 ], [ -119.290407958410682, 35.504988915737279 ], [ -119.290406035665612, 35.504987282800904 ], [ -119.290404179359143, 35.504985598690048 ], [ -119.29040239172393, 35.504983865184002 ], [ -119.290400675006666, 35.504982084963352 ], [ -119.290399030337795, 35.504980259818943 ], [ -119.290397461038012, 35.504978390617296 ], [ -119.290395968251758, 35.504976480050516 ], [ -119.290394553123662, 35.504974530810784 ], [ -119.290726705762594, 35.504975457504074 ], [ -119.29072461765972, 35.505151270041047 ], [ -119.290722791604097, 35.50530502317612 ], [ -119.29045935990159, 35.505141048261528 ] ] ] } },
{ "type": "Feature", "properties": { "id": "p-00056", "input_id": "026-633-01", "source": "fd-00371", "demand": 1, "duct_group": 7, "duct_assignment": "1" }, "geometry": { "type": "Polygon", "coordinates": [ [ [ -119.289714172491358, 35.505500081725415 ], [ -119.289475605677296, 35.505499413561104 ], [ -119.289477823798123, 35.505309866391634 ], [ -119.289874248800999, 35.505310975648833 ], [ -119.289872033812841, 35.505500523703482 ], [ -119.289714172491358, 35.505500081725415 ] ] ] } },
{ "type": "Feature", "properties": { "id": "p-00057", "input_id": "026-633-02", "source": "fd-00372", "demand": 1, "duct_group": 7, "duct_assignment": "2" }, "geometry": { "type": "Polygon", "coordinates": [ [ [ -119.289477823798123, 35.505309866391634 ], [ -119.289479482478299, 35.50516799066564 ], [ -119.289479558219313, 35.505165651705454 ], [ -119.289479732122203, 35.505163316222387 ], [ -119.289480003127437, 35.505160986931649 ], [ -119.289480370160959, 35.505158665647286 ], [ -119.289480834395718, 35.5051563568639 ], [ -119.289481394757715, 35.505154062395427 ], [ -119.289482050187345, 35.50515178495715 ], [ -119.28948279961061, 35.505149526363077 ], [ -119.289483643098336, 35.505147291119343 ], [ -119.289484578446107, 35.505145079249004 ], [ -119.289876174252313, 35.505146176055824 ], [ -119.289874875778068, 35.505257297621966 ], [ -119.289874248800999, 35.505310975648833 ], [ -119.289477823798123, 35.505309866391634 ] ] ] } },
{ "type": "Feature", "properties": { "id": "p-00058", "input_id": "026-633-03", "source": "fd-00372", "demand": 1, "duct_group": 7, "duct_assignment": "3" }, "geometry": { "type": "Polygon", "coordinates": [ [ [ -119.289484578446107, 35.505145079249004 ], [ -119.289485600411865, 35.505142907933305 ], [ -119.289486712118261, 35.505140765421501 ], [ -119.289487911403384, 35.505138654440437 ], [ -119.289489197221613, 35.505136578606582 ], [ -119.289490568499062, 35.505134539733909 ], [ -119.289492023059822, 35.505132539647995 ], [ -119.289493559844075, 35.50513058106413 ], [ -119.289499302751594, 35.505123259344366 ], [ -119.289504733437425, 35.505115780454986 ], [ -119.28950984653234, 35.505108153466125 ], [ -119.289514636652868, 35.505100386546673 ], [ -119.289519095137479, 35.505092489702669 ], [ -119.289523219923325, 35.505084471969539 ], [ -119.28952700455315, 35.505076343330153 ], [ -119.289530444745722, 35.505068111941839 ], [ -119.289533537378418, 35.505059789555254 ], [ -119.289536277082149, 35.505051385240478 ], [ -119.289538661794026, 35.505042908032976 ], [ -119.289540688391511, 35.505034369683329 ], [ -119.289542353709777, 35.505025779238565 ], [ -119.289543656802238, 35.505017146623729 ], [ -119.289544596722422, 35.505008481763838 ], [ -119.289545170347907, 35.504999796409649 ], [ -119.289545378936396, 35.504991100462966 ], [ -119.289545221527234, 35.504982402947668 ], [ -119.289544698304482, 35.504973715579631 ], [ -119.28987817819791, 35.504974648668878 ], [ -119.289876174252313, 35.505146176055824 ], [ -119.289484578446107, 35.505145079249004 ] ] ] } },
{ "type": "Feature", "properties": { "id": "p-00059", "input_id": "026-633-04", "source": "fd-00373", "demand": 1, "duct_group": 7, "duct_assignment": "4" }, "geometry": { "type": "Polygon", "coordinates": [ [ [ -119.289544698304482, 35.504973715579631 ], [ -119.28954379308793, 35.50496492044865 ], [ -119.289542513566005, 35.504956156285701 ], [ -119.289540859908499, 35.504947433905436 ], [ -119.289538835591756, 35.504938764087868 ], [ -119.28953644188752, 35.504930157636245 ], [ -119.289533682258082, 35.504921624429194 ], [ -119.289530560179557, 35.504913175246848 ], [ -119.289527078026126, 35.504904820880704 ], [ -119.289523242552008, 35.504896570273658 ], [ -119.289519057233491, 35.504888434205633 ], [ -119.289514525546792, 35.504880423456733 ], [ -119.289509656436394, 35.504872546045384 ], [ -119.289504452290487, 35.504864813664391 ], [ -119.289881645049533, 35.50467796535569 ], [ -119.289880379356376, 35.504786258084678 ], [ -119.28987832583293, 35.504962071140056 ], [ -119.28987817819791, 35.504974648668878 ], [ -119.289544698304482, 35.504973715579631 ] ] ] } },
{ "type": "Feature", "properties": { "id": "p-00060", "input_id": "026-633-05", "source": "fd-00374", "demand": 1, "duct_group": 7, "duct_assignment": "5" }, "geometry": { "type": "Polygon", "coordinates": [ [ [ -119.289498922039371, 35.504857233431018 ], [ -119.289493071377748, 35.504849817003382 ], [ -119.289486908133668, 35.504842571510189 ], [ -119.28948043907566, 35.504835506795693 ], [ -119.2894736720461, 35.504828630889854 ], [ -119.289466615989312, 35.504821951811238 ], [ -119.28945927876174, 35.504815478491039 ], [ -119.289451669307738, 35.504809218947784 ], [ -119.289443797659928, 35.504803180287134 ], [ -119.289435672762494, 35.504797370527712 ], [ -119.28942730573597, 35.504791795862317 ], [ -119.289418704408391, 35.50478646341984 ], [ -119.289409881002314, 35.504781379381626 ], [ -119.289591874009432, 35.504516253408333 ], [ -119.289665148570663, 35.504516459021097 ], [ -119.289883524821064, 35.504517070054732 ], [ -119.28988243398733, 35.504610445906728 ], [ -119.289881645049533, 35.50467796535569 ], [ -119.289504452290487, 35.504864813664391 ], [ -119.289498922039371, 35.504857233431018 ] ] ] } },
{ "type": "Feature", "properties": { "id": "p-00061", "input_id": "026-631-31", "source": "fd-00348", "demand": 1, "duct_group": 3, "duct_assignment": "6" }, "geometry": { "type": "Polygon", "coordinates": [ [ [ -119.289079166530954, 35.50549830225588 ], [ -119.288978359083032, 35.505498019948256 ], [ -119.288980608011471, 35.50530572508729 ], [ -119.289316589447239, 35.505306666832873 ], [ -119.289314341304831, 35.505498961699935 ], [ -119.289079166530954, 35.50549830225588 ] ] ] } },
{ "type": "Feature", "properties": { "id": "p-00062", "input_id": "026-631-30", "source": "fd-00334", "demand": 1, "duct_group": 1, "duct_assignment": "1" }, "geometry": { "type": "Polygon", "coordinates": [ [ [ -119.288980608011471, 35.50530572508729 ], [ -119.288982696459271, 35.505127166138081 ], [ -119.289318676062962, 35.505128107889561 ], [ -119.289316589447239, 35.505306666832873 ], [ -119.288980608011471, 35.50530572508729 ] ] ] } },
{ "type": "Feature", "properties": { "id": "p-00063", "input_id": "026-631-29", "source": "fd-00334", "demand": 1, "duct_group": 1, "duct_assignment": "2" }, "geometry": { "type": "Polygon", "coordinates": [ [ [ -119.288982696459271, 35.505127166138081 ], [ -119.288982857649913, 35.505113405866929 ], [ -119.288985106557305, 35.504921110976575 ], [ -119.289236577197158, 35.504921815996198 ], [ -119.289239455027968, 35.504921864231804 ], [ -119.28924232972247, 35.504921993623938 ], [ -119.289245197960213, 35.504922203306037 ], [ -119.289248055332536, 35.504922493324486 ], [ -119.289250898518901, 35.504922862812563 ], [ -119.289253725315021, 35.504923311793448 ], [ -119.289256531312361, 35.504923840313324 ], [ -119.289259313176146, 35.504924446604591 ], [ -119.289262067599907, 35.504925130701785 ], [ -119.289264792365401, 35.504925891726849 ], [ -119.289267484137739, 35.504926727911936 ], [ -119.289270138522596, 35.504927640204613 ], [ -119.289272753273181, 35.504928625924336 ], [ -119.289275325069042, 35.504929684204505 ], [ -119.289277851691637, 35.504930814166954 ], [ -119.289280328704237, 35.504932014055612 ], [ -119.289282753874176, 35.504933282091066 ], [ -119.28928512499715, 35.504934618296502 ], [ -119.289287438724358, 35.504936020002866 ], [ -119.28928969172118, 35.504937485442362 ], [ -119.289291881754906, 35.504939012835727 ], [ -119.289294007709245, 35.504940601293299 ], [ -119.289296065133357, 35.50494224815759 ], [ -119.289298051794532, 35.504943951649274 ], [ -119.289299966562353, 35.504945709977555 ], [ -119.289301807204367, 35.504947521362993 ], [ -119.289303569255324, 35.504949382246991 ], [ -119.289305253817432, 35.504951292617939 ], [ -119.289306856411386, 35.504953248016044 ], [ -119.289308375920925, 35.50495524755155 ], [ -119.289309811201363, 35.504957288532374 ], [ -119.289311160020333, 35.50495936917919 ], [ -119.289312420116886, 35.504961485910201 ], [ -119.289313591448533, 35.504963636021799 ], [ -119.28931467179693, 35.504965818635753 ], [ -119.289315661105491, 35.504968030147268 ], [ -119.289316556011258, 35.504970266986057 ], [ -119.289317356514161, 35.504972529152241 ], [ -119.28931806142721, 35.504974811249866 ], [ -119.289318671838529, 35.504977112366241 ], [ -119.289319184384965, 35.50497942893108 ], [ -119.289319599038322, 35.504981759141998 ], [ -119.28931991683001, 35.50498409848128 ], [ -119.289320135541644, 35.504986446070788 ], [ -119.289320256218758, 35.504988798294157 ], [ -119.289320277716769, 35.504991152459183 ], [ -119.289318676062962, 35.505128107889561 ], [ -119.288982696459271, 35.505127166138081 ] ] ] } },
{ "type": "Feature", "properties": { "id": "p-00064", "input_id": "026-631-28", "source": "fd-00375", "demand": 1, "duct_group": 7, "duct_assignment": "7" }, "geometry": { "type": "Polygon", "coordinates": [ [ [ -119.28868872659254, 35.505112580615084 ], [ -119.288688422282135, 35.505107936318502 ], [ -119.288687926339236, 35.505103303044798 ], [ -119.288687237746515, 35.50509868621274 ], [ -119.288686359895266, 35.505094091195076 ], [ -119.288685290651856, 35.505089522521132 ], [ -119.288684034523826, 35.505084986453177 ], [ -119.288682590493806, 35.505080488410087 ], [ -119.288680960822703, 35.505076031973722 ], [ -119.288679147813738, 35.50507162342948 ], [ -119.288677153756026, 35.505067268161703 ], [ -119.288674979808192, 35.505062969763642 ], [ -119.288672629375711, 35.505058734509241 ], [ -119.288670104733498, 35.505054566881519 ], [ -119.288667409258693, 35.505050471351886 ], [ -119.288664546328476, 35.505046452391952 ], [ -119.288661518231805, 35.505042515385753 ], [ -119.288658328345875, 35.505038664804836 ], [ -119.288654981135835, 35.505034904207839 ], [ -119.288651479978668, 35.505031238066358 ], [ -119.288647829367932, 35.505027671741381 ], [ -119.288644033754423, 35.505024207890372 ], [ -119.288640096529576, 35.505020851886023 ], [ -119.288636022144175, 35.505017606385792 ], [ -119.288631816179787, 35.505014475838031 ], [ -119.288629682507064, 35.505012886548741 ], [ -119.288627617365464, 35.505011238852994 ], [ -119.288625622987425, 35.505009534530117 ], [ -119.288623700503308, 35.505007775371119 ], [ -119.288621854335915, 35.505005962230825 ], [ -119.288620084555831, 35.505004099615526 ], [ -119.288618394469637, 35.505002187490547 ], [ -119.288616785235831, 35.505000229449138 ], [ -119.28861525907287, 35.504998226369587 ], [ -119.288613818255797, 35.504996182734793 ], [ -119.28861246390079, 35.504994099434406 ], [ -119.288611198254515, 35.504991979149132 ], [ -119.288610022475737, 35.504989825472173 ], [ -119.288608937680578, 35.504987639293319 ], [ -119.288607945013737, 35.504985423304696 ], [ -119.288607045647822, 35.5049831820008 ], [ -119.28860624180146, 35.504980916259804 ], [ -119.2886055335169, 35.504978628785423 ], [ -119.288604921952711, 35.504976323170965 ], [ -119.288604407151468, 35.504974002120051 ], [ -119.288603990243502, 35.504971667423696 ], [ -119.288603671285315, 35.504969322686712 ], [ -119.28860345142138, 35.50496697060133 ], [ -119.288603330694158, 35.504964613871181 ], [ -119.288603308029764, 35.504962254310222 ], [ -119.288603320676273, 35.504961232920259 ], [ -119.288654179984206, 35.504920182049567 ], [ -119.288985106557305, 35.504921110976575 ], [ -119.288982857649913, 35.505113405866929 ], [ -119.28868872659254, 35.505112580615084 ] ] ] } },
{ "type": "Feature", "properties": { "id": "p-00065", "input_id": "026-631-27", "source": "fd-00375", "demand": 1, "duct_group": 7, "duct_assignment": "8" }, "geometry": { "type": "Polygon", "coordinates": [ [ [ -119.288641503773988, 35.505213180534497 ], [ -119.288645526167585, 35.505209664468303 ], [ -119.288649394669577, 35.505206035540667 ], [ -119.288653106044151, 35.505202298292538 ], [ -119.288656653734961, 35.505198456398134 ], [ -119.288660035636696, 35.505194516189114 ], [ -119.288663246280905, 35.505190480426954 ], [ -119.288666281372102, 35.505186356367709 ], [ -119.288669138748403, 35.505182146738186 ], [ -119.288671814100113, 35.505177857893209 ], [ -119.288674303103534, 35.505173495286343 ], [ -119.28867660474117, 35.505169064336521 ], [ -119.288678713587132, 35.505164570508875 ], [ -119.288680629712204, 35.505160018309581 ], [ -119.28868234880666, 35.505155414093437 ], [ -119.288683870955325, 35.505150763267757 ], [ -119.288685191848487, 35.505146072187415 ], [ -119.288686310454764, 35.505141345370077 ], [ -119.288687225785111, 35.505136590037111 ], [ -119.288687937924266, 35.505131811595952 ], [ -119.288688443636531, 35.505127014587245 ], [ -119.288688744151216, 35.505122207110617 ], [ -119.288688838436897, 35.505117393683669 ], [ -119.28868872659254, 35.505112580615084 ], [ -119.288982857649913, 35.505113405866929 ], [ -119.288982696459271, 35.505127166138081 ], [ -119.288980608011471, 35.50530572508729 ], [ -119.288978359083032, 35.505498019948256 ], [ -119.288641503773988, 35.505213180534497 ] ] ] } },
{ "type": "Feature", "properties": { "id": "p-00066", "input_id": "026-631-26", "source": "fd-00377", "demand": 1, "duct_group": 7, "duct_assignment": "12" }, "geometry": { "type": "Polygon", "coordinates": [ [ [ -119.288860790986035, 35.505497689758904 ], [ -119.288642415444343, 35.505497076873937 ], [ -119.288519225207324, 35.505496731384945 ], [ -119.288520237662027, 35.505254960443743 ], [ -119.288526116462094, 35.505254894311818 ], [ -119.288531987109224, 35.505254659708037 ], [ -119.28853784520895, 35.505254257579871 ], [ -119.288543683046157, 35.50525368800821 ], [ -119.288549491803522, 35.505252951085467 ], [ -119.288555266012764, 35.505252049573031 ], [ -119.288560997944614, 35.505250982650658 ], [ -119.288566679912279, 35.505249752201664 ], [ -119.288572306433167, 35.505248360086256 ], [ -119.288577870922637, 35.505246808176167 ], [ -119.288583364591744, 35.505245098366316 ], [ -119.288588781943872, 35.505243231615786 ], [ -119.28859411532035, 35.505241211610297 ], [ -119.288599359224591, 35.50523903930889 ], [ -119.288604508216494, 35.505236719275423 ], [ -119.288609553507072, 35.505234253404844 ], [ -119.288614490716, 35.505231643545869 ], [ -119.288619313315067, 35.505228895175094 ], [ -119.28862401471973, 35.505226010164399 ], [ -119.288628590577787, 35.505222992164846 ], [ -119.288633034347058, 35.505219845751967 ], [ -119.288637340559148, 35.5052165736872 ], [ -119.288641503773988, 35.505213180534497 ], [ -119.288978359083032, 35.505498019948256 ], [ -119.288860790986035, 35.505497689758904 ] ] ] } },
{ "type": "Feature", "properties": { "id": "p-00067", "input_id": "026-631-25", "source": "fd-00377", "demand": 1, "duct_group": 7, "duct_assignment": "11" }, "geometry": { "type": "Polygon", "coordinates": [ [ [ -119.288424039905919, 35.505496463601034 ], [ -119.288205663268585, 35.505495849951849 ], [ -119.288054414067616, 35.50549542488212 ], [ -119.28839933648436, 35.505212439870995 ], [ -119.288403469806326, 35.505215858726345 ], [ -119.288407746761791, 35.505219157995938 ], [ -119.288412161755033, 35.505222332330227 ], [ -119.288416710321044, 35.505225378170564 ], [ -119.288421386892537, 35.505228291969672 ], [ -119.288426184800088, 35.505231070191925 ], [ -119.288431099592799, 35.505233710179994 ], [ -119.288436123484757, 35.505236207508503 ], [ -119.288441250923, 35.505238559531499 ], [ -119.28844647634017, 35.505240762701916 ], [ -119.28845179200701, 35.505242816199228 ], [ -119.288457193444358, 35.505244715563705 ], [ -119.288462672908764, 35.505246459073653 ], [ -119.288468222657031, 35.505248045007455 ], [ -119.288473837150008, 35.505249471620466 ], [ -119.288479509732483, 35.505250736278242 ], [ -119.28848523266096, 35.50525183725928 ], [ -119.288490999322661, 35.505252774632815 ], [ -119.288496801974162, 35.505253546677388 ], [ -119.288502635076455, 35.505254151648174 ], [ -119.288508489798076, 35.505254588736406 ], [ -119.288514360642523, 35.505254858901111 ], [ -119.288520237662027, 35.505254960443743 ], [ -119.288519225207324, 35.505496731384945 ], [ -119.288424039905919, 35.505496463601034 ] ] ] } },
{ "type": "Feature", "properties": { "id": "p-00068", "input_id": "026-631-24", "source": "fd-00376", "demand": 1, "duct_group": 7, "duct_assignment": "10" }, "geometry": { "type": "Polygon", "coordinates": [ [ [ -119.28805891625116, 35.505110836080064 ], [ -119.288353027443179, 35.505111662145616 ], [ -119.288352875727185, 35.50511646986444 ], [ -119.288352930169566, 35.505121279027883 ], [ -119.288353190685456, 35.505126084228777 ], [ -119.28835365716192, 35.50513087825712 ], [ -119.288354328426308, 35.505135656618378 ], [ -119.288355203263336, 35.505140412114358 ], [ -119.288356281602489, 35.505145140238866 ], [ -119.288357561140629, 35.505149834706465 ], [ -119.288359040676653, 35.505154489220111 ], [ -119.288360720125965, 35.505159098372303 ], [ -119.288362593892984, 35.505163656813629 ], [ -119.288364662995178, 35.50516815912507 ], [ -119.288366924027144, 35.505172599032704 ], [ -119.288369372509749, 35.505176972076576 ], [ -119.288372007242003, 35.505181271959714 ], [ -119.288374824832601, 35.505185493309291 ], [ -119.288377820802523, 35.505189631665417 ], [ -119.288380991774474, 35.505193682556687 ], [ -119.288384335445372, 35.50519763969757 ], [ -119.288387845131737, 35.50520149865109 ], [ -119.288391518544458, 35.505205254033157 ], [ -119.288395351232595, 35.505208903186208 ], [ -119.28839933648436, 35.505212439870995 ], [ -119.288054414067616, 35.50549542488212 ], [ -119.28805891625116, 35.505110836080064 ] ] ] } },
{ "type": "Feature", "properties": { "id": "p-00069", "input_id": "026-631-23", "source": "fd-00376", "demand": 1, "duct_group": 7, "duct_assignment": "9" }, "geometry": { "type": "Polygon", "coordinates": [ [ [ -119.28805891625116, 35.505110836080064 ], [ -119.288061167320109, 35.504918541206436 ], [ -119.288392092763587, 35.50491947084025 ], [ -119.288442010636288, 35.504960822769078 ], [ -119.288441945166738, 35.504963185957976 ], [ -119.288441779331208, 35.504965545691988 ], [ -119.288441515291595, 35.504967899244392 ], [ -119.288441150801191, 35.504970243934643 ], [ -119.288440689124045, 35.504972577024269 ], [ -119.288440128013534, 35.504974895832817 ], [ -119.28843946963147, 35.504977197633515 ], [ -119.288438715023545, 35.50497947880978 ], [ -119.288437864161423, 35.504981737559248 ], [ -119.288436918104949, 35.504983971166688 ], [ -119.288435879015964, 35.504986176905291 ], [ -119.288434746838007, 35.504988351170148 ], [ -119.288433524863294, 35.504990493025339 ], [ -119.288432211933227, 35.504992598877593 ], [ -119.288430811326023, 35.504994666889736 ], [ -119.288429324087176, 35.504996693445314 ], [ -119.288427752392877, 35.504998676718756 ], [ -119.288426098419023, 35.505000614884544 ], [ -119.288424363225431, 35.505002505227374 ], [ -119.288422548988194, 35.505004345921741 ], [ -119.288420658957207, 35.505006133328067 ], [ -119.288418694234551, 35.505007867434799 ], [ -119.288416656968053, 35.505009544613941 ], [ -119.288414551538025, 35.505011163016775 ], [ -119.288412377916273, 35.50501272084086 ], [ -119.288408030630109, 35.505015833785244 ], [ -119.288403817494412, 35.505019066107586 ], [ -119.288399742889595, 35.505022415959132 ], [ -119.288395811139324, 35.505025877886375 ], [ -119.288392027697938, 35.505029448226693 ], [ -119.288388395815403, 35.505033123340496 ], [ -119.288384920931748, 35.505036898663882 ], [ -119.288381607370809, 35.505040768743378 ], [ -119.288378458382567, 35.50504472993935 ], [ -119.288375478290845, 35.505048776798382 ], [ -119.288372669243401, 35.505052905692246 ], [ -119.288370035564199, 35.505057111167574 ], [ -119.288367581591174, 35.505061388672004 ], [ -119.288365307225362, 35.505065731896934 ], [ -119.288363217906948, 35.50507013627842 ], [ -119.288361314667455, 35.505074597298893 ], [ -119.288359600728654, 35.505079109516309 ], [ -119.288358077093719, 35.505083666610574 ], [ -119.288356745896408, 35.505088264052368 ], [ -119.288355609256286, 35.505092896411334 ], [ -119.288354668190735, 35.505097558268517 ], [ -119.28835392370317, 35.505102243303746 ], [ -119.288353376810804, 35.505106946098188 ], [ -119.288353027443179, 35.505111662145616 ], [ -119.28805891625116, 35.505110836080064 ] ] ] } },
{ "type": "Feature", "properties": { "id": "p-00070", "input_id": "026-631-22", "source": "fd-00368", "demand": 1, "duct_group": 6, "duct_assignment": "8" }, "geometry": { "type": "Polygon", "coordinates": [ [ [ -119.28776310518478, 35.505110003683825 ], [ -119.287762800926686, 35.505105359384949 ], [ -119.287762303933775, 35.505100726119032 ], [ -119.287761616495246, 35.505096109270269 ], [ -119.287760737593672, 35.505091514257565 ], [ -119.28775966951801, 35.505086946465234 ], [ -119.287758412338917, 35.505082410399339 ], [ -119.287756968345434, 35.505077911444097 ], [ -119.287755338738734, 35.505073455896721 ], [ -119.287753525779436, 35.505069047338814 ], [ -119.287751531770823, 35.50506469205601 ], [ -119.287749357885588, 35.505060394542831 ], [ -119.287747007500869, 35.505056159270723 ], [ -119.287744483993777, 35.505051990711216 ], [ -119.287741788579282, 35.505047896062521 ], [ -119.287738924592176, 35.505043877092511 ], [ -119.287735896539985, 35.50503994006354 ], [ -119.287732707799691, 35.505036089447067 ], [ -119.287729360632014, 35.505032328824889 ], [ -119.287725859530468, 35.505028663558221 ], [ -119.287722208945866, 35.505025096304522 ], [ -119.287718413385662, 35.505021633326123 ], [ -119.287714476198687, 35.50501827729218 ], [ -119.287710401849992, 35.505015031761246 ], [ -119.287706195906793, 35.505011900280572 ], [ -119.287704062266243, 35.505010311876433 ], [ -119.287701997143202, 35.505008664165139 ], [ -119.287700002784391, 35.505006959827277 ], [ -119.287698080306072, 35.505005199752539 ], [ -119.287696234173211, 35.505003387499613 ], [ -119.287694464400147, 35.505001523969774 ], [ -119.287692774349594, 35.504999612733272 ], [ -119.287691165123746, 35.504997653778524 ], [ -119.287689638997591, 35.504995651588651 ], [ -119.287688198203526, 35.504993607942993 ], [ -119.287686843872009, 35.504991524632459 ], [ -119.287685578249722, 35.504989404337628 ], [ -119.287684402481034, 35.504987249750613 ], [ -119.287683317710602, 35.504985063563637 ], [ -119.287682325082798, 35.504982848468686 ], [ -119.287681425742207, 35.504980607158053 ], [ -119.287680621921353, 35.504978341410975 ], [ -119.287679913662544, 35.504976053931252 ], [ -119.287679302124417, 35.50497374831216 ], [ -119.28767878734935, 35.504971427257395 ], [ -119.287678370467646, 35.504969092557893 ], [ -119.287678051535821, 35.50496674781855 ], [ -119.287677831698446, 35.504964395731484 ], [ -119.287677710983615, 35.504962038099187 ], [ -119.287677688359935, 35.504959679439253 ], [ -119.287677700975564, 35.504958655345753 ], [ -119.287728560744242, 35.504917604857965 ], [ -119.288061167320109, 35.504918541206436 ], [ -119.28805891625116, 35.505110836080064 ], [ -119.28776310518478, 35.505110003683825 ] ] ] } },
{ "type": "Feature", "properties": { "id": "p-00071", "input_id": "026-631-21", "source": "fd-00368", "demand": 1, "duct_group": 6, "duct_assignment": "7" }, "geometry": { "type": "Polygon", "coordinates": [ [ [ -119.287712862320092, 35.505213089316328 ], [ -119.287716946246377, 35.505209698828658 ], [ -119.287720885071224, 35.505206193583668 ], [ -119.287724672266634, 35.505202579057986 ], [ -119.287728303494461, 35.505198859803969 ], [ -119.287731775504824, 35.505195039461142 ], [ -119.287735083973772, 35.505191123483009 ], [ -119.287738224563441, 35.505187116422036 ], [ -119.287741192921686, 35.505183021929206 ], [ -119.287743985840933, 35.505178846347803 ], [ -119.287746600085256, 35.505174594218623 ], [ -119.287749033521052, 35.505170270070828 ], [ -119.287751281838609, 35.505165880259284 ], [ -119.287753342890142, 35.505161428411974 ], [ -119.287755213482129, 35.50515692177337 ], [ -119.28775689258309, 35.505152364861132 ], [ -119.287758376957228, 35.505147762216104 ], [ -119.287759666717491, 35.505143121047972 ], [ -119.287760758628096, 35.505138445897614 ], [ -119.287761650583718, 35.505133743096742 ], [ -119.287762343757009, 35.505129017139843 ], [ -119.287762836042546, 35.505124274358671 ], [ -119.287763127539264, 35.505119521061808 ], [ -119.287763217215669, 35.505114761766919 ], [ -119.28776310518478, 35.505110003683825 ], [ -119.28805891625116, 35.505110836080064 ], [ -119.288054414067616, 35.50549542488212 ], [ -119.287712862320092, 35.505213089316328 ] ] ] } },
{ "type": "Feature", "properties": { "id": "p-00072", "input_id": "026-631-20", "source": "fd-00369", "demand": 1, "duct_group": 6, "duct_assignment": "10" }, "geometry": { "type": "Polygon", "coordinates": [ [ [ -119.287987287736712, 35.505495235903005 ], [ -119.287741463961254, 35.505494543966122 ], [ -119.287584864897184, 35.505494103156337 ], [ -119.28758588090767, 35.505252172670964 ], [ -119.287591696359854, 35.505252355125201 ], [ -119.287597514753131, 35.505252373498251 ], [ -119.287603331650686, 35.505252226033818 ], [ -119.28760913826342, 35.505251914626733 ], [ -119.28761492796437, 35.505251438445015 ], [ -119.287620695270917, 35.50525079934885 ], [ -119.287626430249645, 35.505249996540918 ], [ -119.287632128520073, 35.505249031869916 ], [ -119.287637783497587, 35.505247907207512 ], [ -119.287643386350709, 35.505246621744845 ], [ -119.287648931625256, 35.505245179144566 ], [ -119.287654412722333, 35.505243580377261 ], [ -119.287659821955117, 35.505241827326032 ], [ -119.287665153841132, 35.505239921851278 ], [ -119.287670402911886, 35.505237866714275 ], [ -119.287675560392543, 35.505235664711066 ], [ -119.287680622990763, 35.505233316777705 ], [ -119.287685581959849, 35.505230827512527 ], [ -119.287690432933701, 35.505228199665403 ], [ -119.287695169327463, 35.505225435108187 ], [ -119.287699786803245, 35.505222538393198 ], [ -119.287704277702431, 35.505219513206079 ], [ -119.287708637658753, 35.50521636229675 ], [ -119.287712862320092, 35.505213089316328 ], [ -119.288054414067616, 35.50549542488212 ], [ -119.287987287736712, 35.505495235903005 ] ] ] } },
{ "type": "Feature", "properties": { "id": "p-00073", "input_id": "026-631-19", "source": "fd-00369", "demand": 1, "duct_group": 6, "duct_assignment": "9" }, "geometry": { "type": "Polygon", "coordinates": [ [ [ -119.287362061104957, 35.505493475793308 ], [ -119.287141516095204, 35.50549285411936 ], [ -119.287465110068482, 35.505201896197192 ], [ -119.287468864137978, 35.505205525470544 ], [ -119.287472767522331, 35.505209045916331 ], [ -119.287476819063016, 35.505212453941112 ], [ -119.287481010974261, 35.505215745119607 ], [ -119.287485340995445, 35.505218915869946 ], [ -119.287489801340755, 35.50522196176685 ], [ -119.287494388661486, 35.505224880141171 ], [ -119.287499096288329, 35.505227667457362 ], [ -119.287503919741923, 35.505230319255396 ], [ -119.287508852367054, 35.505232832900774 ], [ -119.28751388750851, 35.505235205759213 ], [ -119.28751902071528, 35.505237435173051 ], [ -119.287524244215774, 35.505239517618286 ], [ -119.287529553573179, 35.505241451338613 ], [ -119.28753494213224, 35.505243233699588 ], [ -119.287540402135448, 35.505244862078392 ], [ -119.287545926955843, 35.505246335642951 ], [ -119.287551512142372, 35.505247651735822 ], [ -119.287557148863669, 35.505248809548142 ], [ -119.287562831566717, 35.505249806433923 ], [ -119.2875685525363, 35.50525064247396 ], [ -119.287574306233438, 35.505251315923537 ], [ -119.287580084928933, 35.505251825962262 ], [ -119.28758588090767, 35.505252172670964 ], [ -119.287584864897184, 35.505494103156337 ], [ -119.287362061104957, 35.505493475793308 ] ] ] } },
{ "type": "Feature", "properties": { "id": "p-00074", "input_id": "026-631-18", "source": "fd-00370", "demand": 1, "duct_group": 6, "duct_assignment": "11" }, "geometry": { "type": "Polygon", "coordinates": [ [ [ -119.287143218074718, 35.505314068551556 ], [ -119.287143238314314, 35.505312193481231 ], [ -119.287143534415208, 35.50528112541825 ], [ -119.287143611204556, 35.505272866223201 ], [ -119.287144617129243, 35.505167534611708 ], [ -119.287428793235492, 35.505096444409816 ], [ -119.287428113368932, 35.505101106227727 ], [ -119.287427629981181, 35.505105784916658 ], [ -119.287427341857281, 35.505110473278265 ], [ -119.287427248940702, 35.505115167707707 ], [ -119.287427353351063, 35.505119862774521 ], [ -119.287427653873436, 35.505124551280417 ], [ -119.287428149335028, 35.505129228730873 ], [ -119.287428840753293, 35.505133889706897 ], [ -119.28742972694144, 35.505138528812751 ], [ -119.287430805596429, 35.505143139762822 ], [ -119.287432076661759, 35.505147718952315 ], [ -119.287433537820235, 35.505152259194475 ], [ -119.287435189001357, 35.505156755983123 ], [ -119.287437026813905, 35.505161203945534 ], [ -119.287439048983117, 35.505165598598609 ], [ -119.287441254308035, 35.505169933645448 ], [ -119.287443639411563, 35.50517420461442 ], [ -119.287446200902622, 35.505178406132799 ], [ -119.287448937608488, 35.505182533705984 ], [ -119.287451843947906, 35.505186582885557 ], [ -119.287454918733971, 35.505190548275763 ], [ -119.287458157487535, 35.505194425416512 ], [ -119.287461555729408, 35.50519820984789 ], [ -119.287465110068482, 35.505201896197192 ], [ -119.287141516095204, 35.50549285411936 ], [ -119.287143218074718, 35.505314068551556 ] ] ] } },
{ "type": "Feature", "properties": { "id": "p-00075", "input_id": "026-631-17", "source": "fd-00370", "demand": 1, "duct_group": 6, "duct_assignment": "12" }, "geometry": { "type": "Polygon", "coordinates": [ [ [ -119.287146683099309, 35.50495075498349 ], [ -119.287516487712651, 35.504953654970542 ], [ -119.287516431100656, 35.504958414820493 ], [ -119.287516354512448, 35.504960773618173 ], [ -119.287516178646314, 35.504963128047464 ], [ -119.28751590348817, 35.504965477207222 ], [ -119.287515530069442, 35.504967816579679 ], [ -119.287515058347921, 35.504970143461144 ], [ -119.287514489411564, 35.50497245693898 ], [ -119.287513823189755, 35.504974752506932 ], [ -119.287513061844464, 35.504977027438223 ], [ -119.28751220424526, 35.504979279941956 ], [ -119.287511253656248, 35.504981507279858 ], [ -119.287510208932886, 35.504983706759752 ], [ -119.28750907333928, 35.504985875643371 ], [ -119.287507846833122, 35.504988011226985 ], [ -119.287506531576284, 35.504990110783801 ], [ -119.287505129744773, 35.504992172488357 ], [ -119.287503641296311, 35.504994193636918 ], [ -119.28750206839284, 35.504996171502746 ], [ -119.287500413210381, 35.504998104260252 ], [ -119.287498679013027, 35.504999989171097 ], [ -119.287496865772539, 35.505001824432931 ], [ -119.287494976767121, 35.505003608208597 ], [ -119.287493014144601, 35.505005336870042 ], [ -119.287490980109226, 35.505007010394294 ], [ -119.287488876808922, 35.505008625153323 ], [ -119.287486706433782, 35.505010180222698 ], [ -119.287482300316697, 35.505013339720293 ], [ -119.287478030609563, 35.505016622178651 ], [ -119.287473903896938, 35.505020025725948 ], [ -119.287469924488647, 35.505023544007621 ], [ -119.287466098955193, 35.505027174250571 ], [ -119.287462429416095, 35.505030911024448 ], [ -119.287458921325737, 35.505034750666645 ], [ -119.287455580096079, 35.505038686810842 ], [ -119.287452409005198, 35.505042717619993 ], [ -119.287449410130463, 35.505046834959984 ], [ -119.28744659004235, 35.505051036057822 ], [ -119.287443950846395, 35.505055314581917 ], [ -119.287441495778552, 35.50505966599151 ], [ -119.287439228074504, 35.505064085745836 ], [ -119.287437149825806, 35.505068566611996 ], [ -119.287435263166188, 35.505073104060791 ], [ -119.287433572419431, 35.50507769263865 ], [ -119.287432078589021, 35.505082326025537 ], [ -119.287430782706551, 35.505086999703728 ], [ -119.287429686877474, 35.505091707341563 ], [ -119.287428793235492, 35.505096444409816 ], [ -119.287144617129243, 35.505167534611708 ], [ -119.287146683099309, 35.50495075498349 ] ] ] } },
{ "type": "Feature", "properties": { "id": "p-00076", "input_id": "026-631-16", "source": "fd-00335", "demand": 1, "duct_group": 1, "duct_assignment": "3" }, "geometry": { "type": "Polygon", "coordinates": [ [ [ -119.287146683099309, 35.50495075498349 ], [ -119.287147338407564, 35.504881879512411 ], [ -119.287147355279004, 35.504880282100331 ], [ -119.287148254232122, 35.504785928530374 ], [ -119.287518417501843, 35.504788831058029 ], [ -119.287516487712651, 35.504953654970542 ], [ -119.287146683099309, 35.50495075498349 ] ] ] } },
{ "type": "Feature", "properties": { "id": "p-00077", "input_id": "026-631-15", "source": "fd-00335", "demand": 1, "duct_group": 1, "duct_assignment": "5" }, "geometry": { "type": "Polygon", "coordinates": [ [ [ -119.287148254232122, 35.504785928530374 ], [ -119.287149142694631, 35.504692594521266 ], [ -119.287149162199981, 35.504690672586683 ], [ -119.287149825358583, 35.504621102066508 ], [ -119.287520348385343, 35.504624007123169 ], [ -119.287518417501843, 35.504788831058029 ], [ -119.287148254232122, 35.504785928530374 ] ] ] } },
{ "type": "Feature", "properties": { "id": "p-00078", "input_id": "026-631-14", "source": "fd-00336", "demand": 1, "duct_group": 1, "duct_assignment": "6" }, "geometry": { "type": "Polygon", "coordinates": [ [ [ -119.287149825358583, 35.504621102066508 ], [ -119.28715084508886, 35.504514048657676 ], [ -119.287150864382468, 35.50451211320452 ], [ -119.287151396464679, 35.504456274690639 ], [ -119.287518796612758, 35.504459156560529 ], [ -119.287519497969271, 35.504461285471919 ], [ -119.287520116919509, 35.504463431471244 ], [ -119.287520650142781, 35.504465593691862 ], [ -119.28752109867078, 35.504467767616134 ], [ -119.287521461401312, 35.504469953255594 ], [ -119.287521738277761, 35.504472147005302 ], [ -119.287521928155854, 35.504474346173204 ], [ -119.287522032123462, 35.504476549846444 ], [ -119.287522050138222, 35.504478755321337 ], [ -119.287520348385343, 35.504624007123169 ], [ -119.287149825358583, 35.504621102066508 ] ] ] } },
{ "type": "Feature", "properties": { "id": "p-00079", "input_id": "026-633-23", "source": "fd-00253", "demand": 1, "duct_group": 0, "duct_assignment": "1" }, "geometry": { "type": "Polygon", "coordinates": [ [ [ -119.289665148570663, 35.504516459021097 ], [ -119.289668359148052, 35.504241752074776 ], [ -119.289886734668585, 35.504242363102762 ], [ -119.289884488609459, 35.504434633716542 ], [ -119.289883524821064, 35.504517070054732 ], [ -119.289665148570663, 35.504516459021097 ] ] ] } },
{ "type": "Feature", "properties": { "id": "p-00080", "input_id": "026-633-22", "source": "fd-00253", "demand": 1, "duct_group": 0, "duct_assignment": "2" }, "geometry": { "type": "Polygon", "coordinates": [ [ [ -119.289591874009432, 35.504516253408333 ], [ -119.289446772323586, 35.504515847599514 ], [ -119.289449983630803, 35.504241140658777 ], [ -119.289668359148052, 35.504241752074776 ], [ -119.289665148570663, 35.504516459021097 ], [ -119.289591874009432, 35.504516253408333 ] ] ] } },
{ "type": "Feature", "properties": { "id": "p-00081", "input_id": "026-633-21", "source": "fd-00254", "demand": 1, "duct_group": 0, "duct_assignment": "3" }, "geometry": { "type": "Polygon", "coordinates": [ [ [ -119.289258631879633, 35.504515319772082 ], [ -119.289228394963473, 35.504515234900332 ], [ -119.289231607014656, 35.50424052886649 ], [ -119.289449983630803, 35.504241140658777 ], [ -119.289446772323586, 35.504515847599514 ], [ -119.289258631879633, 35.504515319772082 ] ] ] } },
{ "type": "Feature", "properties": { "id": "p-00082", "input_id": "026-633-20", "source": "fd-00254", "demand": 1, "duct_group": 0, "duct_assignment": "4" }, "geometry": { "type": "Polygon", "coordinates": [ [ [ -119.289010018722891, 35.504514622702857 ], [ -119.289013231503873, 35.50423991667467 ], [ -119.289231607014656, 35.50424052886649 ], [ -119.289228394963473, 35.504515234900332 ], [ -119.289010018722891, 35.504514622702857 ] ] ] } },
{ "type": "Feature", "properties": { "id": "p-00083", "input_id": "026-633-19", "source": "fd-00255", "demand": 1, "duct_group": 0, "duct_assignment": "5" }, "geometry": { "type": "Polygon", "coordinates": [ [ [ -119.288791642485549, 35.504514010117404 ], [ -119.2887948559964, 35.504239304094853 ], [ -119.289013231503873, 35.50423991667467 ], [ -119.289010018722891, 35.504514622702857 ], [ -119.288791642485549, 35.504514010117404 ] ] ] } },
{ "type": "Feature", "properties": { "id": "p-00084", "input_id": "026-633-18", "source": "fd-00255", "demand": 1, "duct_group": 0, "duct_assignment": "6" }, "geometry": { "type": "Polygon", "coordinates": [ [ [ -119.288573265149267, 35.504513397155613 ], [ -119.288576479375848, 35.504238690237493 ], [ -119.2887948559964, 35.504239304094853 ], [ -119.288791642485549, 35.504514010117404 ], [ -119.288573265149267, 35.504513397155613 ] ] ] } },
{ "type": "Feature", "properties": { "id": "p-00085", "input_id": "026-633-17", "source": "fd-00257", "demand": 1, "duct_group": 0, "duct_assignment": "10" }, "geometry": { "type": "Polygon", "coordinates": [ [ [ -119.288354888918505, 35.504512783794297 ], [ -119.288358103874884, 35.504238076881791 ], [ -119.288576479375848, 35.504238690237493 ], [ -119.288573265149267, 35.504513397155613 ], [ -119.288354888918505, 35.504512783794297 ] ] ] } },
{ "type": "Feature", "properties": { "id": "p-00086", "input_id": "026-633-16", "source": "fd-00257", "demand": 1, "duct_group": 0, "duct_assignment": "9" }, "geometry": { "type": "Polygon", "coordinates": [ [ [ -119.288136512690926, 35.504512170045054 ], [ -119.288139728377132, 35.504237463138196 ], [ -119.288358103874884, 35.504238076881791 ], [ -119.288354888918505, 35.504512783794297 ], [ -119.288136512690926, 35.504512170045054 ] ] ] } },
{ "type": "Feature", "properties": { "id": "p-00087", "input_id": "026-633-15", "source": "fd-00258", "demand": 1, "duct_group": 0, "duct_assignment": "12" }, "geometry": { "type": "Polygon", "coordinates": [ [ [ -119.287918136466629, 35.504511555907882 ], [ -119.287921351780554, 35.504236849018206 ], [ -119.288139728377132, 35.504237463138196 ], [ -119.288136512690926, 35.504512170045054 ], [ -119.287918136466629, 35.504511555907882 ] ] ] } },
{ "type": "Feature", "properties": { "id": "p-00088", "input_id": "026-633-14", "source": "fd-00258", "demand": 1, "duct_group": 0, "duct_assignment": "11" }, "geometry": { "type": "Polygon", "coordinates": [ [ [ -119.287682944690616, 35.504510894000255 ], [ -119.287685361749638, 35.504304443071554 ], [ -119.287685441201035, 35.504302056300482 ], [ -119.287685621017616, 35.504299672984892 ], [ -119.287685902357978, 35.504297296718036 ], [ -119.287686284148151, 35.504294929314042 ], [ -119.287686767532648, 35.504292573465015 ], [ -119.287687349275657, 35.504290233711664 ], [ -119.287688031609633, 35.504287911833408 ], [ -119.28768881127057, 35.504285610568552 ], [ -119.287689688314941, 35.504283333522018 ], [ -119.287690661668847, 35.504281082507759 ], [ -119.287691730272471, 35.504278860240987 ], [ -119.28769289306598, 35.504276669437061 ], [ -119.287694147887606, 35.504274512822569 ], [ -119.287695493691501, 35.504272394014066 ], [ -119.287696929403936, 35.504270314825504 ], [ -119.287698451746621, 35.504268277094035 ], [ -119.287700060761921, 35.504266283523236 ], [ -119.287701752097803, 35.50426433776434 ], [ -119.287703525768393, 35.504262440718385 ], [ -119.287705379611708, 35.504260595112314 ], [ -119.287707310363714, 35.504258803684365 ], [ -119.287709315848431, 35.504257068260046 ], [ -119.287711393889779, 35.50425539066493 ], [ -119.287713542325847, 35.504253773625869 ], [ -119.287715758966485, 35.504252218066988 ], [ -119.287718039445565, 35.504250726738348 ], [ -119.287720381586951, 35.504249301465343 ], [ -119.287722783200536, 35.504247943172409 ], [ -119.287725242110284, 35.504246653684952 ], [ -119.287727752847886, 35.504245435764524 ], [ -119.287730315413356, 35.504244289411048 ], [ -119.287732924324231, 35.504243216484724 ], [ -119.287735576302367, 35.504242218822583 ], [ -119.287738270245598, 35.504241296436248 ], [ -119.287741001773696, 35.504240451174347 ], [ -119.287743767608362, 35.504239684873902 ], [ -119.287746564443353, 35.504238997569615 ], [ -119.287749387870008, 35.504238389307702 ], [ -119.287752235726501, 35.504237862814826 ], [ -119.287755104678098, 35.504237416323228 ], [ -119.287757991460879, 35.504237052571249 ], [ -119.287760890549976, 35.504236770715337 ], [ -119.28776380085732, 35.504236571668358 ], [ -119.287766717974506, 35.504236455476416 ], [ -119.287769637492886, 35.504236422185706 ], [ -119.287921351780554, 35.504236849018206 ], [ -119.287918136466629, 35.504511555907882 ], [ -119.287682944690616, 35.504510894000255 ] ] ] } },
{ "type": "Feature", "properties": { "id": "p-00089", "input_id": "026-633-06", "source": "fd-00374", "demand": 1, "duct_group": 7, "duct_assignment": "6" }, "geometry": { "type": "Polygon", "coordinates": [ [ [ -119.289401275628606, 35.504776772586986 ], [ -119.289392488771739, 35.504772402052886 ], [ -119.289383527129317, 35.5047682731173 ], [ -119.289374403997741, 35.504764390147542 ], [ -119.289365127176808, 35.504760758469999 ], [ -119.289355707716197, 35.504757379771576 ], [ -119.289346156736102, 35.504754260245093 ], [ -119.289336483081982, 35.504751401600544 ], [ -119.289326698948031, 35.504748808216974 ], [ -119.28931681428169, 35.504746481792523 ], [ -119.289306841277153, 35.504744426706381 ], [ -119.28929678985358, 35.504742642854296 ], [ -119.289286671103099, 35.504741134626933 ], [ -119.289276496046938, 35.504739901908543 ], [ -119.289266277939092, 35.504738946362949 ], [ -119.289256025624837, 35.504738269699992 ], [ -119.289258631879633, 35.504515319772082 ], [ -119.289446772323586, 35.504515847599514 ], [ -119.289591874009432, 35.504516253408333 ], [ -119.289409881002314, 35.504781379381626 ], [ -119.289401275628606, 35.504776772586986 ] ] ] } },
{ "type": "Feature", "properties": { "id": "p-00090", "input_id": "026-633-07", "source": "fd-00365", "demand": 1, "duct_group": 6, "duct_assignment": "2" }, "geometry": { "type": "Polygon", "coordinates": [ [ [ -119.289006805863849, 35.50478932509624 ], [ -119.289010018722891, 35.504514622702857 ], [ -119.289228394963473, 35.504515234900332 ], [ -119.289258631879633, 35.504515319772082 ], [ -119.289256025624837, 35.504738269699992 ], [ -119.289245650890166, 35.504737870140914 ], [ -119.289235265192758, 35.504737755530293 ], [ -119.289224880656278, 35.504737925741097 ], [ -119.289214509418159, 35.504738381547305 ], [ -119.2892041624998, 35.504739122833321 ], [ -119.289193851982304, 35.504740146768349 ], [ -119.289183588901054, 35.504741454137999 ], [ -119.289173385351276, 35.504743043012724 ], [ -119.289163253414031, 35.504744910561691 ], [ -119.289153204096593, 35.504747055768071 ], [ -119.289143247275717, 35.504749475824241 ], [ -119.289133397236697, 35.504752167876241 ], [ -119.289123662754236, 35.504755129127908 ], [ -119.289114054793245, 35.504758355858783 ], [ -119.289104585434629, 35.504761845238136 ], [ -119.289095264527077, 35.504765592655779 ], [ -119.28908610303543, 35.504769594391277 ], [ -119.289077111896106, 35.504773844921701 ], [ -119.289068298767702, 35.504778340561387 ], [ -119.289065876487896, 35.504779575608772 ], [ -119.289063403551438, 35.504780743584305 ], [ -119.289060883222305, 35.504781841749548 ], [ -119.289058318792854, 35.504782869168636 ], [ -119.289055712453163, 35.504783824917233 ], [ -119.289053068583627, 35.504784707146619 ], [ -119.289050390490615, 35.504785515822114 ], [ -119.2890476792481, 35.504786249129694 ], [ -119.289044939264585, 35.504786907023181 ], [ -119.289042172730234, 35.504787488578152 ], [ -119.289039385141606, 35.504787992835645 ], [ -119.289036577586913, 35.50478841888291 ], [ -119.289033753372323, 35.504788766685181 ], [ -119.289030916906654, 35.5047890361963 ], [ -119.289028070379928, 35.504789226491866 ], [ -119.289025218200777, 35.504789337525679 ], [ -119.289022362573476, 35.504789369274619 ], [ -119.289006805863849, 35.50478932509624 ] ] ] } },
{ "type": "Feature", "properties": { "id": "p-00091", "input_id": "026-633-08", "source": "fd-00365", "demand": 1, "duct_group": 6, "duct_assignment": "1" }, "geometry": { "type": "Polygon", "coordinates": [ [ [ -119.288788428896652, 35.504788712505132 ], [ -119.288791642485549, 35.504514010117404 ], [ -119.289010018722891, 35.504514622702857 ], [ -119.289006805863849, 35.50478932509624 ], [ -119.288788428896652, 35.504788712505132 ] ] ] } },
{ "type": "Feature", "properties": { "id": "p-00092", "input_id": "026-633-09", "source": "fd-00366", "demand": 1, "duct_group": 6, "duct_assignment": "4" }, "geometry": { "type": "Polygon", "coordinates": [ [ [ -119.288570051932766, 35.504788099526152 ], [ -119.288573265149267, 35.504513397155613 ], [ -119.288791642485549, 35.504514010117404 ], [ -119.288788428896652, 35.504788712505132 ], [ -119.288570051932766, 35.504788099526152 ] ] ] } },
{ "type": "Feature", "properties": { "id": "p-00093", "input_id": "026-633-10", "source": "fd-00366", "demand": 1, "duct_group": 6, "duct_assignment": "3" }, "geometry": { "type": "Polygon", "coordinates": [ [ [ -119.288351673869954, 35.504787486170713 ], [ -119.288354888918505, 35.504512783794297 ], [ -119.288573265149267, 35.504513397155613 ], [ -119.288570051932766, 35.504788099526152 ], [ -119.288351673869954, 35.504787486170713 ] ] ] } },
{ "type": "Feature", "properties": { "id": "p-00094", "input_id": "026-633-11", "source": "fd-00367", "demand": 1, "duct_group": 6, "duct_assignment": "5" }, "geometry": { "type": "Polygon", "coordinates": [ [ [ -119.288133296912591, 35.504786872415835 ], [ -119.288136512690926, 35.504512170045054 ], [ -119.288354888918505, 35.504512783794297 ], [ -119.288351673869954, 35.504787486170713 ], [ -119.288133296912591, 35.504786872415835 ] ] ] } },
{ "type": "Feature", "properties": { "id": "p-00095", "input_id": "026-633-12", "source": "fd-00367", "demand": 1, "duct_group": 6, "duct_assignment": "6" }, "geometry": { "type": "Polygon", "coordinates": [ [ [ -119.287914919958453, 35.504786258273008 ], [ -119.287918136466629, 35.504511555907882 ], [ -119.288136512690926, 35.504512170045054 ], [ -119.288133296912591, 35.504786872415835 ], [ -119.287914919958453, 35.504786258273008 ] ] ] } },
{ "type": "Feature", "properties": { "id": "p-00096", "input_id": "026-633-13", "source": "fd-00335", "demand": 1, "duct_group": 1, "duct_assignment": "4" }, "geometry": { "type": "Polygon", "coordinates": [ [ [ -119.28773012682359, 35.504785738096345 ], [ -119.287680210517607, 35.504744385864015 ], [ -119.287682944690616, 35.504510894000255 ], [ -119.287918136466629, 35.504511555907882 ], [ -119.287914919958453, 35.504786258273008 ], [ -119.28773012682359, 35.504785738096345 ] ] ] } },
{ "type": "Feature", "properties": { "id": "p-00097", "input_id": "026-634-09", "source": "fd-00342", "demand": 1, "duct_group": 2, "duct_assignment": "7" }, "geometry": { "type": "Polygon", "coordinates": [ [ [ -119.290443652010936, 35.504112038659699 ], [ -119.290393735822633, 35.504070685704178 ], [ -119.290394062104411, 35.504043022683476 ], [ -119.29039413862337, 35.504040664784355 ], [ -119.290394315493046, 35.504038309437256 ], [ -119.290394590580007, 35.504035961171411 ], [ -119.290394963912561, 35.504033621789354 ], [ -119.290395435547168, 35.50403129489591 ], [ -119.290396004395902, 35.504028981403955 ], [ -119.290396670529574, 35.504026685819561 ], [ -119.290397432888398, 35.504024410857973 ], [ -119.290398290398542, 35.504022158333264 ], [ -119.290399240898282, 35.50401993097217 ], [ -119.290400285532044, 35.504017731466874 ], [ -119.290401421035938, 35.504015562555722 ], [ -119.290402647452481, 35.504013426942421 ], [ -119.290403963721886, 35.504011327342177 ], [ -119.290405365463911, 35.504009265603763 ], [ -119.290406854939391, 35.504007245308991 ], [ -119.290408426651908, 35.504005267416787 ], [ -119.290410081746032, 35.504003334619355 ], [ -119.290411816957715, 35.504001449655135 ], [ -119.290413630111075, 35.503999614349588 ], [ -119.290415519044231, 35.503997831429615 ], [ -119.290417481567076, 35.503996101819503 ], [ -119.290419516634131, 35.503994429135851 ], [ -119.290421619850918, 35.503992814326068 ], [ -119.290423789041526, 35.503991259215816 ], [ -119.290428049016981, 35.503988210210345 ], [ -119.290432179291088, 35.503985044486242 ], [ -119.290436177744311, 35.503981767473981 ], [ -119.290440038908656, 35.503978381935191 ], [ -119.290443758431948, 35.503974891520976 ], [ -119.290447330888696, 35.503971301696581 ], [ -119.29045075410275, 35.503967614287674 ], [ -119.290454023750527, 35.503963834747751 ], [ -119.290457135494307, 35.50395996762947 ], [ -119.290460086098406, 35.503956017473499 ], [ -119.290462872313029, 35.503951987919592 ], [ -119.290465490902633, 35.50394788350853 ], [ -119.290467939747785, 35.503943709670835 ], [ -119.290470213394443, 35.503939470069305 ], [ -119.290472311941699, 35.503935171012451 ], [ -119.290474232139857, 35.503930816140084 ], [ -119.290475971869427, 35.503926410882499 ], [ -119.290477529011241, 35.503921960670361 ], [ -119.290478902519638, 35.503917469120054 ], [ -119.290480089187412, 35.503912942574935 ], [ -119.290481089099401, 35.50390838644234 ], [ -119.290739361530683, 35.503909107082983 ], [ -119.290736942815158, 35.504112857682202 ], [ -119.290443652010936, 35.504112038659699 ] ] ] } },
{ "type": "Feature", "properties": { "id": "p-00098", "input_id": "026-634-14", "source": "fd-00343", "demand": 1, "duct_group": 2, "duct_assignment": "9" }, "geometry": { "type": "Polygon", "coordinates": [ [ [ -119.289906267855145, 35.504110535744417 ], [ -119.289856349762246, 35.504069184396279 ], [ -119.289858115619126, 35.503918096311978 ], [ -119.290152062737846, 35.503918918849386 ], [ -119.290153504722653, 35.50392342320896 ], [ -119.290155131243367, 35.503927885971123 ], [ -119.290156943289048, 35.503932299914474 ], [ -119.290158936408673, 35.503936662381598 ], [ -119.290161109387071, 35.503940966174298 ], [ -119.290163458861215, 35.503945207722246 ], [ -119.290165983643988, 35.503949381629674 ], [ -119.290168680358548, 35.503953483425271 ], [ -119.29017154451131, 35.503957507747749 ], [ -119.290174574929409, 35.503961450102658 ], [ -119.290177766045801, 35.503965306942845 ], [ -119.290181115571116, 35.503969072884139 ], [ -119.290184619026221, 35.503972743466655 ], [ -119.290188273048088, 35.503976315120134 ], [ -119.290192073157499, 35.503979783384793 ], [ -119.290196013787224, 35.503983144713452 ], [ -119.290200092647993, 35.503986393721938 ], [ -119.290204303098847, 35.503989528677145 ], [ -119.29020643677535, 35.503991117939798 ], [ -119.290208500820924, 35.503992765621213 ], [ -119.290210496309271, 35.503994469907511 ], [ -119.290212417715608, 35.503996229955213 ], [ -119.290214263881253, 35.503998042171105 ], [ -119.290216033689887, 35.503999905665388 ], [ -119.290217723792694, 35.504001817769229 ], [ -119.29021933304513, 35.504003775790366 ], [ -119.290220858126546, 35.504005778862478 ], [ -119.290222298966228, 35.504007822479196 ], [ -119.290223653345748, 35.504009905762636 ], [ -119.290224919018527, 35.504012026032122 ], [ -119.290226094839809, 35.504014180595682 ], [ -119.290227179665067, 35.504016366761121 ], [ -119.290228171247605, 35.504018581847873 ], [ -119.290229070661312, 35.504020824041994 ], [ -119.290229874543044, 35.504023089773249 ], [ -119.290230582850484, 35.504025376337935 ], [ -119.290231194453142, 35.504027681945203 ], [ -119.290231709308529, 35.504030003891337 ], [ -119.290232125141685, 35.50403233769336 ], [ -119.290232444156871, 35.504034683328236 ], [ -119.290232664064874, 35.504037035411571 ], [ -119.290232784837428, 35.504039392140982 ], [ -119.290232806446269, 35.504041751714119 ], [ -119.290232470998504, 35.504070238686829 ], [ -119.29018158899828, 35.504111305799739 ], [ -119.289906267855145, 35.504110535744417 ] ] ] } },
{ "type": "Feature", "properties": { "id": "p-00099", "input_id": "026-634-13", "source": "fd-00343", "demand": 1, "duct_group": 2, "duct_assignment": "10" }, "geometry": { "type": "Polygon", "coordinates": [ [ [ -119.289858115619126, 35.503918096311978 ], [ -119.289862929930734, 35.503506036232565 ], [ -119.290183582973867, 35.50380112981663 ], [ -119.290180019560424, 35.503804944882475 ], [ -119.290176620846509, 35.503808859173418 ], [ -119.290173391184112, 35.50381286903837 ], [ -119.290170334882603, 35.503816968122528 ], [ -119.290167456279917, 35.50382115187341 ], [ -119.29016475750953, 35.50382541576186 ], [ -119.29016224288101, 35.503829753432946 ], [ -119.290159915644082, 35.503834161247099 ], [ -119.290157777889959, 35.503838631971369 ], [ -119.290155831766313, 35.50384316197777 ], [ -119.29015408156846, 35.503847744010137 ], [ -119.290152527225871, 35.503852373562424 ], [ -119.290151171959863, 35.503857045192575 ], [ -119.290150017861734, 35.503861751667621 ], [ -119.290149064874825, 35.503866489382673 ], [ -119.290148315076166, 35.503871250203488 ], [ -119.290147769511321, 35.503876030513666 ], [ -119.290147428067115, 35.503880823103422 ], [ -119.29014729286304, 35.503885622542221 ], [ -119.290147361609883, 35.50389042344581 ], [ -119.290147635296819, 35.503895218592866 ], [ -119.290148114955073, 35.503900003465688 ], [ -119.290148798281578, 35.50390477177875 ], [ -119.290149684075061, 35.503909517235073 ], [ -119.290150773367031, 35.503914235316977 ], [ -119.290152062737846, 35.503918918849386 ], [ -119.289858115619126, 35.503918096311978 ] ] ] } },
{ "type": "Feature", "properties": { "id": "p-00100", "input_id": "026-634-10", "source": "fd-00342", "demand": 1, "duct_group": 2, "duct_assignment": "8" }, "geometry": { "type": "Polygon", "coordinates": [ [ [ -119.290481089099401, 35.50390838644234 ], [ -119.29048191518261, 35.503903711350482 ], [ -119.290482543630262, 35.503899015799156 ], [ -119.290482975629459, 35.503894305184126 ], [ -119.290483207958829, 35.503889584947444 ], [ -119.290483242921667, 35.503884861374623 ], [ -119.290483078384526, 35.50388013899493 ], [ -119.290482715562675, 35.503875425006591 ], [ -119.290482154512858, 35.503870723014529 ], [ -119.290481395348294, 35.503866040228466 ], [ -119.290480441446107, 35.503861381119918 ], [ -119.290479290701171, 35.503856752020624 ], [ -119.290477946490668, 35.503852157401894 ], [ -119.290476410029939, 35.503847604462024 ], [ -119.290474683565748, 35.503843095881535 ], [ -119.290472767225381, 35.503838639771509 ], [ -119.290470665474189, 35.503834239690484 ], [ -119.290468379499004, 35.503829901034315 ], [ -119.290465912705471, 35.503825630076747 ], [ -119.290463268456534, 35.503821430388108 ], [ -119.290460447939211, 35.503817307364031 ], [ -119.290457456749138, 35.5038132663542 ], [ -119.290454297161304, 35.503809311841415 ], [ -119.290450972552946, 35.50380544829715 ], [ -119.290447487403213, 35.503801680181233 ], [ -119.29074411977976, 35.503508498581809 ], [ -119.290739361530683, 35.503909107082983 ], [ -119.290481089099401, 35.50390838644234 ] ] ] } },
{ "type": "Feature", "properties": { "id": "p-00101", "input_id": "026-632-05", "source": "fd-00295", "demand": 1, "duct_group": 6, "duct_assignment": "9" }, "geometry": { "type": "Polygon", "coordinates": [ [ [ -119.289446210128574, 35.504109242391202 ], [ -119.289449421365191, 35.503834531801424 ], [ -119.28969780647509, 35.50383522674781 ], [ -119.289695078203906, 35.504068728632255 ], [ -119.28964419706648, 35.504109797313589 ], [ -119.289446210128574, 35.504109242391202 ] ] ] } },
{ "type": "Feature", "properties": { "id": "p-00102", "input_id": "026-632-06", "source": "fd-00295", "demand": 1, "duct_group": 6, "duct_assignment": "10" }, "geometry": { "type": "Polygon", "coordinates": [ [ [ -119.289214396037835, 35.504108593061467 ], [ -119.289217608049327, 35.5038338824777 ], [ -119.289449421365191, 35.503834531801424 ], [ -119.289446210128574, 35.504109242391202 ], [ -119.289214396037835, 35.504108593061467 ] ] ] } },
{ "type": "Feature", "properties": { "id": "p-00103", "input_id": "026-632-07", "source": "fd-00296", "demand": 1, "duct_group": 6, "duct_assignment": "12" }, "geometry": { "type": "Polygon", "coordinates": [ [ [ -119.288982581950833, 35.504107943294564 ], [ -119.288985794722876, 35.503833231815548 ], [ -119.289217608049327, 35.5038338824777 ], [ -119.289214396037835, 35.504108593061467 ], [ -119.288982581950833, 35.504107943294564 ] ] ] } },
{ "type": "Feature", "properties": { "id": "p-00104", "input_id": "026-671-01", "source": "fd-00329", "demand": 1, "duct_group": 0, "duct_assignment": "3" }, "geometry": { "type": "Polygon", "coordinates": [ [ [ -119.291222277218296, 35.505682508211095 ], [ -119.291224394969589, 35.505504299526322 ], [ -119.29156035518541, 35.505505234469517 ], [ -119.291558214625624, 35.505685522878558 ], [ -119.291222277218296, 35.505682508211095 ] ] ] } },
{ "type": "Feature", "properties": { "id": "p-00105", "input_id": "026-681-01", "source": "fd-00346", "demand": 1, "duct_group": 3, "duct_assignment": "3" }, "geometry": { "type": "Polygon", "coordinates": [ [ [ -119.289523102058027, 35.505774265351626 ], [ -119.28947287709839, 35.505732658391139 ], [ -119.289475605677296, 35.505499413561104 ], [ -119.289714172491358, 35.505500081725415 ], [ -119.289713023518772, 35.505774796651814 ], [ -119.289523102058027, 35.505774265351626 ] ] ] } },
{ "type": "Feature", "properties": { "id": "p-00106", "input_id": "026-683-13", "source": "fd-00427", "demand": 1, "duct_group": 5, "duct_assignment": "10" }, "geometry": { "type": "Polygon", "coordinates": [ [ [ -119.288422885533265, 35.505771179428528 ], [ -119.288424039905919, 35.505496463601034 ], [ -119.288519225207324, 35.505496731384945 ], [ -119.288642415444343, 35.505497076873937 ], [ -119.288641261801516, 35.505771792703435 ], [ -119.288422885533265, 35.505771179428528 ] ] ] } },
{ "type": "Feature", "properties": { "id": "p-00107", "input_id": "026-683-12", "source": "fd-00426", "demand": 1, "duct_group": 5, "duct_assignment": "8" }, "geometry": { "type": "Polygon", "coordinates": [ [ [ -119.288204509268212, 35.505770565765744 ], [ -119.288205663268585, 35.505495849951849 ], [ -119.288424039905919, 35.505496463601034 ], [ -119.288422885533265, 35.505771179428528 ], [ -119.288204509268212, 35.505770565765744 ] ] ] } },
{ "type": "Feature", "properties": { "id": "p-00108", "input_id": "026-683-11", "source": "fd-00426", "demand": 1, "duct_group": 5, "duct_assignment": "9" }, "geometry": { "type": "Polygon", "coordinates": [ [ [ -119.287986131904276, 35.505769951726577 ], [ -119.287987287736712, 35.505495235903005 ], [ -119.288054414067616, 35.50549542488212 ], [ -119.288205663268585, 35.505495849951849 ], [ -119.288204509268212, 35.505770565765744 ], [ -119.287986131904276, 35.505769951726577 ] ] ] } },
{ "type": "Feature", "properties": { "id": "p-00109", "input_id": "026-683-10", "source": "fd-00425", "demand": 1, "duct_group": 5, "duct_assignment": "7" }, "geometry": { "type": "Polygon", "coordinates": [ [ [ -119.287968805679654, 35.505769902520392 ], [ -119.28796595097937, 35.505769854913765 ], [ -119.287963100547017, 35.505769727941434 ], [ -119.287960256587013, 35.505769521580262 ], [ -119.287957422419765, 35.505769236696935 ], [ -119.287954602454164, 35.505768873245117 ], [ -119.287951798894341, 35.505768431201787 ], [ -119.28794901506096, 35.505767911433566 ], [ -119.287946254274644, 35.505767314806967 ], [ -119.287943520958081, 35.505766642177022 ], [ -119.287940816213592, 35.505765893532249 ], [ -119.28793814447792, 35.505765070628868 ], [ -119.28793550905759, 35.505764173432233 ], [ -119.287932912185113, 35.505763203721749 ], [ -119.287930356078988, 35.505762162375497 ], [ -119.287927846264154, 35.50576105023697 ], [ -119.287925382768819, 35.505759869108651 ], [ -119.287922970029882, 35.505758620746747 ], [ -119.287913938102946, 35.505753948011666 ], [ -119.287904712915804, 35.505749534192454 ], [ -119.287895306648579, 35.505745382766982 ], [ -119.287885731538026, 35.505741500817898 ], [ -119.287875997545711, 35.505737890944978 ], [ -119.287866115792085, 35.505734559341306 ], [ -119.287856099545266, 35.505731508571934 ], [ -119.287845960999476, 35.505728743015965 ], [ -119.287835711218662, 35.505726265261508 ], [ -119.287825362382847, 35.5057240787865 ], [ -119.287814927774306, 35.505722187057238 ], [ -119.287804418428692, 35.505720590859454 ], [ -119.28779384871622, 35.505719292746647 ], [ -119.287783230788733, 35.50571829439432 ], [ -119.287772576784022, 35.505717596576652 ], [ -119.287761898839776, 35.505717200067849 ], [ -119.287751211312255, 35.505717106520173 ], [ -119.287740526310813, 35.505717314905525 ], [ -119.287741463961254, 35.505494543966122 ], [ -119.287987287736712, 35.505495235903005 ], [ -119.287986131904276, 35.505769951726577 ], [ -119.287968805679654, 35.505769902520392 ] ] ] } },
{ "type": "Feature", "properties": { "id": "p-00110", "input_id": "026-683-09", "source": "fd-00425", "demand": 1, "duct_group": 5, "duct_assignment": "6" }, "geometry": { "type": "Polygon", "coordinates": [ [ [ -119.287362061104957, 35.505493475793308 ], [ -119.287584864897184, 35.505494103156337 ], [ -119.287741463961254, 35.505494543966122 ], [ -119.287740526310813, 35.505717314905525 ], [ -119.287730028856558, 35.505717814271705 ], [ -119.287719559122408, 35.505718605391905 ], [ -119.287709128115907, 35.505719687249346 ], [ -119.287698747946322, 35.505721058815794 ], [ -119.287688430709196, 35.505722718161813 ], [ -119.287678188499811, 35.505724663358073 ], [ -119.287668033413667, 35.505726892475003 ], [ -119.287657976429713, 35.505729402693497 ], [ -119.287648030731489, 35.505732191171376 ], [ -119.28763820619595, 35.505735255101094 ], [ -119.287628513773967, 35.505738589861117 ], [ -119.287618966649021, 35.505742192609247 ], [ -119.287609575757841, 35.505746057822556 ], [ -119.287600349889416, 35.505750183606551 ], [ -119.287591301054434, 35.505754562624269 ], [ -119.287582440217989, 35.505759191155313 ], [ -119.287362061104957, 35.505493475793308 ] ] ] } },
{ "type": "Feature", "properties": { "id": "p-00111", "input_id": "026-683-08", "source": "fd-00538", "demand": 1, "duct_group": 0, "duct_assignment": "9" }, "geometry": { "type": "Polygon", "coordinates": [ [ [ -119.287139565901029, 35.505697460332399 ], [ -119.287141516095204, 35.50549285411936 ], [ -119.287362061104957, 35.505493475793308 ], [ -119.287582440217989, 35.505759191155313 ], [ -119.28757377609837, 35.505764062799017 ], [ -119.287565320748755, 35.505769172922122 ], [ -119.287557082887545, 35.505774515123797 ], [ -119.287549071233116, 35.505780083003103 ], [ -119.287541296722324, 35.505785871037325 ], [ -119.287533766957225, 35.505791871935898 ], [ -119.287526490656361, 35.505798079297868 ], [ -119.287519477597939, 35.505804484007115 ], [ -119.287512734324324, 35.505811081488375 ], [ -119.287506269497527, 35.505817861735736 ], [ -119.287500090733872, 35.505824818359926 ], [ -119.287494205607217, 35.505831942267797 ], [ -119.287488619515514, 35.505839226192023 ], [ -119.287483338930627, 35.505846661051024 ], [ -119.287478371440557, 35.505854238652994 ], [ -119.2874737224151, 35.505861949928018 ], [ -119.287139565901029, 35.505697460332399 ] ] ] } },
{ "type": "Feature", "properties": { "id": "p-00112", "input_id": "026-700-28", "source": "fd-00538", "demand": 1, "duct_group": 0, "duct_assignment": "11" }, "geometry": { "type": "Polygon", "coordinates": [ [ [ -119.287105674687311, 35.505699159160741 ], [ -119.287103537768346, 35.505676943574457 ], [ -119.287097058407966, 35.505655298360608 ], [ -119.287086405362416, 35.505634787261897 ], [ -119.28707185608971, 35.505615944483068 ], [ -119.287053789522986, 35.505599260777622 ], [ -119.28703267620125, 35.505585170666514 ], [ -119.287009066014178, 35.505574041121307 ], [ -119.286983573880619, 35.505566162006595 ], [ -119.286956863733238, 35.505561738530751 ], [ -119.286929631226926, 35.505560885901367 ], [ -119.286902585621007, 35.505563626324836 ], [ -119.286876431307107, 35.505569888428006 ], [ -119.286876974599537, 35.505312699956924 ], [ -119.287143218074718, 35.505314068551556 ], [ -119.287141516095204, 35.50549285411936 ], [ -119.287139565901029, 35.505697460332399 ], [ -119.287139547596141, 35.505699388563265 ], [ -119.287105674687311, 35.505699159160741 ] ] ] } },
{ "type": "Feature", "properties": { "id": "p-00113", "input_id": "026-700-29", "source": "fd-00575", "demand": 1, "duct_group": 7, "duct_assignment": "9" }, "geometry": { "type": "Polygon", "coordinates": [ [ [ -119.286751683429387, 35.505626224159521 ], [ -119.286640654161602, 35.505625888294411 ], [ -119.2866413135269, 35.505311919260308 ], [ -119.286876974599537, 35.505312699956924 ], [ -119.286876431307107, 35.505569888428006 ], [ -119.28685337162905, 35.505578747021495 ], [ -119.28683221408339, 35.505590353518919 ], [ -119.286813444699021, 35.505604441297635 ], [ -119.286803202894319, 35.505612033460167 ], [ -119.286791578083438, 35.505618150701238 ], [ -119.286778884529426, 35.5056226276483 ], [ -119.286765465387703, 35.505625343272328 ], [ -119.286751683429387, 35.505626224159521 ] ] ] } },
{ "type": "Feature", "properties": { "id": "p-00114", "input_id": "026-700-30", "source": "fd-00575", "demand": 1, "duct_group": 7, "duct_assignment": "8" }, "geometry": { "type": "Polygon", "coordinates": [ [ [ -119.286438848466673, 35.505625332407334 ], [ -119.286439483013595, 35.505311348318685 ], [ -119.286633416062685, 35.5053118964642 ], [ -119.2866413135269, 35.505311919260308 ], [ -119.286640654161602, 35.505625888294411 ], [ -119.286438848466673, 35.505625332407334 ] ] ] } },
{ "type": "Feature", "properties": { "id": "p-00115", "input_id": "026-700-31", "source": "fd-00574", "demand": 1, "duct_group": 7, "duct_assignment": "7" }, "geometry": { "type": "Polygon", "coordinates": [ [ [ -119.28623714046941, 35.505624820235404 ], [ -119.286237730316515, 35.505310818596058 ], [ -119.286361767551853, 35.505311140378524 ], [ -119.286439483013595, 35.505311348318685 ], [ -119.286438848466673, 35.505625332407334 ], [ -119.28623714046941, 35.505624820235404 ] ] ] } },
{ "type": "Feature", "properties": { "id": "p-00116", "input_id": "026-700-32", "source": "fd-00574", "demand": 1, "duct_group": 7, "duct_assignment": "6" }, "geometry": { "type": "Polygon", "coordinates": [ [ [ -119.286035513397437, 35.505624336631193 ], [ -119.286036032064729, 35.505310315915331 ], [ -119.28614663661989, 35.505310589162839 ], [ -119.286237730316515, 35.505310818596058 ], [ -119.28623714046941, 35.505624820235404 ], [ -119.286035513397437, 35.505624336631193 ] ] ] } },
{ "type": "Feature", "properties": { "id": "p-00117", "input_id": "026-700-33", "source": "fd-00573", "demand": 1, "duct_group": 7, "duct_assignment": "5" }, "geometry": { "type": "Polygon", "coordinates": [ [ [ -119.2859833104025, 35.505624217569618 ], [ -119.285833981522075, 35.5056238778403 ], [ -119.285834380415949, 35.505309832246347 ], [ -119.285934922344381, 35.505310071233204 ], [ -119.285987419583392, 35.505310198051369 ], [ -119.286036032064729, 35.505310315915331 ], [ -119.286035513397437, 35.505624336631193 ], [ -119.2859833104025, 35.505624217569618 ] ] ] } },
{ "type": "Feature", "properties": { "id": "p-00118", "input_id": "026-700-34", "source": "fd-00573", "demand": 1, "duct_group": 7, "duct_assignment": "4" }, "geometry": { "type": "Polygon", "coordinates": [ [ [ -119.2856326044583, 35.505623449549354 ], [ -119.285632780880775, 35.505309367531765 ], [ -119.285719901278256, 35.505309565894294 ], [ -119.285834380415949, 35.505309832246347 ], [ -119.285833981522075, 35.5056238778403 ], [ -119.2856326044583, 35.505623449549354 ] ] ] } },
{ "type": "Feature", "properties": { "id": "p-00119", "input_id": "026-700-35", "source": "fd-00572", "demand": 1, "duct_group": 7, "duct_assignment": "3" }, "geometry": { "type": "Polygon", "coordinates": [ [ [ -119.285431604133947, 35.505623074676798 ], [ -119.285431251107696, 35.505308922488723 ], [ -119.285488159818598, 35.505309045751929 ], [ -119.285632780880775, 35.505309367531765 ], [ -119.2856326044583, 35.505623449549354 ], [ -119.285431604133947, 35.505623074676798 ] ] ] } },
{ "type": "Feature", "properties": { "id": "p-00120", "input_id": "026-700-36", "source": "fd-00571", "demand": 1, "duct_group": 7, "duct_assignment": "2" }, "geometry": { "type": "Polygon", "coordinates": [ [ [ -119.285230077772937, 35.505622685145418 ], [ -119.285229829812664, 35.505308505726354 ], [ -119.285273321472701, 35.5053085927049 ], [ -119.285431251107696, 35.505308922488723 ], [ -119.285431604133947, 35.505623074676798 ], [ -119.285230077772937, 35.505622685145418 ] ] ] } },
{ "type": "Feature", "properties": { "id": "p-00121", "input_id": "026-700-37", "source": "fd-00571", "demand": 1, "duct_group": 7, "duct_assignment": "1" }, "geometry": { "type": "Polygon", "coordinates": [ [ [ -119.285062177780844, 35.505622270042643 ], [ -119.285008706580143, 35.505578193003878 ], [ -119.28501222773815, 35.505308110865322 ], [ -119.285229829812664, 35.505308505726354 ], [ -119.285230077772937, 35.505622685145418 ], [ -119.285062177780844, 35.505622270042643 ] ] ] } },
{ "type": "Feature", "properties": { "id": "p-00122", "input_id": "026-523-02", "source": "fd-00606", "demand": 1, "duct_group": 3, "duct_assignment": "1" }, "geometry": { "type": "Polygon", "coordinates": [ [ [ -119.283742858719862, 35.507497250208971 ], [ -119.283744238315506, 35.50727596582653 ], [ -119.283811795056167, 35.507221122007223 ], [ -119.28396493288443, 35.507221510068149 ], [ -119.283963301706081, 35.507497849356213 ], [ -119.283742858719862, 35.507497250208971 ] ] ] } },
{ "type": "Feature", "properties": { "id": "p-00123", "input_id": "026-523-01", "source": "fd-00598", "demand": 1, "duct_group": 0, "duct_assignment": "2" }, "geometry": { "type": "Polygon", "coordinates": [ [ [ -119.283808406926994, 35.507773578311259 ], [ -119.283741480888921, 35.507718436303755 ], [ -119.283742858719862, 35.507497250208971 ], [ -119.283963301706081, 35.507497849356213 ], [ -119.283961669679883, 35.507773993926122 ], [ -119.283808406926994, 35.507773578311259 ] ] ] } },
{ "type": "Feature", "properties": { "id": "p-00124", "input_id": "026-531-26", "source": "fd-00598", "demand": 1, "duct_group": 0, "duct_assignment": "1" }, "geometry": { "type": "Polygon", "coordinates": [ [ [ -119.283961669679883, 35.507773993926122 ], [ -119.283963301706081, 35.507497849356213 ], [ -119.284165056774242, 35.507498403573976 ], [ -119.284163507114343, 35.507774555405504 ], [ -119.283961669679883, 35.507773993926122 ] ] ] } },
{ "type": "Feature", "properties": { "id": "p-00125", "input_id": "026-531-01", "source": "fd-00606", "demand": 1, "duct_group": 3, "duct_assignment": "2" }, "geometry": { "type": "Polygon", "coordinates": [ [ [ -119.283963301706081, 35.507497849356213 ], [ -119.28396493288443, 35.507221510068149 ], [ -119.284166606618186, 35.507222052506719 ], [ -119.284165056774242, 35.507498403573976 ], [ -119.283963301706081, 35.507497849356213 ] ] ] } },
{ "type": "Feature", "properties": { "id": "p-00126", "input_id": "026-531-25", "source": "fd-00405", "demand": 1, "duct_group": 1, "duct_assignment": "12" }, "geometry": { "type": "Polygon", "coordinates": [ [ [ -119.284163507114343, 35.507774555405504 ], [ -119.284165056774242, 35.507498403573976 ], [ -119.284366812876868, 35.507498952943017 ], [ -119.284365345569213, 35.507775111134627 ], [ -119.284163507114343, 35.507774555405504 ] ] ] } },
{ "type": "Feature", "properties": { "id": "p-00127", "input_id": "026-531-02", "source": "fd-00617", "demand": 1, "duct_group": 6, "duct_assignment": "2" }, "geometry": { "type": "Polygon", "coordinates": [ [ [ -119.284165056774242, 35.507498403573976 ], [ -119.284166606618186, 35.507222052506719 ], [ -119.284368280340502, 35.507222593713216 ], [ -119.284366812876868, 35.507498952943017 ], [ -119.284165056774242, 35.507498403573976 ] ] ] } },
{ "type": "Feature", "properties": { "id": "p-00128", "input_id": "026-531-24", "source": "fd-00405", "demand": 1, "duct_group": 1, "duct_assignment": "11" }, "geometry": { "type": "Polygon", "coordinates": [ [ [ -119.284365345569213, 35.507775111134627 ], [ -119.284366812876868, 35.507498952943017 ], [ -119.284568568939974, 35.507499499277245 ], [ -119.284567182840121, 35.507775661136527 ], [ -119.284365345569213, 35.507775111134627 ] ] ] } },
{ "type": "Feature", "properties": { "id": "p-00129", "input_id": "026-531-03", "source": "fd-00617", "demand": 1, "duct_group": 6, "duct_assignment": "1" }, "geometry": { "type": "Polygon", "coordinates": [ [ [ -119.284366812876868, 35.507498952943017 ], [ -119.284368280340502, 35.507222593713216 ], [ -119.284569954065432, 35.507223134588806 ], [ -119.284568568939974, 35.507499499277245 ], [ -119.284366812876868, 35.507498952943017 ] ] ] } },
{ "type": "Feature", "properties": { "id": "p-00130", "input_id": "026-531-23", "source": "fd-00404", "demand": 1, "duct_group": 1, "duct_assignment": "9" }, "geometry": { "type": "Polygon", "coordinates": [ [ [ -119.284567182840121, 35.507775661136527 ], [ -119.284568568939974, 35.507499499277245 ], [ -119.284770324949349, 35.507500041675442 ], [ -119.284769020043257, 35.507776206300903 ], [ -119.284567182840121, 35.507775661136527 ] ] ] } },
{ "type": "Feature", "properties": { "id": "p-00131", "input_id": "026-531-04", "source": "fd-00618", "demand": 1, "duct_group": 6, "duct_assignment": "4" }, "geometry": { "type": "Polygon", "coordinates": [ [ [ -119.284568568939974, 35.507499499277245 ], [ -119.284569954065432, 35.507223134588806 ], [ -119.284771628881145, 35.507223674220839 ], [ -119.284770324949349, 35.507500041675442 ], [ -119.284568568939974, 35.507499499277245 ] ] ] } },
{ "type": "Feature", "properties": { "id": "p-00132", "input_id": "026-531-22", "source": "fd-00404", "demand": 1, "duct_group": 1, "duct_assignment": "10" }, "geometry": { "type": "Polygon", "coordinates": [ [ [ -119.284769020043257, 35.507776206300903 ], [ -119.284770324949349, 35.507500041675442 ], [ -119.28497208093323, 35.507500581940072 ], [ -119.284970858294855, 35.507776747517468 ], [ -119.284769020043257, 35.507776206300903 ] ] ] } },
{ "type": "Feature", "properties": { "id": "p-00133", "input_id": "026-531-05", "source": "fd-00618", "demand": 1, "duct_group": 6, "duct_assignment": "3" }, "geometry": { "type": "Polygon", "coordinates": [ [ [ -119.284770324949349, 35.507500041675442 ], [ -119.284771628881145, 35.507223674220839 ], [ -119.284907556340798, 35.507224037275478 ], [ -119.284973302583239, 35.507224212632281 ], [ -119.28497208093323, 35.507500581940072 ], [ -119.284770324949349, 35.507500041675442 ] ] ] } },
{ "type": "Feature", "properties": { "id": "p-00134", "input_id": "026-531-21", "source": "fd-00403", "demand": 1, "duct_group": 1, "duct_assignment": "7" }, "geometry": { "type": "Polygon", "coordinates": [ [ [ -119.284970858294855, 35.507776747517468 ], [ -119.28497208093323, 35.507500581940072 ], [ -119.285173835775325, 35.507501119181406 ], [ -119.285172695376531, 35.507777283908027 ], [ -119.284970858294855, 35.507776747517468 ] ] ] } },
{ "type": "Feature", "properties": { "id": "p-00135", "input_id": "026-531-06", "source": "fd-00399", "demand": 1, "duct_group": 0, "duct_assignment": "7" }, "geometry": { "type": "Polygon", "coordinates": [ [ [ -119.28497208093323, 35.507500581940072 ], [ -119.284973302583239, 35.507224212632281 ], [ -119.285174976302031, 35.507224751614103 ], [ -119.285173835775325, 35.507501119181406 ], [ -119.28497208093323, 35.507500581940072 ] ] ] } },
{ "type": "Feature", "properties": { "id": "p-00136", "input_id": "026-532-06", "source": "fd-00417", "demand": 1, "duct_group": 3, "duct_assignment": "12" }, "geometry": { "type": "Polygon", "coordinates": [ [ [ -119.284969028239757, 35.508190118299304 ], [ -119.284970250430149, 35.507914134849358 ], [ -119.285172128644206, 35.507914671715753 ], [ -119.28517098872193, 35.508190656117328 ], [ -119.284969028239757, 35.508190118299304 ] ] ] } },
{ "type": "Feature", "properties": { "id": "p-00137", "input_id": "026-522-07", "source": "fd-00409", "demand": 1, "duct_group": 2, "duct_assignment": "8" }, "geometry": { "type": "Polygon", "coordinates": [ [ [ -119.284967807445469, 35.50846598001899 ], [ -119.284969028239757, 35.508190118299304 ], [ -119.28517098872193, 35.508190656117328 ], [ -119.285169849107945, 35.508466519701457 ], [ -119.284967807445469, 35.50846598001899 ] ] ] } },
{ "type": "Feature", "properties": { "id": "p-00138", "input_id": "026-532-05", "source": "fd-00611", "demand": 1, "duct_group": 4, "duct_assignment": "9" }, "geometry": { "type": "Polygon", "coordinates": [ [ [ -119.284767067703868, 35.508189576544545 ], [ -119.284768371046084, 35.507913593156822 ], [ -119.284970250430149, 35.507914134849358 ], [ -119.284969028239757, 35.508190118299304 ], [ -119.284767067703868, 35.508189576544545 ] ] ] } },
{ "type": "Feature", "properties": { "id": "p-00139", "input_id": "026-522-08", "source": "fd-00410", "demand": 1, "duct_group": 2, "duct_assignment": "9" }, "geometry": { "type": "Polygon", "coordinates": [ [ [ -119.284765764655262, 35.508465438213506 ], [ -119.284767067703868, 35.508189576544545 ], [ -119.284969028239757, 35.508190118299304 ], [ -119.284967807445469, 35.50846598001899 ], [ -119.284765764655262, 35.508465438213506 ] ] ] } },
{ "type": "Feature", "properties": { "id": "p-00140", "input_id": "026-532-04", "source": "fd-00611", "demand": 1, "duct_group": 4, "duct_assignment": "10" }, "geometry": { "type": "Polygon", "coordinates": [ [ [ -119.284565108202386, 35.508189029940368 ], [ -119.284566492710539, 35.507913047516368 ], [ -119.284768371046084, 35.507913593156822 ], [ -119.284767067703868, 35.508189576544545 ], [ -119.284565108202386, 35.508189029940368 ] ] ] } },
{ "type": "Feature", "properties": { "id": "p-00141", "input_id": "026-522-09", "source": "fd-00410", "demand": 1, "duct_group": 2, "duct_assignment": "10" }, "geometry": { "type": "Polygon", "coordinates": [ [ [ -119.284563722913546, 35.508464892459543 ], [ -119.284565108202386, 35.508189029940368 ], [ -119.284767067703868, 35.508189576544545 ], [ -119.284765764655262, 35.508465438213506 ], [ -119.284563722913546, 35.508464892459543 ] ] ] } },
{ "type": "Feature", "properties": { "id": "p-00142", "input_id": "026-532-03", "source": "fd-00610", "demand": 1, "duct_group": 4, "duct_assignment": "7" }, "geometry": { "type": "Polygon", "coordinates": [ [ [ -119.284363147545022, 35.508188479410968 ], [ -119.28436461429321, 35.507912496137052 ], [ -119.284566492710539, 35.507913047516368 ], [ -119.284565108202386, 35.508189029940368 ], [ -119.284363147545022, 35.508188479410968 ] ] ] } },
{ "type": "Feature", "properties": { "id": "p-00143", "input_id": "026-522-10", "source": "fd-00411", "demand": 1, "duct_group": 2, "duct_assignment": "11" }, "geometry": { "type": "Polygon", "coordinates": [ [ [ -119.284361681132296, 35.5084643436699 ], [ -119.284363147545022, 35.508188479410968 ], [ -119.284565108202386, 35.508189029940368 ], [ -119.284563722913546, 35.508464892459543 ], [ -119.284361681132296, 35.5084643436699 ] ] ] } },
{ "type": "Feature", "properties": { "id": "p-00144", "input_id": "026-532-02", "source": "fd-00610", "demand": 1, "duct_group": 4, "duct_assignment": "8" }, "geometry": { "type": "Polygon", "coordinates": [ [ [ -119.284161186791835, 35.50818792224122 ], [ -119.284162735808152, 35.507911939919985 ], [ -119.28436461429321, 35.507912496137052 ], [ -119.284363147545022, 35.508188479410968 ], [ -119.284161186791835, 35.50818792224122 ] ] ] } },
{ "type": "Feature", "properties": { "id": "p-00145", "input_id": "026-522-11", "source": "fd-00411", "demand": 1, "duct_group": 2, "duct_assignment": "12" }, "geometry": { "type": "Polygon", "coordinates": [ [ [ -119.284159638195234, 35.508463790954721 ], [ -119.284161186791835, 35.50818792224122 ], [ -119.284363147545022, 35.508188479410968 ], [ -119.284361681132296, 35.5084643436699 ], [ -119.284159638195234, 35.508463790954721 ] ] ] } },
{ "type": "Feature", "properties": { "id": "p-00146", "input_id": "026-532-01", "source": "fd-00609", "demand": 1, "duct_group": 4, "duct_assignment": "6" }, "geometry": { "type": "Polygon", "coordinates": [ [ [ -119.283959225942851, 35.508187358431094 ], [ -119.283960857199119, 35.507911375260427 ], [ -119.284162735808152, 35.507911939919985 ], [ -119.284161186791835, 35.50818792224122 ], [ -119.283959225942851, 35.508187358431094 ] ] ] } },
{ "type": "Feature", "properties": { "id": "p-00147", "input_id": "026-522-12", "source": "fd-00599", "demand": 1, "duct_group": 0, "duct_assignment": "3" }, "geometry": { "type": "Polygon", "coordinates": [ [ [ -119.283957596292694, 35.50846323338984 ], [ -119.283959225942851, 35.508187358431094 ], [ -119.284161186791835, 35.50818792224122 ], [ -119.284159638195234, 35.508463790954721 ], [ -119.283957596292694, 35.50846323338984 ] ] ] } },
{ "type": "Feature", "properties": { "id": "p-00148", "input_id": "026-522-13", "source": "fd-00599", "demand": 1, "duct_group": 0, "duct_assignment": "4" }, "geometry": { "type": "Polygon", "coordinates": [ [ [ -119.283804178838352, 35.508462805851664 ], [ -119.283737183620119, 35.508407716853249 ], [ -119.283738561363123, 35.508186735431742 ], [ -119.283959225942851, 35.508187358431094 ], [ -119.283957596292694, 35.50846323338984 ], [ -119.283804178838352, 35.508462805851664 ] ] ] } },
{ "type": "Feature", "properties": { "id": "p-00149", "input_id": "026-522-14", "source": "fd-00609", "demand": 1, "duct_group": 4, "duct_assignment": "5" }, "geometry": { "type": "Polygon", "coordinates": [ [ [ -119.283738561363123, 35.508186735431742 ], [ -119.283739939398515, 35.507965702609432 ], [ -119.283807564402863, 35.507910958152884 ], [ -119.283960857199119, 35.507911375260427 ], [ -119.283959225942851, 35.508187358431094 ], [ -119.283738561363123, 35.508186735431742 ] ] ] } },
{ "type": "Feature", "properties": { "id": "p-00150", "input_id": "026-521-11", "source": "fd-00625", "demand": 1, "duct_group": 7, "duct_assignment": "7" }, "geometry": { "type": "Polygon", "coordinates": [ [ [ -119.283801607294862, 35.508874250741776 ], [ -119.283802955131236, 35.50865489394468 ], [ -119.283848509105212, 35.508652250747041 ], [ -119.283893060691128, 35.508644042682427 ], [ -119.28393559898231, 35.508630455997533 ], [ -119.283975158756263, 35.508611798983736 ], [ -119.283985879630407, 35.508606950969281 ], [ -119.283997347348546, 35.508603426196757 ], [ -119.284009319192364, 35.508601299269095 ], [ -119.284021541773882, 35.50860061520342 ], [ -119.284056940566757, 35.508600711449006 ], [ -119.284055357083304, 35.508874934570258 ], [ -119.283801607294862, 35.508874250741776 ] ] ] } },
{ "type": "Feature", "properties": { "id": "p-00151", "input_id": "026-521-12", "source": "fd-00625", "demand": 1, "duct_group": 7, "duct_assignment": "8" }, "geometry": { "type": "Polygon", "coordinates": [ [ [ -119.28416973707823, 35.508875242318616 ], [ -119.284102532084916, 35.508875061025208 ], [ -119.284055357083304, 35.508874934570258 ], [ -119.284056940566757, 35.508600711449006 ], [ -119.28426070689595, 35.508601267062929 ], [ -119.284259205556538, 35.508875483026024 ], [ -119.28416973707823, 35.508875242318616 ] ] ] } },
{ "type": "Feature", "properties": { "id": "p-00152", "input_id": "026-521-13", "source": "fd-00626", "demand": 1, "duct_group": 7, "duct_assignment": "10" }, "geometry": { "type": "Polygon", "coordinates": [ [ [ -119.284304128314218, 35.508875604089816 ], [ -119.284259205556538, 35.508875483026024 ], [ -119.28426070689595, 35.508601267062929 ], [ -119.284464474287773, 35.508601819623848 ], [ -119.284463055148777, 35.508876032033463 ], [ -119.284304128314218, 35.508875604089816 ] ] ] } },
{ "type": "Feature", "properties": { "id": "p-00153", "input_id": "026-521-14", "source": "fd-00626", "demand": 1, "duct_group": 7, "duct_assignment": "9" }, "geometry": { "type": "Polygon", "coordinates": [ [ [ -119.284640104749158, 35.508876507441684 ], [ -119.284472115986745, 35.508876056336874 ], [ -119.284463055148777, 35.508876032033463 ], [ -119.284464474287773, 35.508601819623848 ], [ -119.284668241654245, 35.508602370044606 ], [ -119.284666903627453, 35.508876579813212 ], [ -119.284640104749158, 35.508876507441684 ] ] ] } },
{ "type": "Feature", "properties": { "id": "p-00154", "input_id": "026-521-15", "source": "fd-00627", "demand": 1, "duct_group": 7, "duct_assignment": "11" }, "geometry": { "type": "Polygon", "coordinates": [ [ [ -119.28480809352746, 35.508876959218128 ], [ -119.284666903627453, 35.508876579813212 ], [ -119.284668241654245, 35.508602370044606 ], [ -119.284872007893057, 35.50860291833667 ], [ -119.284870753210996, 35.508877127243366 ], [ -119.28480809352746, 35.508876959218128 ] ] ] } },
{ "type": "Feature", "properties": { "id": "p-00155", "input_id": "026-521-16", "source": "fd-00627", "demand": 1, "duct_group": 7, "duct_assignment": "12" }, "geometry": { "type": "Polygon", "coordinates": [ [ [ -119.284976081205528, 35.508877410776549 ], [ -119.284891753336368, 35.508877184461319 ], [ -119.284870753210996, 35.508877127243366 ], [ -119.284872007893057, 35.50860291833667 ], [ -119.285075775208597, 35.508603464476998 ], [ -119.285074601709269, 35.508877675248243 ], [ -119.284976081205528, 35.508877410776549 ] ] ] } },
{ "type": "Feature", "properties": { "id": "p-00156", "input_id": "026-521-17", "source": "fd-00436", "demand": 1, "duct_group": 6, "duct_assignment": "12" }, "geometry": { "type": "Polygon", "coordinates": [ [ [ -119.285144069987567, 35.508877862093868 ], [ -119.285074601709269, 35.508877675248243 ], [ -119.285075775208597, 35.508603464476998 ], [ -119.285279541396449, 35.508604008488639 ], [ -119.285278451298254, 35.508878222002359 ], [ -119.285144069987567, 35.508877862093868 ] ] ] } },
{ "type": "Feature", "properties": { "id": "p-00157", "input_id": "026-521-07", "source": "fd-00623", "demand": 1, "duct_group": 7, "duct_assignment": "3" }, "geometry": { "type": "Polygon", "coordinates": [ [ [ -119.283233251270104, 35.508228242165032 ], [ -119.283569981807204, 35.508229253213422 ], [ -119.283569073840695, 35.508238937886624 ], [ -119.283566504628496, 35.508248421075827 ], [ -119.283562325522283, 35.508257513235904 ], [ -119.283556620051272, 35.508266032637358 ], [ -119.283531639809212, 35.50830071873839 ], [ -119.283513872126989, 35.508338258895677 ], [ -119.28350378771772, 35.508377658591861 ], [ -119.283501653750108, 35.508417874045065 ], [ -119.283231866670761, 35.508426773145132 ], [ -119.283233251270104, 35.508228242165032 ] ] ] } },
{ "type": "Feature", "properties": { "id": "p-00158", "input_id": "026-521-06", "source": "fd-00622", "demand": 1, "duct_group": 7, "duct_assignment": "1" }, "geometry": { "type": "Polygon", "coordinates": [ [ [ -119.283233251270104, 35.508228242165032 ], [ -119.28323444021126, 35.50805777655323 ], [ -119.283571086396293, 35.50805879568297 ], [ -119.283569981807204, 35.508229253213422 ], [ -119.283233251270104, 35.508228242165032 ] ] ] } },
{ "type": "Feature", "properties": { "id": "p-00159", "input_id": "026-521-05", "source": "fd-00622", "demand": 1, "duct_group": 7, "duct_assignment": "2" }, "geometry": { "type": "Polygon", "coordinates": [ [ [ -119.28323444021126, 35.50805777655323 ], [ -119.283235590414179, 35.507892949421709 ], [ -119.283572154320012, 35.507893966696301 ], [ -119.283571086396293, 35.50805879568297 ], [ -119.28323444021126, 35.50805777655323 ] ] ] } },
{ "type": "Feature", "properties": { "id": "p-00160", "input_id": "026-521-04", "source": "fd-00608", "demand": 1, "duct_group": 4, "duct_assignment": "4" }, "geometry": { "type": "Polygon", "coordinates": [ [ [ -119.283235590414179, 35.507892949421709 ], [ -119.283201944530433, 35.507892842756611 ], [ -119.283202030285011, 35.507887320952548 ], [ -119.283204501239851, 35.507728004538187 ], [ -119.283573222891278, 35.507729108848146 ], [ -119.283572154320012, 35.507893966696301 ], [ -119.283235590414179, 35.507892949421709 ] ] ] } },
{ "type": "Feature", "properties": { "id": "p-00161", "input_id": "026-521-03", "source": "fd-00608", "demand": 1, "duct_group": 4, "duct_assignment": "3" }, "geometry": { "type": "Polygon", "coordinates": [ [ [ -119.283204501239851, 35.507728004538187 ], [ -119.283207058661205, 35.507563141964354 ], [ -119.28357429201148, 35.507564215829802 ], [ -119.283573222891278, 35.507729108848146 ], [ -119.283204501239851, 35.507728004538187 ] ] ] } },
{ "type": "Feature", "properties": { "id": "p-00162", "input_id": "026-521-02", "source": "fd-00607", "demand": 1, "duct_group": 4, "duct_assignment": "1" }, "geometry": { "type": "Polygon", "coordinates": [ [ [ -119.283207058661205, 35.507563141964354 ], [ -119.283209615439091, 35.507398238824493 ], [ -119.283575361427339, 35.50739927141931 ], [ -119.28357429201148, 35.507564215829802 ], [ -119.283207058661205, 35.507563141964354 ] ] ] } },
{ "type": "Feature", "properties": { "id": "p-00163", "input_id": "026-521-01", "source": "fd-00607", "demand": 1, "duct_group": 4, "duct_assignment": "2" }, "geometry": { "type": "Polygon", "coordinates": [ [ [ -119.283209615439091, 35.507398238824493 ], [ -119.283212385016085, 35.507219500980412 ], [ -119.283509264054302, 35.507220271059651 ], [ -119.283576162352205, 35.507275508132416 ], [ -119.283575361427339, 35.50739927141931 ], [ -119.283209615439091, 35.507398238824493 ] ] ] } },
{ "type": "Feature", "properties": { "id": "p-00164", "input_id": "026-521-10", "source": "fd-00624", "demand": 1, "duct_group": 7, "duct_assignment": "5" }, "geometry": { "type": "Polygon", "coordinates": [ [ [ -119.283665771886064, 35.508873884573404 ], [ -119.283433971404392, 35.508873259215648 ], [ -119.283639461998419, 35.50861532025062 ], [ -119.283677313571644, 35.508632299959551 ], [ -119.283717732931009, 35.508644707174426 ], [ -119.283759898978317, 35.508652289848925 ], [ -119.283802955131236, 35.50865489394468 ], [ -119.283801607294862, 35.508874250741776 ], [ -119.283665771886064, 35.508873884573404 ] ] ] } },
{ "type": "Feature", "properties": { "id": "p-00165", "input_id": "026-521-09", "source": "fd-00624", "demand": 1, "duct_group": 7, "duct_assignment": "6" }, "geometry": { "type": "Polygon", "coordinates": [ [ [ -119.283264321288399, 35.50887280127192 ], [ -119.283264796907588, 35.508804280275513 ], [ -119.283264548736796, 35.508801897452145 ], [ -119.283263798522441, 35.508799586015918 ], [ -119.283262569038214, 35.508797416133156 ], [ -119.283260897606581, 35.508795453673308 ], [ -119.283258834965949, 35.508793758209066 ], [ -119.28325644373021, 35.508792381208487 ], [ -119.283253796488168, 35.508791364471818 ], [ -119.283250973600019, 35.50879073886351 ], [ -119.283248060757884, 35.508790523374472 ], [ -119.283229329416827, 35.508790470134585 ], [ -119.283230035125882, 35.508689380142826 ], [ -119.283544541980433, 35.508535281610591 ], [ -119.283571092984516, 35.50856579657335 ], [ -119.283602976919283, 35.508592681807386 ], [ -119.283639461998419, 35.50861532025062 ], [ -119.283433971404392, 35.508873259215648 ], [ -119.283264321288399, 35.50887280127192 ] ] ] } },
{ "type": "Feature", "properties": { "id": "p-00166", "input_id": "026-521-08", "source": "fd-00623", "demand": 1, "duct_group": 7, "duct_assignment": "4" }, "geometry": { "type": "Polygon", "coordinates": [ [ [ -119.283231866670761, 35.508426773145132 ], [ -119.283501653750108, 35.508417874045065 ], [ -119.283507847862737, 35.508458788862228 ], [ -119.283522277918408, 35.508498291498526 ], [ -119.283544541980433, 35.508535281610591 ], [ -119.283230035125882, 35.508689380142826 ], [ -119.283231866670761, 35.508426773145132 ] ] ] } },
{ "type": "Feature", "properties": { "id": "p-00167", "input_id": "026-700-01", "source": "fd-00619", "demand": 1, "duct_group": 6, "duct_assignment": "5" }, "geometry": { "type": "Polygon", "coordinates": [ [ [ -119.285060719908799, 35.50699616441733 ], [ -119.28499413023512, 35.50694104569606 ], [ -119.284996979609943, 35.506660775291635 ], [ -119.285051139157233, 35.506616922449766 ], [ -119.285228948024923, 35.506617339446457 ], [ -119.285227961656673, 35.506996602658148 ], [ -119.285060719908799, 35.50699616441733 ] ] ] } },
{ "type": "Feature", "properties": { "id": "p-00168", "input_id": "026-440-04", "source": "fd-00600", "demand": 1, "duct_group": 1, "duct_assignment": "1" }, "geometry": { "type": "Polygon", "coordinates": [ [ [ -119.281561967153038, 35.507030982239094 ], [ -119.281566513033084, 35.506629003579654 ], [ -119.281751530225392, 35.50662971190404 ], [ -119.28174699480661, 35.507031808550451 ], [ -119.281561967153038, 35.507030982239094 ] ] ] } },
{ "type": "Feature", "properties": { "id": "p-00169", "input_id": "026-440-03", "source": "fd-00600", "demand": 1, "duct_group": 1, "duct_assignment": "2" }, "geometry": { "type": "Polygon", "coordinates": [ [ [ -119.28174699480661, 35.507031808550451 ], [ -119.281751530225392, 35.50662971190404 ], [ -119.281936709088441, 35.506630395729694 ], [ -119.281932851131032, 35.506988444240129 ], [ -119.281932372519861, 35.50703260299008 ], [ -119.28174699480661, 35.507031808550451 ] ] ] } },
{ "type": "Feature", "properties": { "id": "p-00170", "input_id": "026-440-07", "source": "fd-00665", "demand": 1, "duct_group": 0, "duct_assignment": "9" }, "geometry": { "type": "Polygon", "coordinates": [ [ [ -119.280632342256681, 35.507026132489145 ], [ -119.280621776407415, 35.507025405493977 ], [ -119.280611480996598, 35.507023331716454 ], [ -119.280601711148663, 35.507019962545662 ], [ -119.280592708964377, 35.507015381471071 ], [ -119.280584697521377, 35.50700970201359 ], [ -119.280577875346154, 35.507003064912304 ], [ -119.280572411494703, 35.50699563463732 ], [ -119.280568441362888, 35.506987595313653 ], [ -119.280566063331719, 35.50697914615882 ], [ -119.280565336329104, 35.506970496546074 ], [ -119.280574049556463, 35.506277954788885 ], [ -119.28057521490048, 35.506268461755369 ], [ -119.280578370244541, 35.506259276504338 ], [ -119.280583420520855, 35.506250675777366 ], [ -119.280590213569624, 35.506242918705006 ], [ -119.280598544723333, 35.506236238999186 ], [ -119.280608162973252, 35.506230837912035 ], [ -119.280618778532116, 35.506226878172264 ], [ -119.280630071564929, 35.506224479082391 ], [ -119.280641701825388, 35.506223712924232 ], [ -119.281571034699354, 35.506227100823388 ], [ -119.281566513033084, 35.506629003579654 ], [ -119.281561967153038, 35.507030982239094 ], [ -119.280632342256681, 35.507026132489145 ] ] ] } },
{ "type": "Feature", "properties": { "id": "p-00171", "input_id": "026-531-20", "source": "fd-00403", "demand": 1, "duct_group": 1, "duct_assignment": "8" }, "geometry": { "type": "Polygon", "coordinates": [ [ [ -119.285172695376531, 35.507777283908027 ], [ -119.285173835775325, 35.507501119181406 ], [ -119.285375591679923, 35.507501653376387 ], [ -119.285374533506712, 35.507777816350739 ], [ -119.285172695376531, 35.507777283908027 ] ] ] } },
{ "type": "Feature", "properties": { "id": "p-00172", "input_id": "026-531-07", "source": "fd-00399", "demand": 1, "duct_group": 0, "duct_assignment": "8" }, "geometry": { "type": "Polygon", "coordinates": [ [ [ -119.285173835775325, 35.507501119181406 ], [ -119.285174976302031, 35.507224751614103 ], [ -119.285376649995328, 35.507225288462635 ], [ -119.285375591679923, 35.507501653376387 ], [ -119.285173835775325, 35.507501119181406 ] ] ] } },
{ "type": "Feature", "properties": { "id": "p-00173", "input_id": "026-531-19", "source": "fd-00402", "demand": 1, "duct_group": 1, "duct_assignment": "6" }, "geometry": { "type": "Polygon", "coordinates": [ [ [ -119.285374533506712, 35.507777816350739 ], [ -119.285375591679923, 35.507501653376387 ], [ -119.285577347544887, 35.507502184536563 ], [ -119.285576370452631, 35.507778343066278 ], [ -119.285374533506712, 35.507777816350739 ] ] ] } },
{ "type": "Feature", "properties": { "id": "p-00174", "input_id": "026-532-08", "source": "fd-00416", "demand": 1, "duct_group": 3, "duct_assignment": "10" }, "geometry": { "type": "Polygon", "coordinates": [ [ [ -119.285372949136274, 35.508191189097474 ], [ -119.285374006776294, 35.507915202843229 ], [ -119.285575884840512, 35.50791572913311 ], [ -119.285574908366456, 35.508191716350005 ], [ -119.285372949136274, 35.508191189097474 ] ] ] } },
{ "type": "Feature", "properties": { "id": "p-00175", "input_id": "026-522-05", "source": "fd-00408", "demand": 1, "duct_group": 2, "duct_assignment": "6" }, "geometry": { "type": "Polygon", "coordinates": [ [ [ -119.285371890716732, 35.508467055446985 ], [ -119.285372949136274, 35.508191189097474 ], [ -119.285574908366456, 35.508191716350005 ], [ -119.285573933388036, 35.508467588145216 ], [ -119.285371890716732, 35.508467055446985 ] ] ] } },
{ "type": "Feature", "properties": { "id": "p-00176", "input_id": "026-532-07", "source": "fd-00417", "demand": 1, "duct_group": 3, "duct_assignment": "11" }, "geometry": { "type": "Polygon", "coordinates": [ [ [ -119.28517098872193, 35.508190656117328 ], [ -119.285172128644206, 35.507914671715753 ], [ -119.285374006776294, 35.507915202843229 ], [ -119.285372949136274, 35.508191189097474 ], [ -119.28517098872193, 35.508190656117328 ] ] ] } },
{ "type": "Feature", "properties": { "id": "p-00177", "input_id": "026-522-06", "source": "fd-00409", "demand": 1, "duct_group": 2, "duct_assignment": "7" }, "geometry": { "type": "Polygon", "coordinates": [ [ [ -119.285169849107945, 35.508466519701457 ], [ -119.28517098872193, 35.508190656117328 ], [ -119.285372949136274, 35.508191189097474 ], [ -119.285371890716732, 35.508467055446985 ], [ -119.285169849107945, 35.508466519701457 ] ] ] } },
{ "type": "Feature", "properties": { "id": "p-00178", "input_id": "026-531-08", "source": "fd-00398", "demand": 1, "duct_group": 0, "duct_assignment": "5" }, "geometry": { "type": "Polygon", "coordinates": [ [ [ -119.285375591679923, 35.507501653376387 ], [ -119.285376649995328, 35.507225288462635 ], [ -119.285578323705337, 35.507225825881463 ], [ -119.285577347544887, 35.507502184536563 ], [ -119.285375591679923, 35.507501653376387 ] ] ] } },
{ "type": "Feature", "properties": { "id": "p-00179", "input_id": "026-521-18", "source": "fd-00436", "demand": 1, "duct_group": 6, "duct_assignment": "11" }, "geometry": { "type": "Polygon", "coordinates": [ [ [ -119.28548004644091, 35.508878763150129 ], [ -119.285312057655162, 35.508878312291927 ], [ -119.285278451298254, 35.508878222002359 ], [ -119.285279541396449, 35.508604008488639 ], [ -119.285483308660986, 35.508604550348593 ], [ -119.285482299801885, 35.508878769331204 ], [ -119.28548004644091, 35.508878763150129 ] ] ] } },
{ "type": "Feature", "properties": { "id": "p-00180", "input_id": "026-521-19", "source": "fd-00435", "demand": 1, "duct_group": 6, "duct_assignment": "9" }, "geometry": { "type": "Polygon", "coordinates": [ [ [ -119.285648035228462, 35.508879213778762 ], [ -119.285482299801885, 35.508878769331204 ], [ -119.285483308660986, 35.508604550348593 ], [ -119.285687074783752, 35.508605089178566 ], [ -119.285686149396355, 35.508879315409288 ], [ -119.285648035228462, 35.508879213778762 ] ] ] } },
{ "type": "Feature", "properties": { "id": "p-00181", "input_id": "026-700-02", "source": "fd-00619", "demand": 1, "duct_group": 6, "duct_assignment": "6" }, "geometry": { "type": "Polygon", "coordinates": [ [ [ -119.285227961656673, 35.506996602658148 ], [ -119.285228948024923, 35.506617339446457 ], [ -119.285447523907166, 35.506617892333288 ], [ -119.28544639879685, 35.506997171430129 ], [ -119.285227961656673, 35.506996602658148 ] ] ] } },
{ "type": "Feature", "properties": { "id": "p-00182", "input_id": "026-531-18", "source": "fd-00402", "demand": 1, "duct_group": 1, "duct_assignment": "5" }, "geometry": { "type": "Polygon", "coordinates": [ [ [ -119.285576370452631, 35.507778343066278 ], [ -119.285577347544887, 35.507502184536563 ], [ -119.285779103341881, 35.507502710859526 ], [ -119.285778208418733, 35.507778864031501 ], [ -119.285576370452631, 35.507778343066278 ] ] ] } },
{ "type": "Feature", "properties": { "id": "p-00183", "input_id": "026-532-09", "source": "fd-00416", "demand": 1, "duct_group": 3, "duct_assignment": "9" }, "geometry": { "type": "Polygon", "coordinates": [ [ [ -119.285574908366456, 35.508191716350005 ], [ -119.285575884840512, 35.50791572913311 ], [ -119.285777762808635, 35.507916248782848 ], [ -119.285776868616892, 35.50819223785183 ], [ -119.285574908366456, 35.508191716350005 ] ] ] } },
{ "type": "Feature", "properties": { "id": "p-00184", "input_id": "026-522-04", "source": "fd-00408", "demand": 1, "duct_group": 2, "duct_assignment": "5" }, "geometry": { "type": "Polygon", "coordinates": [ [ [ -119.285573933388036, 35.508467588145216 ], [ -119.285574908366456, 35.508191716350005 ], [ -119.285776868616892, 35.50819223785183 ], [ -119.285775974889262, 35.508468116016807 ], [ -119.285573933388036, 35.508467588145216 ] ] ] } },
{ "type": "Feature", "properties": { "id": "p-00185", "input_id": "026-531-09", "source": "fd-00398", "demand": 1, "duct_group": 0, "duct_assignment": "6" }, "geometry": { "type": "Polygon", "coordinates": [ [ [ -119.285577347544887, 35.507502184536563 ], [ -119.285578323705337, 35.507225825881463 ], [ -119.285779998491947, 35.507226361155489 ], [ -119.285779103341881, 35.507502710859526 ], [ -119.285577347544887, 35.507502184536563 ] ] ] } },
{ "type": "Feature", "properties": { "id": "p-00186", "input_id": "026-521-20", "source": "fd-00435", "demand": 1, "duct_group": 6, "duct_assignment": "10" }, "geometry": { "type": "Polygon", "coordinates": [ [ [ -119.285816022915697, 35.508879664189394 ], [ -119.285686149396355, 35.508879315409288 ], [ -119.285687074783752, 35.508605089178566 ], [ -119.285890841954924, 35.508605624054418 ], [ -119.285889997905386, 35.508879862062066 ], [ -119.285816022915697, 35.508879664189394 ] ] ] } },
{ "type": "Feature", "properties": { "id": "p-00187", "input_id": "026-700-03", "source": "fd-00620", "demand": 1, "duct_group": 6, "duct_assignment": "8" }, "geometry": { "type": "Polygon", "coordinates": [ [ [ -119.28544639879685, 35.506997171430129 ], [ -119.285447523907166, 35.506617892333288 ], [ -119.285666203664121, 35.506618460871174 ], [ -119.285664951611977, 35.506997734998571 ], [ -119.28544639879685, 35.506997171430129 ] ] ] } },
{ "type": "Feature", "properties": { "id": "p-00188", "input_id": "026-700-04", "source": "fd-00620", "demand": 1, "duct_group": 6, "duct_assignment": "7" }, "geometry": { "type": "Polygon", "coordinates": [ [ [ -119.285664951611977, 35.506997734998571 ], [ -119.285666203664121, 35.506618460871174 ], [ -119.285884997116653, 35.506619038647273 ], [ -119.28588360249546, 35.506998295349888 ], [ -119.285664951611977, 35.506997734998571 ] ] ] } },
{ "type": "Feature", "properties": { "id": "p-00189", "input_id": "026-531-17", "source": "fd-00401", "demand": 1, "duct_group": 1, "duct_assignment": "4" }, "geometry": { "type": "Polygon", "coordinates": [ [ [ -119.285778208418733, 35.507778864031501 ], [ -119.285779103341881, 35.507502710859526 ], [ -119.285980859071046, 35.507503232345265 ], [ -119.285980045158325, 35.507779376565843 ], [ -119.285778208418733, 35.507778864031501 ] ] ] } },
{ "type": "Feature", "properties": { "id": "p-00190", "input_id": "026-531-10", "source": "fd-00397", "demand": 1, "duct_group": 0, "duct_assignment": "3" }, "geometry": { "type": "Polygon", "coordinates": [ [ [ -119.285779103341881, 35.507502710859526 ], [ -119.285779998491947, 35.507226361155489 ], [ -119.285981672179005, 35.507226896110218 ], [ -119.285980859071046, 35.507503232345265 ], [ -119.285779103341881, 35.507502710859526 ] ] ] } },
{ "type": "Feature", "properties": { "id": "p-00191", "input_id": "026-531-16", "source": "fd-00401", "demand": 1, "duct_group": 1, "duct_assignment": "3" }, "geometry": { "type": "Polygon", "coordinates": [ [ [ -119.285980045158325, 35.507779376565843 ], [ -119.285980859071046, 35.507503232345265 ], [ -119.286182614689878, 35.507503746289984 ], [ -119.28618188284743, 35.507779878843749 ], [ -119.285980045158325, 35.507779376565843 ] ] ] } },
{ "type": "Feature", "properties": { "id": "p-00192", "input_id": "026-531-11", "source": "fd-00397", "demand": 1, "duct_group": 0, "duct_assignment": "4" }, "geometry": { "type": "Polygon", "coordinates": [ [ [ -119.285980859071046, 35.507503232345265 ], [ -119.285981672179005, 35.507226896110218 ], [ -119.286183345840541, 35.507227428931593 ], [ -119.286182614689878, 35.507503746289984 ], [ -119.285980859071046, 35.507503232345265 ] ] ] } },
{ "type": "Feature", "properties": { "id": "p-00193", "input_id": "026-522-01", "source": "fd-00406", "demand": 1, "duct_group": 2, "duct_assignment": "1" }, "geometry": { "type": "Polygon", "coordinates": [ [ [ -119.286180058719552, 35.508469152727749 ], [ -119.286180788702183, 35.508193252823368 ], [ -119.286382748438257, 35.508193739984449 ], [ -119.286382100851142, 35.508469648949955 ], [ -119.286180058719552, 35.508469152727749 ] ] ] } },
{ "type": "Feature", "properties": { "id": "p-00194", "input_id": "026-532-11", "source": "fd-00415", "demand": 1, "duct_group": 3, "duct_assignment": "8" }, "geometry": { "type": "Polygon", "coordinates": [ [ [ -119.285978828742913, 35.508192750910816 ], [ -119.285979640652371, 35.507916759990003 ], [ -119.286181519431594, 35.507917260039449 ], [ -119.286180788702183, 35.508193252823368 ], [ -119.285978828742913, 35.508192750910816 ] ] ] } },
{ "type": "Feature", "properties": { "id": "p-00195", "input_id": "026-522-02", "source": "fd-00407", "demand": 1, "duct_group": 2, "duct_assignment": "4" }, "geometry": { "type": "Polygon", "coordinates": [ [ [ -119.285978017410642, 35.508468638137408 ], [ -119.285978828742913, 35.508192750910816 ], [ -119.286180788702183, 35.508193252823368 ], [ -119.286180058719552, 35.508469152727749 ], [ -119.285978017410642, 35.508468638137408 ] ] ] } },
{ "type": "Feature", "properties": { "id": "p-00196", "input_id": "026-532-10", "source": "fd-00415", "demand": 1, "duct_group": 3, "duct_assignment": "7" }, "geometry": { "type": "Polygon", "coordinates": [ [ [ -119.285776868616892, 35.50819223785183 ], [ -119.285777762808635, 35.507916248782848 ], [ -119.285979640652371, 35.507916759990003 ], [ -119.285978828742913, 35.508192750910816 ], [ -119.285776868616892, 35.50819223785183 ] ] ] } },
{ "type": "Feature", "properties": { "id": "p-00197", "input_id": "026-522-03", "source": "fd-00407", "demand": 1, "duct_group": 2, "duct_assignment": "3" }, "geometry": { "type": "Polygon", "coordinates": [ [ [ -119.285775974889262, 35.508468116016807 ], [ -119.285776868616892, 35.50819223785183 ], [ -119.285978828742913, 35.508192750910816 ], [ -119.285978017410642, 35.508468638137408 ], [ -119.285775974889262, 35.508468116016807 ] ] ] } },
{ "type": "Feature", "properties": { "id": "p-00198", "input_id": "026-521-21", "source": "fd-00434", "demand": 1, "duct_group": 6, "duct_assignment": "8" }, "geometry": { "type": "Polygon", "coordinates": [ [ [ -119.285984011692847, 35.508880113457664 ], [ -119.285889997905386, 35.508879862062066 ], [ -119.285890841954924, 35.508605624054418 ], [ -119.286094609072364, 35.508606154987532 ], [ -119.286093847505256, 35.508880407464048 ], [ -119.285984011692847, 35.508880113457664 ] ] ] } },
{ "type": "Feature", "properties": { "id": "p-00199", "input_id": "026-521-22", "source": "fd-00433", "demand": 1, "duct_group": 6, "duct_assignment": "7" }, "geometry": { "type": "Polygon", "coordinates": [ [ [ -119.286151999383776, 35.508880563409214 ], [ -119.286093847505256, 35.508880407464048 ], [ -119.286094609072364, 35.508606154987532 ], [ -119.286298660998241, 35.50860664023822 ], [ -119.286297982027406, 35.50888091439306 ], [ -119.286151999383776, 35.508880563409214 ] ] ] } },
{ "type": "Feature", "properties": { "id": "p-00200", "input_id": "026-700-05", "source": "fd-00621", "demand": 1, "duct_group": 6, "duct_assignment": "10" }, "geometry": { "type": "Polygon", "coordinates": [ [ [ -119.285965324441221, 35.506998505862214 ], [ -119.28588360249546, 35.506998295349888 ], [ -119.285884997116653, 35.506619038647273 ], [ -119.285970287295314, 35.50661926861175 ], [ -119.286120809568473, 35.506619675028851 ], [ -119.286119180750447, 35.506998900845019 ], [ -119.285965324441221, 35.506998505862214 ] ] ] } },
{ "type": "Feature", "properties": { "id": "p-00201", "input_id": "026-531-15", "source": "fd-00400", "demand": 1, "duct_group": 1, "duct_assignment": "1" }, "geometry": { "type": "Polygon", "coordinates": [ [ [ -119.28618188284743, 35.507779878843749 ], [ -119.286182614689878, 35.507503746289984 ], [ -119.2863843701561, 35.507504249990113 ], [ -119.28638372031331, 35.507780366370724 ], [ -119.28618188284743, 35.507779878843749 ] ] ] } },
{ "type": "Feature", "properties": { "id": "p-00202", "input_id": "026-531-12", "source": "fd-00396", "demand": 1, "duct_group": 0, "duct_assignment": "1" }, "geometry": { "type": "Polygon", "coordinates": [ [ [ -119.286182614689878, 35.507503746289984 ], [ -119.286183345840541, 35.507227428931593 ], [ -119.286385019476413, 35.507227959619662 ], [ -119.2863843701561, 35.507504249990113 ], [ -119.286182614689878, 35.507503746289984 ] ] ] } },
{ "type": "Feature", "properties": { "id": "p-00203", "input_id": "026-532-12", "source": "fd-00414", "demand": 1, "duct_group": 3, "duct_assignment": "5" }, "geometry": { "type": "Polygon", "coordinates": [ [ [ -119.286180788702183, 35.508193252823368 ], [ -119.286181519431594, 35.507917260039449 ], [ -119.286383396871273, 35.507917744448029 ], [ -119.286382748438257, 35.508193739984449 ], [ -119.286180788702183, 35.508193252823368 ] ] ] } },
{ "type": "Feature", "properties": { "id": "p-00204", "input_id": "026-533-01", "source": "fd-00433", "demand": 1, "duct_group": 6, "duct_assignment": "6" }, "geometry": { "type": "Polygon", "coordinates": [ [ [ -119.286487977456929, 35.508881422935048 ], [ -119.286319988660239, 35.508880973454204 ], [ -119.286297982027406, 35.50888091439306 ], [ -119.286298660998241, 35.50860664023822 ], [ -119.286317184959586, 35.508606687067719 ], [ -119.286329430279551, 35.50860744011856 ], [ -119.28634141143209, 35.508609641449617 ], [ -119.286352873605864, 35.508613244243797 ], [ -119.286363573027131, 35.508618171878034 ], [ -119.286405877322338, 35.50863817094325 ], [ -119.286451561711914, 35.508652352717434 ], [ -119.2864994392325, 35.508660348732015 ], [ -119.286548265937597, 35.508661951235766 ], [ -119.286559313248375, 35.508881613773433 ], [ -119.286487977456929, 35.508881422935048 ] ] ] } },
{ "type": "Feature", "properties": { "id": "p-00205", "input_id": "026-700-06", "source": "fd-00621", "demand": 1, "duct_group": 6, "duct_assignment": "9" }, "geometry": { "type": "Polygon", "coordinates": [ [ [ -119.286119180750447, 35.506998900845019 ], [ -119.286120809568473, 35.506619675028851 ], [ -119.286348561764456, 35.506620318689954 ], [ -119.286346470195454, 35.506999492576043 ], [ -119.286119180750447, 35.506998900845019 ] ] ] } },
{ "type": "Feature", "properties": { "id": "p-00206", "input_id": "026-531-14", "source": "fd-00400", "demand": 1, "duct_group": 1, "duct_assignment": "2" }, "geometry": { "type": "Polygon", "coordinates": [ [ [ -119.28638372031331, 35.507780366370724 ], [ -119.2863843701561, 35.507504249990113 ], [ -119.286604820967824, 35.507504778518765 ], [ -119.286604371671899, 35.507725917149166 ], [ -119.286536981072629, 35.507780720206661 ], [ -119.28638372031331, 35.507780366370724 ] ] ] } },
{ "type": "Feature", "properties": { "id": "p-00207", "input_id": "026-531-13", "source": "fd-00396", "demand": 1, "duct_group": 0, "duct_assignment": "2" }, "geometry": { "type": "Polygon", "coordinates": [ [ [ -119.2863843701561, 35.507504249990113 ], [ -119.286385019476413, 35.507227959619662 ], [ -119.286538167489013, 35.507228359692085 ], [ -119.286605270956059, 35.507283543414701 ], [ -119.286604820967824, 35.507504778518765 ], [ -119.2863843701561, 35.507504249990113 ] ] ] } },
{ "type": "Feature", "properties": { "id": "p-00208", "input_id": "026-532-13", "source": "fd-00414", "demand": 1, "duct_group": 3, "duct_assignment": "6" }, "geometry": { "type": "Polygon", "coordinates": [ [ [ -119.286382748438257, 35.508193739984449 ], [ -119.286383396871273, 35.507917744448029 ], [ -119.286536688705652, 35.507918095257729 ], [ -119.286603870695615, 35.507973188914136 ], [ -119.286603422272748, 35.508194242765192 ], [ -119.286382748438257, 35.508193739984449 ] ] ] } },
{ "type": "Feature", "properties": { "id": "p-00209", "input_id": "026-700-07", "source": "fd-00565", "demand": 1, "duct_group": 5, "duct_assignment": "10" }, "geometry": { "type": "Polygon", "coordinates": [ [ [ -119.286346470195454, 35.506999492576043 ], [ -119.286348561764456, 35.506620318689954 ], [ -119.286617941735358, 35.506620945360808 ], [ -119.286616068944824, 35.507000213421378 ], [ -119.286346470195454, 35.506999492576043 ] ] ] } },
{ "type": "Feature", "properties": { "id": "p-00210", "input_id": "026-532-14", "source": "fd-00406", "demand": 1, "duct_group": 2, "duct_assignment": "2" }, "geometry": { "type": "Polygon", "coordinates": [ [ [ -119.286382100851142, 35.508469648949955 ], [ -119.286382748438257, 35.508193739984449 ], [ -119.286603422272748, 35.508194242765192 ], [ -119.28660297544522, 35.508415257821085 ], [ -119.286535527348434, 35.508470015488697 ], [ -119.286382100851142, 35.508469648949955 ] ] ] } },
{ "type": "Feature", "properties": { "id": "p-00211", "input_id": "026-533-11", "source": "fd-00412", "demand": 1, "duct_group": 3, "duct_assignment": "2" }, "geometry": { "type": "Polygon", "coordinates": [ [ [ -119.286773135734009, 35.50740766040898 ], [ -119.286773357254688, 35.507283950889367 ], [ -119.286840669727425, 35.507229122363597 ], [ -119.287124960266794, 35.507229695507782 ], [ -119.287124724617954, 35.507254418145109 ], [ -119.287124212108708, 35.507308130051456 ], [ -119.287123259031659, 35.507408251982149 ], [ -119.286773135734009, 35.50740766040898 ] ] ] } },
{ "type": "Feature", "properties": { "id": "p-00212", "input_id": "026-533-10", "source": "fd-00412", "demand": 1, "duct_group": 3, "duct_assignment": "1" }, "geometry": { "type": "Polygon", "coordinates": [ [ [ -119.286772841381236, 35.507572553534558 ], [ -119.286773135734009, 35.50740766040898 ], [ -119.287123259031659, 35.507408251982149 ], [ -119.287121687826854, 35.507573080066116 ], [ -119.286772841381236, 35.507572553534558 ] ] ] } },
{ "type": "Feature", "properties": { "id": "p-00213", "input_id": "026-533-09", "source": "fd-00413", "demand": 1, "duct_group": 3, "duct_assignment": "4" }, "geometry": { "type": "Polygon", "coordinates": [ [ [ -119.286772547635536, 35.507737415094873 ], [ -119.286772841381236, 35.507572553534558 ], [ -119.287121687826854, 35.507573080066116 ], [ -119.287120375020294, 35.507710696576545 ], [ -119.287120116629794, 35.507737909040522 ], [ -119.286772547635536, 35.507737415094873 ] ] ] } },
{ "type": "Feature", "properties": { "id": "p-00214", "input_id": "026-533-08", "source": "fd-00413", "demand": 1, "duct_group": 3, "duct_assignment": "3" }, "geometry": { "type": "Polygon", "coordinates": [ [ [ -119.286772253634723, 35.507902260422334 ], [ -119.286772547635536, 35.507737415094873 ], [ -119.287120116629794, 35.507737909040522 ], [ -119.287118545426537, 35.507902738004155 ], [ -119.286772253634723, 35.507902260422334 ] ] ] } },
{ "type": "Feature", "properties": { "id": "p-00215", "input_id": "026-533-05", "source": "fd-00430", "demand": 1, "duct_group": 6, "duct_assignment": "3" }, "geometry": { "type": "Polygon", "coordinates": [ [ [ -119.286838847436783, 35.508420210734229 ], [ -119.286836135187997, 35.508382107473523 ], [ -119.286826285064237, 35.508344799189729 ], [ -119.286809531671764, 35.508309174440392 ], [ -119.286786274027961, 35.508276081685999 ], [ -119.28677997944466, 35.508267170829484 ], [ -119.286775383205949, 35.508257591181597 ], [ -119.286772588427311, 35.508247557660901 ], [ -119.2867716578087, 35.508237295368282 ], [ -119.286771667227157, 35.508231912269189 ], [ -119.287115402986885, 35.508232394997769 ], [ -119.28711482676961, 35.508292809259835 ], [ -119.287113569408916, 35.50842467619227 ], [ -119.286838847436783, 35.508420210734229 ] ] ] } },
{ "type": "Feature", "properties": { "id": "p-00216", "input_id": "026-533-06", "source": "fd-00429", "demand": 1, "duct_group": 6, "duct_assignment": "1" }, "geometry": { "type": "Polygon", "coordinates": [ [ [ -119.286771667227157, 35.508231912269189 ], [ -119.286771960523254, 35.508067092209103 ], [ -119.287116974216957, 35.508067566956989 ], [ -119.287116396800926, 35.508127974925976 ], [ -119.287115402986885, 35.508232394997769 ], [ -119.286771667227157, 35.508231912269189 ] ] ] } },
{ "type": "Feature", "properties": { "id": "p-00217", "input_id": "026-533-07", "source": "fd-00429", "demand": 1, "duct_group": 6, "duct_assignment": "2" }, "geometry": { "type": "Polygon", "coordinates": [ [ [ -119.286771960523254, 35.508067092209103 ], [ -119.286772253634723, 35.507902260422334 ], [ -119.287118545426537, 35.507902738004155 ], [ -119.287117969044488, 35.507963141459392 ], [ -119.287116974216957, 35.508067566956989 ], [ -119.286771960523254, 35.508067092209103 ] ] ] } },
{ "type": "Feature", "properties": { "id": "p-00218", "input_id": "026-533-12", "source": "fd-00431", "demand": 1, "duct_group": 6, "duct_assignment": "4" }, "geometry": { "type": "Polygon", "coordinates": [ [ [ -119.28699194274175, 35.508882769110564 ], [ -119.286905889566782, 35.508882539705887 ], [ -119.28670023583193, 35.508622840961927 ], [ -119.286739308185233, 35.508598380931822 ], [ -119.286773009637912, 35.508569061792734 ], [ -119.286800447226781, 35.50853566039806 ], [ -119.286820893961618, 35.50849906176559 ], [ -119.286833808087152, 35.50846023562714 ], [ -119.286838847436783, 35.508420210734229 ], [ -119.287113569408916, 35.50842467619227 ], [ -119.287111197201369, 35.508674282225755 ], [ -119.287109200091621, 35.508883081856887 ], [ -119.28699194274175, 35.508882769110564 ] ] ] } },
{ "type": "Feature", "properties": { "id": "p-00219", "input_id": "026-533-02", "source": "fd-00432", "demand": 1, "duct_group": 6, "duct_assignment": "5" }, "geometry": { "type": "Polygon", "coordinates": [ [ [ -119.286807155168219, 35.508882275335218 ], [ -119.286655965153301, 35.508881872197861 ], [ -119.286559313248375, 35.508881613773433 ], [ -119.286548265937597, 35.508661951235766 ], [ -119.286588316733756, 35.508658488111081 ], [ -119.28662745172872, 35.508650711417694 ], [ -119.286664979198079, 35.508638758611333 ], [ -119.28670023583193, 35.508622840961927 ], [ -119.286905889566782, 35.508882539705887 ], [ -119.286807155168219, 35.508882275335218 ] ] ] } },
{ "type": "Feature", "properties": { "id": "p-00220", "input_id": "026-700-08", "source": "fd-00565", "demand": 1, "duct_group": 5, "duct_assignment": "9" }, "geometry": { "type": "Polygon", "coordinates": [ [ [ -119.286616068944824, 35.507000213421378 ], [ -119.286617941735358, 35.506620945360808 ], [ -119.286743709194312, 35.506621181065256 ], [ -119.286757476073731, 35.506622143503286 ], [ -119.286770863987329, 35.506624937560183 ], [ -119.286783510997594, 35.506629487699598 ], [ -119.286795075196849, 35.506635670910114 ], [ -119.286805243950781, 35.50664332003079 ], [ -119.286819792555278, 35.506654748805076 ], [ -119.286835909423004, 35.506664671637616 ], [ -119.286835411906395, 35.50700082883349 ], [ -119.286616068944824, 35.507000213421378 ] ] ] } },
{ "type": "Feature", "properties": { "id": "p-00221", "input_id": "026-671-08", "source": "fd-00391", "demand": 1, "duct_group": 10, "duct_assignment": "9" }, "geometry": { "type": "Polygon", "coordinates": [ [ [ -119.291104097432964, 35.507012725077466 ], [ -119.291105011680955, 35.506779219911998 ], [ -119.291110778506322, 35.506779176466729 ], [ -119.291116541695331, 35.506778971713388 ], [ -119.291122291314167, 35.506778604854979 ], [ -119.291128022968252, 35.506778076838977 ], [ -119.291133728956552, 35.506777388647691 ], [ -119.291139402666047, 35.506776540350586 ], [ -119.291145037511924, 35.506775533819606 ], [ -119.291150626881205, 35.506774369124159 ], [ -119.291156164189033, 35.506773048136189 ], [ -119.291161641748573, 35.506771572739225 ], [ -119.291167055165417, 35.506769943880741 ], [ -119.291172396780723, 35.506768165246719 ], [ -119.291177659981642, 35.506766236906657 ], [ -119.291182840401802, 35.506764161610533 ], [ -119.291187929280596, 35.506761943055864 ], [ -119.291192923325497, 35.506759582178617 ], [ -119.291197813775895, 35.506757082676316 ], [ -119.291202597367644, 35.506754447287456 ], [ -119.291207267544422, 35.506751679686289 ], [ -119.291211818837809, 35.506748782634503 ], [ -119.29121624467723, 35.506745758905232 ], [ -119.291220541826974, 35.506742613039251 ], [ -119.291224704832814, 35.506739348699533 ], [ -119.291228728226443, 35.506735968647519 ], [ -119.291232606581929, 35.506732478348518 ], [ -119.291543486335158, 35.506925454123049 ], [ -119.291542436277354, 35.507013871032605 ], [ -119.291104097432964, 35.507012725077466 ] ] ] } },
{ "type": "Feature", "properties": { "id": "p-00222", "input_id": "026-671-09", "source": "fd-00391", "demand": 1, "duct_group": 10, "duct_assignment": "10" }, "geometry": { "type": "Polygon", "coordinates": [ [ [ -119.290660752596665, 35.507011564320905 ], [ -119.290661850533965, 35.506917642234555 ], [ -119.290978199427968, 35.506730667054995 ], [ -119.290982009817782, 35.506734218111589 ], [ -119.290985966199955, 35.506737659469842 ], [ -119.29099006632768, 35.50674098844928 ], [ -119.29099430348883, 35.506744198810708 ], [ -119.290998672144212, 35.506747288809613 ], [ -119.291003170032866, 35.506750254864208 ], [ -119.291007788252486, 35.50675309165964 ], [ -119.291012524570448, 35.506755797416744 ], [ -119.291017370112655, 35.506758368623146 ], [ -119.291022322618304, 35.506760801697006 ], [ -119.291027373227408, 35.506763094027349 ], [ -119.291032518590939, 35.506765242945171 ], [ -119.29103774984911, 35.50676724583942 ], [ -119.291043062564881, 35.506769100953903 ], [ -119.291048451184921, 35.506770805642823 ], [ -119.291053906849342, 35.506772357295077 ], [ -119.291059426237481, 35.506773755044257 ], [ -119.291064999387316, 35.506774996290758 ], [ -119.29107062297814, 35.506776080168109 ], [ -119.291076288178346, 35.506777005867654 ], [ -119.29108198834659, 35.506777771656466 ], [ -119.291087717943739, 35.506778375789935 ], [ -119.291093469268631, 35.506778819250357 ], [ -119.291099235694091, 35.506779101205879 ], [ -119.291105011680955, 35.506779219911998 ], [ -119.291104097432964, 35.507012725077466 ], [ -119.290660752596665, 35.507011564320905 ] ] ] } },
{ "type": "Feature", "properties": { "id": "p-00223", "input_id": "026-671-10", "source": "fd-00389", "demand": 1, "duct_group": 10, "duct_assignment": "3" }, "geometry": { "type": "Polygon", "coordinates": [ [ [ -119.290662986918008, 35.506820342292137 ], [ -119.290665073967816, 35.506641784299539 ], [ -119.2906656172635, 35.506595304643227 ], [ -119.290947239038644, 35.506597833098745 ], [ -119.290945485163903, 35.506602322334331 ], [ -119.290943920524143, 35.506606858256731 ], [ -119.290942547238885, 35.506611435435424 ], [ -119.290941367413296, 35.506616047538714 ], [ -119.29094038099079, 35.506620690961697 ], [ -119.290939591164744, 35.506625358459857 ], [ -119.290938996776305, 35.506630046439838 ], [ -119.290938598814506, 35.506634747680273 ], [ -119.290938399412866, 35.506639457651929 ], [ -119.29093839737024, 35.50664417005774 ], [ -119.290938592601634, 35.50664887949047 ], [ -119.290938985036362, 35.506653581443828 ], [ -119.290939575677527, 35.506658269597729 ], [ -119.29094036111961, 35.506662937678321 ], [ -119.290941343496073, 35.506667581156371 ], [ -119.290942519415637, 35.50667219465916 ], [ -119.290943887691128, 35.506676772790939 ], [ -119.290945448223624, 35.506681309243163 ], [ -119.290947197635631, 35.506685799544364 ], [ -119.290949134740359, 35.506690238298766 ], [ -119.290951256131976, 35.506694619232562 ], [ -119.2909535606519, 35.506698938752379 ], [ -119.29095604490864, 35.506703191485514 ], [ -119.290958705496578, 35.506707371158193 ], [ -119.290961541257047, 35.506711474177052 ], [ -119.290964546594125, 35.506715495192623 ], [ -119.290967719232839, 35.506719429721848 ], [ -119.290971054693614, 35.506723273304956 ], [ -119.290974549585187, 35.506727020569308 ], [ -119.290978199427968, 35.506730667054995 ], [ -119.290661850533965, 35.506917642234555 ], [ -119.290662986918008, 35.506820342292137 ] ] ] } },
{ "type": "Feature", "properties": { "id": "p-00224", "input_id": "026-671-07", "source": "fd-00390", "demand": 1, "duct_group": 10, "duct_assignment": "7" }, "geometry": { "type": "Polygon", "coordinates": [ [ [ -119.291232606581929, 35.506732478348518 ], [ -119.291236394158219, 35.506728823150098 ], [ -119.291240024629047, 35.506725061437017 ], [ -119.291243491480614, 35.506721199587183 ], [ -119.291246791448927, 35.506717240339199 ], [ -119.291249920224331, 35.506713190047826 ], [ -119.291252875673422, 35.506709053242425 ], [ -119.291255652341846, 35.506704833585864 ], [ -119.291258247036524, 35.506700538322526 ], [ -119.291260656507532, 35.506696171092166 ], [ -119.291262878649746, 35.506691738226515 ], [ -119.291264911329549, 35.506687244254913 ], [ -119.291266750237511, 35.506682695532156 ], [ -119.291268393240045, 35.506678096587635 ], [ -119.291269840436343, 35.506673453729888 ], [ -119.291271088604859, 35.506668772400943 ], [ -119.291272135640398, 35.506664058932664 ], [ -119.291272981613801, 35.506659317831129 ], [ -119.291273624419915, 35.506654555428092 ], [ -119.291274064157804, 35.506649778032077 ], [ -119.291274298708259, 35.506644991073671 ], [ -119.291274330360508, 35.506640199937074 ], [ -119.291274157009369, 35.506635410953919 ], [ -119.291273779842015, 35.506630629520068 ], [ -119.291273198971737, 35.506625862845304 ], [ -119.291272414455335, 35.506621114534539 ], [ -119.291271428610301, 35.506616391774408 ], [ -119.291270241521673, 35.506611699972211 ], [ -119.291268855478847, 35.506607044512201 ], [ -119.291267271697208, 35.506602432592572 ], [ -119.29126549133565, 35.50659786780669 ], [ -119.291547347970635, 35.506600396927382 ], [ -119.291543486335158, 35.506925454123049 ], [ -119.291232606581929, 35.506732478348518 ] ] ] } },
{ "type": "Feature", "properties": { "id": "p-00225", "input_id": "026-671-19", "source": "fd-00380", "demand": 1, "duct_group": 8, "duct_assignment": "6" }, "geometry": { "type": "Polygon", "coordinates": [ [ [ -119.29032032036659, 35.506817664376655 ], [ -119.29032240816079, 35.506639106389734 ], [ -119.290665073967816, 35.506641784299539 ], [ -119.290662986918008, 35.506820342292137 ], [ -119.29032032036659, 35.506817664376655 ] ] ] } },
{ "type": "Feature", "properties": { "id": "p-00226", "input_id": "026-672-02", "source": "fd-00350", "demand": 1, "duct_group": 3, "duct_assignment": "11" }, "geometry": { "type": "Polygon", "coordinates": [ [ [ -119.289822971236276, 35.506810530716933 ], [ -119.289824920107066, 35.506631972404229 ], [ -119.290161188143657, 35.506634601671173 ], [ -119.290159099999357, 35.5068131596557 ], [ -119.289822971236276, 35.506810530716933 ] ] ] } },
{ "type": "Feature", "properties": { "id": "p-00227", "input_id": "026-671-20", "source": "fd-00380", "demand": 1, "duct_group": 8, "duct_assignment": "5" }, "geometry": { "type": "Polygon", "coordinates": [ [ [ -119.290385694763117, 35.50701084295055 ], [ -119.290318711146099, 35.506955367958028 ], [ -119.29032032036659, 35.506817664376655 ], [ -119.290662986918008, 35.506820342292137 ], [ -119.290661850533965, 35.506917642234555 ], [ -119.290660752596665, 35.507011564320905 ], [ -119.290385694763117, 35.50701084295055 ] ] ] } },
{ "type": "Feature", "properties": { "id": "p-00228", "input_id": "026-672-01", "source": "fd-00350", "demand": 1, "duct_group": 3, "duct_assignment": "10" }, "geometry": { "type": "Polygon", "coordinates": [ [ [ -119.289820801429315, 35.50700935962989 ], [ -119.289821971065749, 35.506902173991811 ], [ -119.289822971236276, 35.506810530716933 ], [ -119.290159099999357, 35.5068131596557 ], [ -119.29015743371022, 35.506955671760309 ], [ -119.290090055119535, 35.507010067463959 ], [ -119.289820801429315, 35.50700935962989 ] ] ] } },
{ "type": "Feature", "properties": { "id": "p-00229", "input_id": "026-682-06", "source": "fd-00357", "demand": 1, "duct_group": 4, "duct_assignment": "12" }, "geometry": { "type": "Polygon", "coordinates": [ [ [ -119.289379304254524, 35.507008199201884 ], [ -119.289380298834431, 35.506755471457332 ], [ -119.289386179281664, 35.50675543321077 ], [ -119.289392054866397, 35.506755225556539 ], [ -119.289397917901709, 35.506754850378215 ], [ -119.289403760672343, 35.506754307756552 ], [ -119.289409576565319, 35.506753597760991 ], [ -119.289415358995754, 35.506752722263293 ], [ -119.289421100248475, 35.506751681344511 ], [ -119.28942679373877, 35.506750476876398 ], [ -119.289432431779588, 35.506749110742383 ], [ -119.289438007757909, 35.506747583011766 ], [ -119.289443515117242, 35.506745897358861 ], [ -119.289448947272831, 35.506744055655552 ], [ -119.28945429762571, 35.506742058872355 ], [ -119.28945955850314, 35.506739909794 ], [ -119.289464724450895, 35.506737612083143 ], [ -119.289469787781911, 35.50673516762312 ], [ -119.289474744144044, 35.506732580065233 ], [ -119.289479586966692, 35.506729852182445 ], [ -119.289484310795615, 35.506726987637471 ], [ -119.289488907957974, 35.50672398921499 ], [ -119.289493374101667, 35.506720860566169 ], [ -119.289497703800677, 35.506717607156155 ], [ -119.289501891572428, 35.506714230845247 ], [ -119.289821971065749, 35.506902173991811 ], [ -119.289820801429315, 35.50700935962989 ], [ -119.289379304254524, 35.507008199201884 ] ] ] } },
{ "type": "Feature", "properties": { "id": "p-00230", "input_id": "026-682-07", "source": "fd-00357", "demand": 1, "duct_group": 4, "duct_assignment": "11" }, "geometry": { "type": "Polygon", "coordinates": [ [ [ -119.288922083548712, 35.507006995645554 ], [ -119.288923339167894, 35.506899805521165 ], [ -119.289259637745673, 35.506712333571393 ], [ -119.289263747298676, 35.506715776081926 ], [ -119.28926800157457, 35.506719098093086 ], [ -119.289272396122115, 35.506722296947338 ], [ -119.289276924257635, 35.506725368207931 ], [ -119.289281581501797, 35.506728307414953 ], [ -119.289286361199117, 35.506731111934123 ], [ -119.289291258870236, 35.506733777305499 ], [ -119.289296267859655, 35.506736300894744 ], [ -119.289301381511976, 35.506738680067514 ], [ -119.289306593143493, 35.506740910387101 ], [ -119.28931189833132, 35.506742990998454 ], [ -119.289317288201545, 35.506744918389117 ], [ -119.289322758303015, 35.506746689901746 ], [ -119.289328299790057, 35.506748303826271 ], [ -119.2893339082257, 35.506749758406428 ], [ -119.289339574750215, 35.506751051031181 ], [ -119.289345293838437, 35.506752180856985 ], [ -119.289351056644833, 35.506753146173899 ], [ -119.289356858732319, 35.506753945225711 ], [ -119.289362690195489, 35.506754579017645 ], [ -119.289368545481054, 35.506755044903855 ], [ -119.289374417961838, 35.506755342052585 ], [ -119.289380298834431, 35.506755471457332 ], [ -119.289379304254524, 35.507008199201884 ], [ -119.288922083548712, 35.507006995645554 ] ] ] } },
{ "type": "Feature", "properties": { "id": "p-00231", "input_id": "026-682-08", "source": "fd-00356", "demand": 1, "duct_group": 4, "duct_assignment": "10" }, "geometry": { "type": "Polygon", "coordinates": [ [ [ -119.288923499665529, 35.506886070505622 ], [ -119.28892677967238, 35.506605926948822 ], [ -119.289214335377153, 35.506608178118626 ], [ -119.289214014977517, 35.506612910988537 ], [ -119.289213895299781, 35.506617649865611 ], [ -119.289213976273317, 35.506622390243678 ], [ -119.289214255580646, 35.506627124936166 ], [ -119.289214735341375, 35.506631848512534 ], [ -119.289215414382753, 35.506636556478156 ], [ -119.28921629148941, 35.50664124163491 ], [ -119.289217366604916, 35.506645900377755 ], [ -119.289218636295487, 35.506650524630494 ], [ -119.289220100518918, 35.506655111689312 ], [ -119.289221758045656, 35.506659653454783 ], [ -119.289223606614897, 35.506664146345074 ], [ -119.289225642835333, 35.506668584987516 ], [ -119.289227865505879, 35.506672963085165 ], [ -119.289230271235226, 35.506677275265226 ], [ -119.289232857762542, 35.506681517945914 ], [ -119.289235621682323, 35.506685684853359 ], [ -119.289238560705428, 35.506689770603359 ], [ -119.289241669264541, 35.506693771648671 ], [ -119.28924494507045, 35.506697682605143 ], [ -119.289248383643809, 35.50670149901287 ], [ -119.289251981593239, 35.506705215499117 ], [ -119.289255734453732, 35.506708828505275 ], [ -119.289259637745673, 35.506712333571393 ], [ -119.288923339167894, 35.506899805521165 ], [ -119.288923499665529, 35.506886070505622 ] ] ] } },
{ "type": "Feature", "properties": { "id": "p-00232", "input_id": "026-682-05", "source": "fd-00355", "demand": 1, "duct_group": 4, "duct_assignment": "8" }, "geometry": { "type": "Polygon", "coordinates": [ [ [ -119.289501891572428, 35.506714230845247 ], [ -119.289505936342991, 35.506710733447456 ], [ -119.289509828305981, 35.506707122276616 ], [ -119.289513563123478, 35.50670340188524 ], [ -119.289517137559628, 35.50669957681405 ], [ -119.289520545072108, 35.506695651638573 ], [ -119.289523781337181, 35.506691631812487 ], [ -119.289526844206989, 35.506687520963808 ], [ -119.289529729371907, 35.50668332544732 ], [ -119.28953243247976, 35.506679048914258 ], [ -119.28953495143945, 35.506674698597557 ], [ -119.289537281898774, 35.506670278148313 ], [ -119.289539420650414, 35.506665793909875 ], [ -119.289541367779094, 35.506661251289636 ], [ -119.289543117858841, 35.506656655752636 ], [ -119.289544669872413, 35.50665201271795 ], [ -119.289546021700303, 35.506647327615973 ], [ -119.289547173441619, 35.506642606755356 ], [ -119.289548120786534, 35.506637856490819 ], [ -119.289548863805962, 35.50663308132858 ], [ -119.289549402612991, 35.506628288478517 ], [ -119.289549736176127, 35.506623482458203 ], [ -119.2895498624043, 35.506618670500607 ], [ -119.289549782470374, 35.506613857100305 ], [ -119.289549497589675, 35.506609049455584 ], [ -119.289825147567825, 35.506611205062548 ], [ -119.289824920107066, 35.506631972404229 ], [ -119.289822971236276, 35.506810530716933 ], [ -119.289821971065749, 35.506902173991811 ], [ -119.289501891572428, 35.506714230845247 ] ] ] } },
{ "type": "Feature", "properties": { "id": "p-00233", "input_id": "026-682-18", "source": "fd-00363", "demand": 1, "duct_group": 5, "duct_assignment": "10" }, "geometry": { "type": "Polygon", "coordinates": [ [ [ -119.288466240842283, 35.507005793070817 ], [ -119.288467196060211, 35.506763665031002 ], [ -119.288473038653009, 35.506763673194925 ], [ -119.288478877529798, 35.506763514643417 ], [ -119.288484706105749, 35.506763191248119 ], [ -119.288490517753658, 35.50676270217722 ], [ -119.288496304758368, 35.506762047511572 ], [ -119.288502060535009, 35.50676122912293 ], [ -119.288507778484714, 35.506760247981866 ], [ -119.288513450892239, 35.506759104169276 ], [ -119.288519071186826, 35.506757800458111 ], [ -119.288524631653345, 35.506756336929278 ], [ -119.288530127925441, 35.506754716332644 ], [ -119.288535551213982, 35.506752940563175 ], [ -119.288540896050478, 35.506751012382267 ], [ -119.288546155836073, 35.506748932760431 ], [ -119.288551324000053, 35.5067467044708 ], [ -119.288556393985843, 35.506744331187498 ], [ -119.288561359208785, 35.506741814782416 ], [ -119.288566215316592, 35.506739158906541 ], [ -119.288570955752746, 35.506736367234268 ], [ -119.288575573932548, 35.506733441637273 ], [ -119.288580065517948, 35.506730386667961 ], [ -119.288584423952372, 35.506727206000555 ], [ -119.28858864486962, 35.506723902384991 ], [ -119.288923499665529, 35.506886070505622 ], [ -119.288923339167894, 35.506899805521165 ], [ -119.288922083548712, 35.507006995645554 ], [ -119.288466240842283, 35.507005793070817 ] ] ] } },
{ "type": "Feature", "properties": { "id": "p-00234", "input_id": "026-682-19", "source": "fd-00363", "demand": 1, "duct_group": 5, "duct_assignment": "9" }, "geometry": { "type": "Polygon", "coordinates": [ [ [ -119.288009894370859, 35.507004588676232 ], [ -119.288011322787938, 35.506882674624833 ], [ -119.288347690019648, 35.506720131063844 ], [ -119.288351754176361, 35.506723563263847 ], [ -119.288355960909428, 35.506726878593419 ], [ -119.288360305739488, 35.506730072592752 ], [ -119.288364784173069, 35.506733139900653 ], [ -119.288369390671022, 35.506736078772413 ], [ -119.288374119651948, 35.506738884759663 ], [ -119.288378964460392, 35.506741555227983 ], [ -119.288383919500703, 35.506744084827801 ], [ -119.288388980364218, 35.506746473605283 ], [ -119.28839413814876, 35.506748716245532 ], [ -119.288399389519569, 35.506750810980684 ], [ -119.288404726719023, 35.506752755187989 ], [ -119.288410141989459, 35.506754546244515 ], [ -119.288415631996216, 35.506756182382532 ], [ -119.288421186777228, 35.506757661002396 ], [ -119.288426801909765, 35.506758981248879 ], [ -119.288432469636064, 35.506760140499367 ], [ -119.288438183343217, 35.506761138823066 ], [ -119.288443936375771, 35.506761973585597 ], [ -119.288449721004199, 35.50676264396666 ], [ -119.288455530615707, 35.506763150035525 ], [ -119.288461357466616, 35.506763490070639 ], [ -119.288467196060211, 35.506763665031002 ], [ -119.288466240842283, 35.507005793070817 ], [ -119.288009894370859, 35.507004588676232 ] ] ] } },
{ "type": "Feature", "properties": { "id": "p-00235", "input_id": "026-682-20", "source": "fd-00364", "demand": 1, "duct_group": 5, "duct_assignment": "12" }, "geometry": { "type": "Polygon", "coordinates": [ [ [ -119.288012107273588, 35.506815756526159 ], [ -119.288014328833214, 35.50662621128442 ], [ -119.288014608646961, 35.506602284086803 ], [ -119.288304547880585, 35.506604555675068 ], [ -119.288303716431997, 35.506609320038017 ], [ -119.28830309033988, 35.506614104782983 ], [ -119.288302669519496, 35.506618904502709 ], [ -119.288302453872006, 35.506623712888512 ], [ -119.288302444428965, 35.506628525422826 ], [ -119.288302642165448, 35.506633333982968 ], [ -119.288303044820623, 35.506638134987199 ], [ -119.288303653383707, 35.506642921214166 ], [ -119.288304466667796, 35.506647687268028 ], [ -119.288305482369722, 35.506652426863319 ], [ -119.288306701506812, 35.506657134581097 ], [ -119.288308121790195, 35.506661805037204 ], [ -119.288309740902335, 35.506666431044771 ], [ -119.288311557670639, 35.506671008109358 ], [ -119.288313568703799, 35.506675530858153 ], [ -119.288315772786561, 35.506679992092906 ], [ -119.288318166556024, 35.506684388243443 ], [ -119.288320746606928, 35.50668871303575 ], [ -119.2883235106641, 35.506692961986808 ], [ -119.288326455308137, 35.506697127921477 ], [ -119.288329576073863, 35.50670120728099 ], [ -119.288332870686332, 35.506705195582349 ], [ -119.288336332433602, 35.506709086586291 ], [ -119.288339960142949, 35.506712875798179 ], [ -119.288343747130682, 35.5067165587812 ], [ -119.288347690019648, 35.506720131063844 ], [ -119.288011322787938, 35.506882674624833 ], [ -119.288012107273588, 35.506815756526159 ] ] ] } },
{ "type": "Feature", "properties": { "id": "p-00236", "input_id": "026-682-17", "source": "fd-00361", "demand": 1, "duct_group": 5, "duct_assignment": "7" }, "geometry": { "type": "Polygon", "coordinates": [ [ [ -119.28858864486962, 35.506723902384991 ], [ -119.288592735900011, 35.506720470333036 ], [ -119.28859667851863, 35.506716923559487 ], [ -119.288600466183127, 35.506713266639835 ], [ -119.288604096745672, 35.506709503202082 ], [ -119.288607563692224, 35.506705639624137 ], [ -119.288610863758592, 35.506701678644433 ], [ -119.28861399262091, 35.506697625716455 ], [ -119.288616947057491, 35.506693486282316 ], [ -119.288619723846665, 35.506689265783969 ], [ -119.288622317533964, 35.506684967884169 ], [ -119.288624727116371, 35.506680598902996 ], [ -119.28862694825574, 35.506676163392811 ], [ -119.288628978846731, 35.506671667685467 ], [ -119.288630816755671, 35.506667116309956 ], [ -119.288632458774927, 35.506662515609747 ], [ -119.288633903887259, 35.506657871003661 ], [ -119.288635151075241, 35.506653187910601 ], [ -119.288636196014977, 35.506648471784167 ], [ -119.288637039921852, 35.506643729822635 ], [ -119.28863768064798, 35.506638965653956 ], [ -119.288638118306423, 35.506634186488036 ], [ -119.288638350763605, 35.506629396854073 ], [ -119.288638379248795, 35.506624604851503 ], [ -119.288638203818721, 35.506619814085283 ], [ -119.288637823484152, 35.506615031776754 ], [ -119.288637239417994, 35.506610262420494 ], [ -119.288636451733353, 35.50660551322634 ], [ -119.288635462719341, 35.506600789578435 ], [ -119.2889268131363, 35.506603070143754 ], [ -119.28892677967238, 35.506605926948822 ], [ -119.288923499665529, 35.506886070505622 ], [ -119.28858864486962, 35.506723902384991 ] ] ] } },
{ "type": "Feature", "properties": { "id": "p-00237", "input_id": "026-682-30", "source": "fd-00419", "demand": 1, "duct_group": 4, "duct_assignment": "3" }, "geometry": { "type": "Polygon", "coordinates": [ [ [ -119.287725226955828, 35.507003835851719 ], [ -119.287657770475619, 35.506947965974504 ], [ -119.28765935306383, 35.506812992113069 ], [ -119.288012107273588, 35.506815756526159 ], [ -119.288011322787938, 35.506882674624833 ], [ -119.288009894370859, 35.507004588676232 ], [ -119.287725226955828, 35.507003835851719 ] ] ] } },
{ "type": "Feature", "properties": { "id": "p-00238", "input_id": "026-700-09", "source": "fd-00566", "demand": 1, "duct_group": 5, "duct_assignment": "12" }, "geometry": { "type": "Polygon", "coordinates": [ [ [ -119.286835411906395, 35.50700082883349 ], [ -119.286835909423004, 35.506664671637616 ], [ -119.286860271786168, 35.506675687697609 ], [ -119.286886522467924, 35.506683267446753 ], [ -119.286913942505052, 35.506687203288053 ], [ -119.286941780907171, 35.506687387425238 ], [ -119.286969275225346, 35.506683814815013 ], [ -119.286995672434685, 35.506676583305477 ], [ -119.287020249558765, 35.506665890955858 ], [ -119.287042333471049, 35.506652030612116 ], [ -119.28706131933086, 35.506635381886397 ], [ -119.287076687148968, 35.506616400759597 ], [ -119.287088016029102, 35.506595607092926 ], [ -119.287094995695639, 35.506573570389683 ], [ -119.28709743499104, 35.506550894197382 ], [ -119.287131429023631, 35.50655109259219 ], [ -119.28713042028599, 35.506656950577252 ], [ -119.287128849053474, 35.506821775105493 ], [ -119.287127128328692, 35.507002253541629 ], [ -119.286835411906395, 35.50700082883349 ] ] ] } },
{ "type": "Feature", "properties": { "id": "p-00239", "input_id": "026-683-01", "source": "fd-00418", "demand": 1, "duct_group": 4, "duct_assignment": "2" }, "geometry": { "type": "Polygon", "coordinates": [ [ [ -119.287127128328692, 35.507002253541629 ], [ -119.287128849053474, 35.506821775105493 ], [ -119.28749794325681, 35.506824669152437 ], [ -119.287496489167481, 35.506948652114282 ], [ -119.287429100102941, 35.50700305276056 ], [ -119.287127128328692, 35.507002253541629 ] ] ] } },
{ "type": "Feature", "properties": { "id": "p-00240", "input_id": "026-682-29", "source": "fd-00419", "demand": 1, "duct_group": 4, "duct_assignment": "4" }, "geometry": { "type": "Polygon", "coordinates": [ [ [ -119.28765935306383, 35.506812992113069 ], [ -119.287661575436942, 35.506623446877541 ], [ -119.288014328833214, 35.50662621128442 ], [ -119.288012107273588, 35.506815756526159 ], [ -119.28765935306383, 35.506812992113069 ] ] ] } },
{ "type": "Feature", "properties": { "id": "p-00241", "input_id": "026-683-02", "source": "fd-00418", "demand": 1, "duct_group": 4, "duct_assignment": "1" }, "geometry": { "type": "Polygon", "coordinates": [ [ [ -119.287128849053474, 35.506821775105493 ], [ -119.28713042028599, 35.506656950577252 ], [ -119.287499875359629, 35.506659847141748 ], [ -119.28749794325681, 35.506824669152437 ], [ -119.287128849053474, 35.506821775105493 ] ] ] } },
{ "type": "Feature", "properties": { "id": "p-00242", "input_id": "026-683-03", "source": "fd-00422", "demand": 1, "duct_group": 5, "duct_assignment": "2" }, "geometry": { "type": "Polygon", "coordinates": [ [ [ -119.28713042028599, 35.506656950577252 ], [ -119.287131429023631, 35.50655109259219 ], [ -119.287131991498143, 35.506492125136937 ], [ -119.2875018085428, 35.506495024207481 ], [ -119.287499875359629, 35.506659847141748 ], [ -119.28713042028599, 35.506656950577252 ] ] ] } },
{ "type": "Feature", "properties": { "id": "p-00243", "input_id": "026-671-06", "source": "fd-00390", "demand": 1, "duct_group": 10, "duct_assignment": "6" }, "geometry": { "type": "Polygon", "coordinates": [ [ [ -119.29126549133565, 35.50659786780669 ], [ -119.29126352350886, 35.506593368987573 ], [ -119.291261365899231, 35.506588928948624 ], [ -119.291259020796176, 35.506584553074049 ], [ -119.291256490474751, 35.506580245846735 ], [ -119.291253779442783, 35.506576013528928 ], [ -119.29125088888749, 35.506571861516512 ], [ -119.291247824376271, 35.506567793356439 ], [ -119.291244588212692, 35.506563815334047 ], [ -119.291241184876128, 35.506559931909223 ], [ -119.291237618846168, 35.506556147541701 ], [ -119.291233893499992, 35.506552466702928 ], [ -119.291230013317204, 35.506548893852624 ], [ -119.291225984981523, 35.506545433427547 ], [ -119.291221810768079, 35.506542089910646 ], [ -119.291217497346523, 35.506538866837246 ], [ -119.291215366862502, 35.506537275756571 ], [ -119.291213304908908, 35.506535626268082 ], [ -119.291211312602073, 35.506533919261379 ], [ -119.291209393291041, 35.506532157405424 ], [ -119.291207550324657, 35.506530343369135 ], [ -119.29120578371726, 35.506528478053774 ], [ -119.29120409681768, 35.506526564128308 ], [ -119.291202490756461, 35.506524603383546 ], [ -119.291200967794566, 35.506522599401315 ], [ -119.29119953126677, 35.506520553949287 ], [ -119.291198180113483, 35.506518469742723 ], [ -119.291196918757365, 35.506516347636598 ], [ -119.291195746167219, 35.506514192148501 ], [ -119.291194664575528, 35.506512005057843 ], [ -119.29119367621503, 35.506509788143852 ], [ -119.291192781156482, 35.506507545912712 ], [ -119.291191981618397, 35.50650527924244 ], [ -119.291191276541028, 35.506502990848389 ], [ -119.291190668199533, 35.506500685213439 ], [ -119.291190157710261, 35.506498363227259 ], [ -119.29118974512977, 35.506496028494766 ], [ -119.291189430486355, 35.506493682818402 ], [ -119.291189214953107, 35.506491330692747 ], [ -119.291189097441816, 35.50648897303055 ], [ -119.291189079125559, 35.50648661432642 ], [ -119.291190133993211, 35.506408092642111 ], [ -119.291549594057699, 35.506411318174152 ], [ -119.291547347970635, 35.506600396927382 ], [ -119.29126549133565, 35.50659786780669 ] ] ] } },
{ "type": "Feature", "properties": { "id": "p-00244", "input_id": "026-671-11", "source": "fd-00389", "demand": 1, "duct_group": 10, "duct_assignment": "4" }, "geometry": { "type": "Polygon", "coordinates": [ [ [ -119.2906656172635, 35.506595304643227 ], [ -119.290667129199278, 35.506465974017011 ], [ -119.29066770977208, 35.506416252624177 ], [ -119.29102870563581, 35.50641949329907 ], [ -119.291027824689309, 35.506485166767128 ], [ -119.291027742675396, 35.50648752472226 ], [ -119.291027562497888, 35.50648987920151 ], [ -119.291027284114364, 35.506492227501177 ], [ -119.291026906379997, 35.506494566929177 ], [ -119.291026430340494, 35.506496893869063 ], [ -119.291025858157568, 35.50649920559399 ], [ -119.291025187598649, 35.506501500324632 ], [ -119.291024421927659, 35.506503775322578 ], [ -119.291023561088124, 35.506506026982983 ], [ -119.291022606139634, 35.506508252590507 ], [ -119.291021558170229, 35.50651045123243 ], [ -119.291020419313355, 35.506512618379453 ], [ -119.291019189540805, 35.506514752229066 ], [ -119.291017869926392, 35.50651685096733 ], [ -119.29101646371997, 35.506518910954497 ], [ -119.291014971995423, 35.50652093037661 ], [ -119.291013395812413, 35.506522906518448 ], [ -119.291011738449143, 35.50652483754277 ], [ -119.291009999863121, 35.506526720745924 ], [ -119.291008184420548, 35.506528553377876 ], [ -119.291006292107255, 35.506530334537466 ], [ -119.291004326187263, 35.506532061486176 ], [ -119.291002288836737, 35.506533732398609 ], [ -119.291000183319454, 35.506535344536168 ], [ -119.290998010723641, 35.50653689698612 ], [ -119.29099371347499, 35.506539966228715 ], [ -119.290989545946061, 35.506543153090298 ], [ -119.290985513591096, 35.506546453907902 ], [ -119.290981620748042, 35.506549864129177 ], [ -119.290977871782914, 35.50655338100421 ], [ -119.290974271033832, 35.506556999980489 ], [ -119.290970822852728, 35.506560717406934 ], [ -119.290967530461145, 35.506564527841391 ], [ -119.290964398197104, 35.506568426731484 ], [ -119.290961430426677, 35.50657241132722 ], [ -119.290958629269369, 35.506576476198113 ], [ -119.290955999048933, 35.506580615890556 ], [ -119.290953541913041, 35.506584826776468 ], [ -119.290951261069196, 35.50658910251255 ], [ -119.290949158679211, 35.506593440371994 ], [ -119.290947239038644, 35.506597833098745 ], [ -119.2906656172635, 35.506595304643227 ] ] ] } },
{ "type": "Feature", "properties": { "id": "p-00245", "input_id": "026-671-05", "source": "fd-00390", "demand": 1, "duct_group": 10, "duct_assignment": "8" }, "geometry": { "type": "Polygon", "coordinates": [ [ [ -119.291190133993211, 35.506408092642111 ], [ -119.291190207904748, 35.506402552920534 ], [ -119.291192291914143, 35.506321476744972 ], [ -119.291196357625495, 35.506240450959027 ], [ -119.291551585565372, 35.506243638907677 ], [ -119.291549594057699, 35.506411318174152 ], [ -119.291190133993211, 35.506408092642111 ] ] ] } },
{ "type": "Feature", "properties": { "id": "p-00246", "input_id": "026-671-12", "source": "fd-00389", "demand": 1, "duct_group": 10, "duct_assignment": "5" }, "geometry": { "type": "Polygon", "coordinates": [ [ [ -119.29066770977208, 35.506416252624177 ], [ -119.290669343510302, 35.506276427811422 ], [ -119.290669647961849, 35.506250468639898 ], [ -119.291034111565665, 35.506253740483544 ], [ -119.291028949204687, 35.506401384835257 ], [ -119.29102870563581, 35.50641949329907 ], [ -119.29066770977208, 35.506416252624177 ] ] ] } },
{ "type": "Feature", "properties": { "id": "p-00247", "input_id": "026-671-04", "source": "fd-00328", "demand": 1, "duct_group": 0, "duct_assignment": "1" }, "geometry": { "type": "Polygon", "coordinates": [ [ [ -119.291196357625495, 35.506240450959027 ], [ -119.291205000266729, 35.506131078443033 ], [ -119.291211718914383, 35.506050940579421 ], [ -119.291553837336053, 35.506054011130693 ], [ -119.291551585565372, 35.506243638907677 ], [ -119.291196357625495, 35.506240450959027 ] ] ] } },
{ "type": "Feature", "properties": { "id": "p-00248", "input_id": "026-671-13", "source": "fd-00388", "demand": 1, "duct_group": 10, "duct_assignment": "2" }, "geometry": { "type": "Polygon", "coordinates": [ [ [ -119.290669647961849, 35.506250468639898 ], [ -119.290671398723461, 35.506100617503314 ], [ -119.290671574593077, 35.506085563606 ], [ -119.291047119789056, 35.506088935376638 ], [ -119.291044227289348, 35.50612079779404 ], [ -119.291034111565665, 35.506253740483544 ], [ -119.290669647961849, 35.506250468639898 ] ] ] } },
{ "type": "Feature", "properties": { "id": "p-00249", "input_id": "026-671-03", "source": "fd-00328", "demand": 1, "duct_group": 0, "duct_assignment": "2" }, "geometry": { "type": "Polygon", "coordinates": [ [ [ -119.291211718914383, 35.506050940579421 ], [ -119.291216988946005, 35.505961532871083 ], [ -119.291219920875378, 35.505872053272668 ], [ -119.291555962688506, 35.505875068660252 ], [ -119.291553837336053, 35.506054011130693 ], [ -119.291211718914383, 35.506050940579421 ] ] ] } },
{ "type": "Feature", "properties": { "id": "p-00250", "input_id": "026-671-14", "source": "fd-00388", "demand": 1, "duct_group": 10, "duct_assignment": "1" }, "geometry": { "type": "Polygon", "coordinates": [ [ [ -119.290671574593077, 35.506085563606 ], [ -119.290673634435336, 35.505909346715967 ], [ -119.291005800788781, 35.505910273451846 ], [ -119.291056001203458, 35.505952997754484 ], [ -119.291047119789056, 35.506088935376638 ], [ -119.290671574593077, 35.506085563606 ] ] ] } },
{ "type": "Feature", "properties": { "id": "p-00251", "input_id": "026-671-15", "source": "fd-00378", "demand": 1, "duct_group": 8, "duct_assignment": "1" }, "geometry": { "type": "Polygon", "coordinates": [ [ [ -119.290328735172352, 35.506097939610562 ], [ -119.290330469387243, 35.505949593043859 ], [ -119.290381343704595, 35.505908530497955 ], [ -119.290673634435336, 35.505909346715967 ], [ -119.290671574593077, 35.506085563606 ], [ -119.290671398723461, 35.506100617503314 ], [ -119.290328735172352, 35.506097939610562 ] ] ] } },
{ "type": "Feature", "properties": { "id": "p-00252", "input_id": "026-672-06", "source": "fd-00347", "demand": 1, "duct_group": 3, "duct_assignment": "5" }, "geometry": { "type": "Polygon", "coordinates": [ [ [ -119.289830766640264, 35.506096295587717 ], [ -119.289830774613705, 35.506095609558209 ], [ -119.289832833531236, 35.505906997011664 ], [ -119.290119276052579, 35.505907796592844 ], [ -119.290169203222703, 35.505949154932999 ], [ -119.290167452536352, 35.506098928542805 ], [ -119.289830766640264, 35.506096295587717 ] ] ] } },
{ "type": "Feature", "properties": { "id": "p-00253", "input_id": "026-671-16", "source": "fd-00378", "demand": 1, "duct_group": 8, "duct_assignment": "2" }, "geometry": { "type": "Polygon", "coordinates": [ [ [ -119.290326679226283, 35.506273749913106 ], [ -119.290328735172352, 35.506097939610562 ], [ -119.290671398723461, 35.506100617503314 ], [ -119.290669647961849, 35.506250468639898 ], [ -119.290669343510302, 35.506276427811422 ], [ -119.290326679226283, 35.506273749913106 ] ] ] } },
{ "type": "Feature", "properties": { "id": "p-00254", "input_id": "026-672-05", "source": "fd-00347", "demand": 1, "duct_group": 3, "duct_assignment": "4" }, "geometry": { "type": "Polygon", "coordinates": [ [ [ -119.289828817809038, 35.506274854839624 ], [ -119.289828966414305, 35.506261284894222 ], [ -119.289830766640264, 35.506096295587717 ], [ -119.290167452536352, 35.506098928542805 ], [ -119.290165364419309, 35.506277486565345 ], [ -119.289828817809038, 35.506274854839624 ] ] ] } },
{ "type": "Feature", "properties": { "id": "p-00255", "input_id": "026-671-17", "source": "fd-00379", "demand": 1, "duct_group": 8, "duct_assignment": "4" }, "geometry": { "type": "Polygon", "coordinates": [ [ [ -119.290324464125135, 35.506463296112742 ], [ -119.290326679226283, 35.506273749913106 ], [ -119.290669343510302, 35.506276427811422 ], [ -119.29066770977208, 35.506416252624177 ], [ -119.290667129199278, 35.506465974017011 ], [ -119.290324464125135, 35.506463296112742 ] ] ] } },
{ "type": "Feature", "properties": { "id": "p-00256", "input_id": "026-672-04", "source": "fd-00349", "demand": 1, "duct_group": 3, "duct_assignment": "9" }, "geometry": { "type": "Polygon", "coordinates": [ [ [ -119.289826868955259, 35.506453413177667 ], [ -119.28982715887129, 35.506426932269719 ], [ -119.289828817809038, 35.506274854839624 ], [ -119.290165364419309, 35.506277486565345 ], [ -119.290163276278975, 35.506456043674007 ], [ -119.289826868955259, 35.506453413177667 ] ] ] } },
{ "type": "Feature", "properties": { "id": "p-00257", "input_id": "026-671-18", "source": "fd-00379", "demand": 1, "duct_group": 8, "duct_assignment": "3" }, "geometry": { "type": "Polygon", "coordinates": [ [ [ -119.29032240816079, 35.506639106389734 ], [ -119.290324464125135, 35.506463296112742 ], [ -119.290667129199278, 35.506465974017011 ], [ -119.2906656172635, 35.506595304643227 ], [ -119.290665073967816, 35.506641784299539 ], [ -119.29032240816079, 35.506639106389734 ] ] ] } },
{ "type": "Feature", "properties": { "id": "p-00258", "input_id": "026-672-03", "source": "fd-00349", "demand": 1, "duct_group": 3, "duct_assignment": "8" }, "geometry": { "type": "Polygon", "coordinates": [ [ [ -119.289824920107066, 35.506631972404229 ], [ -119.289825147567825, 35.506611205062548 ], [ -119.289826868955259, 35.506453413177667 ], [ -119.290163276278975, 35.506456043674007 ], [ -119.290161188143657, 35.506634601671173 ], [ -119.289824920107066, 35.506631972404229 ] ] ] } },
{ "type": "Feature", "properties": { "id": "p-00259", "input_id": "026-682-02", "source": "fd-00351", "demand": 1, "duct_group": 4, "duct_assignment": "1" }, "geometry": { "type": "Polygon", "coordinates": [ [ [ -119.289466724368154, 35.506258451282349 ], [ -119.289468663395155, 35.506092777290867 ], [ -119.289830774613705, 35.506095609558209 ], [ -119.289830766640264, 35.506096295587717 ], [ -119.289828966414305, 35.506261284894222 ], [ -119.289466724368154, 35.506258451282349 ] ] ] } },
{ "type": "Feature", "properties": { "id": "p-00260", "input_id": "026-682-11", "source": "fd-00352", "demand": 1, "duct_group": 4, "duct_assignment": "4" }, "geometry": { "type": "Polygon", "coordinates": [ [ [ -119.288930801294825, 35.506262436927194 ], [ -119.288932741402192, 35.506096762944431 ], [ -119.289307310638208, 35.506099695069757 ], [ -119.289305371285806, 35.506265369058255 ], [ -119.288930801294825, 35.506262436927194 ] ] ] } },
{ "type": "Feature", "properties": { "id": "p-00261", "input_id": "026-682-03", "source": "fd-00353", "demand": 1, "duct_group": 4, "duct_assignment": "5" }, "geometry": { "type": "Polygon", "coordinates": [ [ [ -119.289464786011322, 35.506424098214524 ], [ -119.289466724368154, 35.506258451282349 ], [ -119.289828966414305, 35.506261284894222 ], [ -119.289828817809038, 35.506274854839624 ], [ -119.28982715887129, 35.506426932269719 ], [ -119.289464786011322, 35.506424098214524 ] ] ] } },
{ "type": "Feature", "properties": { "id": "p-00262", "input_id": "026-682-10", "source": "fd-00354", "demand": 1, "duct_group": 4, "duct_assignment": "6" }, "geometry": { "type": "Polygon", "coordinates": [ [ [ -119.288928872084981, 35.506427259887559 ], [ -119.288930801294825, 35.506262436927194 ], [ -119.289305371285806, 35.506265369058255 ], [ -119.289303442812823, 35.506430191123052 ], [ -119.288928872084981, 35.506427259887559 ] ] ] } },
{ "type": "Feature", "properties": { "id": "p-00263", "input_id": "026-682-04", "source": "fd-00355", "demand": 1, "duct_group": 4, "duct_assignment": "7" }, "geometry": { "type": "Polygon", "coordinates": [ [ [ -119.289549497589675, 35.506609049455584 ], [ -119.28954902209199, 35.506604388030361 ], [ -119.28954835395534, 35.506599743949458 ], [ -119.289547492119979, 35.506595119928036 ], [ -119.289546438903287, 35.506590523152823 ], [ -119.289545194376103, 35.506585958129904 ], [ -119.289543760827641, 35.506581430243543 ], [ -119.289542139459115, 35.506576945790727 ], [ -119.289540332531345, 35.506572508353287 ], [ -119.289538341231378, 35.506568123326886 ], [ -119.289536168964844, 35.506563796985503 ], [ -119.289533818006731, 35.506559533812066 ], [ -119.289531290632027, 35.506555338289658 ], [ -119.289528590218126, 35.50655121488964 ], [ -119.289525719068209, 35.506547169897424 ], [ -119.289522681647625, 35.506543206871783 ], [ -119.289519481347654, 35.506539331185259 ], [ -119.289516121517295, 35.5065355455069 ], [ -119.289512605576206, 35.506531857011709 ], [ -119.289508937961244, 35.506528267455955 ], [ -119.289505123180092, 35.506524783101945 ], [ -119.289501165683944, 35.506521406607142 ], [ -119.289497069937909, 35.506518141530101 ], [ -119.289492840435614, 35.506514993231939 ], [ -119.289490707809492, 35.506513403946968 ], [ -119.289488642627049, 35.506511757167864 ], [ -119.289486648180571, 35.506510051958799 ], [ -119.289484725642922, 35.506508292814274 ], [ -119.289482879437003, 35.506506480589259 ], [ -119.289481109590994, 35.506504617086222 ], [ -119.289479419453883, 35.50650270497421 ], [ -119.289477810170183, 35.506500746945257 ], [ -119.289476283972547, 35.506498744778796 ], [ -119.289474843093586, 35.506496700254068 ], [ -119.289473488692067, 35.506494616964396 ], [ -119.28947222301457, 35.50649249759045 ], [ -119.289471047177585, 35.506490343021817 ], [ -119.289469962339794, 35.50648815685188 ], [ -119.289468969645753, 35.506485941772716 ], [ -119.289468071328002, 35.506483699563667 ], [ -119.289467267443158, 35.506481433829663 ], [ -119.289466559135803, 35.506479147262816 ], [ -119.289465946434206, 35.50647684166556 ], [ -119.28946543159924, 35.506474520619669 ], [ -119.289465014659228, 35.50647218592762 ], [ -119.28946469677274, 35.506469841182735 ], [ -119.289464476880184, 35.506467489100238 ], [ -119.28946435500977, 35.506465131482642 ], [ -119.289464333436555, 35.506462772812924 ], [ -119.289464786011322, 35.506424098214524 ], [ -119.28982715887129, 35.506426932269719 ], [ -119.289826868955259, 35.506453413177667 ], [ -119.289825147567825, 35.506611205062548 ], [ -119.289549497589675, 35.506609049455584 ] ] ] } },
{ "type": "Feature", "properties": { "id": "p-00264", "input_id": "026-682-09", "source": "fd-00356", "demand": 1, "duct_group": 4, "duct_assignment": "9" }, "geometry": { "type": "Polygon", "coordinates": [ [ [ -119.28892677967238, 35.506605926948822 ], [ -119.2889268131363, 35.506603070143754 ], [ -119.288928872084981, 35.506427259887559 ], [ -119.289303442812823, 35.506430191123052 ], [ -119.28930307540513, 35.506461510515479 ], [ -119.289302998866802, 35.506463869312917 ], [ -119.289302821946464, 35.506466223754956 ], [ -119.289302547922318, 35.506468572004479 ], [ -119.289302173445492, 35.50647091139254 ], [ -119.289301702882227, 35.506473239169175 ], [ -119.289301133971648, 35.506475551752665 ], [ -119.289300467787569, 35.506477847328902 ], [ -119.289299705389737, 35.506480123182662 ], [ -119.289298848925952, 35.506482375685955 ], [ -119.289297898367977, 35.506484603036384 ], [ -119.289296853673363, 35.506486802530176 ], [ -119.28929571810616, 35.506488971428951 ], [ -119.289294491623949, 35.506491107029113 ], [ -119.289293176388639, 35.506493206603878 ], [ -119.289291773474233, 35.506495268339108 ], [ -119.28929028504254, 35.506497289508118 ], [ -119.289288713255431, 35.506499267384044 ], [ -119.289287058084653, 35.506501200164436 ], [ -119.289285323896578, 35.506503085099389 ], [ -119.289283510662841, 35.506504920386504 ], [ -119.28928162164749, 35.506506703287315 ], [ -119.289279659040787, 35.506508432877496 ], [ -119.28927762499049, 35.506510105529081 ], [ -119.289275521686761, 35.506511720317704 ], [ -119.289273351305766, 35.506513275417731 ], [ -119.289268980036184, 35.506516408472002 ], [ -119.289264744065377, 35.506519663595249 ], [ -119.289260647731297, 35.506523036235251 ], [ -119.289256697604515, 35.506526523618845 ], [ -119.289252895790455, 35.506530119414371 ], [ -119.289249249976038, 35.506533821738437 ], [ -119.289245762266546, 35.506537624259451 ], [ -119.289242438116361, 35.506541523314674 ], [ -119.289239279659157, 35.506545514374828 ], [ -119.289236293423087, 35.506549591963292 ], [ -119.289233480439606, 35.506553751562372 ], [ -119.289230846148953, 35.50655798860808 ], [ -119.289228391568557, 35.506562297681597 ], [ -119.289226122124276, 35.506566673317749 ], [ -119.289224037745569, 35.506571111010402 ], [ -119.28922214384437, 35.506575604393234 ], [ -119.289220440349879, 35.506580148959983 ], [ -119.289218930484012, 35.506584739268895 ], [ -119.289217615263922, 35.506589369900759 ], [ -119.28921649678108, 35.506594033622896 ], [ -119.289215577197353, 35.506598727708379 ], [ -119.289214856385556, 35.506603444046199 ], [ -119.289214335377153, 35.506608178118626 ], [ -119.28892677967238, 35.506605926948822 ] ] ] } },
{ "type": "Feature", "properties": { "id": "p-00265", "input_id": "026-682-14", "source": "fd-00358", "demand": 1, "duct_group": 5, "duct_assignment": "2" }, "geometry": { "type": "Polygon", "coordinates": [ [ [ -119.288555340541933, 35.506259497669376 ], [ -119.288557281406071, 35.506093823692375 ], [ -119.288932741402192, 35.506096762944431 ], [ -119.288930801294825, 35.506262436927194 ], [ -119.288555340541933, 35.506259497669376 ] ] ] } },
{ "type": "Feature", "properties": { "id": "p-00266", "input_id": "026-682-23", "source": "fd-00359", "demand": 1, "duct_group": 5, "duct_assignment": "4" }, "geometry": { "type": "Polygon", "coordinates": [ [ [ -119.288018600585985, 35.506261650899759 ], [ -119.288020542532067, 35.506095976931377 ], [ -119.288395950717288, 35.506098918365801 ], [ -119.288394009527792, 35.506264592339917 ], [ -119.288018600585985, 35.506261650899759 ] ] ] } },
{ "type": "Feature", "properties": { "id": "p-00267", "input_id": "026-682-15", "source": "fd-00360", "demand": 1, "duct_group": 5, "duct_assignment": "5" }, "geometry": { "type": "Polygon", "coordinates": [ [ [ -119.2885534105651, 35.506424319722775 ], [ -119.288555340541933, 35.506259497669376 ], [ -119.288930801294825, 35.506262436927194 ], [ -119.288928872084981, 35.506427259887559 ], [ -119.2885534105651, 35.506424319722775 ] ] ] } },
{ "type": "Feature", "properties": { "id": "p-00268", "input_id": "026-682-22", "source": "fd-00362", "demand": 1, "duct_group": 5, "duct_assignment": "8" }, "geometry": { "type": "Polygon", "coordinates": [ [ [ -119.288016669546863, 35.506426473845842 ], [ -119.288018545231935, 35.506266348539711 ], [ -119.288018600585985, 35.506261650899759 ], [ -119.288394009527792, 35.506264592339917 ], [ -119.288392078125128, 35.506429414402064 ], [ -119.288016669546863, 35.506426473845842 ] ] ] } },
{ "type": "Feature", "properties": { "id": "p-00269", "input_id": "026-682-16", "source": "fd-00361", "demand": 1, "duct_group": 5, "duct_assignment": "6" }, "geometry": { "type": "Polygon", "coordinates": [ [ [ -119.288635462719341, 35.506600789578435 ], [ -119.288634273647773, 35.506596102279993 ], [ -119.288632886722937, 35.506591451307941 ], [ -119.288631300941702, 35.506586842982351 ], [ -119.288629520797485, 35.506582282664404 ], [ -119.288627547477375, 35.506577775749747 ], [ -119.288625382182389, 35.506573328535616 ], [ -119.288623029377732, 35.506568944580529 ], [ -119.288620491380811, 35.506564631071242 ], [ -119.288617770466715, 35.506560392490734 ], [ -119.288614871114689, 35.506556233298937 ], [ -119.288611796730279, 35.506552159769726 ], [ -119.288608549588432, 35.506548176386111 ], [ -119.288605135270586, 35.506544287596455 ], [ -119.288601557168164, 35.506540498773418 ], [ -119.288597819760469, 35.506536814376936 ], [ -119.288593927512565, 35.50653323796567 ], [ -119.288589886034373, 35.506529775790348 ], [ -119.288585698660555, 35.506526429618887 ], [ -119.288581371000959, 35.506523205701875 ], [ -119.288579237304205, 35.506521617313858 ], [ -119.28857717322785, 35.506519969606721 ], [ -119.288575177712062, 35.506518265295597 ], [ -119.288573256281808, 35.506516505224006 ], [ -119.288571408993533, 35.50651469299693 ], [ -119.288569639168088, 35.506512829480798 ], [ -119.288567949051966, 35.506510917356195 ], [ -119.288566339789838, 35.506508959315326 ], [ -119.288564814716409, 35.506506957126007 ], [ -119.288563373874155, 35.506504913491824 ], [ -119.288562019495529, 35.506502830192161 ], [ -119.288560753827355, 35.506500709907577 ], [ -119.288559578014116, 35.506498555330253 ], [ -119.288558492098275, 35.506496369163848 ], [ -119.288557500530843, 35.506494154065749 ], [ -119.28855660114985, 35.506491912762876 ], [ -119.288555797290044, 35.506489647022903 ], [ -119.288555088993846, 35.50648735954956 ], [ -119.28855447741995, 35.50648505393621 ], [ -119.288553962610692, 35.506482732886496 ], [ -119.288553545696459, 35.506480398191357 ], [ -119.288553226733796, 35.506478053455673 ], [ -119.288553006867346, 35.506475701371585 ], [ -119.28855288612526, 35.506473343741554 ], [ -119.288552863475971, 35.506470985083212 ], [ -119.2885534105651, 35.506424319722775 ], [ -119.288928872084981, 35.506427259887559 ], [ -119.2889268131363, 35.506603070143754 ], [ -119.288635462719341, 35.506600789578435 ] ] ] } },
{ "type": "Feature", "properties": { "id": "p-00270", "input_id": "026-682-21", "source": "fd-00364", "demand": 1, "duct_group": 5, "duct_assignment": "11" }, "geometry": { "type": "Polygon", "coordinates": [ [ [ -119.288014608646961, 35.506602284086803 ], [ -119.288016324808069, 35.506455894698277 ], [ -119.288016669546863, 35.506426473845842 ], [ -119.288392078125128, 35.506429414402064 ], [ -119.288391606558733, 35.506469722479814 ], [ -119.288391528877952, 35.506472080386978 ], [ -119.288391353033617, 35.506474434816099 ], [ -119.288391077895454, 35.506476783976424 ], [ -119.28839070449483, 35.506479123350161 ], [ -119.288390232789354, 35.506481450233615 ], [ -119.288389663867179, 35.506483763714066 ], [ -119.288388997657592, 35.506486059285393 ], [ -119.288388236322461, 35.506488334220741 ], [ -119.288387378731514, 35.506490586729235 ], [ -119.288386428148726, 35.50649281407253 ], [ -119.288385384531736, 35.506495013547031 ], [ -119.288384247838195, 35.506497182448989 ], [ -119.28838302243436, 35.506499318028496 ], [ -119.288381707175674, 35.506501417593441 ], [ -119.288380304238217, 35.506503479318276 ], [ -119.288378815783943, 35.506505500476251 ], [ -119.288377242872599, 35.50650747835207 ], [ -119.288375588782415, 35.506509411108674 ], [ -119.2883738534711, 35.506511296042312 ], [ -119.2883720402168, 35.50651313131592 ], [ -119.288370151195664, 35.506514915103921 ], [ -119.288368188555467, 35.506516643778369 ], [ -119.288366154486368, 35.506518316414905 ], [ -119.288364051178661, 35.506519932089091 ], [ -119.288361881868241, 35.506521486260262 ], [ -119.288357614082642, 35.506524542481721 ], [ -119.288353474882655, 35.506527714533888 ], [ -119.28834946973663, 35.506530999655439 ], [ -119.288345601866311, 35.506534392404312 ], [ -119.288341876754288, 35.50653789092032 ], [ -119.288338297622346, 35.506541489761389 ], [ -119.288334869938922, 35.506545186166214 ], [ -119.288331596911618, 35.506548973791539 ], [ -119.288328481818709, 35.506552850800205 ], [ -119.288325527867855, 35.506556810849069 ], [ -119.2883227394112, 35.506560850286988 ], [ -119.288320119684641, 35.506564964573208 ], [ -119.288317671923977, 35.50656914916695 ], [ -119.288315397146746, 35.506573398649302 ], [ -119.288313300793178, 35.506577708456383 ], [ -119.288311381690406, 35.506582074093679 ], [ -119.288309645250436, 35.506586489194781 ], [ -119.288308091431034, 35.506590951056076 ], [ -119.288306723425507, 35.506595452433046 ], [ -119.28830554116341, 35.50659998881968 ], [ -119.288304547880585, 35.506604555675068 ], [ -119.288014608646961, 35.506602284086803 ] ] ] } },
{ "type": "Feature", "properties": { "id": "p-00271", "input_id": "026-682-28", "source": "fd-00420", "demand": 1, "duct_group": 4, "duct_assignment": "5" }, "geometry": { "type": "Polygon", "coordinates": [ [ [ -119.287661575436942, 35.506623446877541 ], [ -119.287663572142662, 35.506453130296904 ], [ -119.288016324808069, 35.506455894698277 ], [ -119.288014608646961, 35.506602284086803 ], [ -119.288014328833214, 35.50662621128442 ], [ -119.287661575436942, 35.506623446877541 ] ] ] } },
{ "type": "Feature", "properties": { "id": "p-00272", "input_id": "026-682-27", "source": "fd-00420", "demand": 1, "duct_group": 4, "duct_assignment": "6" }, "geometry": { "type": "Polygon", "coordinates": [ [ [ -119.287663572142662, 35.506453130296904 ], [ -119.287665794482194, 35.506263584133009 ], [ -119.288018545231935, 35.506266348539711 ], [ -119.288016669546863, 35.506426473845842 ], [ -119.288016324808069, 35.506455894698277 ], [ -119.287663572142662, 35.506453130296904 ] ] ] } },
{ "type": "Feature", "properties": { "id": "p-00273", "input_id": "026-700-10", "source": "fd-00566", "demand": 1, "duct_group": 5, "duct_assignment": "11" }, "geometry": { "type": "Polygon", "coordinates": [ [ [ -119.28709743499104, 35.506550894197382 ], [ -119.287095207564604, 35.50652834468427 ], [ -119.287088504726029, 35.506506395686266 ], [ -119.287077506589114, 35.506485636989389 ], [ -119.28706250868494, 35.506466626395095 ], [ -119.287043914020444, 35.506449874731452 ], [ -119.287022222249163, 35.506435832127359 ], [ -119.28699801624505, 35.506424875917112 ], [ -119.286971946440474, 35.506417300501447 ], [ -119.286944713348532, 35.506413309436773 ], [ -119.286917048740222, 35.50641300996562 ], [ -119.286889695981543, 35.506416410134882 ], [ -119.286890209452281, 35.506124090111697 ], [ -119.287135488846729, 35.506125238354876 ], [ -119.287135238509521, 35.506151486281631 ], [ -119.2871336673104, 35.5063163117442 ], [ -119.287131991498143, 35.506492125136937 ], [ -119.287131429023631, 35.50655109259219 ], [ -119.28709743499104, 35.506550894197382 ] ] ] } },
{ "type": "Feature", "properties": { "id": "p-00274", "input_id": "026-683-04", "source": "fd-00422", "demand": 1, "duct_group": 5, "duct_assignment": "1" }, "geometry": { "type": "Polygon", "coordinates": [ [ [ -119.287131991498143, 35.506492125136937 ], [ -119.2871336673104, 35.5063163117442 ], [ -119.28750386943473, 35.506319213979204 ], [ -119.2875018085428, 35.506495024207481 ], [ -119.287131991498143, 35.506492125136937 ] ] ] } },
{ "type": "Feature", "properties": { "id": "p-00275", "input_id": "026-682-26", "source": "fd-00421", "demand": 1, "duct_group": 4, "duct_assignment": "7" }, "geometry": { "type": "Polygon", "coordinates": [ [ [ -119.287665794482194, 35.506263584133009 ], [ -119.287667791411266, 35.506093212541685 ], [ -119.288020542532067, 35.506095976931377 ], [ -119.288018600585985, 35.506261650899759 ], [ -119.288018545231935, 35.506266348539711 ], [ -119.287665794482194, 35.506263584133009 ] ] ] } },
{ "type": "Feature", "properties": { "id": "p-00276", "input_id": "026-683-05", "source": "fd-00423", "demand": 1, "duct_group": 5, "duct_assignment": "4" }, "geometry": { "type": "Polygon", "coordinates": [ [ [ -119.2871336673104, 35.5063163117442 ], [ -119.287135238509521, 35.506151486281631 ], [ -119.287505802615939, 35.506154391923829 ], [ -119.28750386943473, 35.506319213979204 ], [ -119.2871336673104, 35.5063163117442 ] ] ] } },
{ "type": "Feature", "properties": { "id": "p-00277", "input_id": "026-700-11", "source": "fd-00564", "demand": 1, "duct_group": 5, "duct_assignment": "8" }, "geometry": { "type": "Polygon", "coordinates": [ [ [ -119.286654300304164, 35.506477990000221 ], [ -119.286654615374729, 35.506123371811235 ], [ -119.286890209452281, 35.506124090111697 ], [ -119.286889695981543, 35.506416410134882 ], [ -119.286866126165521, 35.506422465822709 ], [ -119.286843897088985, 35.50643128211636 ], [ -119.286823489318337, 35.506442668418167 ], [ -119.286805344045916, 35.506456378569965 ], [ -119.286795129220295, 35.506463972713547 ], [ -119.28678353059864, 35.506470095523468 ], [ -119.286770861742042, 35.506474581473356 ], [ -119.286757465144859, 35.506477309288535 ], [ -119.286743702975699, 35.506478205224163 ], [ -119.286654300304164, 35.506477990000221 ] ] ] } },
{ "type": "Feature", "properties": { "id": "p-00278", "input_id": "026-700-12", "source": "fd-00563", "demand": 1, "duct_group": 5, "duct_assignment": "7" }, "geometry": { "type": "Polygon", "coordinates": [ [ [ -119.286420458019336, 35.506477557568488 ], [ -119.286420036290437, 35.506122776741805 ], [ -119.286654615374729, 35.506123371811235 ], [ -119.286654300304164, 35.506477990000221 ], [ -119.286420458019336, 35.506477557568488 ] ] ] } },
{ "type": "Feature", "properties": { "id": "p-00279", "input_id": "026-700-13", "source": "fd-00563", "demand": 1, "duct_group": 5, "duct_assignment": "6" }, "geometry": { "type": "Polygon", "coordinates": [ [ [ -119.28618527874184, 35.506476993560213 ], [ -119.286185779320974, 35.506122266188918 ], [ -119.286420036290437, 35.506122776741805 ], [ -119.286420458019336, 35.506477557568488 ], [ -119.28618527874184, 35.506476993560213 ] ] ] } },
{ "type": "Feature", "properties": { "id": "p-00280", "input_id": "026-700-15", "source": "fd-00562", "demand": 1, "duct_group": 5, "duct_assignment": "4" }, "geometry": { "type": "Polygon", "coordinates": [ [ [ -119.285714616513232, 35.506475688898377 ], [ -119.285716550284647, 35.506121263842978 ], [ -119.285952257703741, 35.506121901631701 ], [ -119.285949742849326, 35.506476322865225 ], [ -119.285714616513232, 35.506475688898377 ] ] ] } },
{ "type": "Feature", "properties": { "id": "p-00281", "input_id": "026-700-14", "source": "fd-00621", "demand": 1, "duct_group": 6, "duct_assignment": "11" }, "geometry": { "type": "Polygon", "coordinates": [ [ [ -119.285972157883208, 35.506476386723165 ], [ -119.285949742849326, 35.506476322865225 ], [ -119.285952257703741, 35.506121901631701 ], [ -119.285976796451607, 35.506121939664894 ], [ -119.286185779320974, 35.506122266188918 ], [ -119.28618527874184, 35.506476993560213 ], [ -119.285972157883208, 35.506476386723165 ] ] ] } },
{ "type": "Feature", "properties": { "id": "p-00282", "input_id": "026-700-16", "source": "fd-00562", "demand": 1, "duct_group": 5, "duct_assignment": "5" }, "geometry": { "type": "Polygon", "coordinates": [ [ [ -119.285479688909206, 35.506475074036523 ], [ -119.2854810995603, 35.506120615706884 ], [ -119.285716550284647, 35.506121263842978 ], [ -119.285714616513232, 35.506475688898377 ], [ -119.285479688909206, 35.506475074036523 ] ] ] } },
{ "type": "Feature", "properties": { "id": "p-00283", "input_id": "026-700-17", "source": "fd-00561", "demand": 1, "duct_group": 5, "duct_assignment": "3" }, "geometry": { "type": "Polygon", "coordinates": [ [ [ -119.285244903896952, 35.50647448337466 ], [ -119.285246052030985, 35.5061200205921 ], [ -119.2854810995603, 35.506120615706884 ], [ -119.285479688909206, 35.506475074036523 ], [ -119.285244903896952, 35.50647448337466 ] ] ] } },
{ "type": "Feature", "properties": { "id": "p-00284", "input_id": "026-700-18", "source": "fd-00561", "demand": 1, "duct_group": 5, "duct_assignment": "2" }, "geometry": { "type": "Polygon", "coordinates": [ [ [ -119.285052636521499, 35.506474039085255 ], [ -119.284999365380244, 35.506429960861389 ], [ -119.285002615537095, 35.506119486585185 ], [ -119.285246052030985, 35.5061200205921 ], [ -119.285244903896952, 35.50647448337466 ], [ -119.285052636521499, 35.506474039085255 ] ] ] } },
{ "type": "Feature", "properties": { "id": "p-00285", "input_id": "026-440-06", "source": "fd-00664", "demand": 1, "duct_group": 0, "duct_assignment": "6" }, "geometry": { "type": "Polygon", "coordinates": [ [ [ -119.281566513033084, 35.506629003579654 ], [ -119.281571034699354, 35.506227100823388 ], [ -119.281756038124172, 35.506227691195321 ], [ -119.281751530225392, 35.50662971190404 ], [ -119.281566513033084, 35.506629003579654 ] ] ] } },
{ "type": "Feature", "properties": { "id": "p-00286", "input_id": "026-440-05", "source": "fd-00667", "demand": 1, "duct_group": 1, "duct_assignment": "2" }, "geometry": { "type": "Polygon", "coordinates": [ [ [ -119.281751530225392, 35.50662971190404 ], [ -119.281756038124172, 35.506227691195321 ], [ -119.28194103578771, 35.506228265124221 ], [ -119.281937457133068, 35.506560824452116 ], [ -119.281936709088441, 35.506630395729694 ], [ -119.281751530225392, 35.50662971190404 ] ] ] } },
{ "type": "Feature", "properties": { "id": "p-00287", "input_id": "026-511-15", "source": "fd-00312", "demand": 1, "duct_group": 9, "duct_assignment": "6" }, "geometry": { "type": "Polygon", "coordinates": [ [ [ -119.287631002566101, 35.500721566157068 ], [ -119.287632597868821, 35.500545965912153 ], [ -119.287974793706695, 35.500548634350942 ], [ -119.287980691893878, 35.500557396757003 ], [ -119.287984970396749, 35.500566767035046 ], [ -119.287987538387796, 35.50057654626648 ], [ -119.287988341351365, 35.50058652685108 ], [ -119.287987108368355, 35.500724354754396 ], [ -119.287631002566101, 35.500721566157068 ] ] ] } },
{ "type": "Feature", "properties": { "id": "p-00288", "input_id": "026-511-14", "source": "fd-00312", "demand": 1, "duct_group": 9, "duct_assignment": "5" }, "geometry": { "type": "Polygon", "coordinates": [ [ [ -119.287629497632025, 35.500886189388936 ], [ -119.287631002566101, 35.500721566157068 ], [ -119.287987108368355, 35.500724354754396 ], [ -119.287985620862429, 35.500888989533159 ], [ -119.287629497632025, 35.500886189388936 ] ] ] } },
{ "type": "Feature", "properties": { "id": "p-00289", "input_id": "026-511-13", "source": "fd-00311", "demand": 1, "duct_group": 9, "duct_assignment": "3" }, "geometry": { "type": "Polygon", "coordinates": [ [ [ -119.287627860361383, 35.501064529330854 ], [ -119.287629497632025, 35.500886189388936 ], [ -119.287985620862429, 35.500888989533159 ], [ -119.287983996671002, 35.501067341068563 ], [ -119.287627860361383, 35.501064529330854 ] ] ] } },
{ "type": "Feature", "properties": { "id": "p-00290", "input_id": "026-511-12", "source": "fd-00311", "demand": 1, "duct_group": 9, "duct_assignment": "4" }, "geometry": { "type": "Polygon", "coordinates": [ [ [ -119.287626343249315, 35.501229149963706 ], [ -119.287627860361383, 35.501064529330854 ], [ -119.287983996671002, 35.501067341068563 ], [ -119.287982489258383, 35.501231972427959 ], [ -119.287626343249315, 35.501229149963706 ] ] ] } },
{ "type": "Feature", "properties": { "id": "p-00291", "input_id": "026-511-11", "source": "fd-00310", "demand": 1, "duct_group": 9, "duct_assignment": "2" }, "geometry": { "type": "Polygon", "coordinates": [ [ [ -119.287624822810798, 35.501393769719257 ], [ -119.287626343249315, 35.501229149963706 ], [ -119.287982489258383, 35.501231972427959 ], [ -119.28798097519892, 35.501396602043535 ], [ -119.287624822810798, 35.501393769719257 ] ] ] } },
{ "type": "Feature", "properties": { "id": "p-00292", "input_id": "026-511-10", "source": "fd-00310", "demand": 1, "duct_group": 9, "duct_assignment": "1" }, "geometry": { "type": "Polygon", "coordinates": [ [ [ -119.287623171941647, 35.501572087233278 ], [ -119.287624822810798, 35.501393769719257 ], [ -119.28798097519892, 35.501396602043535 ], [ -119.287979733301626, 35.501531048935576 ], [ -119.287925578289602, 35.501574527286174 ], [ -119.287623171941647, 35.501572087233278 ] ] ] } },
{ "type": "Feature", "properties": { "id": "p-00293", "input_id": "026-513-01", "source": "fd-00282", "demand": 1, "duct_group": 4, "duct_assignment": "9" }, "geometry": { "type": "Polygon", "coordinates": [ [ [ -119.287620179681412, 35.501893103831918 ], [ -119.287621847717119, 35.501714755514072 ], [ -119.287924255804953, 35.501717202768418 ], [ -119.287977597829851, 35.501761536841975 ], [ -119.287976348277397, 35.501895988301598 ], [ -119.287620179681412, 35.501893103831918 ] ] ] } },
{ "type": "Feature", "properties": { "id": "p-00294", "input_id": "026-512-03", "source": "fd-00318", "demand": 1, "duct_group": 10, "duct_assignment": "6" }, "geometry": { "type": "Polygon", "coordinates": [ [ [ -119.288157520586708, 35.501188198082758 ], [ -119.288159020978867, 35.501023563182699 ], [ -119.288515117665725, 35.501026317008545 ], [ -119.288513620261625, 35.501190956395753 ], [ -119.288157520586708, 35.501188198082758 ] ] ] } },
{ "type": "Feature", "properties": { "id": "p-00295", "input_id": "026-512-04", "source": "fd-00317", "demand": 1, "duct_group": 10, "duct_assignment": "3" }, "geometry": { "type": "Polygon", "coordinates": [ [ [ -119.288156012445612, 35.501352831250429 ], [ -119.288157520586708, 35.501188198082758 ], [ -119.288513620261625, 35.501190956395753 ], [ -119.288512126143701, 35.501355594836362 ], [ -119.288156012445612, 35.501352831250429 ] ] ] } },
{ "type": "Feature", "properties": { "id": "p-00296", "input_id": "026-512-05", "source": "fd-00317", "demand": 1, "duct_group": 10, "duct_assignment": "4" }, "geometry": { "type": "Polygon", "coordinates": [ [ [ -119.288154497671712, 35.501517463575503 ], [ -119.288156012445612, 35.501352831250429 ], [ -119.288512126143701, 35.501355594836362 ], [ -119.288510623174702, 35.501520231556235 ], [ -119.288154497671712, 35.501517463575503 ] ] ] } },
{ "type": "Feature", "properties": { "id": "p-00297", "input_id": "026-512-06", "source": "fd-00283", "demand": 1, "duct_group": 4, "duct_assignment": "12" }, "geometry": { "type": "Polygon", "coordinates": [ [ [ -119.288152975148805, 35.50168209416826 ], [ -119.288154497671712, 35.501517463575503 ], [ -119.288510623174702, 35.501520231556235 ], [ -119.288509112456651, 35.501684866543791 ], [ -119.288152975148805, 35.50168209416826 ] ] ] } },
{ "type": "Feature", "properties": { "id": "p-00298", "input_id": "026-512-07", "source": "fd-00283", "demand": 1, "duct_group": 4, "duct_assignment": "11" }, "geometry": { "type": "Polygon", "coordinates": [ [ [ -119.288151458073841, 35.501846721087588 ], [ -119.288152975148805, 35.50168209416826 ], [ -119.288509112456651, 35.501684866543791 ], [ -119.288507595063464, 35.501849497985049 ], [ -119.288151458073841, 35.501846721087588 ] ] ] } },
{ "type": "Feature", "properties": { "id": "p-00299", "input_id": "026-512-02", "source": "fd-00318", "demand": 1, "duct_group": 10, "duct_assignment": "5" }, "geometry": { "type": "Polygon", "coordinates": [ [ [ -119.288159020978867, 35.501023563182699 ], [ -119.288160238230304, 35.500889110207446 ], [ -119.288214371529165, 35.500845619343913 ], [ -119.28851672408787, 35.50084796022918 ], [ -119.288515117665725, 35.501026317008545 ], [ -119.288159020978867, 35.501023563182699 ] ] ] } },
{ "type": "Feature", "properties": { "id": "p-00300", "input_id": "026-512-01", "source": "fd-00308", "demand": 1, "duct_group": 8, "duct_assignment": "8" }, "geometry": { "type": "Polygon", "coordinates": [ [ [ -119.288515117665725, 35.501026317008545 ], [ -119.28851672408787, 35.50084796022918 ], [ -119.288821977933551, 35.500850306004239 ], [ -119.288875317492113, 35.500894628010535 ], [ -119.288874093455362, 35.501029065752661 ], [ -119.288515117665725, 35.501026317008545 ] ] ] } },
{ "type": "Feature", "properties": { "id": "p-00301", "input_id": "026-511-30", "source": "fd-00307", "demand": 1, "duct_group": 8, "duct_assignment": "6" }, "geometry": { "type": "Polygon", "coordinates": [ [ [ -119.289047917446979, 35.501119989090697 ], [ -119.289049607701145, 35.500930675194034 ], [ -119.2894018108164, 35.500933358214368 ], [ -119.289400163124213, 35.501113669635572 ], [ -119.289400080440373, 35.501122662629939 ], [ -119.289047917446979, 35.501119989090697 ] ] ] } },
{ "type": "Feature", "properties": { "id": "p-00302", "input_id": "026-511-29", "source": "fd-00309", "demand": 1, "duct_group": 8, "duct_assignment": "11" }, "geometry": { "type": "Polygon", "coordinates": [ [ [ -119.289049607701145, 35.500930675194034 ], [ -119.289051056566436, 35.500766031774283 ], [ -119.289403275535889, 35.500768716419664 ], [ -119.2894018108164, 35.500933358214368 ], [ -119.289049607701145, 35.500930675194034 ] ] ] } },
{ "type": "Feature", "properties": { "id": "p-00303", "input_id": "026-511-22", "source": "fd-00319", "demand": 1, "duct_group": 10, "duct_assignment": "7" }, "geometry": { "type": "Polygon", "coordinates": [ [ [ -119.28851798906922, 35.500705269058777 ], [ -119.288519544641503, 35.50052690377602 ], [ -119.288519662424662, 35.500513182695371 ], [ -119.288826363579147, 35.500515539414302 ], [ -119.288838526510446, 35.500530570870858 ], [ -119.288853081881697, 35.500544105992688 ], [ -119.288861804936474, 35.500552398379526 ], [ -119.288868807111129, 35.500561718239034 ], [ -119.288873910725172, 35.500571829080151 ], [ -119.288876986273792, 35.500582474340561 ], [ -119.288877955714312, 35.50059338389697 ], [ -119.28887734312579, 35.500664115896321 ], [ -119.288823233568323, 35.500707614923279 ], [ -119.28851798906922, 35.500705269058777 ] ] ] } },
{ "type": "Feature", "properties": { "id": "p-00304", "input_id": "026-511-17", "source": "fd-00314", "demand": 1, "duct_group": 9, "duct_assignment": "10" }, "geometry": { "type": "Polygon", "coordinates": [ [ [ -119.28763465851911, 35.500316341311759 ], [ -119.287635535788255, 35.500216702119367 ], [ -119.287637161847258, 35.500025405853506 ], [ -119.28779488415185, 35.500025880690053 ], [ -119.287999010637051, 35.500328403357535 ], [ -119.287979340723652, 35.50033884977239 ], [ -119.287961736550272, 35.500351523271149 ], [ -119.287946572041207, 35.50036615466108 ], [ -119.287934169301337, 35.500382433162407 ], [ -119.287924791774174, 35.500400013009646 ], [ -119.28763465851911, 35.500316341311759 ] ] ] } },
{ "type": "Feature", "properties": { "id": "p-00305", "input_id": "026-511-18", "source": "fd-00315", "demand": 1, "duct_group": 9, "duct_assignment": "12" }, "geometry": { "type": "Polygon", "coordinates": [ [ [ -119.28779488415185, 35.500025880690053 ], [ -119.288288536263977, 35.500027352476238 ], [ -119.288138704973235, 35.500322343307673 ], [ -119.288115842096573, 35.500316123756008 ], [ -119.288092100763222, 35.500312761343928 ], [ -119.288068011739284, 35.500312331242192 ], [ -119.288044113563799, 35.500314843066299 ], [ -119.288020940509114, 35.50032024066131 ], [ -119.287999010637051, 35.500328403357535 ], [ -119.28779488415185, 35.500025880690053 ] ] ] } },
{ "type": "Feature", "properties": { "id": "p-00306", "input_id": "026-511-21", "source": "fd-00313", "demand": 1, "duct_group": 9, "duct_assignment": "7" }, "geometry": { "type": "Polygon", "coordinates": [ [ [ -119.288215648112796, 35.500702931665934 ], [ -119.288162305671548, 35.50065860579975 ], [ -119.288162932283953, 35.500587885381172 ], [ -119.288164100023735, 35.500577005944322 ], [ -119.288167365674994, 35.50056641620499 ], [ -119.28817264635768, 35.500556384921254 ], [ -119.288179808052192, 35.500547166677997 ], [ -119.288188669000661, 35.500538995425813 ], [ -119.288204616063041, 35.500524472075021 ], [ -119.288519544641503, 35.50052690377602 ], [ -119.28851798906922, 35.500705269058777 ], [ -119.288215648112796, 35.500702931665934 ] ] ] } },
{ "type": "Feature", "properties": { "id": "p-00307", "input_id": "026-511-16", "source": "fd-00314", "demand": 1, "duct_group": 9, "duct_assignment": "9" }, "geometry": { "type": "Polygon", "coordinates": [ [ [ -119.287632597868821, 35.500545965912153 ], [ -119.287634079561869, 35.500381337493245 ], [ -119.28763465851911, 35.500316341311759 ], [ -119.287924791774174, 35.500400013009646 ], [ -119.287918211281621, 35.50042052049222 ], [ -119.287915737290035, 35.500441625492442 ], [ -119.287917433831311, 35.500462781797545 ], [ -119.287923257000926, 35.50048344186655 ], [ -119.287933056093721, 35.500503071000985 ], [ -119.287946577504258, 35.500521161183578 ], [ -119.287963471289885, 35.500537244225846 ], [ -119.287969505573059, 35.50054269129275 ], [ -119.287974793706695, 35.500548634350942 ], [ -119.287632597868821, 35.500545965912153 ] ] ] } },
{ "type": "Feature", "properties": { "id": "p-00308", "input_id": "026-511-20", "source": "fd-00313", "demand": 1, "duct_group": 9, "duct_assignment": "8" }, "geometry": { "type": "Polygon", "coordinates": [ [ [ -119.288204616063041, 35.500524472075021 ], [ -119.288218682702365, 35.500506753716671 ], [ -119.288229103943053, 35.500487424085748 ], [ -119.288235611639621, 35.500466980551408 ], [ -119.288238038346137, 35.500445949144087 ], [ -119.28823632162441, 35.500424871020556 ], [ -119.288230505650347, 35.500404288539052 ], [ -119.288220740076852, 35.500384731304138 ], [ -119.288521789882481, 35.500260907569555 ], [ -119.288519662424662, 35.500513182695371 ], [ -119.288519544641503, 35.50052690377602 ], [ -119.288204616063041, 35.500524472075021 ] ] ] } },
{ "type": "Feature", "properties": { "id": "p-00309", "input_id": "026-563-01", "source": "fd-00307", "demand": 1, "duct_group": 8, "duct_assignment": "7" }, "geometry": { "type": "Polygon", "coordinates": [ [ [ -119.289046433259685, 35.501284630153677 ], [ -119.289047917446979, 35.501119989090697 ], [ -119.289400080440373, 35.501122662629939 ], [ -119.289398585909154, 35.501287302010105 ], [ -119.289046433259685, 35.501284630153677 ] ] ] } },
{ "type": "Feature", "properties": { "id": "p-00310", "input_id": "026-563-03", "source": "fd-00305", "demand": 1, "duct_group": 8, "duct_assignment": "4" }, "geometry": { "type": "Polygon", "coordinates": [ [ [ -119.289043222732431, 35.501638605272142 ], [ -119.289044721302261, 35.501473966785667 ], [ -119.289396849446192, 35.501476992251789 ], [ -119.289395332800154, 35.501641276698635 ], [ -119.289043222732431, 35.501638605272142 ] ] ] } },
{ "type": "Feature", "properties": { "id": "p-00311", "input_id": "026-563-04", "source": "fd-00304", "demand": 1, "duct_group": 8, "duct_assignment": "2" }, "geometry": { "type": "Polygon", "coordinates": [ [ [ -119.289041714237655, 35.501803243851917 ], [ -119.289043222732431, 35.501638605272142 ], [ -119.289395332800154, 35.501641276698635 ], [ -119.289393804056488, 35.501805914600993 ], [ -119.289041714237655, 35.501803243851917 ] ] ] } },
{ "type": "Feature", "properties": { "id": "p-00312", "input_id": "026-563-05", "source": "fd-00304", "demand": 1, "duct_group": 8, "duct_assignment": "1" }, "geometry": { "type": "Polygon", "coordinates": [ [ [ -119.289039969110561, 35.501992575384456 ], [ -119.289041714237655, 35.501803243851917 ], [ -119.289393804056488, 35.501805914600993 ], [ -119.28939348388343, 35.501840311754208 ], [ -119.289392034405992, 35.50199524730548 ], [ -119.289039969110561, 35.501992575384456 ] ] ] } },
{ "type": "Feature", "properties": { "id": "p-00313", "input_id": "026-563-06", "source": "fd-00271", "demand": 1, "duct_group": 2, "duct_assignment": "11" }, "geometry": { "type": "Polygon", "coordinates": [ [ [ -119.289038444014665, 35.502157210509658 ], [ -119.289039969110561, 35.501992575384456 ], [ -119.289392034405992, 35.50199524730548 ], [ -119.289390485768834, 35.502159882689199 ], [ -119.289038444014665, 35.502157210509658 ] ] ] } },
{ "type": "Feature", "properties": { "id": "p-00314", "input_id": "026-563-07", "source": "fd-00271", "demand": 1, "duct_group": 2, "duct_assignment": "12" }, "geometry": { "type": "Polygon", "coordinates": [ [ [ -119.289036910039144, 35.502321842111677 ], [ -119.289038444014665, 35.502157210509658 ], [ -119.289390485768834, 35.502159882689199 ], [ -119.28939007301959, 35.502203626271111 ], [ -119.289389573825687, 35.502256404345331 ], [ -119.289388929382341, 35.502324516340657 ], [ -119.289036910039144, 35.502321842111677 ] ] ] } },
{ "type": "Feature", "properties": { "id": "p-00315", "input_id": "026-591-08", "source": "fd-00274", "demand": 1, "duct_group": 3, "duct_assignment": "5" }, "geometry": { "type": "Polygon", "coordinates": [ [ [ -119.289389573825687, 35.502256404345331 ], [ -119.28939007301959, 35.502203626271111 ], [ -119.289607527113333, 35.502205291197605 ], [ -119.289812184167531, 35.502206850259753 ], [ -119.289895175024171, 35.502464440717581 ], [ -119.289856066789383, 35.502474112394374 ], [ -119.289818861327134, 35.502487919587089 ], [ -119.289784209368179, 35.502505620805579 ], [ -119.289752716983102, 35.502526906452317 ], [ -119.289389573825687, 35.502256404345331 ] ] ] } },
{ "type": "Feature", "properties": { "id": "p-00316", "input_id": "026-563-08", "source": "fd-00270", "demand": 1, "duct_group": 2, "duct_assignment": "9" }, "geometry": { "type": "Polygon", "coordinates": [ [ [ -119.289038882855209, 35.502486499121609 ], [ -119.289036344279992, 35.502476766203714 ], [ -119.289035554173523, 35.502466835370249 ], [ -119.289036910039144, 35.502321842111677 ], [ -119.289388929382341, 35.502324516340657 ], [ -119.289387363014086, 35.502489146480585 ], [ -119.289038882855209, 35.502486499121609 ] ] ] } },
{ "type": "Feature", "properties": { "id": "p-00317", "input_id": "026-591-09", "source": "fd-00274", "demand": 1, "duct_group": 3, "duct_assignment": "6" }, "geometry": { "type": "Polygon", "coordinates": [ [ [ -119.289385930054252, 35.502639023299473 ], [ -119.289387363014086, 35.502489146480585 ], [ -119.289388929382341, 35.502324516340657 ], [ -119.289389573825687, 35.502256404345331 ], [ -119.289752716983102, 35.502526906452317 ], [ -119.289720589229205, 35.502555938664287 ], [ -119.28969433593825, 35.50258868308147 ], [ -119.289674588263892, 35.502624352506444 ], [ -119.289661820962522, 35.50266208942169 ], [ -119.289385930054252, 35.502639023299473 ] ] ] } },
{ "type": "Feature", "properties": { "id": "p-00318", "input_id": "026-563-09", "source": "fd-00270", "demand": 1, "duct_group": 2, "duct_assignment": "10" }, "geometry": { "type": "Polygon", "coordinates": [ [ [ -119.289076664051237, 35.502678863840366 ], [ -119.289083480239256, 35.502642490692551 ], [ -119.289083758832845, 35.502605693669828 ], [ -119.289077493923827, 35.502569254296318 ], [ -119.289064818579632, 35.502533946499192 ], [ -119.289046002016477, 35.502500520171317 ], [ -119.289041966977734, 35.502493671073594 ], [ -119.289038882855209, 35.502486499121609 ], [ -119.289387363014086, 35.502489146480585 ], [ -119.289385930054252, 35.502639023299473 ], [ -119.289385525961222, 35.502681211008195 ], [ -119.289076664051237, 35.502678863840366 ] ] ] } },
{ "type": "Feature", "properties": { "id": "p-00319", "input_id": "026-562-15", "source": "fd-00308", "demand": 1, "duct_group": 8, "duct_assignment": "9" }, "geometry": { "type": "Polygon", "coordinates": [ [ [ -119.288513620261625, 35.501190956395753 ], [ -119.288515117665725, 35.501026317008545 ], [ -119.288874093455362, 35.501029065752661 ], [ -119.288873299357405, 35.50111866003337 ], [ -119.288872632065548, 35.501193706576707 ], [ -119.288513620261625, 35.501190956395753 ] ] ] } },
{ "type": "Feature", "properties": { "id": "p-00320", "input_id": "026-562-14", "source": "fd-00306", "demand": 1, "duct_group": 8, "duct_assignment": "5" }, "geometry": { "type": "Polygon", "coordinates": [ [ [ -119.288512126143701, 35.501355594836362 ], [ -119.288513620261625, 35.501190956395753 ], [ -119.288872632065548, 35.501193706576707 ], [ -119.28887114642373, 35.501358347644306 ], [ -119.288512126143701, 35.501355594836362 ] ] ] } },
{ "type": "Feature", "properties": { "id": "p-00321", "input_id": "026-562-13", "source": "fd-00327", "demand": 1, "duct_group": 11, "duct_assignment": "10" }, "geometry": { "type": "Polygon", "coordinates": [ [ [ -119.288510623174702, 35.501520231556235 ], [ -119.288512126143701, 35.501355594836362 ], [ -119.28887114642373, 35.501358347644306 ], [ -119.288869650814632, 35.501522986101477 ], [ -119.288510623174702, 35.501520231556235 ] ] ] } },
{ "type": "Feature", "properties": { "id": "p-00322", "input_id": "026-562-12", "source": "fd-00327", "demand": 1, "duct_group": 11, "duct_assignment": "11" }, "geometry": { "type": "Polygon", "coordinates": [ [ [ -119.288509112456651, 35.501684866543791 ], [ -119.288510623174702, 35.501520231556235 ], [ -119.288869650814632, 35.501522986101477 ], [ -119.288868145280603, 35.501687624651993 ], [ -119.288509112456651, 35.501684866543791 ] ] ] } },
{ "type": "Feature", "properties": { "id": "p-00323", "input_id": "026-562-11", "source": "fd-00326", "demand": 1, "duct_group": 11, "duct_assignment": "9" }, "geometry": { "type": "Polygon", "coordinates": [ [ [ -119.288507595063464, 35.501849497985049 ], [ -119.288509112456651, 35.501684866543791 ], [ -119.288868145280603, 35.501687624651993 ], [ -119.288866631997593, 35.501852261470177 ], [ -119.288507595063464, 35.501849497985049 ] ] ] } },
{ "type": "Feature", "properties": { "id": "p-00324", "input_id": "026-562-10", "source": "fd-00326", "demand": 1, "duct_group": 11, "duct_assignment": "8" }, "geometry": { "type": "Polygon", "coordinates": [ [ [ -119.288506071065683, 35.502014130386158 ], [ -119.288507595063464, 35.501849497985049 ], [ -119.288866631997593, 35.501852261470177 ], [ -119.288865112067583, 35.502016896544539 ], [ -119.288506071065683, 35.502014130386158 ] ] ] } },
{ "type": "Feature", "properties": { "id": "p-00325", "input_id": "026-562-09", "source": "fd-00325", "demand": 1, "duct_group": 11, "duct_assignment": "6" }, "geometry": { "type": "Polygon", "coordinates": [ [ [ -119.288504540420917, 35.502178761043389 ], [ -119.288506071065683, 35.502014130386158 ], [ -119.288865112067583, 35.502016896544539 ], [ -119.2888635832864, 35.502181529898159 ], [ -119.288504540420917, 35.502178761043389 ] ] ] } },
{ "type": "Feature", "properties": { "id": "p-00326", "input_id": "026-562-08", "source": "fd-00325", "demand": 1, "duct_group": 11, "duct_assignment": "7" }, "geometry": { "type": "Polygon", "coordinates": [ [ [ -119.288503005319072, 35.502343389032411 ], [ -119.288504540420917, 35.502178761043389 ], [ -119.2888635832864, 35.502181529898159 ], [ -119.288862047858132, 35.502346161508036 ], [ -119.288503005319072, 35.502343389032411 ] ] ] } },
{ "type": "Feature", "properties": { "id": "p-00327", "input_id": "026-562-07", "source": "fd-00324", "demand": 1, "duct_group": 11, "duct_assignment": "5" }, "geometry": { "type": "Polygon", "coordinates": [ [ [ -119.288501463556116, 35.502508014376367 ], [ -119.288503005319072, 35.502343389032411 ], [ -119.288862047858132, 35.502346161508036 ], [ -119.288860505754485, 35.502510789571488 ], [ -119.288501463556116, 35.502508014376367 ] ] ] } },
{ "type": "Feature", "properties": { "id": "p-00328", "input_id": "026-562-06", "source": "fd-00324", "demand": 1, "duct_group": 11, "duct_assignment": "4" }, "geometry": { "type": "Polygon", "coordinates": [ [ [ -119.288774853341039, 35.502690702624967 ], [ -119.288499767017001, 35.502688572239833 ], [ -119.288501463556116, 35.502508014376367 ], [ -119.288860505754485, 35.502510789571488 ], [ -119.288859453983704, 35.502622755934823 ], [ -119.288858303776095, 35.502633474032265 ], [ -119.288855117297828, 35.502643913034831 ], [ -119.288849973010741, 35.502653815896664 ], [ -119.288842997585007, 35.502662938773661 ], [ -119.288834362780378, 35.502671057027555 ], [ -119.288824281216463, 35.502677970757503 ], [ -119.288813001137726, 35.502683509722431 ], [ -119.28880080030045, 35.502687537532829 ], [ -119.28878797913363, 35.502689955009352 ], [ -119.288774853341039, 35.502690702624967 ] ] ] } },
{ "type": "Feature", "properties": { "id": "p-00329", "input_id": "026-562-01", "source": "fd-00316", "demand": 1, "duct_group": 10, "duct_assignment": "2" }, "geometry": { "type": "Polygon", "coordinates": [ [ [ -119.288149948707542, 35.502011347915364 ], [ -119.288150993507244, 35.501897398587914 ], [ -119.288151458073841, 35.501846721087588 ], [ -119.288507595063464, 35.501849497985049 ], [ -119.288506071065683, 35.502014130386158 ], [ -119.288149948707542, 35.502011347915364 ] ] ] } },
{ "type": "Feature", "properties": { "id": "p-00330", "input_id": "026-562-02", "source": "fd-00316", "demand": 1, "duct_group": 10, "duct_assignment": "1" }, "geometry": { "type": "Polygon", "coordinates": [ [ [ -119.288148417278862, 35.502175974062233 ], [ -119.288149948707542, 35.502011347915364 ], [ -119.288506071065683, 35.502014130386158 ], [ -119.288504540420917, 35.502178761043389 ], [ -119.288148417278862, 35.502175974062233 ] ] ] } },
{ "type": "Feature", "properties": { "id": "p-00331", "input_id": "026-562-03", "source": "fd-00323", "demand": 1, "duct_group": 11, "duct_assignment": "3" }, "geometry": { "type": "Polygon", "coordinates": [ [ [ -119.288146881407386, 35.502340598442075 ], [ -119.288148417278862, 35.502175974062233 ], [ -119.288504540420917, 35.502178761043389 ], [ -119.288503005319072, 35.502343389032411 ], [ -119.288146881407386, 35.502340598442075 ] ] ] } },
{ "type": "Feature", "properties": { "id": "p-00332", "input_id": "026-562-04", "source": "fd-00322", "demand": 1, "duct_group": 11, "duct_assignment": "2" }, "geometry": { "type": "Polygon", "coordinates": [ [ [ -119.288145342181053, 35.502505220142197 ], [ -119.288146881407386, 35.502340598442075 ], [ -119.288503005319072, 35.502343389032411 ], [ -119.288501463556116, 35.502508014376367 ], [ -119.288145342181053, 35.502505220142197 ] ] ] } },
{ "type": "Feature", "properties": { "id": "p-00333", "input_id": "026-562-05", "source": "fd-00322", "demand": 1, "duct_group": 11, "duct_assignment": "1" }, "geometry": { "type": "Polygon", "coordinates": [ [ [ -119.288197379640877, 35.502686200060381 ], [ -119.288144061398185, 35.502641882066392 ], [ -119.288145342181053, 35.502505220142197 ], [ -119.288501463556116, 35.502508014376367 ], [ -119.288499767017001, 35.502688572239833 ], [ -119.288197379640877, 35.502686200060381 ] ] ] } },
{ "type": "Feature", "properties": { "id": "p-00334", "input_id": "026-561-09", "source": "fd-00282", "demand": 1, "duct_group": 4, "duct_assignment": "10" }, "geometry": { "type": "Polygon", "coordinates": [ [ [ -119.287618708897838, 35.502057728432057 ], [ -119.287620179681412, 35.501893103831918 ], [ -119.287976348277397, 35.501895988301598 ], [ -119.287974819795409, 35.502060613517891 ], [ -119.287618708897838, 35.502057728432057 ] ] ] } },
{ "type": "Feature", "properties": { "id": "p-00335", "input_id": "026-561-08", "source": "fd-00281", "demand": 1, "duct_group": 4, "duct_assignment": "8" }, "geometry": { "type": "Polygon", "coordinates": [ [ [ -119.287617178439092, 35.502222343731397 ], [ -119.287618708897838, 35.502057728432057 ], [ -119.287974819795409, 35.502060613517891 ], [ -119.28797328795855, 35.502225236054464 ], [ -119.287617178439092, 35.502222343731397 ] ] ] } },
{ "type": "Feature", "properties": { "id": "p-00336", "input_id": "026-561-07", "source": "fd-00281", "demand": 1, "duct_group": 4, "duct_assignment": "7" }, "geometry": { "type": "Polygon", "coordinates": [ [ [ -119.287615645755892, 35.502386958141969 ], [ -119.287617178439092, 35.502222343731397 ], [ -119.28797328795855, 35.502225236054464 ], [ -119.287971751693007, 35.502389857725255 ], [ -119.287615645755892, 35.502386958141969 ] ] ] } },
{ "type": "Feature", "properties": { "id": "p-00337", "input_id": "026-561-06", "source": "fd-00280", "demand": 1, "duct_group": 4, "duct_assignment": "5" }, "geometry": { "type": "Polygon", "coordinates": [ [ [ -119.287614111950319, 35.502551571652056 ], [ -119.287615645755892, 35.502386958141969 ], [ -119.287971751693007, 35.502389857725255 ], [ -119.287970212058525, 35.50255447581506 ], [ -119.287614111950319, 35.502551571652056 ] ] ] } },
{ "type": "Feature", "properties": { "id": "p-00338", "input_id": "026-561-05", "source": "fd-00280", "demand": 1, "duct_group": 4, "duct_assignment": "6" }, "geometry": { "type": "Polygon", "coordinates": [ [ [ -119.287612575891998, 35.502716182470856 ], [ -119.287614111950319, 35.502551571652056 ], [ -119.287970212058525, 35.50255447581506 ], [ -119.28796867018535, 35.502719092114766 ], [ -119.287612575891998, 35.502716182470856 ] ] ] } },
{ "type": "Feature", "properties": { "id": "p-00339", "input_id": "026-561-04", "source": "fd-00279", "demand": 1, "duct_group": 4, "duct_assignment": "3" }, "geometry": { "type": "Polygon", "coordinates": [ [ [ -119.287611038697207, 35.502880791488053 ], [ -119.287612575891998, 35.502716182470856 ], [ -119.28796867018535, 35.502719092114766 ], [ -119.28796712492904, 35.502883703932277 ], [ -119.287611038697207, 35.502880791488053 ] ] ] } },
{ "type": "Feature", "properties": { "id": "p-00340", "input_id": "026-561-03", "source": "fd-00279", "demand": 1, "duct_group": 4, "duct_assignment": "4" }, "geometry": { "type": "Polygon", "coordinates": [ [ [ -119.287609499235501, 35.50304539691264 ], [ -119.287611038697207, 35.502880791488053 ], [ -119.28796712492904, 35.502883703932277 ], [ -119.28796557737752, 35.503048310354735 ], [ -119.287609499235501, 35.50304539691264 ] ] ] } },
{ "type": "Feature", "properties": { "id": "p-00341", "input_id": "026-561-02", "source": "fd-00278", "demand": 1, "duct_group": 4, "duct_assignment": "2" }, "geometry": { "type": "Polygon", "coordinates": [ [ [ -119.287607958580793, 35.503209996930757 ], [ -119.287609499235501, 35.50304539691264 ], [ -119.28796557737752, 35.503048310354735 ], [ -119.287964026386391, 35.503212908690152 ], [ -119.287607958580793, 35.503209996930757 ] ] ] } },
{ "type": "Feature", "properties": { "id": "p-00342", "input_id": "026-561-01", "source": "fd-00278", "demand": 1, "duct_group": 4, "duct_assignment": "1" }, "geometry": { "type": "Polygon", "coordinates": [ [ [ -119.287606163860119, 35.503401652567014 ], [ -119.287607958580793, 35.503209996930757 ], [ -119.287964026386391, 35.503212908690152 ], [ -119.287962654805057, 35.503358357224919 ], [ -119.28790781984749, 35.503402627745899 ], [ -119.287606163860119, 35.503401652567014 ] ] ] } },
{ "type": "Feature", "properties": { "id": "p-00343", "input_id": "026-563-16", "source": "fd-00266", "demand": 1, "duct_group": 2, "duct_assignment": "1" }, "geometry": { "type": "Polygon", "coordinates": [ [ [ -119.288190611323017, 35.50340348440735 ], [ -119.288137298042912, 35.503359442186877 ], [ -119.288139604821126, 35.503115294086101 ], [ -119.288359893672805, 35.503115941826579 ], [ -119.28835711796448, 35.503403970186632 ], [ -119.288190611323017, 35.50340348440735 ] ] ] } },
{ "type": "Feature", "properties": { "id": "p-00344", "input_id": "026-563-17", "source": "fd-00266", "demand": 1, "duct_group": 2, "duct_assignment": "2" }, "geometry": { "type": "Polygon", "coordinates": [ [ [ -119.28835711796448, 35.503403970186632 ], [ -119.288359893672805, 35.503115941826579 ], [ -119.288561398161733, 35.503116517483853 ], [ -119.288558615416378, 35.503404544126816 ], [ -119.28835711796448, 35.503403970186632 ] ] ] } },
{ "type": "Feature", "properties": { "id": "p-00345", "input_id": "026-563-18", "source": "fd-00293", "demand": 1, "duct_group": 6, "duct_assignment": "5" }, "geometry": { "type": "Polygon", "coordinates": [ [ [ -119.288558615416378, 35.503404544126816 ], [ -119.288561398161733, 35.503116517483853 ], [ -119.28876289584295, 35.503117080262996 ], [ -119.288760107176742, 35.50340510607856 ], [ -119.288558615416378, 35.503404544126816 ] ] ] } },
{ "type": "Feature", "properties": { "id": "p-00346", "input_id": "026-563-19", "source": "fd-00293", "demand": 1, "duct_group": 6, "duct_assignment": "6" }, "geometry": { "type": "Polygon", "coordinates": [ [ [ -119.288760107176742, 35.50340510607856 ], [ -119.28876289584295, 35.503117080262996 ], [ -119.28896438896291, 35.503117632844557 ], [ -119.288961593259657, 35.503405656943109 ], [ -119.288760107176742, 35.50340510607856 ] ] ] } },
{ "type": "Feature", "properties": { "id": "p-00347", "input_id": "026-563-20", "source": "fd-00292", "demand": 1, "duct_group": 6, "duct_assignment": "3" }, "geometry": { "type": "Polygon", "coordinates": [ [ [ -119.288961593259657, 35.503405656943109 ], [ -119.28896438896291, 35.503117632844557 ], [ -119.289047744246133, 35.503117858392024 ], [ -119.289165877521697, 35.503118175228586 ], [ -119.289163076999628, 35.5034061984882 ], [ -119.288961593259657, 35.503405656943109 ] ] ] } },
{ "type": "Feature", "properties": { "id": "p-00348", "input_id": "026-563-21", "source": "fd-00292", "demand": 1, "duct_group": 6, "duct_assignment": "4" }, "geometry": { "type": "Polygon", "coordinates": [ [ [ -119.289163076999628, 35.5034061984882 ], [ -119.289165877521697, 35.503118175228586 ], [ -119.289381300732472, 35.503118745076108 ], [ -119.289380315112467, 35.503220127683591 ], [ -119.28937849435259, 35.503406768409903 ], [ -119.289163076999628, 35.5034061984882 ] ] ] } },
{ "type": "Feature", "properties": { "id": "p-00349", "input_id": "026-563-15", "source": "fd-00267", "demand": 1, "duct_group": 2, "duct_assignment": "4" }, "geometry": { "type": "Polygon", "coordinates": [ [ [ -119.288139604821126, 35.503115294086101 ], [ -119.288141895570419, 35.50287223408948 ], [ -119.288195925172388, 35.502828865152935 ], [ -119.28836263872158, 35.502830178009518 ], [ -119.288359893672805, 35.503115941826579 ], [ -119.288139604821126, 35.503115294086101 ] ] ] } },
{ "type": "Feature", "properties": { "id": "p-00350", "input_id": "026-563-14", "source": "fd-00267", "demand": 1, "duct_group": 2, "duct_assignment": "3" }, "geometry": { "type": "Polygon", "coordinates": [ [ [ -119.288359893672805, 35.503115941826579 ], [ -119.28836263872158, 35.502830178009518 ], [ -119.288564138298796, 35.502831750627607 ], [ -119.288561398161733, 35.503116517483853 ], [ -119.288359893672805, 35.503115941826579 ] ] ] } },
{ "type": "Feature", "properties": { "id": "p-00351", "input_id": "026-563-13", "source": "fd-00268", "demand": 1, "duct_group": 2, "duct_assignment": "5" }, "geometry": { "type": "Polygon", "coordinates": [ [ [ -119.288561398161733, 35.503116517483853 ], [ -119.288564138298796, 35.502831750627607 ], [ -119.288581031987135, 35.502831881796098 ], [ -119.288595283752883, 35.502832986245458 ], [ -119.288609099135073, 35.502836053772526 ], [ -119.288622076783938, 35.502840995262687 ], [ -119.288667369506513, 35.502858429964732 ], [ -119.288715510061834, 35.50286965707263 ], [ -119.288765235616822, 35.502874382074481 ], [ -119.28876289584295, 35.503117080262996 ], [ -119.288561398161733, 35.503116517483853 ] ] ] } },
{ "type": "Feature", "properties": { "id": "p-00352", "input_id": "026-563-12", "source": "fd-00268", "demand": 1, "duct_group": 2, "duct_assignment": "6" }, "geometry": { "type": "Polygon", "coordinates": [ [ [ -119.28896438896291, 35.503117632844557 ], [ -119.28876289584295, 35.503117080262996 ], [ -119.288765235616822, 35.502874382074481 ], [ -119.288812023220331, 35.502872818616204 ], [ -119.288857983997687, 35.502865489058756 ], [ -119.288902061411164, 35.502852561892617 ], [ -119.289047744246133, 35.503117858392024 ], [ -119.28896438896291, 35.503117632844557 ] ] ] } },
{ "type": "Feature", "properties": { "id": "p-00353", "input_id": "026-563-11", "source": "fd-00269", "demand": 1, "duct_group": 2, "duct_assignment": "8" }, "geometry": { "type": "Polygon", "coordinates": [ [ [ -119.289165877521697, 35.503118175228586 ], [ -119.289047744246133, 35.503117858392024 ], [ -119.288902061411164, 35.502852561892617 ], [ -119.28894379698815, 35.50283402333914 ], [ -119.288981559535543, 35.502810467532349 ], [ -119.289014454621949, 35.502782452409512 ], [ -119.289382168224918, 35.503029366417465 ], [ -119.289382075665785, 35.503038924670868 ], [ -119.289381300732472, 35.503118745076108 ], [ -119.289165877521697, 35.503118175228586 ] ] ] } },
{ "type": "Feature", "properties": { "id": "p-00354", "input_id": "026-563-10", "source": "fd-00269", "demand": 1, "duct_group": 2, "duct_assignment": "7" }, "geometry": { "type": "Polygon", "coordinates": [ [ [ -119.289014454621949, 35.502782452409512 ], [ -119.289041630233299, 35.502750678653449 ], [ -119.289062531245222, 35.502715875148169 ], [ -119.289076664051237, 35.502678863840366 ], [ -119.289385525961222, 35.502681211008195 ], [ -119.289383828270317, 35.502857707306489 ], [ -119.289382168224918, 35.503029366417465 ], [ -119.289014454621949, 35.502782452409512 ] ] ] } },
{ "type": "Feature", "properties": { "id": "p-00355", "input_id": "026-572-20", "source": "fd-00182", "demand": 1, "duct_group": 3, "duct_assignment": "11" }, "geometry": { "type": "Polygon", "coordinates": [ [ [ -119.289609931678399, 35.501478625497576 ], [ -119.289810634694106, 35.501228402315668 ], [ -119.289832648203671, 35.501238079636153 ], [ -119.289856226049025, 35.501244858940098 ], [ -119.289880801788414, 35.501248577359227 ], [ -119.28990578500607, 35.501249145560948 ], [ -119.289930575496797, 35.501246549894738 ], [ -119.289954577685293, 35.50124085271964 ], [ -119.289977214935192, 35.501232190906485 ], [ -119.289997943402255, 35.501220772549495 ], [ -119.290016265100064, 35.501206871967042 ], [ -119.290025716083932, 35.501199687014761 ], [ -119.290036402517899, 35.501193772022297 ], [ -119.290048071670256, 35.501189266877795 ], [ -119.2900454179279, 35.5014819462791 ], [ -119.289609931678399, 35.501478625497576 ] ] ] } },
{ "type": "Feature", "properties": { "id": "p-00356", "input_id": "026-572-19", "source": "fd-00182", "demand": 1, "duct_group": 3, "duct_assignment": "12" }, "geometry": { "type": "Polygon", "coordinates": [ [ [ -119.289396849446192, 35.501476992251789 ], [ -119.289398585909154, 35.501287302010105 ], [ -119.289400080440373, 35.501122662629939 ], [ -119.289400163124213, 35.501113669635572 ], [ -119.289736229183887, 35.501116247869938 ], [ -119.289738301760607, 35.501138353006887 ], [ -119.289744870974047, 35.501159862356026 ], [ -119.289755751370961, 35.501180168683248 ], [ -119.289770635787761, 35.5011986987166 ], [ -119.289789104021864, 35.501214929330807 ], [ -119.289810634694106, 35.501228402315668 ], [ -119.289609931678399, 35.501478625497576 ], [ -119.289396849446192, 35.501476992251789 ] ] ] } },
{ "type": "Feature", "properties": { "id": "p-00357", "input_id": "026-581-13", "source": "fd-00197", "demand": 1, "duct_group": 6, "duct_assignment": "8" }, "geometry": { "type": "Polygon", "coordinates": [ [ [ -119.290472781687669, 35.501782599343642 ], [ -119.290475498820868, 35.501485207794104 ], [ -119.290677085907973, 35.501486730927688 ], [ -119.290674378221865, 35.501784116080287 ], [ -119.290472781687669, 35.501782599343642 ] ] ] } },
{ "type": "Feature", "properties": { "id": "p-00358", "input_id": "026-581-14", "source": "fd-00198", "demand": 1, "duct_group": 6, "duct_assignment": "9" }, "geometry": { "type": "Polygon", "coordinates": [ [ [ -119.290257736736038, 35.501780977371801 ], [ -119.290260462262879, 35.501483579437291 ], [ -119.290475498820868, 35.501485207794104 ], [ -119.290472781687669, 35.501782599343642 ], [ -119.290257736736038, 35.501780977371801 ] ] ] } },
{ "type": "Feature", "properties": { "id": "p-00359", "input_id": "026-581-15", "source": "fd-00199", "demand": 1, "duct_group": 6, "duct_assignment": "11" }, "geometry": { "type": "Polygon", "coordinates": [ [ [ -119.290073299199705, 35.501779581819108 ], [ -119.290062883407998, 35.501778973889863 ], [ -119.290052640233071, 35.501777314318993 ], [ -119.290042727839733, 35.501774628731866 ], [ -119.2900454179279, 35.5014819462791 ], [ -119.290252061872337, 35.501483515285216 ], [ -119.290260462262879, 35.501483579437291 ], [ -119.290257736736038, 35.501780977371801 ], [ -119.290073299199705, 35.501779581819108 ] ] ] } },
{ "type": "Feature", "properties": { "id": "p-00360", "input_id": "026-581-16", "source": "fd-00199", "demand": 1, "duct_group": 6, "duct_assignment": "10" }, "geometry": { "type": "Polygon", "coordinates": [ [ [ -119.290011238221439, 35.501756538707689 ], [ -119.28999322534716, 35.501742354880179 ], [ -119.289972748496709, 35.501730617593225 ], [ -119.289950299594224, 35.501721608816219 ], [ -119.289926417938673, 35.501715544970459 ], [ -119.289901677248181, 35.501712571729911 ], [ -119.289876671877423, 35.501712760521876 ], [ -119.289852002539547, 35.501716106810939 ], [ -119.289828261875115, 35.501722530207971 ], [ -119.289806020215153, 35.501731876401323 ], [ -119.289609931678399, 35.501478625497576 ], [ -119.2900454179279, 35.5014819462791 ], [ -119.290042727839733, 35.501774628731866 ], [ -119.290031133149625, 35.501769949494935 ], [ -119.290020553172894, 35.501763871554125 ], [ -119.290011238221439, 35.501756538707689 ] ] ] } },
{ "type": "Feature", "properties": { "id": "p-00361", "input_id": "026-581-17", "source": "fd-00166", "demand": 1, "duct_group": 0, "duct_assignment": "11" }, "geometry": { "type": "Polygon", "coordinates": [ [ [ -119.28939348388343, 35.501840311754208 ], [ -119.289393804056488, 35.501805914600993 ], [ -119.289395332800154, 35.501641276698635 ], [ -119.289396849446192, 35.501476992251789 ], [ -119.289609931678399, 35.501478625497576 ], [ -119.289806020215153, 35.501731876401323 ], [ -119.289784262855989, 35.501745047849987 ], [ -119.289765509562059, 35.501761012322142 ], [ -119.289750289812517, 35.501779319079567 ], [ -119.289739033321879, 35.501799451252033 ], [ -119.289732057907358, 35.501820840430526 ], [ -119.289729560515411, 35.501842882715366 ], [ -119.28939348388343, 35.501840311754208 ] ] ] } },
{ "type": "Feature", "properties": { "id": "p-00362", "input_id": "026-581-18", "source": "fd-00166", "demand": 1, "duct_group": 0, "duct_assignment": "12" }, "geometry": { "type": "Polygon", "coordinates": [ [ [ -119.28939007301959, 35.502203626271111 ], [ -119.289390485768834, 35.502159882689199 ], [ -119.289392034405992, 35.50199524730548 ], [ -119.28939348388343, 35.501840311754208 ], [ -119.289729560515411, 35.501842882715366 ], [ -119.289731627195039, 35.501864976057661 ], [ -119.289738186269204, 35.501886474986897 ], [ -119.289749052734038, 35.501906773097332 ], [ -119.289763920089314, 35.501925297853525 ], [ -119.289782368983595, 35.501941526739614 ], [ -119.289803879042253, 35.501955001997473 ], [ -119.289607527113333, 35.502205291197605 ], [ -119.28939007301959, 35.502203626271111 ] ] ] } },
{ "type": "Feature", "properties": { "id": "p-00363", "input_id": "026-581-19", "source": "fd-00165", "demand": 1, "duct_group": 0, "duct_assignment": "9" }, "geometry": { "type": "Polygon", "coordinates": [ [ [ -119.289812184167531, 35.502206850259753 ], [ -119.289607527113333, 35.502205291197605 ], [ -119.289803879042253, 35.501955001997473 ], [ -119.289825898060869, 35.501964690696902 ], [ -119.289849483941623, 35.501971479584206 ], [ -119.289874069676074, 35.501975205453228 ], [ -119.289899064218986, 35.501975778733524 ], [ -119.289923866697066, 35.501973185643358 ], [ -119.289947880854413, 35.501967488521053 ], [ -119.28997052938665, 35.501958824326337 ], [ -119.2899912678199, 35.501947401347927 ], [ -119.290009597599735, 35.501933494196017 ], [ -119.290018751310015, 35.501926503832244 ], [ -119.290029075227494, 35.501920705219575 ], [ -119.290040339442754, 35.501916227490646 ], [ -119.290037605231774, 35.50220855881939 ], [ -119.289812184167531, 35.502206850259753 ] ] ] } },
{ "type": "Feature", "properties": { "id": "p-00364", "input_id": "026-581-20", "source": "fd-00165", "demand": 1, "duct_group": 0, "duct_assignment": "10" }, "geometry": { "type": "Polygon", "coordinates": [ [ [ -119.290113551066057, 35.502209132712906 ], [ -119.290037605231774, 35.50220855881939 ], [ -119.290040339442754, 35.501916227490646 ], [ -119.290050634795691, 35.501913502774926 ], [ -119.29006127312492, 35.501911883186473 ], [ -119.290072077811345, 35.501911395613874 ], [ -119.290242002280152, 35.501912679413095 ], [ -119.290239229324015, 35.502210080497989 ], [ -119.290113551066057, 35.502209132712906 ] ] ] } },
{ "type": "Feature", "properties": { "id": "p-00365", "input_id": "026-581-21", "source": "fd-00164", "demand": 1, "duct_group": 0, "duct_assignment": "7" }, "geometry": { "type": "Polygon", "coordinates": [ [ [ -119.290336678934651, 35.502210812513603 ], [ -119.290239229324015, 35.502210080497989 ], [ -119.290242002280152, 35.501912679413095 ], [ -119.290443612382674, 35.501914198191784 ], [ -119.290440846697905, 35.502211594705429 ], [ -119.290336678934651, 35.502210812513603 ] ] ] } },
{ "type": "Feature", "properties": { "id": "p-00366", "input_id": "026-581-22", "source": "fd-00164", "demand": 1, "duct_group": 0, "duct_assignment": "8" }, "geometry": { "type": "Polygon", "coordinates": [ [ [ -119.290555093865407, 35.5022124503542 ], [ -119.290440846697905, 35.502211594705429 ], [ -119.290443612382674, 35.501914198191784 ], [ -119.290645213604975, 35.501915712226157 ], [ -119.290642458469506, 35.502213102331481 ], [ -119.290555093865407, 35.5022124503542 ] ] ] } },
{ "type": "Feature", "properties": { "id": "p-00367", "input_id": "026-581-23", "source": "fd-00163", "demand": 1, "duct_group": 0, "duct_assignment": "5" }, "geometry": { "type": "Polygon", "coordinates": [ [ [ -119.290773500962686, 35.50221407977665 ], [ -119.290642458469506, 35.502213102331481 ], [ -119.290645213604975, 35.501915712226157 ], [ -119.290846804859228, 35.501917222429242 ], [ -119.290844060258834, 35.502214605224921 ], [ -119.290773500962686, 35.50221407977665 ] ] ] } },
{ "type": "Feature", "properties": { "id": "p-00368", "input_id": "026-581-24", "source": "fd-00163", "demand": 1, "duct_group": 0, "duct_assignment": "6" }, "geometry": { "type": "Polygon", "coordinates": [ [ [ -119.290991894772603, 35.50221570444382 ], [ -119.290844060258834, 35.502214605224921 ], [ -119.290846804859228, 35.501917222429242 ], [ -119.291048385057351, 35.501918729713758 ], [ -119.291045650963582, 35.502216103397245 ], [ -119.290991894772603, 35.50221570444382 ] ] ] } },
{ "type": "Feature", "properties": { "id": "p-00369", "input_id": "026-581-25", "source": "fd-00162", "demand": 1, "duct_group": 0, "duct_assignment": "4" }, "geometry": { "type": "Polygon", "coordinates": [ [ [ -119.291210271988703, 35.50221732439045 ], [ -119.291045650963582, 35.502216103397245 ], [ -119.291048385057351, 35.501918729713758 ], [ -119.291249952023406, 35.501920235905395 ], [ -119.291247227305846, 35.502217598685903 ], [ -119.291210271988703, 35.50221732439045 ] ] ] } },
{ "type": "Feature", "properties": { "id": "p-00370", "input_id": "026-592-26", "source": "fd-00303", "demand": 1, "duct_group": 7, "duct_assignment": "11" }, "geometry": { "type": "Polygon", "coordinates": [ [ [ -119.292418862421854, 35.503190850980999 ], [ -119.29243219870142, 35.503173183858635 ], [ -119.29244197521497, 35.503154022899494 ], [ -119.292447949174303, 35.50313384394839 ], [ -119.292449972224517, 35.503113148130737 ], [ -119.292447994128125, 35.503092449407504 ], [ -119.29244206401215, 35.503072261811319 ], [ -119.292707515232792, 35.503074513564385 ], [ -119.292704453553341, 35.503417821150613 ], [ -119.292418862421854, 35.503190850980999 ] ] ] } },
{ "type": "Feature", "properties": { "id": "p-00371", "input_id": "026-592-27", "source": "fd-00303", "demand": 1, "duct_group": 7, "duct_assignment": "12" }, "geometry": { "type": "Polygon", "coordinates": [ [ [ -119.29244206401215, 35.503072261811319 ], [ -119.292431350398971, 35.503051513614388 ], [ -119.292416477189178, 35.503032557855093 ], [ -119.292397877830439, 35.503015946954918 ], [ -119.292388391868954, 35.503007514156472 ], [ -119.292380751897383, 35.502997909389642 ], [ -119.292375170451663, 35.502987399849758 ], [ -119.292371802801313, 35.502976277901887 ], [ -119.292370742630126, 35.502964852947521 ], [ -119.292371296641804, 35.502903975418832 ], [ -119.292371992030752, 35.502895664111996 ], [ -119.29237391419511, 35.502887482998247 ], [ -119.292377034793205, 35.50287955270371 ], [ -119.292709228125673, 35.502882336667916 ], [ -119.292707515232792, 35.503074513564385 ], [ -119.29244206401215, 35.503072261811319 ] ] ] } },
{ "type": "Feature", "properties": { "id": "p-00372", "input_id": "026-592-32", "source": "fd-00297", "demand": 1, "duct_group": 7, "duct_assignment": "2" }, "geometry": { "type": "Polygon", "coordinates": [ [ [ -119.29167442280702, 35.502522799484105 ], [ -119.291624417799127, 35.502481244228484 ], [ -119.29162681366293, 35.502220418577593 ], [ -119.291845130514702, 35.502222052452993 ], [ -119.291861922603943, 35.502222178828923 ], [ -119.291859161515575, 35.502524170557628 ], [ -119.29167442280702, 35.502522799484105 ] ] ] } },
{ "type": "Feature", "properties": { "id": "p-00373", "input_id": "026-592-20", "source": "fd-00262", "demand": 1, "duct_group": 1, "duct_assignment": "5" }, "geometry": { "type": "Polygon", "coordinates": [ [ [ -119.291541449633385, 35.502848567632306 ], [ -119.291542888277547, 35.502694812981531 ], [ -119.291593660270479, 35.502653998806998 ], [ -119.291877832384998, 35.502656096180516 ], [ -119.291876025112288, 35.502851017841628 ], [ -119.291541449633385, 35.502848567632306 ] ] ] } },
{ "type": "Feature", "properties": { "id": "p-00374", "input_id": "026-592-21", "source": "fd-00299", "demand": 1, "duct_group": 7, "duct_assignment": "5" }, "geometry": { "type": "Polygon", "coordinates": [ [ [ -119.291876025112288, 35.502851017841628 ], [ -119.291877832384998, 35.502656096180516 ], [ -119.292128384438485, 35.502657982063681 ], [ -119.292141520083945, 35.502658916633763 ], [ -119.292154315213409, 35.502661520037492 ], [ -119.292166454759396, 35.502665728168594 ], [ -119.292177639797572, 35.502671437406029 ], [ -119.292187594907105, 35.502678507165477 ], [ -119.292196074952969, 35.502686763360948 ], [ -119.29220287112166, 35.502696002691721 ], [ -119.292207816063552, 35.502705997648185 ], [ -119.292210788013492, 35.502716502114041 ], [ -119.292211713789342, 35.502727257426841 ], [ -119.292210558747954, 35.502853538789132 ], [ -119.291876025112288, 35.502851017841628 ] ] ] } },
{ "type": "Feature", "properties": { "id": "p-00375", "input_id": "026-592-22", "source": "fd-00300", "demand": 1, "duct_group": 7, "duct_assignment": "6" }, "geometry": { "type": "Polygon", "coordinates": [ [ [ -119.291874277951138, 35.503037702085614 ], [ -119.291876025112288, 35.502851017841628 ], [ -119.292210558747954, 35.502853538789132 ], [ -119.292209546550993, 35.502963595684157 ], [ -119.2922082682596, 35.502974988724574 ], [ -119.292204691995622, 35.502986049554146 ], [ -119.292198917247546, 35.502996470467622 ], [ -119.29219110466434, 35.503005961561747 ], [ -119.292181471586673, 35.503014258800263 ], [ -119.292166910202795, 35.50302631719898 ], [ -119.292154363054365, 35.503039804832227 ], [ -119.291874277951138, 35.503037702085614 ] ] ] } },
{ "type": "Feature", "properties": { "id": "p-00376", "input_id": "026-592-23", "source": "fd-00300", "demand": 1, "duct_group": 7, "duct_assignment": "7" }, "geometry": { "type": "Polygon", "coordinates": [ [ [ -119.291874277951138, 35.503037702085614 ], [ -119.292154363054365, 35.503039804832227 ], [ -119.292142338700273, 35.503057453179345 ], [ -119.292133754556957, 35.503076397071638 ], [ -119.292128812370606, 35.503096191291299 ], [ -119.292127628294836, 35.503116370635937 ], [ -119.292130230160467, 35.503136460851572 ], [ -119.292136556821248, 35.503155989778797 ], [ -119.292146459590782, 35.503174498449056 ], [ -119.291871417268723, 35.503337634219804 ], [ -119.291874277951138, 35.503037702085614 ] ] ] } },
{ "type": "Feature", "properties": { "id": "p-00377", "input_id": "026-592-17", "source": "fd-00265", "demand": 1, "duct_group": 1, "duct_assignment": "11" }, "geometry": { "type": "Polygon", "coordinates": [ [ [ -119.291584020901809, 35.503510839534684 ], [ -119.291454416592288, 35.503510465263886 ], [ -119.291457128112413, 35.503238404371928 ], [ -119.291481798076831, 35.503237027565739 ], [ -119.291505920186566, 35.503232581263561 ], [ -119.291528926713255, 35.50322517011179 ], [ -119.291550276184978, 35.503214968536312 ], [ -119.291569466129815, 35.503202216637185 ], [ -119.291586044902502, 35.503187214537803 ], [ -119.291599622313484, 35.50317031532105 ], [ -119.291871213710905, 35.503358556383084 ], [ -119.291869670318846, 35.503511639678557 ], [ -119.291584020901809, 35.503510839534684 ] ] ] } },
{ "type": "Feature", "properties": { "id": "p-00378", "input_id": "026-592-18", "source": "fd-00264", "demand": 1, "duct_group": 1, "duct_assignment": "8" }, "geometry": { "type": "Polygon", "coordinates": [ [ [ -119.291599622313484, 35.50317031532105 ], [ -119.291609838963495, 35.503151943212366 ], [ -119.291616505254183, 35.503132510906632 ], [ -119.291619464852232, 35.503112474124514 ], [ -119.291618648352809, 35.503092302762219 ], [ -119.291614074907031, 35.503072469871853 ], [ -119.291605851772289, 35.503053440567363 ], [ -119.29159417179703, 35.50303566111711 ], [ -119.291874277951138, 35.503037702085614 ], [ -119.291871417268723, 35.503337634219804 ], [ -119.291871213710905, 35.503358556383084 ], [ -119.291599622313484, 35.50317031532105 ] ] ] } },
{ "type": "Feature", "properties": { "id": "p-00379", "input_id": "026-592-19", "source": "fd-00264", "demand": 1, "duct_group": 1, "duct_assignment": "9" }, "geometry": { "type": "Polygon", "coordinates": [ [ [ -119.29159417179703, 35.50303566111711 ], [ -119.291581880089552, 35.503021985374417 ], [ -119.291567542482582, 35.503009713606517 ], [ -119.291558058870805, 35.503001283617579 ], [ -119.2915504206333, 35.502991681946675 ], [ -119.291544840255284, 35.502981175699794 ], [ -119.291541472974629, 35.502970057146882 ], [ -119.291540412463817, 35.50295863559149 ], [ -119.291541449633385, 35.502848567632306 ], [ -119.291876025112288, 35.502851017841628 ], [ -119.291874277951138, 35.503037702085614 ], [ -119.29159417179703, 35.50303566111711 ] ] ] } },
{ "type": "Feature", "properties": { "id": "p-00380", "input_id": "026-592-14", "source": "fd-00263", "demand": 1, "duct_group": 1, "duct_assignment": "7" }, "geometry": { "type": "Polygon", "coordinates": [ [ [ -119.291043740599832, 35.503031669228314 ], [ -119.29104553432451, 35.502844952076991 ], [ -119.291380191203189, 35.502847394668251 ], [ -119.291379148377956, 35.502957467190157 ], [ -119.29137786680657, 35.502968865091987 ], [ -119.291374286327937, 35.502979930271152 ], [ -119.291368506547045, 35.502990354903517 ], [ -119.291360688251899, 35.502999848984324 ], [ -119.291351048940498, 35.503008148396034 ], [ -119.291336478184434, 35.503020213088696 ], [ -119.291323922730513, 35.503033707948497 ], [ -119.291043740599832, 35.503031669228314 ] ] ] } },
{ "type": "Feature", "properties": { "id": "p-00381", "input_id": "026-592-15", "source": "fd-00263", "demand": 1, "duct_group": 1, "duct_assignment": "6" }, "geometry": { "type": "Polygon", "coordinates": [ [ [ -119.291043740599832, 35.503031669228314 ], [ -119.291323922730513, 35.503033707948497 ], [ -119.291311892318717, 35.503051353975074 ], [ -119.291303301564895, 35.503070296273677 ], [ -119.291298352349131, 35.503090089711506 ], [ -119.291297160977763, 35.50311026915422 ], [ -119.291299755450211, 35.503130360396142 ], [ -119.291306074800417, 35.503149891303856 ], [ -119.291315970529567, 35.503168402911427 ], [ -119.291040581825428, 35.503352536182646 ], [ -119.291043740599832, 35.503031669228314 ] ] ] } },
{ "type": "Feature", "properties": { "id": "p-00382", "input_id": "026-592-16", "source": "fd-00265", "demand": 1, "duct_group": 1, "duct_assignment": "10" }, "geometry": { "type": "Polygon", "coordinates": [ [ [ -119.291447452985238, 35.503510444684999 ], [ -119.291039000003508, 35.503509306480517 ], [ -119.291040581825428, 35.503352536182646 ], [ -119.291315970529567, 35.503168402911427 ], [ -119.291329218081444, 35.503185481773528 ], [ -119.291345502665479, 35.503200703961298 ], [ -119.291364441501969, 35.503213711665843 ], [ -119.291385589420202, 35.503224199131154 ], [ -119.291408449322844, 35.503231919841404 ], [ -119.29143248387048, 35.50323669231522 ], [ -119.291457128112413, 35.503238404371928 ], [ -119.291454416592288, 35.503510465263886 ], [ -119.291447452985238, 35.503510444684999 ] ] ] } },
{ "type": "Feature", "properties": { "id": "p-00383", "input_id": "026-592-13", "source": "fd-00261", "demand": 1, "duct_group": 1, "duct_assignment": "4" }, "geometry": { "type": "Polygon", "coordinates": [ [ [ -119.29104553432451, 35.502844952076991 ], [ -119.291047382676382, 35.502649993961768 ], [ -119.291331626202421, 35.502652079228405 ], [ -119.291381635560498, 35.502693633652783 ], [ -119.291380191203189, 35.502847394668251 ], [ -119.29104553432451, 35.502844952076991 ] ] ] } },
{ "type": "Feature", "properties": { "id": "p-00384", "input_id": "026-592-12", "source": "fd-00287", "demand": 1, "duct_group": 5, "duct_assignment": "6" }, "geometry": { "type": "Polygon", "coordinates": [ [ [ -119.290710841815766, 35.502842484611818 ], [ -119.29071231369187, 35.502688711610219 ], [ -119.290763110311687, 35.502647895721566 ], [ -119.291047382676382, 35.502649993961768 ], [ -119.29104553432451, 35.502844952076991 ], [ -119.290710841815766, 35.502842484611818 ] ] ] } },
{ "type": "Feature", "properties": { "id": "p-00385", "input_id": "026-592-11", "source": "fd-00289", "demand": 1, "duct_group": 5, "duct_assignment": "9" }, "geometry": { "type": "Polygon", "coordinates": [ [ [ -119.2907635393791, 35.503029606634421 ], [ -119.290751246338615, 35.503015927593445 ], [ -119.290736906923385, 35.503003652669925 ], [ -119.290727422930047, 35.502995220597541 ], [ -119.29071978476243, 35.502985616808125 ], [ -119.290714204908667, 35.502975108472761 ], [ -119.290710838595757, 35.502963987926279 ], [ -119.290709779471342, 35.502952564534823 ], [ -119.290710841815766, 35.502842484611818 ], [ -119.29104553432451, 35.502844952076991 ], [ -119.291043740599832, 35.503031669228314 ], [ -119.2907635393791, 35.503029606634421 ] ] ] } },
{ "type": "Feature", "properties": { "id": "p-00386", "input_id": "026-592-10", "source": "fd-00289", "demand": 1, "duct_group": 5, "duct_assignment": "10" }, "geometry": { "type": "Polygon", "coordinates": [ [ [ -119.290768874977076, 35.503164399978459 ], [ -119.290779129934037, 35.50314601757561 ], [ -119.290785828435503, 35.503126569455304 ], [ -119.290788813072268, 35.503106512639661 ], [ -119.290788013709459, 35.503086318454635 ], [ -119.290783449134452, 35.503066461453898 ], [ -119.290775226615182, 35.503047408267072 ], [ -119.2907635393791, 35.503029606634421 ], [ -119.291043740599832, 35.503031669228314 ], [ -119.291040581825428, 35.503352536182646 ], [ -119.290768874977076, 35.503164399978459 ] ] ] } },
{ "type": "Feature", "properties": { "id": "p-00387", "input_id": "026-592-09", "source": "fd-00290", "demand": 1, "duct_group": 5, "duct_assignment": "11" }, "geometry": { "type": "Polygon", "coordinates": [ [ [ -119.29074411977976, 35.503508498581809 ], [ -119.290623627568124, 35.503508149435305 ], [ -119.290626384191739, 35.50323232757863 ], [ -119.290651037928185, 35.503230964613458 ], [ -119.290675147284091, 35.503226536545213 ], [ -119.290698145776091, 35.50321914741761 ], [ -119.290719493022436, 35.503208970848654 ], [ -119.290738687440182, 35.503196245951138 ], [ -119.290755278030872, 35.503181271714269 ], [ -119.290768874977076, 35.503164399978459 ], [ -119.291040581825428, 35.503352536182646 ], [ -119.291039000003508, 35.503509306480517 ], [ -119.29074411977976, 35.503508498581809 ] ] ] } },
{ "type": "Feature", "properties": { "id": "p-00388", "input_id": "026-592-08", "source": "fd-00290", "demand": 1, "duct_group": 5, "duct_assignment": "12" }, "geometry": { "type": "Polygon", "coordinates": [ [ [ -119.29031684517102, 35.503507305038106 ], [ -119.29020827275022, 35.503506988999014 ], [ -119.290209864912484, 35.503346352621044 ], [ -119.290485252137927, 35.503162290651261 ], [ -119.290498495026611, 35.503179371574397 ], [ -119.290514774822412, 35.503194596785704 ], [ -119.290533709009026, 35.503207608546404 ], [ -119.290554852700822, 35.503218101125952 ], [ -119.290577709095842, 35.503225827985496 ], [ -119.290601741149203, 35.503230607570913 ], [ -119.290626384191739, 35.50323232757863 ], [ -119.290623627568124, 35.503508149435305 ], [ -119.29031684517102, 35.503507305038106 ] ] ] } },
{ "type": "Feature", "properties": { "id": "p-00389", "input_id": "026-592-07", "source": "fd-00288", "demand": 1, "duct_group": 5, "duct_assignment": "7" }, "geometry": { "type": "Polygon", "coordinates": [ [ [ -119.290210700666421, 35.503261610061642 ], [ -119.290212828343186, 35.50304471501083 ], [ -119.290213016063973, 35.503025495716528 ], [ -119.290493224449861, 35.503027596446273 ], [ -119.29048119128484, 35.503045241246802 ], [ -119.29047259761812, 35.503064182689286 ], [ -119.290467645402359, 35.503083975651819 ], [ -119.290466451016897, 35.503104155001303 ], [ -119.29046904253245, 35.503124246524393 ], [ -119.290475359051271, 35.503143778071312 ], [ -119.290485252137927, 35.503162290651261 ], [ -119.290209864912484, 35.503346352621044 ], [ -119.290210700666421, 35.503261610061642 ] ] ] } },
{ "type": "Feature", "properties": { "id": "p-00390", "input_id": "026-592-06", "source": "fd-00288", "demand": 1, "duct_group": 5, "duct_assignment": "8" }, "geometry": { "type": "Polygon", "coordinates": [ [ [ -119.290213016063973, 35.503025495716528 ], [ -119.290214828235619, 35.502838780205742 ], [ -119.290549538942585, 35.502841286687833 ], [ -119.290548474163899, 35.50295136573142 ], [ -119.290547189092663, 35.502962763631935 ], [ -119.29054360517037, 35.502973828335612 ], [ -119.290537822097306, 35.502984252033556 ], [ -119.290530000751957, 35.502993744748792 ], [ -119.290520358715838, 35.503002042403381 ], [ -119.290505784164154, 35.503014104139567 ], [ -119.290493224449861, 35.503027596446273 ], [ -119.290213016063973, 35.503025495716528 ] ] ] } },
{ "type": "Feature", "properties": { "id": "p-00391", "input_id": "026-592-05", "source": "fd-00286", "demand": 1, "duct_group": 5, "duct_assignment": "5" }, "geometry": { "type": "Polygon", "coordinates": [ [ [ -119.290214828235619, 35.502838780205742 ], [ -119.290216702733588, 35.502643817341927 ], [ -119.290501000899923, 35.502645947221303 ], [ -119.290551014412671, 35.502687512752154 ], [ -119.290549538942585, 35.502841286687833 ], [ -119.290214828235619, 35.502838780205742 ] ] ] } },
{ "type": "Feature", "properties": { "id": "p-00392", "input_id": "026-592-04", "source": "fd-00285", "demand": 1, "duct_group": 5, "duct_assignment": "4" }, "geometry": { "type": "Polygon", "coordinates": [ [ [ -119.289880112786989, 35.502836250327825 ], [ -119.289881330456041, 35.502709938621571 ], [ -119.289882481020499, 35.50269921053448 ], [ -119.289885669774577, 35.50268876171296 ], [ -119.289890818198103, 35.50267884944725 ], [ -119.289897799516339, 35.502669717815515 ], [ -119.289906441821941, 35.502661591673608 ], [ -119.289916532307686, 35.502654671118179 ], [ -119.289927822507011, 35.502649126559859 ], [ -119.289940034411799, 35.502645094526862 ], [ -119.289952867318277, 35.50264267430321 ], [ -119.289966005231378, 35.502641925483985 ], [ -119.290216702733588, 35.502643817341927 ], [ -119.290214828235619, 35.502838780205742 ], [ -119.289880112786989, 35.502836250327825 ] ] ] } },
{ "type": "Feature", "properties": { "id": "p-00393", "input_id": "026-592-03", "source": "fd-00285", "demand": 1, "duct_group": 5, "duct_assignment": "3" }, "geometry": { "type": "Polygon", "coordinates": [ [ [ -119.289878114232025, 35.50304218330205 ], [ -119.289880112786989, 35.502836250327825 ], [ -119.290214828235619, 35.502838780205742 ], [ -119.290213016063973, 35.503025495716528 ], [ -119.290212828343186, 35.50304471501083 ], [ -119.289878114232025, 35.50304218330205 ] ] ] } },
{ "type": "Feature", "properties": { "id": "p-00394", "input_id": "026-592-02", "source": "fd-00284", "demand": 1, "duct_group": 5, "duct_assignment": "2" }, "geometry": { "type": "Polygon", "coordinates": [ [ [ -119.289875992256526, 35.503259076475508 ], [ -119.289878114232025, 35.50304218330205 ], [ -119.290212828343186, 35.50304471501083 ], [ -119.290210700666421, 35.503261610061642 ], [ -119.289875992256526, 35.503259076475508 ] ] ] } },
{ "type": "Feature", "properties": { "id": "p-00395", "input_id": "026-592-01", "source": "fd-00284", "demand": 1, "duct_group": 5, "duct_assignment": "1" }, "geometry": { "type": "Polygon", "coordinates": [ [ [ -119.289873559946386, 35.503506065298168 ], [ -119.289875992256526, 35.503259076475508 ], [ -119.290210700666421, 35.503261610061642 ], [ -119.290209864912484, 35.503346352621044 ], [ -119.29020827275022, 35.503506988999014 ], [ -119.289873559946386, 35.503506065298168 ] ] ] } },
{ "type": "Feature", "properties": { "id": "p-00396", "input_id": "026-591-13", "source": "fd-00272", "demand": 1, "duct_group": 3, "duct_assignment": "1" }, "geometry": { "type": "Polygon", "coordinates": [ [ [ -119.28937849435259, 35.503406768409903 ], [ -119.289380315112467, 35.503220127683591 ], [ -119.289715031544205, 35.50322269318027 ], [ -119.289713621256851, 35.503366461107795 ], [ -119.289662801985543, 35.503407510234872 ], [ -119.28937849435259, 35.503406768409903 ] ] ] } },
{ "type": "Feature", "properties": { "id": "p-00397", "input_id": "026-591-12", "source": "fd-00272", "demand": 1, "duct_group": 3, "duct_assignment": "2" }, "geometry": { "type": "Polygon", "coordinates": [ [ [ -119.289380315112467, 35.503220127683591 ], [ -119.289381300732472, 35.503118745076108 ], [ -119.289382075665785, 35.503038924670868 ], [ -119.289716800176592, 35.503041490070395 ], [ -119.289715031544205, 35.50322269318027 ], [ -119.289380315112467, 35.503220127683591 ] ] ] } },
{ "type": "Feature", "properties": { "id": "p-00398", "input_id": "026-591-11", "source": "fd-00273", "demand": 1, "duct_group": 3, "duct_assignment": "3" }, "geometry": { "type": "Polygon", "coordinates": [ [ [ -119.289382075665785, 35.503038924670868 ], [ -119.289382168224918, 35.503029366417465 ], [ -119.289383828270317, 35.502857707306489 ], [ -119.289713283478818, 35.502860229732462 ], [ -119.289716124362499, 35.502868041321364 ], [ -119.289717813447382, 35.502876073119644 ], [ -119.289718326940076, 35.502884211988857 ], [ -119.289716800176592, 35.503041490070395 ], [ -119.289382075665785, 35.503038924670868 ] ] ] } },
{ "type": "Feature", "properties": { "id": "p-00399", "input_id": "026-591-10", "source": "fd-00273", "demand": 1, "duct_group": 3, "duct_assignment": "4" }, "geometry": { "type": "Polygon", "coordinates": [ [ [ -119.289383828270317, 35.502857707306489 ], [ -119.289385525961222, 35.502681211008195 ], [ -119.289385930054252, 35.502639023299473 ], [ -119.289661820962522, 35.50266208942169 ], [ -119.289656404206411, 35.502700295011593 ], [ -119.28965814045435, 35.502738730295043 ], [ -119.289666989498329, 35.502776504968622 ], [ -119.289682746371142, 35.502812744030074 ], [ -119.289705046093118, 35.502846608046298 ], [ -119.289709626800772, 35.502853232067963 ], [ -119.289713283478818, 35.502860229732462 ], [ -119.289383828270317, 35.502857707306489 ] ] ] } },
{ "type": "Feature", "properties": { "id": "p-00400", "input_id": "026-591-07", "source": "fd-00275", "demand": 1, "duct_group": 3, "duct_assignment": "7" }, "geometry": { "type": "Polygon", "coordinates": [ [ [ -119.289895175024171, 35.502464440717581 ], [ -119.289812184167531, 35.502206850259753 ], [ -119.290037605231774, 35.50220855881939 ], [ -119.290113551066057, 35.502209132712906 ], [ -119.290110915468347, 35.502487856712435 ], [ -119.290070330591519, 35.502473050875722 ], [ -119.290027569495223, 35.502463154996335 ], [ -119.289983515319364, 35.502458373452654 ], [ -119.289939077909139, 35.502458804997289 ], [ -119.289895175024171, 35.502464440717581 ] ] ] } },
{ "type": "Feature", "properties": { "id": "p-00401", "input_id": "026-591-06", "source": "fd-00275", "demand": 1, "duct_group": 3, "duct_assignment": "8" }, "geometry": { "type": "Polygon", "coordinates": [ [ [ -119.290182049953472, 35.502511738358756 ], [ -119.290169957944869, 35.502510934294421 ], [ -119.290158133487523, 35.502508714993724 ], [ -119.290146822970428, 35.502505126700783 ], [ -119.290136262073389, 35.502500244185697 ], [ -119.290110915468347, 35.502487856712435 ], [ -119.290113551066057, 35.502209132712906 ], [ -119.290239229324015, 35.502210080497989 ], [ -119.290336678934651, 35.502210812513603 ], [ -119.290333829642321, 35.502512878989322 ], [ -119.290182049953472, 35.502511738358756 ] ] ] } },
{ "type": "Feature", "properties": { "id": "p-00402", "input_id": "026-591-05", "source": "fd-00276", "demand": 1, "duct_group": 3, "duct_assignment": "9" }, "geometry": { "type": "Polygon", "coordinates": [ [ [ -119.290333829642321, 35.502512878989322 ], [ -119.290336678934651, 35.502210812513603 ], [ -119.290440846697905, 35.502211594705429 ], [ -119.290555093865407, 35.5022124503542 ], [ -119.290552255224028, 35.502514512224465 ], [ -119.290333829642321, 35.502512878989322 ] ] ] } },
{ "type": "Feature", "properties": { "id": "p-00403", "input_id": "026-591-04", "source": "fd-00277", "demand": 1, "duct_group": 3, "duct_assignment": "10" }, "geometry": { "type": "Polygon", "coordinates": [ [ [ -119.29063330654806, 35.502515116022643 ], [ -119.290552255224028, 35.502514512224465 ], [ -119.290555093865407, 35.5022124503542 ], [ -119.290642458469506, 35.502213102331481 ], [ -119.290773500962686, 35.50221407977665 ], [ -119.29077067406007, 35.502516136128627 ], [ -119.29063330654806, 35.502515116022643 ] ] ] } },
{ "type": "Feature", "properties": { "id": "p-00404", "input_id": "026-591-03", "source": "fd-00259", "demand": 1, "duct_group": 1, "duct_assignment": "1" }, "geometry": { "type": "Polygon", "coordinates": [ [ [ -119.29077067406007, 35.502516136128627 ], [ -119.290773500962686, 35.50221407977665 ], [ -119.290844060258834, 35.502214605224921 ], [ -119.290991894772603, 35.50221570444382 ], [ -119.290989081756294, 35.502517751649464 ], [ -119.29077067406007, 35.502516136128627 ] ] ] } },
{ "type": "Feature", "properties": { "id": "p-00405", "input_id": "026-591-02", "source": "fd-00260", "demand": 1, "duct_group": 1, "duct_assignment": "2" }, "geometry": { "type": "Polygon", "coordinates": [ [ [ -119.290989081756294, 35.502517751649464 ], [ -119.290991894772603, 35.50221570444382 ], [ -119.291045650963582, 35.502216103397245 ], [ -119.291210271988703, 35.50221732439045 ], [ -119.291207473946542, 35.502519361536912 ], [ -119.290989081756294, 35.502517751649464 ] ] ] } },
{ "type": "Feature", "properties": { "id": "p-00406", "input_id": "026-591-01", "source": "fd-00260", "demand": 1, "duct_group": 1, "duct_assignment": "3" }, "geometry": { "type": "Polygon", "coordinates": [ [ [ -119.291207473946542, 35.502519361536912 ], [ -119.291210271988703, 35.50221732439045 ], [ -119.291247227305846, 35.502217598685903 ], [ -119.291465582503932, 35.502219219311762 ], [ -119.291463179657384, 35.502480054041378 ], [ -119.291412407707185, 35.502520868164808 ], [ -119.291207473946542, 35.502519361536912 ] ] ] } },
{ "type": "Feature", "properties": { "id": "p-00407", "input_id": "026-563-02", "source": "fd-00305", "demand": 1, "duct_group": 8, "duct_assignment": "3" }, "geometry": { "type": "Polygon", "coordinates": [ [ [ -119.289044721302261, 35.501473966785667 ], [ -119.289046433259685, 35.501284630153677 ], [ -119.289398585909154, 35.501287302010105 ], [ -119.289396849446192, 35.501476992251789 ], [ -119.289044721302261, 35.501473966785667 ] ] ] } },
{ "type": "Feature", "properties": { "id": "p-00408", "input_id": "026-631-13", "source": "fd-00336", "demand": 1, "duct_group": 1, "duct_assignment": "7" }, "geometry": { "type": "Polygon", "coordinates": [ [ [ -119.287151396464679, 35.504456274690639 ], [ -119.287152652105362, 35.504324516633559 ], [ -119.287152671158935, 35.504322565859397 ], [ -119.287153362398527, 35.504250002471231 ], [ -119.287467044573049, 35.504252462685415 ], [ -119.287464984897852, 35.504261083373002 ], [ -119.287463340066466, 35.504269516736336 ], [ -119.287462045304082, 35.504277990600343 ], [ -119.287461100455531, 35.504286495051446 ], [ -119.287460507584001, 35.504295021054475 ], [ -119.287460267636462, 35.504303558684228 ], [ -119.287460380457759, 35.504312098027292 ], [ -119.287460845892682, 35.504320629170152 ], [ -119.287461663786033, 35.504329142199339 ], [ -119.287462832908744, 35.504337629015247 ], [ -119.287464350873208, 35.504346077925135 ], [ -119.287466218640347, 35.504354479905125 ], [ -119.287468431646488, 35.504362825087867 ], [ -119.287470988662548, 35.50437110537387 ], [ -119.28747388621278, 35.504379309983051 ], [ -119.287477120849658, 35.50438742993768 ], [ -119.287480689111618, 35.50439545535891 ], [ -119.28748458646308, 35.50440337818182 ], [ -119.287488809442436, 35.504411188527584 ], [ -119.287493352397902, 35.504418877441573 ], [ -119.287498210807996, 35.504426437760131 ], [ -119.287503378978627, 35.504433857824935 ], [ -119.28750885021222, 35.504441132297934 ], [ -119.287510265235397, 35.504443009461632 ], [ -119.287511604761576, 35.504444922569739 ], [ -119.287512868762548, 35.504446869819738 ], [ -119.287514056093769, 35.50444884851958 ], [ -119.287515165653161, 35.504450858680748 ], [ -119.287516195165793, 35.504452895820179 ], [ -119.28751714352957, 35.504454959949499 ], [ -119.287518010673836, 35.504457046562521 ], [ -119.287518796612758, 35.504459156560529 ], [ -119.287151396464679, 35.504456274690639 ] ] ] } },
{ "type": "Feature", "properties": { "id": "p-00409", "input_id": "026-631-12", "source": "fd-00337", "demand": 1, "duct_group": 1, "duct_assignment": "8" }, "geometry": { "type": "Polygon", "coordinates": [ [ [ -119.287153362398527, 35.504250002471231 ], [ -119.287154353396318, 35.504145971656712 ], [ -119.287154373326132, 35.504144006451192 ], [ -119.287157383914618, 35.503828121504057 ], [ -119.287526155511003, 35.504149109355119 ], [ -119.287519610554028, 35.504156184296519 ], [ -119.287513372707906, 35.504163442605289 ], [ -119.287507450662616, 35.504170876078014 ], [ -119.287501850875756, 35.504178474732001 ], [ -119.287496580921243, 35.5041862294743 ], [ -119.28749164725653, 35.504194130322055 ], [ -119.287487056353442, 35.504202168193885 ], [ -119.287482812451117, 35.504210332228865 ], [ -119.28747892093341, 35.504218614258228 ], [ -119.28747538821537, 35.504227001595744 ], [ -119.287472217476619, 35.504235486095567 ], [ -119.287469412942173, 35.504244055995756 ], [ -119.287467044573049, 35.504252462685415 ], [ -119.287153362398527, 35.504250002471231 ] ] ] } },
{ "type": "Feature", "properties": { "id": "p-00410", "input_id": "026-634-12", "source": "fd-00344", "demand": 1, "duct_group": 2, "duct_assignment": "11" }, "geometry": { "type": "Polygon", "coordinates": [ [ [ -119.289862929930734, 35.503506036232565 ], [ -119.289873559946386, 35.503506065298168 ], [ -119.29020827275022, 35.503506988999014 ], [ -119.29031684517102, 35.503507305038106 ], [ -119.290315838700224, 35.503749049112855 ], [ -119.290309996393717, 35.503749115849857 ], [ -119.290304160011004, 35.503749349278806 ], [ -119.290298338355058, 35.503749748405902 ], [ -119.29029253692228, 35.503750312272132 ], [ -119.290286762325437, 35.503751040807977 ], [ -119.290281022265177, 35.503751933031289 ], [ -119.290275324456431, 35.503752988861216 ], [ -119.290269674367423, 35.503754205536026 ], [ -119.290264078596635, 35.503755582085198 ], [ -119.290258545932915, 35.503757116613677 ], [ -119.290253081872663, 35.503758808162516 ], [ -119.290247692986213, 35.503760653958487 ], [ -119.290242385843882, 35.50376265122852 ], [ -119.290237165942088, 35.503764799013716 ], [ -119.290232040939202, 35.503767093628063 ], [ -119.29022701740557, 35.503769532298435 ], [ -119.290222099721248, 35.503772113176275 ], [ -119.29021729553061, 35.503774831674328 ], [ -119.29021261030168, 35.503777685031181 ], [ -119.290208048386489, 35.503780669595564 ], [ -119.290203616355285, 35.50378378259456 ], [ -119.290199318560084, 35.503787020376862 ], [ -119.290195162630837, 35.503790377454223 ], [ -119.290191150729356, 35.503793851099793 ], [ -119.290187289397821, 35.503797436738111 ], [ -119.290183582973867, 35.50380112981663 ], [ -119.289862929930734, 35.503506036232565 ] ] ] } },
{ "type": "Feature", "properties": { "id": "p-00411", "input_id": "026-634-11", "source": "fd-00344", "demand": 1, "duct_group": 2, "duct_assignment": "12" }, "geometry": { "type": "Polygon", "coordinates": [ [ [ -119.290443811501873, 35.503797978966851 ], [ -119.2904399796234, 35.503794383047989 ], [ -119.290435998479694, 35.503790898663844 ], [ -119.290431871433725, 35.503787529384468 ], [ -119.290427602964712, 35.503784279669922 ], [ -119.29042319974215, 35.503781153055456 ], [ -119.290418667318974, 35.503778152187053 ], [ -119.290414009100729, 35.50377528333847 ], [ -119.290409231714349, 35.503772547341541 ], [ -119.290404341843271, 35.503769948632943 ], [ -119.290399343952643, 35.50376749077126 ], [ -119.290394245799874, 35.503765176379261 ], [ -119.290389051821606, 35.503763007213067 ], [ -119.290383768701517, 35.503760987709327 ], [ -119.290378403066427, 35.503759118699854 ], [ -119.290372961585646, 35.503757403720194 ], [ -119.290367450886208, 35.503755843602057 ], [ -119.290361876521061, 35.503754440991308 ], [ -119.290356246233443, 35.503753197609441 ], [ -119.290350566664429, 35.503752115189364 ], [ -119.290344844426727, 35.503751193661756 ], [ -119.290339086189675, 35.503750436562065 ], [ -119.290333299639812, 35.50374984200689 ], [ -119.29032749143245, 35.503749412630384 ], [ -119.290321669282349, 35.50374914835168 ], [ -119.290315838700224, 35.503749049112855 ], [ -119.29031684517102, 35.503507305038106 ], [ -119.290623627568124, 35.503508149435305 ], [ -119.29074411977976, 35.503508498581809 ], [ -119.290447487403213, 35.503801680181233 ], [ -119.290443811501873, 35.503797978966851 ] ] ] } },
{ "type": "Feature", "properties": { "id": "p-00412", "input_id": "026-632-08", "source": "fd-00296", "demand": 1, "duct_group": 6, "duct_assignment": "11" }, "geometry": { "type": "Polygon", "coordinates": [ [ [ -119.28878436904175, 35.504107386971818 ], [ -119.288734452617277, 35.50406603515642 ], [ -119.288737183631596, 35.503832534194345 ], [ -119.288985794722876, 35.503833231815548 ], [ -119.288982581950833, 35.504107943294564 ], [ -119.28878436904175, 35.504107386971818 ] ] ] } },
{ "type": "Feature", "properties": { "id": "p-00413", "input_id": "026-631-07", "source": "fd-00256", "demand": 1, "duct_group": 0, "duct_assignment": "8" }, "geometry": { "type": "Polygon", "coordinates": [ [ [ -119.288335608941253, 35.504106156691009 ], [ -119.288338823903814, 35.503831447031132 ], [ -119.288575908700423, 35.503832113057278 ], [ -119.288573176111726, 35.504065613126208 ], [ -119.288522295517851, 35.504106681331649 ], [ -119.288335608941253, 35.504106156691009 ] ] ] } },
{ "type": "Feature", "properties": { "id": "p-00414", "input_id": "026-631-08", "source": "fd-00256", "demand": 1, "duct_group": 0, "duct_assignment": "7" }, "geometry": { "type": "Polygon", "coordinates": [ [ [ -119.288117233794225, 35.504105542907396 ], [ -119.288120449486584, 35.503830833253204 ], [ -119.288318162345718, 35.503831388669639 ], [ -119.288338823903814, 35.503831447031132 ], [ -119.288335608941253, 35.504106156691009 ], [ -119.288117233794225, 35.504105542907396 ] ] ] } },
{ "type": "Feature", "properties": { "id": "p-00415", "input_id": "026-631-09", "source": "fd-00338", "demand": 1, "duct_group": 1, "duct_assignment": "11" }, "geometry": { "type": "Polygon", "coordinates": [ [ [ -119.287984934591393, 35.504105170675565 ], [ -119.28798207994889, 35.504105123069252 ], [ -119.287979228472096, 35.504104996108786 ], [ -119.287976384569617, 35.504104789747913 ], [ -119.287973550459782, 35.504104504864706 ], [ -119.287970730537054, 35.504104140511792 ], [ -119.287967925945892, 35.50410369938129 ], [ -119.287965142168815, 35.504103179613097 ], [ -119.287962382540442, 35.50410258297493 ], [ -119.287959648162897, 35.504101909455244 ], [ -119.28795694347302, 35.50410116081035 ], [ -119.287954271791307, 35.504100337906756 ], [ -119.287951635322003, 35.504099440721404 ], [ -119.287949038487881, 35.504098470109383 ], [ -119.287946482433327, 35.504097428762776 ], [ -119.28794397156696, 35.504096316635412 ], [ -119.287941508121335, 35.504095135506631 ], [ -119.287939096533094, 35.504093887132683 ], [ -119.287930665844783, 35.504089514565329 ], [ -119.287922067828831, 35.504085367291523 ], [ -119.28791330915449, 35.504081448846996 ], [ -119.287904402015798, 35.504077763610638 ], [ -119.287895353096047, 35.504074316019441 ], [ -119.287898211282695, 35.503830207291244 ], [ -119.288086349047603, 35.503830737212532 ], [ -119.288120449486584, 35.503830833253204 ], [ -119.288117233794225, 35.504105542907396 ], [ -119.287984934591393, 35.504105170675565 ] ] ] } },
{ "type": "Feature", "properties": { "id": "p-00416", "input_id": "026-631-10", "source": "fd-00338", "demand": 1, "duct_group": 1, "duct_assignment": "10" }, "geometry": { "type": "Polygon", "coordinates": [ [ [ -119.287636161329004, 35.503829469778772 ], [ -119.287867974634111, 35.503830122986045 ], [ -119.287898211282695, 35.503830207291244 ], [ -119.287895353096047, 35.504074316019441 ], [ -119.28788539004141, 35.504070848260064 ], [ -119.287875283792303, 35.504067668637433 ], [ -119.287865047616606, 35.504064779716515 ], [ -119.28785469482456, 35.50406218676617 ], [ -119.287844236451676, 35.504059890572066 ], [ -119.287833686910162, 35.504057896391402 ], [ -119.287823058337551, 35.50405620499842 ], [ -119.287812362913769, 35.504054819871016 ], [ -119.287801616068521, 35.504053740847418 ], [ -119.287790828879494, 35.504052971417096 ], [ -119.287780015660189, 35.504052510528723 ], [ -119.287769188562251, 35.504052359857702 ], [ -119.287758361913362, 35.504052519254039 ], [ -119.287747548953007, 35.504052989480215 ], [ -119.287736762878467, 35.504053768595362 ], [ -119.287726016901217, 35.504054855559644 ], [ -119.287715324246619, 35.504056250234555 ], [ -119.2877046970099, 35.504057950690566 ], [ -119.287694150564249, 35.50405995316121 ], [ -119.287683694828843, 35.50406225754265 ], [ -119.28767334517697, 35.50406486006829 ], [ -119.287663112573398, 35.504067757017786 ], [ -119.287653011303405, 35.5040709455374 ], [ -119.287643052317691, 35.504074421005591 ], [ -119.287633248785241, 35.504078179678928 ], [ -119.287636161329004, 35.503829469778772 ] ] ] } },
{ "type": "Feature", "properties": { "id": "p-00417", "input_id": "026-631-11", "source": "fd-00337", "demand": 1, "duct_group": 1, "duct_assignment": "9" }, "geometry": { "type": "Polygon", "coordinates": [ [ [ -119.287157383914618, 35.503828121504057 ], [ -119.287404348041733, 35.503828817035519 ], [ -119.287636161329004, 35.503829469778772 ], [ -119.287633248785241, 35.504078179678928 ], [ -119.287623733188951, 35.50408216428437 ], [ -119.287614391527953, 35.504086415676738 ], [ -119.287605235841042, 35.504090928321666 ], [ -119.2875962759625, 35.504095696707942 ], [ -119.287587523945405, 35.504100716202473 ], [ -119.287578988507789, 35.504105980404312 ], [ -119.287570681660213, 35.504111481976771 ], [ -119.287562612134991, 35.504117215420095 ], [ -119.287554789752576, 35.50412317432189 ], [ -119.287547224305015, 35.504129350467295 ], [ -119.287539924496514, 35.504135736554147 ], [ -119.287532899031177, 35.50414232528027 ], [ -119.287526155511003, 35.504149109355119 ], [ -119.287157383914618, 35.503828121504057 ] ] ] } },
{ "type": "Feature", "properties": { "id": "p-00418", "input_id": "026-632-04", "source": "fd-00291", "demand": 1, "duct_group": 6, "duct_assignment": "2" }, "geometry": { "type": "Polygon", "coordinates": [ [ [ -119.289449421365191, 35.503834531801424 ], [ -119.289452632580421, 35.503559821181717 ], [ -119.289650618194969, 35.503560376093851 ], [ -119.289700534773289, 35.503601727545458 ], [ -119.28969780647509, 35.50383522674781 ], [ -119.289449421365191, 35.503834531801424 ] ] ] } },
{ "type": "Feature", "properties": { "id": "p-00419", "input_id": "026-632-03", "source": "fd-00291", "demand": 1, "duct_group": 6, "duct_assignment": "1" }, "geometry": { "type": "Polygon", "coordinates": [ [ [ -119.289217608049327, 35.5038338824777 ], [ -119.289220820039233, 35.503559171863948 ], [ -119.289452632580421, 35.503559821181717 ], [ -119.289449421365191, 35.503834531801424 ], [ -119.289217608049327, 35.5038338824777 ] ] ] } },
{ "type": "Feature", "properties": { "id": "p-00420", "input_id": "026-632-02", "source": "fd-00294", "demand": 1, "duct_group": 6, "duct_assignment": "8" }, "geometry": { "type": "Polygon", "coordinates": [ [ [ -119.288985794722876, 35.503833231815548 ], [ -119.288989007501684, 35.503558522109003 ], [ -119.289220820039233, 35.503559171863948 ], [ -119.289217608049327, 35.5038338824777 ], [ -119.288985794722876, 35.503833231815548 ] ] ] } },
{ "type": "Feature", "properties": { "id": "p-00421", "input_id": "026-632-01", "source": "fd-00294", "demand": 1, "duct_group": 6, "duct_assignment": "7" }, "geometry": { "type": "Polygon", "coordinates": [ [ [ -119.288737183631596, 35.503832534194345 ], [ -119.288739915746618, 35.503599034100269 ], [ -119.288790795917535, 35.503557965796489 ], [ -119.288989007501684, 35.503558522109003 ], [ -119.288985794722876, 35.503833231815548 ], [ -119.288737183631596, 35.503832534194345 ] ] ] } },
{ "type": "Feature", "properties": { "id": "p-00422", "input_id": "026-631-06", "source": "fd-00597", "demand": 1, "duct_group": 11, "duct_assignment": "10" }, "geometry": { "type": "Polygon", "coordinates": [ [ [ -119.288338823903814, 35.503831447031132 ], [ -119.288318162345718, 35.503831388669639 ], [ -119.288321378118908, 35.503556657339352 ], [ -119.288528698471481, 35.503557239707398 ], [ -119.288578640157382, 35.503598612077091 ], [ -119.288575908700423, 35.503832113057278 ], [ -119.288338823903814, 35.503831447031132 ] ] ] } },
{ "type": "Feature", "properties": { "id": "p-00423", "input_id": "026-631-05", "source": "fd-00597", "demand": 1, "duct_group": 11, "duct_assignment": "11" }, "geometry": { "type": "Polygon", "coordinates": [ [ [ -119.288120449486584, 35.503830833253204 ], [ -119.288086349047603, 35.503830737212532 ], [ -119.288089565581487, 35.503556004987026 ], [ -119.288321378118908, 35.503556657339352 ], [ -119.288318162345718, 35.503831388669639 ], [ -119.288120449486584, 35.503830833253204 ] ] ] } },
{ "type": "Feature", "properties": { "id": "p-00424", "input_id": "026-631-04", "source": "fd-00596", "demand": 1, "duct_group": 11, "duct_assignment": "8" }, "geometry": { "type": "Polygon", "coordinates": [ [ [ -119.287898211282695, 35.503830207291244 ], [ -119.287867974634111, 35.503830122986045 ], [ -119.287871190795784, 35.503555390777777 ], [ -119.288089565581487, 35.503556004987026 ], [ -119.288086349047603, 35.503830737212532 ], [ -119.287898211282695, 35.503830207291244 ] ] ] } },
{ "type": "Feature", "properties": { "id": "p-00425", "input_id": "026-631-03", "source": "fd-00596", "demand": 1, "duct_group": 11, "duct_assignment": "9" }, "geometry": { "type": "Polygon", "coordinates": [ [ [ -119.287636161329004, 35.503829469778772 ], [ -119.287639378279593, 35.503554738477689 ], [ -119.287871190795784, 35.503555390777777 ], [ -119.287867974634111, 35.503830122986045 ], [ -119.287636161329004, 35.503829469778772 ] ] ] } },
{ "type": "Feature", "properties": { "id": "p-00426", "input_id": "026-631-02", "source": "fd-00595", "demand": 1, "duct_group": 11, "duct_assignment": "7" }, "geometry": { "type": "Polygon", "coordinates": [ [ [ -119.287404348041733, 35.503828817035519 ], [ -119.287407566869206, 35.503554085728886 ], [ -119.287639378279593, 35.503554738477689 ], [ -119.287636161329004, 35.503829469778772 ], [ -119.287404348041733, 35.503828817035519 ] ] ] } },
{ "type": "Feature", "properties": { "id": "p-00427", "input_id": "026-621-28", "source": "fd-00143", "demand": 1, "duct_group": 5, "duct_assignment": "11" }, "geometry": { "type": "Polygon", "coordinates": [ [ [ -119.287655749764653, 35.497956373447799 ], [ -119.287657714867279, 35.497794253735627 ], [ -119.287658047821807, 35.497766748334122 ], [ -119.288010532936497, 35.497767830500337 ], [ -119.288010339956188, 35.497811506042332 ], [ -119.288009120676989, 35.497822921890318 ], [ -119.288005598112761, 35.497834013218743 ], [ -119.287999870258574, 35.497844471472362 ], [ -119.287992096459746, 35.497854005707651 ], [ -119.287982492979054, 35.497862350686809 ], [ -119.287964473765939, 35.497877942737816 ], [ -119.287949783126464, 35.497895716993312 ], [ -119.28793880955925, 35.497915203410194 ], [ -119.287931843264943, 35.497935886666532 ], [ -119.287929068471712, 35.497957219789456 ], [ -119.287655749764653, 35.497956373447799 ] ] ] } },
{ "type": "Feature", "properties": { "id": "p-00428", "input_id": "026-621-26", "source": "fd-00142", "demand": 1, "duct_group": 5, "duct_assignment": "9" }, "geometry": { "type": "Polygon", "coordinates": [ [ [ -119.287660051532896, 35.49760188711759 ], [ -119.287661858866855, 35.497453549288622 ], [ -119.287662361395434, 35.497412313231976 ], [ -119.287948672662822, 35.497427523846682 ], [ -119.287953427398165, 35.49746020338047 ], [ -119.287963332828625, 35.49749210093141 ], [ -119.287978221104638, 35.497522675970089 ], [ -119.287997839937631, 35.497551410377589 ], [ -119.288003676328543, 35.497560103332468 ], [ -119.288007921473422, 35.49756939288801 ], [ -119.288010486915596, 35.497579085477376 ], [ -119.288011319198233, 35.497588979135756 ], [ -119.288011257070735, 35.497602951131775 ], [ -119.287660051532896, 35.49760188711759 ] ] ] } },
{ "type": "Feature", "properties": { "id": "p-00429", "input_id": "026-621-01", "source": "fd-00126", "demand": 1, "duct_group": 1, "duct_assignment": "9" }, "geometry": { "type": "Polygon", "coordinates": [ [ [ -119.287530479590231, 35.498324516407337 ], [ -119.287315001760504, 35.498323875514302 ], [ -119.28731706718753, 35.498146089759686 ], [ -119.287653399259554, 35.498148842940658 ], [ -119.287650966493203, 35.498324874871976 ], [ -119.287530479590231, 35.498324516407337 ] ] ] } },
{ "type": "Feature", "properties": { "id": "p-00430", "input_id": "026-621-02", "source": "fd-00126", "demand": 1, "duct_group": 1, "duct_assignment": "11" }, "geometry": { "type": "Polygon", "coordinates": [ [ [ -119.28731706718753, 35.498146089759686 ], [ -119.287319413349792, 35.497953714971359 ], [ -119.287655716063284, 35.497959147337667 ], [ -119.287653399259554, 35.498148842940658 ], [ -119.28731706718753, 35.498146089759686 ] ] ] } },
{ "type": "Feature", "properties": { "id": "p-00431", "input_id": "026-621-03", "source": "fd-00126", "demand": 1, "duct_group": 1, "duct_assignment": "10" }, "geometry": { "type": "Polygon", "coordinates": [ [ [ -119.287319413349792, 35.497953714971359 ], [ -119.287321405225057, 35.497791643665309 ], [ -119.287657714867279, 35.497794253735627 ], [ -119.287655749764653, 35.497956373447799 ], [ -119.287655716063284, 35.497959147337667 ], [ -119.287319413349792, 35.497953714971359 ] ] ] } },
{ "type": "Feature", "properties": { "id": "p-00432", "input_id": "026-621-04", "source": "fd-00125", "demand": 1, "duct_group": 1, "duct_assignment": "8" }, "geometry": { "type": "Polygon", "coordinates": [ [ [ -119.287321405225057, 35.497791643665309 ], [ -119.287323437586579, 35.497626809204185 ], [ -119.287659716305043, 35.497629388037844 ], [ -119.287658047821807, 35.497766748334122 ], [ -119.287657714867279, 35.497794253735627 ], [ -119.287321405225057, 35.497791643665309 ] ] ] } },
{ "type": "Feature", "properties": { "id": "p-00433", "input_id": "026-621-05", "source": "fd-00125", "demand": 1, "duct_group": 1, "duct_assignment": "7" }, "geometry": { "type": "Polygon", "coordinates": [ [ [ -119.287323437586579, 35.497626809204185 ], [ -119.287325606525286, 35.497450990022216 ], [ -119.287661858866855, 35.497453549288622 ], [ -119.287660051532896, 35.49760188711759 ], [ -119.287659716305043, 35.497629388037844 ], [ -119.287323437586579, 35.497626809204185 ] ] ] } },
{ "type": "Feature", "properties": { "id": "p-00434", "input_id": "026-605-05", "source": "fd-00224", "demand": 1, "duct_group": 4, "duct_assignment": "1" }, "geometry": { "type": "Polygon", "coordinates": [ [ [ -119.289198960656336, 35.498609716611071 ], [ -119.289200189057766, 35.498329490879911 ], [ -119.289216978044138, 35.498329541024489 ], [ -119.289401762693359, 35.498330091353715 ], [ -119.289400534979052, 35.498610317086793 ], [ -119.289198960656336, 35.498609716611071 ] ] ] } },
{ "type": "Feature", "properties": { "id": "p-00435", "input_id": "026-605-06", "source": "fd-00224", "demand": 1, "duct_group": 4, "duct_assignment": "2" }, "geometry": { "type": "Polygon", "coordinates": [ [ [ -119.288983947178224, 35.498609076469435 ], [ -119.288985177400619, 35.498328849827615 ], [ -119.289200189057766, 35.498329490879911 ], [ -119.289198960656336, 35.498609716611071 ], [ -119.288983947178224, 35.498609076469435 ] ] ] } },
{ "type": "Feature", "properties": { "id": "p-00436", "input_id": "026-605-07", "source": "fd-00225", "demand": 1, "duct_group": 4, "duct_assignment": "3" }, "geometry": { "type": "Polygon", "coordinates": [ [ [ -119.288782371759496, 35.498608475322037 ], [ -119.288783602683154, 35.498328249583409 ], [ -119.288965008799394, 35.498328790024942 ], [ -119.288985177400619, 35.498328849827615 ], [ -119.288983947178224, 35.498609076469435 ], [ -119.288782371759496, 35.498608475322037 ] ] ] } },
{ "type": "Feature", "properties": { "id": "p-00437", "input_id": "026-605-08", "source": "fd-00225", "demand": 1, "duct_group": 4, "duct_assignment": "4" }, "geometry": { "type": "Polygon", "coordinates": [ [ [ -119.288550560428547, 35.498607784310863 ], [ -119.288551792142513, 35.498327558574431 ], [ -119.288783602683154, 35.498328249583409 ], [ -119.288782371759496, 35.498608475322037 ], [ -119.288550560428547, 35.498607784310863 ] ] ] } },
{ "type": "Feature", "properties": { "id": "p-00438", "input_id": "026-605-09", "source": "fd-00226", "demand": 1, "duct_group": 4, "duct_assignment": "5" }, "geometry": { "type": "Polygon", "coordinates": [ [ [ -119.288348985030325, 35.498607183353947 ], [ -119.28835021854762, 35.498326958509217 ], [ -119.288521540901783, 35.4983274691958 ], [ -119.288551792142513, 35.498327558574431 ], [ -119.288550560428547, 35.498607784310863 ], [ -119.288348985030325, 35.498607183353947 ] ] ] } },
{ "type": "Feature", "properties": { "id": "p-00439", "input_id": "026-605-10", "source": "fd-00226", "demand": 1, "duct_group": 4, "duct_assignment": "6" }, "geometry": { "type": "Polygon", "coordinates": [ [ [ -119.288133971579612, 35.498606542626732 ], [ -119.288135205829946, 35.498326317784077 ], [ -119.28835021854762, 35.498326958509217 ], [ -119.288348985030325, 35.498607183353947 ], [ -119.288133971579612, 35.498606542626732 ] ] ] } },
{ "type": "Feature", "properties": { "id": "p-00440", "input_id": "026-605-11", "source": "fd-00247", "demand": 1, "duct_group": 9, "duct_assignment": "2" }, "geometry": { "type": "Polygon", "coordinates": [ [ [ -119.287932396201569, 35.498605941887945 ], [ -119.287933631139097, 35.498325717047223 ], [ -119.288088152366257, 35.49832617724379 ], [ -119.288135205829946, 35.498326317784077 ], [ -119.288133971579612, 35.498606542626732 ], [ -119.287932396201569, 35.498605941887945 ] ] ] } },
{ "type": "Feature", "properties": { "id": "p-00441", "input_id": "026-605-12", "source": "fd-00247", "demand": 1, "duct_group": 9, "duct_assignment": "1" }, "geometry": { "type": "Polygon", "coordinates": [ [ [ -119.287730820826454, 35.498605340818557 ], [ -119.287732055363179, 35.498325116892573 ], [ -119.287933631139097, 35.498325717047223 ], [ -119.287932396201569, 35.498605941887945 ], [ -119.287730820826454, 35.498605340818557 ] ] ] } },
{ "type": "Feature", "properties": { "id": "p-00442", "input_id": "026-605-13", "source": "fd-00249", "demand": 1, "duct_group": 9, "duct_assignment": "5" }, "geometry": { "type": "Polygon", "coordinates": [ [ [ -119.287529244366297, 35.498604740331324 ], [ -119.287530479590231, 35.498324516407337 ], [ -119.287650966493203, 35.498324874871976 ], [ -119.287732055363179, 35.498325116892573 ], [ -119.287730820826454, 35.498605340818557 ], [ -119.287529244366297, 35.498604740331324 ] ] ] } },
{ "type": "Feature", "properties": { "id": "p-00443", "input_id": "026-605-14", "source": "fd-00249", "demand": 1, "duct_group": 9, "duct_assignment": "6" }, "geometry": { "type": "Polygon", "coordinates": [ [ [ -119.287361936037613, 35.498604242999555 ], [ -119.287312050968026, 35.498562874006083 ], [ -119.287315001760504, 35.498323875514302 ], [ -119.287530479590231, 35.498324516407337 ], [ -119.287529244366297, 35.498604740331324 ], [ -119.287361936037613, 35.498604242999555 ] ] ] } },
{ "type": "Feature", "properties": { "id": "p-00444", "input_id": "026-605-01", "source": "fd-00243", "demand": 1, "duct_group": 7, "duct_assignment": "2" }, "geometry": { "type": "Polygon", "coordinates": [ [ [ -119.290176597525488, 35.498612629242935 ], [ -119.290035496144029, 35.498612209287842 ], [ -119.290036719475466, 35.49833198267055 ], [ -119.290261809396313, 35.498332652193874 ], [ -119.290260886514446, 35.498544197950572 ], [ -119.29025955777692, 35.498556120326775 ], [ -119.29025571757893, 35.498567672890125 ], [ -119.290249482601723, 35.498578504622472 ], [ -119.290241042290717, 35.498588286407603 ], [ -119.290230653099457, 35.49859672103122 ], [ -119.290218630697638, 35.498603552211755 ], [ -119.290205340379259, 35.498608572387326 ], [ -119.29019118596365, 35.498611629022491 ], [ -119.290176597525488, 35.498612629242935 ] ] ] } },
{ "type": "Feature", "properties": { "id": "p-00445", "input_id": "026-605-02", "source": "fd-00243", "demand": 1, "duct_group": 7, "duct_assignment": "1" }, "geometry": { "type": "Polygon", "coordinates": [ [ [ -119.289833920695727, 35.498611608963742 ], [ -119.289835146918492, 35.49833138232524 ], [ -119.290036719475466, 35.49833198267055 ], [ -119.290035496144029, 35.498612209287842 ], [ -119.289833920695727, 35.498611608963742 ] ] ] } },
{ "type": "Feature", "properties": { "id": "p-00446", "input_id": "026-605-03", "source": "fd-00244", "demand": 1, "duct_group": 7, "duct_assignment": "4" }, "geometry": { "type": "Polygon", "coordinates": [ [ [ -119.289632346352533, 35.498611008297445 ], [ -119.289633573262449, 35.498330781660925 ], [ -119.289835146918492, 35.49833138232524 ], [ -119.289833920695727, 35.498611608963742 ], [ -119.289632346352533, 35.498611008297445 ] ] ] } },
{ "type": "Feature", "properties": { "id": "p-00447", "input_id": "026-605-04", "source": "fd-00244", "demand": 1, "duct_group": 7, "duct_assignment": "3" }, "geometry": { "type": "Polygon", "coordinates": [ [ [ -119.289400534979052, 35.498610317086793 ], [ -119.289401762693359, 35.498330091353715 ], [ -119.289418553884076, 35.498330141447632 ], [ -119.289633573262449, 35.498330781660925 ], [ -119.289632346352533, 35.498611008297445 ], [ -119.289400534979052, 35.498610317086793 ] ] ] } },
{ "type": "Feature", "properties": { "id": "p-00448", "input_id": "026-604-20", "source": "fd-00201", "demand": 1, "duct_group": 0, "duct_assignment": "4" }, "geometry": { "type": "Polygon", "coordinates": [ [ [ -119.288179199055591, 35.499018769343309 ], [ -119.288180252401276, 35.498779759185723 ], [ -119.288230826900204, 35.498738700520612 ], [ -119.288405526451683, 35.498739221951304 ], [ -119.288404293031988, 35.499019441343769 ], [ -119.288179199055591, 35.499018769343309 ] ] ] } },
{ "type": "Feature", "properties": { "id": "p-00449", "input_id": "026-604-21", "source": "fd-00201", "demand": 1, "duct_group": 0, "duct_assignment": "3" }, "geometry": { "type": "Polygon", "coordinates": [ [ [ -119.288434529098353, 35.49901953091301 ], [ -119.288404293031988, 35.499019441343769 ], [ -119.288405526451683, 35.498739221951304 ], [ -119.288607101072103, 35.498739822827005 ], [ -119.288605869441639, 35.499020042209828 ], [ -119.288434529098353, 35.49901953091301 ] ] ] } },
{ "type": "Feature", "properties": { "id": "p-00450", "input_id": "026-604-22", "source": "fd-00200", "demand": 1, "duct_group": 0, "duct_assignment": "2" }, "geometry": { "type": "Polygon", "coordinates": [ [ [ -119.288649544747784, 35.499020172003995 ], [ -119.288605869441639, 35.499020042209828 ], [ -119.288607101072103, 35.498739822827005 ], [ -119.288808676797544, 35.498740423360488 ], [ -119.288807445854303, 35.499020642745329 ], [ -119.288649544747784, 35.499020172003995 ] ] ] } },
{ "type": "Feature", "properties": { "id": "p-00451", "input_id": "026-604-23", "source": "fd-00200", "demand": 1, "duct_group": 0, "duct_assignment": "1" }, "geometry": { "type": "Polygon", "coordinates": [ [ [ -119.288851121175242, 35.499020773369125 ], [ -119.288807445854303, 35.499020642745329 ], [ -119.288808676797544, 35.498740423360488 ], [ -119.289023690617853, 35.498741063808666 ], [ -119.289022460421634, 35.499021284096798 ], [ -119.288851121175242, 35.499020773369125 ] ] ] } },
{ "type": "Feature", "properties": { "id": "p-00452", "input_id": "026-604-24", "source": "fd-00236", "demand": 1, "duct_group": 5, "duct_assignment": "11" }, "geometry": { "type": "Polygon", "coordinates": [ [ [ -119.289082933687439, 35.499021464714609 ], [ -119.289022460421634, 35.499021284096798 ], [ -119.289023690617853, 35.498741063808666 ], [ -119.289225266363516, 35.498741664560278 ], [ -119.289224036854449, 35.499021884850343 ], [ -119.289082933687439, 35.499021464714609 ] ] ] } },
{ "type": "Feature", "properties": { "id": "p-00453", "input_id": "026-604-25", "source": "fd-00236", "demand": 1, "duct_group": 5, "duct_assignment": "10" }, "geometry": { "type": "Polygon", "coordinates": [ [ [ -119.289297948259147, 35.499022105584132 ], [ -119.289224036854449, 35.499021884850343 ], [ -119.289225266363516, 35.498741664560278 ], [ -119.289426842126232, 35.498742265882534 ], [ -119.289425613290206, 35.499022485273301 ], [ -119.289297948259147, 35.499022105584132 ] ] ] } },
{ "type": "Feature", "properties": { "id": "p-00454", "input_id": "026-604-26", "source": "fd-00235", "demand": 1, "duct_group": 5, "duct_assignment": "8" }, "geometry": { "type": "Polygon", "coordinates": [ [ [ -119.28949952469597, 35.499022705885942 ], [ -119.289425613290206, 35.499022485273301 ], [ -119.289426842126232, 35.498742265882534 ], [ -119.289628416775727, 35.498742865984561 ], [ -119.289627190845181, 35.49902308625537 ], [ -119.28949952469597, 35.499022705885942 ] ] ] } },
{ "type": "Feature", "properties": { "id": "p-00455", "input_id": "026-604-27", "source": "fd-00235", "demand": 1, "duct_group": 5, "duct_assignment": "9" }, "geometry": { "type": "Polygon", "coordinates": [ [ [ -119.289714540390364, 35.49902334691641 ], [ -119.289627190845181, 35.49902308625537 ], [ -119.289628416775727, 35.498742865984561 ], [ -119.289860228524901, 35.498743556765419 ], [ -119.289859003384578, 35.49902377703846 ], [ -119.289714540390364, 35.49902334691641 ] ] ] } },
{ "type": "Feature", "properties": { "id": "p-00456", "input_id": "026-604-28", "source": "fd-00234", "demand": 1, "duct_group": 5, "duct_assignment": "7" }, "geometry": { "type": "Polygon", "coordinates": [ [ [ -119.289916116847479, 35.499023947436221 ], [ -119.289859003384578, 35.49902377703846 ], [ -119.289860228524901, 35.498743556765419 ], [ -119.289961298051267, 35.498743858047526 ], [ -119.289973387382119, 35.4987446095503 ], [ -119.289985218450369, 35.498746776589968 ], [ -119.289996544729348, 35.498750314011481 ], [ -119.290007130210697, 35.498755148104699 ], [ -119.290033680803703, 35.498767918344484 ], [ -119.290061653848937, 35.498778464129579 ], [ -119.290060579857936, 35.499024378222579 ], [ -119.289916116847479, 35.499023947436221 ] ] ] } },
{ "type": "Feature", "properties": { "id": "p-00457", "input_id": "026-604-29", "source": "fd-00233", "demand": 1, "duct_group": 5, "duct_assignment": "6" }, "geometry": { "type": "Polygon", "coordinates": [ [ [ -119.290117693307451, 35.499024547625488 ], [ -119.290060579857936, 35.499024378222579 ], [ -119.290061653848937, 35.498778464129579 ], [ -119.290108850068506, 35.498790492153233 ], [ -119.290157787565121, 35.498796213155991 ], [ -119.290207214474563, 35.498795480789575 ], [ -119.290255866412409, 35.498788313788573 ], [ -119.290309190364425, 35.499025118992428 ], [ -119.290117693307451, 35.499024547625488 ] ] ] } },
{ "type": "Feature", "properties": { "id": "p-00458", "input_id": "026-604-30", "source": "fd-00233", "demand": 1, "duct_group": 5, "duct_assignment": "5" }, "geometry": { "type": "Polygon", "coordinates": [ [ [ -119.290564520488999, 35.499025878841181 ], [ -119.290332707923582, 35.499025188487387 ], [ -119.290309190364425, 35.499025118992428 ], [ -119.290255866412409, 35.498788313788573 ], [ -119.290299975050004, 35.498775801716882 ], [ -119.290341275844327, 35.498757999301489 ], [ -119.290378826399404, 35.498735312756324 ], [ -119.290628352480468, 35.499026069402241 ], [ -119.290564520488999, 35.499025878841181 ] ] ] } },
{ "type": "Feature", "properties": { "id": "p-00459", "input_id": "026-604-31", "source": "fd-00232", "demand": 1, "duct_group": 5, "duct_assignment": "4" }, "geometry": { "type": "Polygon", "coordinates": [ [ [ -119.290628352480468, 35.499026069402241 ], [ -119.290378826399404, 35.498735312756324 ], [ -119.290408628663315, 35.498711213709939 ], [ -119.290434169762591, 35.498684038890538 ], [ -119.290454980003162, 35.498654288040292 ], [ -119.290470676692607, 35.498622508273904 ], [ -119.29078084735545, 35.498724320317677 ], [ -119.290780728761021, 35.498751792830262 ], [ -119.290779939889688, 35.49893311309259 ], [ -119.290779534024125, 35.499026519834345 ], [ -119.290628352480468, 35.499026069402241 ] ] ] } },
{ "type": "Feature", "properties": { "id": "p-00460", "input_id": "026-604-32", "source": "fd-00231", "demand": 1, "duct_group": 5, "duct_assignment": "3" }, "geometry": { "type": "Polygon", "coordinates": [ [ [ -119.290470676692607, 35.498622508273904 ], [ -119.290482002883778, 35.498584374691816 ], [ -119.290485974342744, 35.498545267015459 ], [ -119.290482495343355, 35.498506127980811 ], [ -119.290471649761301, 35.498467901078236 ], [ -119.290781959400093, 35.498468824128381 ], [ -119.290781444720523, 35.498586956802967 ], [ -119.29078084735545, 35.498724320317677 ], [ -119.290470676692607, 35.498622508273904 ] ] ] } },
{ "type": "Feature", "properties": { "id": "p-00461", "input_id": "026-604-33", "source": "fd-00230", "demand": 1, "duct_group": 5, "duct_assignment": "1" }, "geometry": { "type": "Polygon", "coordinates": [ [ [ -119.290471649761301, 35.498467901078236 ], [ -119.290456539897733, 35.498436309346481 ], [ -119.290436393123073, 35.498406656713222 ], [ -119.290430558655146, 35.498397966245712 ], [ -119.290426314914157, 35.498388679409153 ], [ -119.290423750318197, 35.498378989695389 ], [ -119.290422918300081, 35.498369098989997 ], [ -119.290423411186666, 35.498256215260049 ], [ -119.290782879922915, 35.498257283780433 ], [ -119.290782270597362, 35.498397394836111 ], [ -119.290781959400093, 35.498468824128381 ], [ -119.290471649761301, 35.498467901078236 ] ] ] } },
{ "type": "Feature", "properties": { "id": "p-00462", "input_id": "026-604-34", "source": "fd-00230", "demand": 1, "duct_group": 5, "duct_assignment": "2" }, "geometry": { "type": "Polygon", "coordinates": [ [ [ -119.290423411186666, 35.498256215260049 ], [ -119.290424142039711, 35.498088631656188 ], [ -119.290474715006781, 35.498047572957816 ], [ -119.290783789592012, 35.498048491828015 ], [ -119.290782987652733, 35.498232558774298 ], [ -119.290782879922915, 35.498257283780433 ], [ -119.290423411186666, 35.498256215260049 ] ] ] } },
{ "type": "Feature", "properties": { "id": "p-00463", "input_id": "026-604-01", "source": "fd-00237", "demand": 1, "duct_group": 6, "duct_assignment": "1" }, "geometry": { "type": "Polygon", "coordinates": [ [ [ -119.290782987652733, 35.498232558774298 ], [ -119.290783789592012, 35.498048491828015 ], [ -119.291042472031876, 35.498049259614099 ], [ -119.291057052017905, 35.498050345946531 ], [ -119.291071179828663, 35.498053486193861 ], [ -119.291084426200968, 35.498058584941958 ], [ -119.291096388653187, 35.498065487269045 ], [ -119.291106703714576, 35.498073983452841 ], [ -119.291115057968724, 35.498083815343001 ], [ -119.291121197576786, 35.498094684204304 ], [ -119.291124935990069, 35.498106259793921 ], [ -119.291126159618457, 35.498118190395466 ], [ -119.291125657403683, 35.498233576465651 ], [ -119.290782987652733, 35.498232558774298 ] ] ] } },
{ "type": "Feature", "properties": { "id": "p-00464", "input_id": "026-604-02", "source": "fd-00237", "demand": 1, "duct_group": 6, "duct_assignment": "2" }, "geometry": { "type": "Polygon", "coordinates": [ [ [ -119.290782270597362, 35.498397394836111 ], [ -119.290782879922915, 35.498257283780433 ], [ -119.290782987652733, 35.498232558774298 ], [ -119.291125657403683, 35.498233576465651 ], [ -119.291124941049617, 35.498398413430692 ], [ -119.290782270597362, 35.498397394836111 ] ] ] } },
{ "type": "Feature", "properties": { "id": "p-00465", "input_id": "026-604-03", "source": "fd-00238", "demand": 1, "duct_group": 6, "duct_assignment": "3" }, "geometry": { "type": "Polygon", "coordinates": [ [ [ -119.290781444720523, 35.498586956802967 ], [ -119.290781959400093, 35.498468824128381 ], [ -119.290782270597362, 35.498397394836111 ], [ -119.291124941049617, 35.498398413430692 ], [ -119.291124117065124, 35.498587975388169 ], [ -119.290781444720523, 35.498586956802967 ] ] ] } },
{ "type": "Feature", "properties": { "id": "p-00466", "input_id": "026-604-04", "source": "fd-00239", "demand": 1, "duct_group": 6, "duct_assignment": "4" }, "geometry": { "type": "Polygon", "coordinates": [ [ [ -119.290780728761021, 35.498751792830262 ], [ -119.29078084735545, 35.498724320317677 ], [ -119.290781444720523, 35.498586956802967 ], [ -119.291124117065124, 35.498587975388169 ], [ -119.291123400704876, 35.498752812330139 ], [ -119.290780728761021, 35.498751792830262 ] ] ] } },
{ "type": "Feature", "properties": { "id": "p-00467", "input_id": "026-604-05", "source": "fd-00239", "demand": 1, "duct_group": 6, "duct_assignment": "5" }, "geometry": { "type": "Polygon", "coordinates": [ [ [ -119.290779939889688, 35.49893311309259 ], [ -119.290780728761021, 35.498751792830262 ], [ -119.291123400704876, 35.498752812330139 ], [ -119.291122614793551, 35.498934132571478 ], [ -119.290779939889688, 35.49893311309259 ] ] ] } },
{ "type": "Feature", "properties": { "id": "p-00468", "input_id": "026-604-06", "source": "fd-00240", "demand": 1, "duct_group": 6, "duct_assignment": "7" }, "geometry": { "type": "Polygon", "coordinates": [ [ [ -119.29077922392419, 35.499097949097312 ], [ -119.290779534024125, 35.499026519834345 ], [ -119.290779939889688, 35.49893311309259 ], [ -119.291122614793551, 35.498934132571478 ], [ -119.291121900631396, 35.499098969467809 ], [ -119.29077922392419, 35.499097949097312 ] ] ] } },
{ "type": "Feature", "properties": { "id": "p-00469", "input_id": "026-604-07", "source": "fd-00240", "demand": 1, "duct_group": 6, "duct_assignment": "6" }, "geometry": { "type": "Polygon", "coordinates": [ [ [ -119.291037008402554, 35.499307512284489 ], [ -119.290778317538056, 35.499306740928702 ], [ -119.29077922392419, 35.499097949097312 ], [ -119.291121900631396, 35.499098969467809 ], [ -119.2911212951837, 35.499239080443992 ], [ -119.291120213913786, 35.499249821177962 ], [ -119.291117091290516, 35.499260291352876 ], [ -119.29111200420256, 35.499270233157709 ], [ -119.291105077910586, 35.499279401791583 ], [ -119.291096482962899, 35.499287571491635 ], [ -119.291086430995776, 35.499294541092027 ], [ -119.291075169522628, 35.499300138977489 ], [ -119.291062975839196, 35.499304227309011 ], [ -119.291050150195417, 35.499306705417801 ], [ -119.291037008402554, 35.499307512284489 ] ] ] } },
{ "type": "Feature", "properties": { "id": "p-00470", "input_id": "026-603-10", "source": "fd-00212", "demand": 1, "duct_group": 2, "duct_assignment": "2" }, "geometry": { "type": "Polygon", "coordinates": [ [ [ -119.290475290015365, 35.497915703542482 ], [ -119.290425076572504, 35.497874344645183 ], [ -119.290426156083313, 35.497627097230939 ], [ -119.290651242975031, 35.497627766052837 ], [ -119.290649984539925, 35.497916222719297 ], [ -119.290475290015365, 35.497915703542482 ] ] ] } },
{ "type": "Feature", "properties": { "id": "p-00471", "input_id": "026-603-09", "source": "fd-00212", "demand": 1, "duct_group": 2, "duct_assignment": "1" }, "geometry": { "type": "Polygon", "coordinates": [ [ [ -119.29082832763649, 35.497916752905176 ], [ -119.290649984539925, 35.497916222719297 ], [ -119.290651242975031, 35.497627766052837 ], [ -119.290708355455422, 35.497627935181349 ], [ -119.290852812696343, 35.49762836417036 ], [ -119.29085156691923, 35.497914142721271 ], [ -119.290840059259537, 35.497916114565029 ], [ -119.29082832763649, 35.497916752905176 ] ] ] } },
{ "type": "Feature", "properties": { "id": "p-00472", "input_id": "026-603-08", "source": "fd-00213", "demand": 1, "duct_group": 2, "duct_assignment": "3" }, "geometry": { "type": "Polygon", "coordinates": [ [ [ -119.290852812696343, 35.49762836417036 ], [ -119.290960319275769, 35.497628683543383 ], [ -119.291071178993491, 35.497629012668867 ], [ -119.291053351469586, 35.497865356303365 ], [ -119.291006261379508, 35.49786690019414 ], [ -119.290960005769392, 35.497874281009906 ], [ -119.290915660124654, 35.4978873271399 ], [ -119.290874255523576, 35.497905735249439 ], [ -119.290863294490805, 35.497910630676465 ], [ -119.29085156691923, 35.497914142721271 ], [ -119.290852812696343, 35.49762836417036 ] ] ] } },
{ "type": "Feature", "properties": { "id": "p-00473", "input_id": "026-603-07", "source": "fd-00213", "demand": 1, "duct_group": 2, "duct_assignment": "4" }, "geometry": { "type": "Polygon", "coordinates": [ [ [ -119.291053351469586, 35.497865356303365 ], [ -119.291071178993491, 35.497629012668867 ], [ -119.291276104175807, 35.497629627125221 ], [ -119.29127466008164, 35.497855468888439 ], [ -119.291344547755386, 35.497935067185971 ], [ -119.29129062973324, 35.497967619039699 ], [ -119.291260455868581, 35.497939013356913 ], [ -119.291225405502573, 35.497914404882323 ], [ -119.291186261616517, 35.497894343335858 ], [ -119.291143898633237, 35.497879276864808 ], [ -119.291099262884146, 35.497869542033179 ], [ -119.291053351469586, 35.497865356303365 ] ] ] } },
{ "type": "Feature", "properties": { "id": "p-00474", "input_id": "026-602-09", "source": "fd-00206", "demand": 1, "duct_group": 1, "duct_assignment": "2" }, "geometry": { "type": "Polygon", "coordinates": [ [ [ -119.291142675945707, 35.499733660323564 ], [ -119.291116466570543, 35.49948315730871 ], [ -119.291161706229587, 35.499470215744388 ], [ -119.291203955214726, 35.499451710174839 ], [ -119.291242197557565, 35.49942808560742 ], [ -119.29147864448089, 35.499734661858888 ], [ -119.291142675945707, 35.499733660323564 ] ] ] } },
{ "type": "Feature", "properties": { "id": "p-00475", "input_id": "026-602-08", "source": "fd-00207", "demand": 1, "duct_group": 1, "duct_assignment": "3" }, "geometry": { "type": "Polygon", "coordinates": [ [ [ -119.290840305860684, 35.499732761114416 ], [ -119.290841569550039, 35.499440749560598 ], [ -119.290855038640572, 35.49944448755997 ], [ -119.29086754332279, 35.49945003046787 ], [ -119.290913146668416, 35.499470282666266 ], [ -119.290962250542165, 35.4994840104535 ], [ -119.291013470827167, 35.499490826876816 ], [ -119.291065363748459, 35.499490539797868 ], [ -119.291116466570543, 35.49948315730871 ], [ -119.291142675945707, 35.499733660323564 ], [ -119.290840305860684, 35.499732761114416 ] ] ] } },
{ "type": "Feature", "properties": { "id": "p-00476", "input_id": "026-602-07", "source": "fd-00207", "demand": 1, "duct_group": 1, "duct_assignment": "4" }, "geometry": { "type": "Polygon", "coordinates": [ [ [ -119.290524496439701, 35.499731821994722 ], [ -119.290525771392566, 35.499437858856851 ], [ -119.290821709555743, 35.499438740746214 ], [ -119.290831712972363, 35.499439259752648 ], [ -119.290841569550039, 35.499440749560598 ], [ -119.290840305860684, 35.499732761114416 ], [ -119.290524496439701, 35.499731821994722 ] ] ] } },
{ "type": "Feature", "properties": { "id": "p-00477", "input_id": "026-602-06", "source": "fd-00208", "demand": 1, "duct_group": 1, "duct_assignment": "6" }, "geometry": { "type": "Polygon", "coordinates": [ [ [ -119.290322917126005, 35.499731221583112 ], [ -119.290324192799801, 35.499437258447315 ], [ -119.290525771392566, 35.499437858856851 ], [ -119.290524496439701, 35.499731821994722 ], [ -119.290322917126005, 35.499731221583112 ] ] ] } },
{ "type": "Feature", "properties": { "id": "p-00478", "input_id": "026-602-05", "source": "fd-00208", "demand": 1, "duct_group": 1, "duct_assignment": "5" }, "geometry": { "type": "Polygon", "coordinates": [ [ [ -119.290107898473138, 35.499730581628604 ], [ -119.290109176018007, 35.499436618483372 ], [ -119.290324192799801, 35.499437258447315 ], [ -119.290322917126005, 35.499731221583112 ], [ -119.290107898473138, 35.499730581628604 ] ] ] } },
{ "type": "Feature", "properties": { "id": "p-00479", "input_id": "026-602-04", "source": "fd-00209", "demand": 1, "duct_group": 1, "duct_assignment": "8" }, "geometry": { "type": "Polygon", "coordinates": [ [ [ -119.289906319179693, 35.499729981435053 ], [ -119.289907597431267, 35.499436017390622 ], [ -119.290109176018007, 35.499436618483372 ], [ -119.290107898473138, 35.499730581628604 ], [ -119.289906319179693, 35.499729981435053 ] ] ] } },
{ "type": "Feature", "properties": { "id": "p-00480", "input_id": "026-602-03", "source": "fd-00209", "demand": 1, "duct_group": 1, "duct_assignment": "7" }, "geometry": { "type": "Polygon", "coordinates": [ [ [ -119.289704739889189, 35.499729380910878 ], [ -119.289706018861679, 35.499435416868479 ], [ -119.289907597431267, 35.499436017390622 ], [ -119.289906319179693, 35.499729981435053 ], [ -119.289704739889189, 35.499729380910878 ] ] ] } },
{ "type": "Feature", "properties": { "id": "p-00481", "input_id": "026-602-02", "source": "fd-00210", "demand": 1, "duct_group": 1, "duct_assignment": "9" }, "geometry": { "type": "Polygon", "coordinates": [ [ [ -119.289489722362205, 35.499728740764631 ], [ -119.289491002103574, 35.499434776724364 ], [ -119.289706018861679, 35.499435416868479 ], [ -119.289704739889189, 35.499729380910878 ], [ -119.289489722362205, 35.499728740764631 ] ] ] } },
{ "type": "Feature", "properties": { "id": "p-00482", "input_id": "026-602-01", "source": "fd-00210", "demand": 1, "duct_group": 1, "duct_assignment": "10" }, "geometry": { "type": "Polygon", "coordinates": [ [ [ -119.289338537343937, 35.4997282896706 ], [ -119.289271583147169, 35.49967314180995 ], [ -119.28927244631808, 35.499475334688313 ], [ -119.289323020699456, 35.499434275585045 ], [ -119.289491002103574, 35.499434776724364 ], [ -119.289489722362205, 35.499728740764631 ], [ -119.289338537343937, 35.4997282896706 ] ] ] } },
{ "type": "Feature", "properties": { "id": "p-00483", "input_id": "026-601-15", "source": "fd-00211", "demand": 1, "duct_group": 1, "duct_assignment": "12" }, "geometry": { "type": "Polygon", "coordinates": [ [ [ -119.288817791062897, 35.499726735758856 ], [ -119.288819075439704, 35.499432773504758 ], [ -119.288987056823515, 35.499433274431567 ], [ -119.28903727159728, 35.499474633879409 ], [ -119.289036407860408, 35.499672440999412 ], [ -119.288968974973315, 35.499727187504959 ], [ -119.288817791062897, 35.499726735758856 ] ] ] } },
{ "type": "Feature", "properties": { "id": "p-00484", "input_id": "026-601-14", "source": "fd-00211", "demand": 1, "duct_group": 1, "duct_assignment": "11" }, "geometry": { "type": "Polygon", "coordinates": [ [ [ -119.288602773549698, 35.499726094061096 ], [ -119.288604058695441, 35.499432131809137 ], [ -119.288819075439704, 35.499432773504758 ], [ -119.288817791062897, 35.499726735758856 ], [ -119.288602773549698, 35.499726094061096 ] ] ] } },
{ "type": "Feature", "properties": { "id": "p-00485", "input_id": "026-601-13", "source": "fd-00229", "demand": 1, "duct_group": 4, "duct_assignment": "12" }, "geometry": { "type": "Polygon", "coordinates": [ [ [ -119.288387754923647, 35.499725451097518 ], [ -119.288388912296128, 35.499461120242863 ], [ -119.288430172952957, 35.499442766563639 ], [ -119.28844080112826, 35.499437995642431 ], [ -119.288452158551664, 35.499434525772436 ], [ -119.28846400855808, 35.499432429258476 ], [ -119.288476104218262, 35.499431749787476 ], [ -119.288604058695441, 35.499432131809137 ], [ -119.288602773549698, 35.499726094061096 ], [ -119.288387754923647, 35.499725451097518 ] ] ] } },
{ "type": "Feature", "properties": { "id": "p-00486", "input_id": "026-601-12", "source": "fd-00229", "demand": 1, "duct_group": 4, "duct_assignment": "11" }, "geometry": { "type": "Polygon", "coordinates": [ [ [ -119.288085386043534, 35.499724547803673 ], [ -119.288200733902471, 35.499478248377663 ], [ -119.288248432837875, 35.499483055511121 ], [ -119.288296466433124, 35.499481757809825 ], [ -119.288343673364722, 35.499474386648821 ], [ -119.288388912296128, 35.499461120242863 ], [ -119.288387754923647, 35.499725451097518 ], [ -119.288085386043534, 35.499724547803673 ] ] ] } },
{ "type": "Feature", "properties": { "id": "p-00487", "input_id": "026-601-11", "source": "fd-00228", "demand": 1, "duct_group": 4, "duct_assignment": "9" }, "geometry": { "type": "Polygon", "coordinates": [ [ [ -119.287735982730339, 35.499723501981833 ], [ -119.288057633305826, 35.499419979623731 ], [ -119.288089590679675, 35.499440185212045 ], [ -119.288124497405008, 35.499456810168326 ], [ -119.288161757278132, 35.499469570539098 ], [ -119.288200733902471, 35.499478248377663 ], [ -119.288085386043534, 35.499724547803673 ], [ -119.287735982730339, 35.499723501981833 ] ] ] } },
{ "type": "Feature", "properties": { "id": "p-00488", "input_id": "026-601-07", "source": "fd-00248", "demand": 1, "duct_group": 9, "duct_assignment": "3" }, "geometry": { "type": "Polygon", "coordinates": [ [ [ -119.287792845310506, 35.499017617017586 ], [ -119.287794079726751, 35.498737398543881 ], [ -119.287968779258534, 35.498737919694079 ], [ -119.288018990876878, 35.498779278691089 ], [ -119.288017938164401, 35.499018288835821 ], [ -119.287792845310506, 35.499017617017586 ] ] ] } },
{ "type": "Feature", "properties": { "id": "p-00489", "input_id": "026-601-06", "source": "fd-00248", "demand": 1, "duct_group": 9, "duct_assignment": "4" }, "geometry": { "type": "Polygon", "coordinates": [ [ [ -119.287642415621093, 35.499017168556399 ], [ -119.287561031760347, 35.499016925954336 ], [ -119.287562266980856, 35.498736708384094 ], [ -119.287794079726751, 35.498737398543881 ], [ -119.287792845310506, 35.499017617017586 ], [ -119.287642415621093, 35.499017168556399 ] ] ] } },
{ "type": "Feature", "properties": { "id": "p-00490", "input_id": "026-601-05", "source": "fd-00250", "demand": 1, "duct_group": 9, "duct_assignment": "7" }, "geometry": { "type": "Polygon", "coordinates": [ [ [ -119.287306453555232, 35.49901616821667 ], [ -119.287309405482276, 35.49877716975611 ], [ -119.287360320938021, 35.498736106981241 ], [ -119.287562266980856, 35.498736708384094 ], [ -119.287561031760347, 35.499016925954336 ], [ -119.287306453555232, 35.49901616821667 ] ] ] } },
{ "type": "Feature", "properties": { "id": "p-00491", "input_id": "026-601-10", "source": "fd-00228", "demand": 1, "duct_group": 4, "duct_assignment": "10" }, "geometry": { "type": "Polygon", "coordinates": [ [ [ -119.287633700585559, 35.499723196237596 ], [ -119.287635904158392, 35.499544631233725 ], [ -119.28763761835647, 35.499405681429231 ], [ -119.287966934649532, 35.499305126633693 ], [ -119.287982148978799, 35.499337395148252 ], [ -119.28800260736935, 35.499367663250098 ], [ -119.2880279268159, 35.499395364276538 ], [ -119.288057633305826, 35.499419979623731 ], [ -119.287735982730339, 35.499723501981833 ], [ -119.287633700585559, 35.499723196237596 ] ] ] } },
{ "type": "Feature", "properties": { "id": "p-00492", "input_id": "026-601-09", "source": "fd-00227", "demand": 1, "duct_group": 4, "duct_assignment": "7" }, "geometry": { "type": "Polygon", "coordinates": [ [ [ -119.287638073623768, 35.49936881487119 ], [ -119.287640244196012, 35.499192999386132 ], [ -119.28764038044568, 35.499181995757326 ], [ -119.287958703108998, 35.49918294567459 ], [ -119.287953280704642, 35.499223858479617 ], [ -119.287956049009978, 35.499264948564715 ], [ -119.287966934649532, 35.499305126633693 ], [ -119.28763761835647, 35.499405681429231 ], [ -119.287638073623768, 35.49936881487119 ] ] ] } },
{ "type": "Feature", "properties": { "id": "p-00493", "input_id": "026-601-08", "source": "fd-00227", "demand": 1, "duct_group": 4, "duct_assignment": "8" }, "geometry": { "type": "Polygon", "coordinates": [ [ [ -119.28764038044568, 35.499181995757326 ], [ -119.287642415621093, 35.499017168556399 ], [ -119.287792845310506, 35.499017617017586 ], [ -119.288017938164401, 35.499018288835821 ], [ -119.288017780648346, 35.499054239187465 ], [ -119.288016861860783, 35.499064124854883 ], [ -119.288014212175426, 35.499073799350995 ], [ -119.28800988680419, 35.499083061084747 ], [ -119.288003975875924, 35.499091717065731 ], [ -119.287984054636468, 35.49912042235632 ], [ -119.287968877437976, 35.499151005743052 ], [ -119.287958703108998, 35.49918294567459 ], [ -119.28764038044568, 35.499181995757326 ] ] ] } },
{ "type": "Feature", "properties": { "id": "p-00494", "input_id": "026-601-04", "source": "fd-00251", "demand": 1, "duct_group": 9, "duct_assignment": "8" }, "geometry": { "type": "Polygon", "coordinates": [ [ [ -119.287304305275683, 35.499190214966596 ], [ -119.287306453555232, 35.49901616821667 ], [ -119.287561031760347, 35.499016925954336 ], [ -119.287642415621093, 35.499017168556399 ], [ -119.28764038044568, 35.499181995757326 ], [ -119.287640244196012, 35.499192999386132 ], [ -119.287304305275683, 35.499190214966596 ] ] ] } },
{ "type": "Feature", "properties": { "id": "p-00495", "input_id": "026-601-03", "source": "fd-00251", "demand": 1, "duct_group": 9, "duct_assignment": "9" }, "geometry": { "type": "Polygon", "coordinates": [ [ [ -119.287302133984937, 35.499366030445955 ], [ -119.287304305275683, 35.499190214966596 ], [ -119.287640244196012, 35.499192999386132 ], [ -119.287638073623768, 35.49936881487119 ], [ -119.287302133984937, 35.499366030445955 ] ] ] } },
{ "type": "Feature", "properties": { "id": "p-00496", "input_id": "026-601-02", "source": "fd-00252", "demand": 1, "duct_group": 9, "duct_assignment": "10" }, "geometry": { "type": "Polygon", "coordinates": [ [ [ -119.287299962670744, 35.499541845011777 ], [ -119.287302133984937, 35.499366030445955 ], [ -119.287638073623768, 35.49936881487119 ], [ -119.28763761835647, 35.499405681429231 ], [ -119.287635904158392, 35.499544631233725 ], [ -119.287299962670744, 35.499541845011777 ] ] ] } },
{ "type": "Feature", "properties": { "id": "p-00497", "input_id": "026-601-01", "source": "fd-00252", "demand": 1, "duct_group": 9, "duct_assignment": "11" }, "geometry": { "type": "Polygon", "coordinates": [ [ [ -119.287348130924542, 35.499722342285956 ], [ -119.28729824539505, 35.499680986823584 ], [ -119.287299962670744, 35.499541845011777 ], [ -119.287635904158392, 35.499544631233725 ], [ -119.287633700585559, 35.499723196237596 ], [ -119.287348130924542, 35.499722342285956 ] ] ] } },
{ "type": "Feature", "properties": { "id": "p-00498", "input_id": "026-604-19", "source": "fd-00204", "demand": 1, "duct_group": 0, "duct_assignment": "10" }, "geometry": { "type": "Polygon", "coordinates": [ [ [ -119.288261957066254, 35.499299239615546 ], [ -119.288247376797088, 35.499298153143755 ], [ -119.288233248739317, 35.499295012757521 ], [ -119.288220002161722, 35.499289913874712 ], [ -119.288208039549744, 35.499283011420431 ], [ -119.288197724376502, 35.499274515119637 ], [ -119.288189370058731, 35.499264683124906 ], [ -119.288183230434214, 35.499253814172548 ], [ -119.288179492048911, 35.499242238505751 ], [ -119.288178268489204, 35.499230307840506 ], [ -119.288179199055591, 35.499018769343309 ], [ -119.288404293031988, 35.499019441343769 ], [ -119.288434529098353, 35.49901953091301 ], [ -119.28843329688948, 35.499299751164457 ], [ -119.288261957066254, 35.499299239615546 ] ] ] } },
{ "type": "Feature", "properties": { "id": "p-00499", "input_id": "026-604-18", "source": "fd-00204", "demand": 1, "duct_group": 0, "duct_assignment": "9" }, "geometry": { "type": "Polygon", "coordinates": [ [ [ -119.28843329688948, 35.499299751164457 ], [ -119.288434529098353, 35.49901953091301 ], [ -119.288605869441639, 35.499020042209828 ], [ -119.288649544747784, 35.499020172003995 ], [ -119.288648313286117, 35.499300393158784 ], [ -119.28843329688948, 35.499299751164457 ] ] ] } },
{ "type": "Feature", "properties": { "id": "p-00500", "input_id": "026-604-17", "source": "fd-00205", "demand": 1, "duct_group": 0, "duct_assignment": "11" }, "geometry": { "type": "Polygon", "coordinates": [ [ [ -119.288648313286117, 35.499300393158784 ], [ -119.288649544747784, 35.499020172003995 ], [ -119.288807445854303, 35.499020642745329 ], [ -119.288851121175242, 35.499020773369125 ], [ -119.28884989038653, 35.499300993624558 ], [ -119.288648313286117, 35.499300393158784 ] ] ] } },
{ "type": "Feature", "properties": { "id": "p-00501", "input_id": "026-604-16", "source": "fd-00205", "demand": 1, "duct_group": 0, "duct_assignment": "12" }, "geometry": { "type": "Polygon", "coordinates": [ [ [ -119.28884989038653, 35.499300993624558 ], [ -119.288851121175242, 35.499020773369125 ], [ -119.289022460421634, 35.499021284096798 ], [ -119.289082933687439, 35.499021464714609 ], [ -119.289081704791087, 35.499301684960791 ], [ -119.28884989038653, 35.499300993624558 ] ] ] } },
{ "type": "Feature", "properties": { "id": "p-00502", "input_id": "026-604-15", "source": "fd-00203", "demand": 1, "duct_group": 0, "duct_assignment": "8" }, "geometry": { "type": "Polygon", "coordinates": [ [ [ -119.289081704791087, 35.499301684960791 ], [ -119.289082933687439, 35.499021464714609 ], [ -119.289224036854449, 35.499021884850343 ], [ -119.289297948259147, 35.499022105584132 ], [ -119.289296720095749, 35.499302325832424 ], [ -119.289081704791087, 35.499301684960791 ] ] ] } },
{ "type": "Feature", "properties": { "id": "p-00503", "input_id": "026-604-14", "source": "fd-00203", "demand": 1, "duct_group": 0, "duct_assignment": "7" }, "geometry": { "type": "Polygon", "coordinates": [ [ [ -119.289296720095749, 35.499302325832424 ], [ -119.289297948259147, 35.499022105584132 ], [ -119.289425613290206, 35.499022485273301 ], [ -119.28949952469597, 35.499022705885942 ], [ -119.289498298336014, 35.499302927025823 ], [ -119.289296720095749, 35.499302325832424 ] ] ] } },
{ "type": "Feature", "properties": { "id": "p-00504", "input_id": "026-604-13", "source": "fd-00202", "demand": 1, "duct_group": 0, "duct_assignment": "5" }, "geometry": { "type": "Polygon", "coordinates": [ [ [ -119.289498298336014, 35.499302927025823 ], [ -119.28949952469597, 35.499022705885942 ], [ -119.289627190845181, 35.49902308625537 ], [ -119.289714540390364, 35.49902334691641 ], [ -119.289713314763361, 35.499303568058359 ], [ -119.289498298336014, 35.499302927025823 ] ] ] } },
{ "type": "Feature", "properties": { "id": "p-00505", "input_id": "026-604-12", "source": "fd-00202", "demand": 1, "duct_group": 0, "duct_assignment": "6" }, "geometry": { "type": "Polygon", "coordinates": [ [ [ -119.289713314763361, 35.499303568058359 ], [ -119.289714540390364, 35.49902334691641 ], [ -119.289859003384578, 35.49902377703846 ], [ -119.289916116847479, 35.499023947436221 ], [ -119.2899148919076, 35.499304168580103 ], [ -119.289713314763361, 35.499303568058359 ] ] ] } },
{ "type": "Feature", "properties": { "id": "p-00506", "input_id": "026-604-11", "source": "fd-00242", "demand": 1, "duct_group": 6, "duct_assignment": "11" }, "geometry": { "type": "Polygon", "coordinates": [ [ [ -119.2899148919076, 35.499304168580103 ], [ -119.289916116847479, 35.499023947436221 ], [ -119.290060579857936, 35.499024378222579 ], [ -119.290117693307451, 35.499024547625488 ], [ -119.290116470156875, 35.49930476875975 ], [ -119.2899148919076, 35.499304168580103 ] ] ] } },
{ "type": "Feature", "properties": { "id": "p-00507", "input_id": "026-604-10", "source": "fd-00242", "demand": 1, "duct_group": 6, "duct_assignment": "10" }, "geometry": { "type": "Polygon", "coordinates": [ [ [ -119.290116470156875, 35.49930476875975 ], [ -119.290117693307451, 35.499024547625488 ], [ -119.290309190364425, 35.499025118992428 ], [ -119.290332707923582, 35.499025188487387 ], [ -119.290331486608068, 35.499305409612155 ], [ -119.290116470156875, 35.49930476875975 ] ] ] } },
{ "type": "Feature", "properties": { "id": "p-00508", "input_id": "026-604-09", "source": "fd-00241", "demand": 1, "duct_group": 6, "duct_assignment": "9" }, "geometry": { "type": "Polygon", "coordinates": [ [ [ -119.290331486608068, 35.499305409612155 ], [ -119.290332707923582, 35.499025188487387 ], [ -119.290564520488999, 35.499025878841181 ], [ -119.290563301065831, 35.499306099956627 ], [ -119.290331486608068, 35.499305409612155 ] ] ] } },
{ "type": "Feature", "properties": { "id": "p-00509", "input_id": "026-604-08", "source": "fd-00241", "demand": 1, "duct_group": 6, "duct_assignment": "8" }, "geometry": { "type": "Polygon", "coordinates": [ [ [ -119.290563301065831, 35.499306099956627 ], [ -119.290564520488999, 35.499025878841181 ], [ -119.290628352480468, 35.499026069402241 ], [ -119.290779534024125, 35.499026519834345 ], [ -119.29077922392419, 35.499097949097312 ], [ -119.290778317538056, 35.499306740928702 ], [ -119.290563301065831, 35.499306099956627 ] ] ] } },
{ "type": "Feature", "properties": { "id": "p-00510", "input_id": "026-511-28", "source": "fd-00309", "demand": 1, "duct_group": 8, "duct_assignment": "10" }, "geometry": { "type": "Polygon", "coordinates": [ [ [ -119.289051056566436, 35.500766031774283 ], [ -119.289052484472066, 35.500601387662165 ], [ -119.289404717105668, 35.500604074857009 ], [ -119.28940344144948, 35.500750343732243 ], [ -119.289403275535889, 35.500768716419664 ], [ -119.289051056566436, 35.500766031774283 ] ] ] } },
{ "type": "Feature", "properties": { "id": "p-00511", "input_id": "026-511-27", "source": "fd-00320", "demand": 1, "duct_group": 10, "duct_assignment": "9" }, "geometry": { "type": "Polygon", "coordinates": [ [ [ -119.289052484472066, 35.500601387662165 ], [ -119.289052540826461, 35.500594719591781 ], [ -119.289053704789552, 35.500583841374208 ], [ -119.289056966276391, 35.500573252307234 ], [ -119.289062242528374, 35.500563221080164 ], [ -119.289069399664143, 35.500554002227389 ], [ -119.289078256076536, 35.50054582966991 ], [ -119.289095766899337, 35.500529575455978 ], [ -119.289109780701111, 35.500511192870178 ], [ -119.289119917974048, 35.500491179734567 ], [ -119.289125904191906, 35.500470078028172 ], [ -119.289127577244287, 35.500448459209153 ], [ -119.289124891826418, 35.50042690873947 ], [ -119.289406589577027, 35.500384552075417 ], [ -119.289406568717737, 35.500387016656973 ], [ -119.289404717105668, 35.500604074857009 ], [ -119.289052484472066, 35.500601387662165 ] ] ] } },
{ "type": "Feature", "properties": { "id": "p-00512", "input_id": "026-511-26", "source": "fd-00320", "demand": 1, "duct_group": 10, "duct_assignment": "10" }, "geometry": { "type": "Polygon", "coordinates": [ [ [ -119.289054798609172, 35.500340737677121 ], [ -119.289303866503474, 35.50003035126435 ], [ -119.289409385380679, 35.500030662229946 ], [ -119.289406589577027, 35.500384552075417 ], [ -119.289124891826418, 35.50042690873947 ], [ -119.289118100734584, 35.500406400171002 ], [ -119.28910737091239, 35.500387049370651 ], [ -119.289092980792844, 35.500369358476291 ], [ -119.289075303790028, 35.500353786552296 ], [ -119.289054798609172, 35.500340737677121 ] ] ] } },
{ "type": "Feature", "properties": { "id": "p-00513", "input_id": "026-511-25", "source": "fd-00321", "demand": 1, "duct_group": 10, "duct_assignment": "11" }, "geometry": { "type": "Polygon", "coordinates": [ [ [ -119.288934163168094, 35.500321608251213 ], [ -119.288860825038796, 35.500029046019648 ], [ -119.289303866503474, 35.50003035126435 ], [ -119.289054798609172, 35.500340737677121 ], [ -119.2890327461091, 35.50033078467542 ], [ -119.289009067030307, 35.500323761906024 ], [ -119.28898433933341, 35.500319840780996 ], [ -119.288959166573349, 35.500319117007464 ], [ -119.288934163168094, 35.500321608251213 ] ] ] } },
{ "type": "Feature", "properties": { "id": "p-00514", "input_id": "026-511-24", "source": "fd-00321", "demand": 1, "duct_group": 10, "duct_assignment": "12" }, "geometry": { "type": "Polygon", "coordinates": [ [ [ -119.288522246219756, 35.500204939040451 ], [ -119.288523623192361, 35.500028049344728 ], [ -119.288860825038796, 35.500029046019648 ], [ -119.288934163168094, 35.500321608251213 ], [ -119.288910175109706, 35.500327194664827 ], [ -119.288887530695121, 35.500335744981193 ], [ -119.288866773821141, 35.500347053830261 ], [ -119.288848403048377, 35.500360849584531 ], [ -119.28883285962614, 35.500376800883366 ], [ -119.288522246219756, 35.500204939040451 ] ] ] } },
{ "type": "Feature", "properties": { "id": "p-00515", "input_id": "026-511-23", "source": "fd-00319", "demand": 1, "duct_group": 10, "duct_assignment": "8" }, "geometry": { "type": "Polygon", "coordinates": [ [ [ -119.288519662424662, 35.500513182695371 ], [ -119.288521789882481, 35.500260907569555 ], [ -119.288522246219756, 35.500204939040451 ], [ -119.28883285962614, 35.500376800883366 ], [ -119.288820310055513, 35.500394972275302 ], [ -119.288811427766603, 35.500414536478061 ], [ -119.288806435747304, 35.500435002342478 ], [ -119.288805459322717, 35.500455856083235 ], [ -119.288808523008555, 35.500476574177164 ], [ -119.288815549895389, 35.500496636506149 ], [ -119.288826363579147, 35.500515539414302 ], [ -119.288519662424662, 35.500513182695371 ] ] ] } },
{ "type": "Feature", "properties": { "id": "p-00516", "input_id": "026-511-19", "source": "fd-00315", "demand": 1, "duct_group": 9, "duct_assignment": "11" }, "geometry": { "type": "Polygon", "coordinates": [ [ [ -119.288138704973235, 35.500322343307673 ], [ -119.288288536263977, 35.500027352476238 ], [ -119.288523623192361, 35.500028049344728 ], [ -119.288522246219756, 35.500204939040451 ], [ -119.288521789882481, 35.500260907569555 ], [ -119.288220740076852, 35.500384731304138 ], [ -119.288209025109992, 35.500368676034057 ], [ -119.288194652329878, 35.500354136240745 ], [ -119.28817791040693, 35.500341403947857 ], [ -119.288159135594071, 35.500330734876115 ], [ -119.288138704973235, 35.500322343307673 ] ] ] } },
{ "type": "Feature", "properties": { "id": "p-00517", "input_id": "026-571-08", "source": "fd-00193", "demand": 1, "duct_group": 5, "duct_assignment": "9" }, "geometry": { "type": "Polygon", "coordinates": [ [ [ -119.292032888295623, 35.500377099867151 ], [ -119.292024744782879, 35.500356050703701 ], [ -119.292012424706186, 35.500336406007648 ], [ -119.291996272771158, 35.500318715417265 ], [ -119.291976740894214, 35.500303473896551 ], [ -119.291954375557935, 35.500291107886866 ], [ -119.291929802521167, 35.500281963375734 ], [ -119.291903709311029, 35.500276296216576 ], [ -119.29187682598689, 35.500274264970159 ], [ -119.291849904714198, 35.500275926468639 ], [ -119.291851739182505, 35.500037780608849 ], [ -119.292070085339319, 35.500038421301461 ], [ -119.292067381351544, 35.500377369143507 ], [ -119.292032888295623, 35.500377099867151 ] ] ] } },
{ "type": "Feature", "properties": { "id": "p-00518", "input_id": "026-571-09", "source": "fd-00191", "demand": 1, "duct_group": 5, "duct_assignment": "5" }, "geometry": { "type": "Polygon", "coordinates": [ [ [ -119.291694522705114, 35.500338766558059 ], [ -119.291634424250631, 35.500338301145383 ], [ -119.291636746321572, 35.500037152964289 ], [ -119.291851739182505, 35.500037780608849 ], [ -119.291849904714198, 35.500275926468639 ], [ -119.291823852837865, 35.500281183188079 ], [ -119.291799230274975, 35.500289904877889 ], [ -119.291776720855481, 35.500301849315129 ], [ -119.291756949722739, 35.500316684773203 ], [ -119.291746639241353, 35.500324417838542 ], [ -119.291734900398239, 35.500330641952331 ], [ -119.291722059762037, 35.50033518396279 ], [ -119.291708474553005, 35.500337917513413 ], [ -119.291694522705114, 35.500338766558059 ] ] ] } },
{ "type": "Feature", "properties": { "id": "p-00519", "input_id": "026-571-10", "source": "fd-00191", "demand": 1, "duct_group": 5, "duct_assignment": "6" }, "geometry": { "type": "Polygon", "coordinates": [ [ [ -119.291432890049265, 35.500336740295744 ], [ -119.291435187374603, 35.500036565872755 ], [ -119.291628052388958, 35.500037128047573 ], [ -119.291636746321572, 35.500037152964289 ], [ -119.291634424250631, 35.500338301145383 ], [ -119.291432890049265, 35.500336740295744 ] ] ] } },
{ "type": "Feature", "properties": { "id": "p-00520", "input_id": "026-571-11", "source": "fd-00189", "demand": 1, "duct_group": 5, "duct_assignment": "2" }, "geometry": { "type": "Polygon", "coordinates": [ [ [ -119.291201113801563, 35.500334950578889 ], [ -119.291203390913438, 35.500035891384094 ], [ -119.291435187374603, 35.500036565872755 ], [ -119.291432890049265, 35.500336740295744 ], [ -119.291201113801563, 35.500334950578889 ] ] ] } },
{ "type": "Feature", "properties": { "id": "p-00521", "input_id": "026-571-12", "source": "fd-00189", "demand": 1, "duct_group": 5, "duct_assignment": "1" }, "geometry": { "type": "Polygon", "coordinates": [ [ [ -119.291033155490368, 35.500333653796567 ], [ -119.290983095663194, 35.500292081711159 ], [ -119.290984638529338, 35.500090159870645 ], [ -119.291052217585374, 35.500035451282777 ], [ -119.291203390913438, 35.500035891384094 ], [ -119.291201113801563, 35.500334950578889 ], [ -119.291033155490368, 35.500333653796567 ] ] ] } },
{ "type": "Feature", "properties": { "id": "p-00522", "input_id": "026-571-02", "source": "fd-00190", "demand": 1, "duct_group": 5, "duct_assignment": "3" }, "geometry": { "type": "Polygon", "coordinates": [ [ [ -119.290965731190568, 35.50076232106651 ], [ -119.290967908852721, 35.500506140554556 ], [ -119.291018641446826, 35.500465342308225 ], [ -119.291200031621756, 35.500466738679648 ], [ -119.29119750949971, 35.500764095894475 ], [ -119.290965731190568, 35.50076232106651 ] ] ] } },
{ "type": "Feature", "properties": { "id": "p-00523", "input_id": "026-571-03", "source": "fd-00190", "demand": 1, "duct_group": 5, "duct_assignment": "4" }, "geometry": { "type": "Polygon", "coordinates": [ [ [ -119.29119750949971, 35.500764095894475 ], [ -119.291200031621756, 35.500466738679648 ], [ -119.291401575942913, 35.500468292597006 ], [ -119.291399050014164, 35.500765641751016 ], [ -119.29119750949971, 35.500764095894475 ] ] ] } },
{ "type": "Feature", "properties": { "id": "p-00524", "input_id": "026-571-06", "source": "fd-00193", "demand": 1, "duct_group": 5, "duct_assignment": "10" }, "geometry": { "type": "Polygon", "coordinates": [ [ [ -119.291832312935213, 35.500768978622048 ], [ -119.291834336925305, 35.500533349263499 ], [ -119.291859523629483, 35.500537141539809 ], [ -119.291885127022027, 35.500537620137891 ], [ -119.291910499322682, 35.50053477294901 ], [ -119.291934998598194, 35.500528672008642 ], [ -119.291958005003494, 35.500519471673904 ], [ -119.291978936464545, 35.500507404718284 ], [ -119.291997263405079, 35.500492776442236 ], [ -119.292012522145384, 35.500475956948748 ], [ -119.292024326633467, 35.500457371779675 ], [ -119.292032378212383, 35.500437491148887 ], [ -119.292066884518704, 35.500437760286324 ], [ -119.292064017810091, 35.500770776024083 ], [ -119.291832312935213, 35.500768978622048 ] ] ] } },
{ "type": "Feature", "properties": { "id": "p-00525", "input_id": "026-571-05", "source": "fd-00192", "demand": 1, "duct_group": 5, "duct_assignment": "7" }, "geometry": { "type": "Polygon", "coordinates": [ [ [ -119.291600577367717, 35.500767191020998 ], [ -119.291603110395414, 35.500469848991784 ], [ -119.291693431298498, 35.500470548458651 ], [ -119.291707389666968, 35.500471605950239 ], [ -119.291720938933807, 35.500474545945984 ], [ -119.29173370215932, 35.500479286655406 ], [ -119.291745324271432, 35.500485696192364 ], [ -119.291755481943554, 35.50049359624397 ], [ -119.291772317535575, 35.500506966620264 ], [ -119.291791346477282, 35.500518198894738 ], [ -119.291812166365929, 35.500527055539422 ], [ -119.291834336925305, 35.500533349263499 ], [ -119.291832312935213, 35.500768978622048 ], [ -119.291600577367717, 35.500767191020998 ] ] ] } },
{ "type": "Feature", "properties": { "id": "p-00526", "input_id": "026-571-04", "source": "fd-00192", "demand": 1, "duct_group": 5, "duct_assignment": "8" }, "geometry": { "type": "Polygon", "coordinates": [ [ [ -119.291399050014164, 35.500765641751016 ], [ -119.291401575942913, 35.500468292597006 ], [ -119.291603110395414, 35.500469848991784 ], [ -119.291600577367717, 35.500767191020998 ], [ -119.291399050014164, 35.500765641751016 ] ] ] } },
{ "type": "Feature", "properties": { "id": "p-00527", "input_id": "026-582-12", "source": "fd-00184", "demand": 1, "duct_group": 4, "duct_assignment": "3" }, "geometry": { "type": "Polygon", "coordinates": [ [ [ -119.291863581531956, 35.501066570191661 ], [ -119.291829708907102, 35.501066309657844 ], [ -119.291832312935213, 35.500768978622048 ], [ -119.292064017810091, 35.500770776024083 ], [ -119.292090879053035, 35.500770984906062 ], [ -119.292088727765105, 35.501016280149848 ], [ -119.292041677184969, 35.501017602552018 ], [ -119.291995419439573, 35.501024759236813 ], [ -119.291951030036813, 35.501037583808944 ], [ -119.291909541046067, 35.501055778092855 ], [ -119.291898890918034, 35.501060494617576 ], [ -119.291887521340328, 35.501063908122042 ], [ -119.291875669223259, 35.501065947478232 ], [ -119.291863581531956, 35.501066570191661 ] ] ] } },
{ "type": "Feature", "properties": { "id": "p-00528", "input_id": "026-582-13", "source": "fd-00183", "demand": 1, "duct_group": 4, "duct_assignment": "1" }, "geometry": { "type": "Polygon", "coordinates": [ [ [ -119.291597978167701, 35.501064531907701 ], [ -119.291600577367717, 35.500767191020998 ], [ -119.291832312935213, 35.500768978622048 ], [ -119.291829708907102, 35.501066309657844 ], [ -119.291597978167701, 35.501064531907701 ] ] ] } },
{ "type": "Feature", "properties": { "id": "p-00529", "input_id": "026-582-14", "source": "fd-00183", "demand": 1, "duct_group": 4, "duct_assignment": "2" }, "geometry": { "type": "Polygon", "coordinates": [ [ [ -119.291396453547179, 35.501062992512402 ], [ -119.291399050014164, 35.500765641751016 ], [ -119.291600577367717, 35.500767191020998 ], [ -119.291597978167701, 35.501064531907701 ], [ -119.291396453547179, 35.501062992512402 ] ] ] } },
{ "type": "Feature", "properties": { "id": "p-00530", "input_id": "026-582-15", "source": "fd-00173", "demand": 1, "duct_group": 2, "duct_assignment": "1" }, "geometry": { "type": "Polygon", "coordinates": [ [ [ -119.291194912445306, 35.501061455664036 ], [ -119.29119750949971, 35.500764095894475 ], [ -119.291399050014164, 35.500765641751016 ], [ -119.291396453547179, 35.501062992512402 ], [ -119.291194912445306, 35.501061455664036 ] ] ] } },
{ "type": "Feature", "properties": { "id": "p-00531", "input_id": "026-571-01", "source": "fd-00173", "demand": 1, "duct_group": 2, "duct_assignment": "2" }, "geometry": { "type": "Polygon", "coordinates": [ [ [ -119.291013515674067, 35.501060073763 ], [ -119.290963496319293, 35.501018509364279 ], [ -119.290965731190568, 35.50076232106651 ], [ -119.29119750949971, 35.500764095894475 ], [ -119.291194912445306, 35.501061455664036 ], [ -119.291013515674067, 35.501060073763 ] ] ] } },
{ "type": "Feature", "properties": { "id": "p-00532", "input_id": "026-582-11", "source": "fd-00184", "demand": 1, "duct_group": 4, "duct_assignment": "4" }, "geometry": { "type": "Polygon", "coordinates": [ [ [ -119.292088727765105, 35.501016280149848 ], [ -119.292090879053035, 35.500770984906062 ], [ -119.292418802470635, 35.500773559364362 ], [ -119.292228342781627, 35.501049004324358 ], [ -119.292184117589727, 35.501032099397833 ], [ -119.29213718897303, 35.501021099862974 ], [ -119.292088727765105, 35.501016280149848 ] ] ] } },
{ "type": "Feature", "properties": { "id": "p-00533", "input_id": "026-572-13", "source": "fd-00178", "demand": 1, "duct_group": 3, "duct_assignment": "4" }, "geometry": { "type": "Polygon", "coordinates": [ [ [ -119.290570071192931, 35.501056699379198 ], [ -119.29057267781188, 35.500759313405617 ], [ -119.290791044214217, 35.500760983746552 ], [ -119.290788806608461, 35.501017172965632 ], [ -119.29073805051469, 35.501057977659784 ], [ -119.290570071192931, 35.501056699379198 ] ] ] } },
{ "type": "Feature", "properties": { "id": "p-00534", "input_id": "026-572-14", "source": "fd-00178", "demand": 1, "duct_group": 3, "duct_assignment": "3" }, "geometry": { "type": "Polygon", "coordinates": [ [ [ -119.290368488270673, 35.501055163417995 ], [ -119.290371101030289, 35.5007577710821 ], [ -119.29057267781188, 35.500759313405617 ], [ -119.290570071192931, 35.501056699379198 ], [ -119.290368488270673, 35.501055163417995 ] ] ] } },
{ "type": "Feature", "properties": { "id": "p-00535", "input_id": "026-572-15", "source": "fd-00179", "demand": 1, "duct_group": 3, "duct_assignment": "6" }, "geometry": { "type": "Polygon", "coordinates": [ [ [ -119.290166898743379, 35.501053627195638 ], [ -119.290169517629622, 35.500756227596128 ], [ -119.290371101030289, 35.5007577710821 ], [ -119.290368488270673, 35.501055163417995 ], [ -119.290166898743379, 35.501053627195638 ] ] ] } },
{ "type": "Feature", "properties": { "id": "p-00536", "input_id": "026-572-16", "source": "fd-00179", "demand": 1, "duct_group": 3, "duct_assignment": "5" }, "geometry": { "type": "Polygon", "coordinates": [ [ [ -119.290079914368448, 35.501052962789835 ], [ -119.29006595382981, 35.501051906262688 ], [ -119.290052402219544, 35.50104896696697 ], [ -119.290039636530551, 35.501044226671098 ], [ -119.290028011892133, 35.50103781724561 ], [ -119.29001785169028, 35.501029916994653 ], [ -119.289998581770803, 35.501014913524436 ], [ -119.289976559508318, 35.50100270262962 ], [ -119.289952383319374, 35.500993616119565 ], [ -119.289954490402351, 35.500754579696853 ], [ -119.290169517629622, 35.500756227596128 ], [ -119.290166898743379, 35.501053627195638 ], [ -119.290079914368448, 35.501052962789835 ] ] ] } },
{ "type": "Feature", "properties": { "id": "p-00537", "input_id": "026-572-17", "source": "fd-00181", "demand": 1, "duct_group": 3, "duct_assignment": "10" }, "geometry": { "type": "Polygon", "coordinates": [ [ [ -119.289516354134307, 35.500751213423335 ], [ -119.289954490402351, 35.500754579696853 ], [ -119.289952383319374, 35.500993616119565 ], [ -119.28992730132633, 35.500987973442442 ], [ -119.289901436118726, 35.50098570257655 ], [ -119.289875460972794, 35.500986862633027 ], [ -119.289850052026296, 35.500991423415307 ], [ -119.289825870679039, 35.500999266205426 ], [ -119.289803546376646, 35.501010186853954 ], [ -119.289516354134307, 35.500751213423335 ] ] ] } },
{ "type": "Feature", "properties": { "id": "p-00538", "input_id": "026-572-23", "source": "fd-00177", "demand": 1, "duct_group": 3, "duct_assignment": "2" }, "geometry": { "type": "Polygon", "coordinates": [ [ [ -119.290475498820868, 35.501485207794104 ], [ -119.290478178463104, 35.501187816603021 ], [ -119.290679759437808, 35.501189347901331 ], [ -119.290677085907973, 35.501486730927688 ], [ -119.290475498820868, 35.501485207794104 ] ] ] } },
{ "type": "Feature", "properties": { "id": "p-00539", "input_id": "026-572-24", "source": "fd-00177", "demand": 1, "duct_group": 3, "duct_assignment": "1" }, "geometry": { "type": "Polygon", "coordinates": [ [ [ -119.290677085907973, 35.501486730927688 ], [ -119.290679759437808, 35.501189347901331 ], [ -119.290894768854912, 35.501190980308763 ], [ -119.290892102573849, 35.50148835425793 ], [ -119.290677085907973, 35.501486730927688 ] ] ] } },
{ "type": "Feature", "properties": { "id": "p-00540", "input_id": "026-572-25", "source": "fd-00174", "demand": 1, "duct_group": 2, "duct_assignment": "4" }, "geometry": { "type": "Polygon", "coordinates": [ [ [ -119.290892102573849, 35.50148835425793 ], [ -119.290894768854912, 35.501190980308763 ], [ -119.291109766157419, 35.501192612467477 ], [ -119.291107106023134, 35.50148997735095 ], [ -119.290892102573849, 35.50148835425793 ] ] ] } },
{ "type": "Feature", "properties": { "id": "p-00541", "input_id": "026-581-01", "source": "fd-00174", "demand": 1, "duct_group": 2, "duct_assignment": "3" }, "geometry": { "type": "Polygon", "coordinates": [ [ [ -119.291107106023134, 35.50148997735095 ], [ -119.291109766157419, 35.501192612467477 ], [ -119.291193746571693, 35.501193250014232 ], [ -119.291311314106906, 35.50119414397853 ], [ -119.291308657852312, 35.501491498917936 ], [ -119.291107106023134, 35.50148997735095 ] ] ] } },
{ "type": "Feature", "properties": { "id": "p-00542", "input_id": "026-581-02", "source": "fd-00175", "demand": 1, "duct_group": 2, "duct_assignment": "6" }, "geometry": { "type": "Polygon", "coordinates": [ [ [ -119.291308657852312, 35.501491498917936 ], [ -119.291311314106906, 35.50119414397853 ], [ -119.291526280652306, 35.501195781140282 ], [ -119.291523628297412, 35.501493124333429 ], [ -119.291308657852312, 35.501491498917936 ] ] ] } },
{ "type": "Feature", "properties": { "id": "p-00543", "input_id": "026-581-03", "source": "fd-00175", "demand": 1, "duct_group": 2, "duct_assignment": "5" }, "geometry": { "type": "Polygon", "coordinates": [ [ [ -119.291523628297412, 35.501493124333429 ], [ -119.291526280652306, 35.501195781140282 ], [ -119.291741228541426, 35.501197422629133 ], [ -119.291738579026685, 35.50149475679131 ], [ -119.291523628297412, 35.501493124333429 ] ] ] } },
{ "type": "Feature", "properties": { "id": "p-00544", "input_id": "026-581-04", "source": "fd-00176", "demand": 1, "duct_group": 2, "duct_assignment": "7" }, "geometry": { "type": "Polygon", "coordinates": [ [ [ -119.291738579026685, 35.50149475679131 ], [ -119.291741228541426, 35.501197422629133 ], [ -119.291942719460451, 35.501198969929263 ], [ -119.291940071635025, 35.50149629507176 ], [ -119.291738579026685, 35.50149475679131 ] ] ] } },
{ "type": "Feature", "properties": { "id": "p-00545", "input_id": "026-581-05", "source": "fd-00176", "demand": 1, "duct_group": 2, "duct_assignment": "8" }, "geometry": { "type": "Polygon", "coordinates": [ [ [ -119.291940071635025, 35.50149629507176 ], [ -119.291942719460451, 35.501198969929263 ], [ -119.29207703066966, 35.501200007156854 ], [ -119.292091611021107, 35.501201150548226 ], [ -119.29210572706674, 35.501204346955767 ], [ -119.292118949901578, 35.501209499259161 ], [ -119.292130877759874, 35.50121645090973 ], [ -119.292141148222655, 35.501224990686893 ], [ -119.292149449229086, 35.501234859116067 ], [ -119.29215552855878, 35.501245756352475 ], [ -119.292159201494798, 35.50125735129177 ], [ -119.292160356436725, 35.501269291630166 ], [ -119.292158322296714, 35.501497976839822 ], [ -119.291940071635025, 35.50149629507176 ] ] ] } },
{ "type": "Feature", "properties": { "id": "p-00546", "input_id": "026-572-22", "source": "fd-00180", "demand": 1, "duct_group": 3, "duct_assignment": "8" }, "geometry": { "type": "Polygon", "coordinates": [ [ [ -119.290260462262879, 35.501483579437291 ], [ -119.290252061872337, 35.501483515285216 ], [ -119.29025474993864, 35.501186117709246 ], [ -119.290478178463104, 35.501187816603021 ], [ -119.290475498820868, 35.501485207794104 ], [ -119.290260462262879, 35.501483579437291 ] ] ] } },
{ "type": "Feature", "properties": { "id": "p-00547", "input_id": "026-572-21", "source": "fd-00180", "demand": 1, "duct_group": 3, "duct_assignment": "7" }, "geometry": { "type": "Polygon", "coordinates": [ [ [ -119.2900454179279, 35.5014819462791 ], [ -119.290048071670256, 35.501189266877795 ], [ -119.290058037307048, 35.501186731748241 ], [ -119.290068310542054, 35.501185227109872 ], [ -119.290078732676989, 35.501184776206038 ], [ -119.29025474993864, 35.501186117709246 ], [ -119.290252061872337, 35.501483515285216 ], [ -119.2900454179279, 35.5014819462791 ] ] ] } },
{ "type": "Feature", "properties": { "id": "p-00548", "input_id": "026-572-18", "source": "fd-00181", "demand": 1, "duct_group": 3, "duct_assignment": "9" }, "geometry": { "type": "Polygon", "coordinates": [ [ [ -119.289400163124213, 35.501113669635572 ], [ -119.2894018108164, 35.500933358214368 ], [ -119.289403275535889, 35.500768716419664 ], [ -119.28940344144948, 35.500750343732243 ], [ -119.289484668829644, 35.500750969858821 ], [ -119.289516354134307, 35.500751213423335 ], [ -119.289803546376646, 35.501010186853954 ], [ -119.289784228044141, 35.501023485707201 ], [ -119.289767688660419, 35.501039089984673 ], [ -119.289754334677028, 35.501056616216466 ], [ -119.289744494265946, 35.501075633701006 ], [ -119.289738409254838, 35.50109567508926 ], [ -119.289736229183887, 35.501116247869938 ], [ -119.289400163124213, 35.501113669635572 ] ] ] } },
{ "type": "Feature", "properties": { "id": "p-00549", "input_id": "026-581-06", "source": "fd-00194", "demand": 1, "duct_group": 6, "duct_assignment": "2" }, "geometry": { "type": "Polygon", "coordinates": [ [ [ -119.292071723678077, 35.501794646725124 ], [ -119.291937405026289, 35.501793618573721 ], [ -119.291940071635025, 35.50149629507176 ], [ -119.292158322296714, 35.501497976839822 ], [ -119.292156278212261, 35.501726661231878 ], [ -119.292154881444119, 35.501738558490992 ], [ -119.292150979489122, 35.501750076667911 ], [ -119.292144690904252, 35.501760865791489 ], [ -119.292136206762578, 35.5017705980421 ], [ -119.29212578484794, 35.501778977712398 ], [ -119.292113741822234, 35.501785750192134 ], [ -119.292100443603886, 35.501790709704288 ], [ -119.292086294249799, 35.501793705557596 ], [ -119.292071723678077, 35.501794646725124 ] ] ] } },
{ "type": "Feature", "properties": { "id": "p-00550", "input_id": "026-581-07", "source": "fd-00194", "demand": 1, "duct_group": 6, "duct_assignment": "1" }, "geometry": { "type": "Polygon", "coordinates": [ [ [ -119.291735905218175, 35.501792089370866 ], [ -119.291738579026685, 35.50149475679131 ], [ -119.291940071635025, 35.50149629507176 ], [ -119.291937405026289, 35.501793618573721 ], [ -119.291735905218175, 35.501792089370866 ] ] ] } },
{ "type": "Feature", "properties": { "id": "p-00551", "input_id": "026-581-08", "source": "fd-00195", "demand": 1, "duct_group": 6, "duct_assignment": "3" }, "geometry": { "type": "Polygon", "coordinates": [ [ [ -119.291520950589216, 35.50179046865923 ], [ -119.291523628297412, 35.501493124333429 ], [ -119.291738579026685, 35.50149475679131 ], [ -119.291735905218175, 35.501792089370866 ], [ -119.291520950589216, 35.50179046865923 ] ] ] } },
{ "type": "Feature", "properties": { "id": "p-00552", "input_id": "026-581-09", "source": "fd-00195", "demand": 1, "duct_group": 6, "duct_assignment": "4" }, "geometry": { "type": "Polygon", "coordinates": [ [ [ -119.291305972923766, 35.501788854123426 ], [ -119.291308657852312, 35.501491498917936 ], [ -119.291523628297412, 35.501493124333429 ], [ -119.291520950589216, 35.50179046865923 ], [ -119.291305972923766, 35.501788854123426 ] ] ] } },
{ "type": "Feature", "properties": { "id": "p-00553", "input_id": "026-581-10", "source": "fd-00196", "demand": 1, "duct_group": 6, "duct_assignment": "6" }, "geometry": { "type": "Polygon", "coordinates": [ [ [ -119.291104415010736, 35.501787342523592 ], [ -119.291107106023134, 35.50148997735095 ], [ -119.291308657852312, 35.501491498917936 ], [ -119.291305972923766, 35.501788854123426 ], [ -119.291104415010736, 35.501787342523592 ] ] ] } },
{ "type": "Feature", "properties": { "id": "p-00554", "input_id": "026-581-11", "source": "fd-00196", "demand": 1, "duct_group": 6, "duct_assignment": "5" }, "geometry": { "type": "Polygon", "coordinates": [ [ [ -119.290889403238879, 35.50178573032175 ], [ -119.290892102573849, 35.50148835425793 ], [ -119.291107106023134, 35.50148997735095 ], [ -119.291104415010736, 35.501787342523592 ], [ -119.290889403238879, 35.50178573032175 ] ] ] } },
{ "type": "Feature", "properties": { "id": "p-00555", "input_id": "026-581-12", "source": "fd-00197", "demand": 1, "duct_group": 6, "duct_assignment": "7" }, "geometry": { "type": "Polygon", "coordinates": [ [ [ -119.290674378221865, 35.501784116080287 ], [ -119.290677085907973, 35.501486730927688 ], [ -119.290892102573849, 35.50148835425793 ], [ -119.290889403238879, 35.50178573032175 ], [ -119.290674378221865, 35.501784116080287 ] ] ] } },
{ "type": "Feature", "properties": { "id": "p-00556", "input_id": "026-581-26", "source": "fd-00162", "demand": 1, "duct_group": 0, "duct_assignment": "3" }, "geometry": { "type": "Polygon", "coordinates": [ [ [ -119.291247227305846, 35.502217598685903 ], [ -119.291249952023406, 35.501920235905395 ], [ -119.291417910752784, 35.50192149275982 ], [ -119.291467922013325, 35.501963053446531 ], [ -119.291465582503932, 35.502219219311762 ], [ -119.291247227305846, 35.502217598685903 ] ] ] } },
{ "type": "Feature", "properties": { "id": "p-00557", "input_id": "026-582-01", "source": "fd-00161", "demand": 1, "duct_group": 0, "duct_assignment": "1" }, "geometry": { "type": "Polygon", "coordinates": [ [ [ -119.29162681366293, 35.502220418577593 ], [ -119.291629147301023, 35.501964261779655 ], [ -119.291679901321956, 35.501923457656495 ], [ -119.29184782827339, 35.501924725074055 ], [ -119.291845130514702, 35.502222052452993 ], [ -119.29162681366293, 35.502220418577593 ] ] ] } },
{ "type": "Feature", "properties": { "id": "p-00558", "input_id": "026-582-02", "source": "fd-00161", "demand": 1, "duct_group": 0, "duct_assignment": "2" }, "geometry": { "type": "Polygon", "coordinates": [ [ [ -119.291861922603943, 35.502222178828923 ], [ -119.291845130514702, 35.502222052452993 ], [ -119.29184782827339, 35.501924725074055 ], [ -119.291855907898409, 35.501924786179202 ], [ -119.29186799386666, 35.501925591180267 ], [ -119.291879812176219, 35.501927810731615 ], [ -119.291891116558077, 35.501931398582343 ], [ -119.291901671452081, 35.501936279969158 ], [ -119.291939509416636, 35.501953854331155 ], [ -119.291979990409331, 35.501966909643883 ], [ -119.292022312210619, 35.501975187187433 ], [ -119.292065636120157, 35.501978522923913 ], [ -119.292063421207885, 35.502223704243228 ], [ -119.291861922603943, 35.502222178828923 ] ] ] } },
{ "type": "Feature", "properties": { "id": "p-00559", "input_id": "026-582-03", "source": "fd-00188", "demand": 1, "duct_group": 4, "duct_assignment": "11" }, "geometry": { "type": "Polygon", "coordinates": [ [ [ -119.2921282635929, 35.502224200714515 ], [ -119.292063421207885, 35.502223704243228 ], [ -119.292065636120157, 35.501978522923913 ], [ -119.292105809474975, 35.501977159806536 ], [ -119.292145425569402, 35.501971539300975 ], [ -119.292183812570158, 35.501961756723048 ], [ -119.292220319488337, 35.501947977971568 ], [ -119.292405873392426, 35.502226366738569 ], [ -119.2921282635929, 35.502224200714515 ] ] ] } },
{ "type": "Feature", "properties": { "id": "p-00560", "input_id": "026-571-07", "source": "fd-00193", "demand": 1, "duct_group": 5, "duct_assignment": "11" }, "geometry": { "type": "Polygon", "coordinates": [ [ [ -119.292418802470635, 35.500773559364362 ], [ -119.292090879053035, 35.500770984906062 ], [ -119.292064017810091, 35.500770776024083 ], [ -119.292066884518704, 35.500437760286324 ], [ -119.292032378212383, 35.500437491148887 ], [ -119.292036356865424, 35.500417462416372 ], [ -119.292036528246669, 35.500397171630866 ], [ -119.292032888295623, 35.500377099867151 ], [ -119.292067381351544, 35.500377369143507 ], [ -119.292070085339319, 35.500038421301461 ], [ -119.29273457861315, 35.500040454336393 ], [ -119.292728022597217, 35.500776065556131 ], [ -119.292418802470635, 35.500773559364362 ] ] ] } },
{ "type": "Feature", "properties": { "id": "p-00561", "input_id": "026-572-12", "source": "fd-00168", "demand": 1, "duct_group": 1, "duct_assignment": "3" }, "geometry": { "type": "Polygon", "coordinates": [ [ [ -119.29057267781188, 35.500759313405617 ], [ -119.290575201812118, 35.500461931869964 ], [ -119.290743174620417, 35.500463223720097 ], [ -119.290793223437873, 35.500504797818635 ], [ -119.290791044214217, 35.500760983746552 ], [ -119.29057267781188, 35.500759313405617 ] ] ] } },
{ "type": "Feature", "properties": { "id": "p-00562", "input_id": "026-572-11", "source": "fd-00168", "demand": 1, "duct_group": 1, "duct_assignment": "4" }, "geometry": { "type": "Polygon", "coordinates": [ [ [ -119.290371101030289, 35.5007577710821 ], [ -119.290373630054972, 35.500460382294257 ], [ -119.290575201812118, 35.500461931869964 ], [ -119.29057267781188, 35.500759313405617 ], [ -119.290371101030289, 35.5007577710821 ] ] ] } },
{ "type": "Feature", "properties": { "id": "p-00563", "input_id": "026-572-10", "source": "fd-00170", "demand": 1, "duct_group": 1, "duct_assignment": "8" }, "geometry": { "type": "Polygon", "coordinates": [ [ [ -119.290169517629622, 35.500756227596128 ], [ -119.290172052780775, 35.50045883154462 ], [ -119.290373630054972, 35.500460382294257 ], [ -119.290371101030289, 35.5007577710821 ], [ -119.290169517629622, 35.500756227596128 ] ] ] } },
{ "type": "Feature", "properties": { "id": "p-00564", "input_id": "026-572-09", "source": "fd-00170", "demand": 1, "duct_group": 1, "duct_assignment": "7" }, "geometry": { "type": "Polygon", "coordinates": [ [ [ -119.289954490402351, 35.500754579696853 ], [ -119.289956491956659, 35.500521672816234 ], [ -119.28998349942033, 35.500516656064853 ], [ -119.29000905685902, 35.500507930409945 ], [ -119.290032408801508, 35.500495753779781 ], [ -119.290052864971273, 35.500480486112508 ], [ -119.29006317862509, 35.500472750141832 ], [ -119.290074921184768, 35.500466523587313 ], [ -119.290087765979933, 35.500461979667506 ], [ -119.290101355676896, 35.500459244791259 ], [ -119.290115312219442, 35.500458395040866 ], [ -119.290172052780775, 35.50045883154462 ], [ -119.290169517629622, 35.500756227596128 ], [ -119.289954490402351, 35.500754579696853 ] ] ] } },
{ "type": "Feature", "properties": { "id": "p-00565", "input_id": "026-572-08", "source": "fd-00172", "demand": 1, "duct_group": 1, "duct_assignment": "12" }, "geometry": { "type": "Polygon", "coordinates": [ [ [ -119.289516354134307, 35.500751213423335 ], [ -119.289484668829644, 35.500750969858821 ], [ -119.289819023260293, 35.500483225049571 ], [ -119.289837910141017, 35.500496733507291 ], [ -119.289859129274348, 35.500507684723473 ], [ -119.289882167749582, 35.500515813984144 ], [ -119.28990646867814, 35.500520924787736 ], [ -119.289931444654741, 35.500522893595203 ], [ -119.289956491956659, 35.500521672816234 ], [ -119.289954490402351, 35.500754579696853 ], [ -119.289516354134307, 35.500751213423335 ] ] ] } },
{ "type": "Feature", "properties": { "id": "p-00566", "input_id": "026-572-07", "source": "fd-00172", "demand": 1, "duct_group": 1, "duct_assignment": "11" }, "geometry": { "type": "Polygon", "coordinates": [ [ [ -119.28940344144948, 35.500750343732243 ], [ -119.289404717105668, 35.500604074857009 ], [ -119.289406568717737, 35.500387016656973 ], [ -119.28977279705606, 35.500389845307971 ], [ -119.289774596245366, 35.500410444407756 ], [ -119.289780303862187, 35.500430561640329 ], [ -119.289789780094665, 35.500449704210915 ], [ -119.289802792813958, 35.500467403199899 ], [ -119.289819023260293, 35.500483225049571 ], [ -119.289484668829644, 35.500750969858821 ], [ -119.28940344144948, 35.500750343732243 ] ] ] } },
{ "type": "Feature", "properties": { "id": "p-00567", "input_id": "026-572-06", "source": "fd-00171", "demand": 1, "duct_group": 1, "duct_assignment": "9" }, "geometry": { "type": "Polygon", "coordinates": [ [ [ -119.289406568717737, 35.500387016656973 ], [ -119.289406589577027, 35.500384552075417 ], [ -119.289409385380679, 35.500030662229946 ], [ -119.289498649518364, 35.500030922800789 ], [ -119.289820567979831, 35.500297183697995 ], [ -119.289804091098077, 35.500312785321782 ], [ -119.289790793274733, 35.500330298405778 ], [ -119.289781000324169, 35.50034929385869 ], [ -119.289774952188125, 35.500369306268908 ], [ -119.28977279705606, 35.500389845307971 ], [ -119.289406568717737, 35.500387016656973 ] ] ] } },
{ "type": "Feature", "properties": { "id": "p-00568", "input_id": "026-572-05", "source": "fd-00171", "demand": 1, "duct_group": 1, "duct_assignment": "10" }, "geometry": { "type": "Polygon", "coordinates": [ [ [ -119.289498649518364, 35.500030922800789 ], [ -119.289946946712021, 35.500032233685047 ], [ -119.289945224360395, 35.500259614045731 ], [ -119.289917871997929, 35.50025990730289 ], [ -119.289890974592467, 35.500263980478991 ], [ -119.289865307599769, 35.500271716143835 ], [ -119.289841611003126, 35.500282891277067 ], [ -119.289820567979831, 35.500297183697995 ], [ -119.289498649518364, 35.500030922800789 ] ] ] } },
{ "type": "Feature", "properties": { "id": "p-00569", "input_id": "026-572-01", "source": "fd-00167", "demand": 1, "duct_group": 1, "duct_assignment": "2" }, "geometry": { "type": "Polygon", "coordinates": [ [ [ -119.290562846554622, 35.500330027984326 ], [ -119.290565095867265, 35.500034034698636 ], [ -119.290716270278011, 35.500034474486185 ], [ -119.290783068507011, 35.500089576331689 ], [ -119.290781534134538, 35.500290526391495 ], [ -119.290730813639399, 35.50033132351416 ], [ -119.290562846554622, 35.500330027984326 ] ] ] } },
{ "type": "Feature", "properties": { "id": "p-00570", "input_id": "026-572-02", "source": "fd-00167", "demand": 1, "duct_group": 1, "duct_assignment": "1" }, "geometry": { "type": "Polygon", "coordinates": [ [ [ -119.29036127947289, 35.500328474737081 ], [ -119.290363527045187, 35.500033447756401 ], [ -119.290565095867265, 35.500034034698636 ], [ -119.290562846554622, 35.500330027984326 ], [ -119.29036127947289, 35.500328474737081 ] ] ] } },
{ "type": "Feature", "properties": { "id": "p-00571", "input_id": "026-572-03", "source": "fd-00169", "demand": 1, "duct_group": 1, "duct_assignment": "5" }, "geometry": { "type": "Polygon", "coordinates": [ [ [ -119.290159709078338, 35.500326920292785 ], [ -119.290161956021819, 35.500032860506771 ], [ -119.290363527045187, 35.500033447756401 ], [ -119.29036127947289, 35.500328474737081 ], [ -119.290159709078338, 35.500326920292785 ] ] ] } },
{ "type": "Feature", "properties": { "id": "p-00572", "input_id": "026-572-04", "source": "fd-00169", "demand": 1, "duct_group": 1, "duct_assignment": "6" }, "geometry": { "type": "Polygon", "coordinates": [ [ [ -119.290116394710836, 35.500326586232561 ], [ -119.290102431269474, 35.500325529433994 ], [ -119.290088876852394, 35.500322589451535 ], [ -119.29007610853364, 35.500317848073344 ], [ -119.290064481518272, 35.500311437201105 ], [ -119.290054319261074, 35.500303535180599 ], [ -119.290036373663654, 35.500289407452222 ], [ -119.290015983851049, 35.500277705564159 ], [ -119.289993635296028, 35.500268708132808 ], [ -119.28996986010722, 35.500262629382625 ], [ -119.289945224360395, 35.500259614045731 ], [ -119.289946946712021, 35.500032233685047 ], [ -119.290161956021819, 35.500032860506771 ], [ -119.290159709078338, 35.500326920292785 ], [ -119.290116394710836, 35.500326586232561 ] ] ] } },
{ "type": "Feature", "properties": { "id": "p-00573", "input_id": "026-592-30", "source": "fd-00298", "demand": 1, "duct_group": 7, "duct_assignment": "3" }, "geometry": { "type": "Polygon", "coordinates": [ [ [ -119.292125998659586, 35.502474041750595 ], [ -119.2921282635929, 35.502224200714515 ], [ -119.292405873392426, 35.502226366738569 ], [ -119.292522827019667, 35.502227309280478 ], [ -119.292286261262959, 35.502510074092932 ], [ -119.292248829227461, 35.502494429819002 ], [ -119.292209147425666, 35.502483083649459 ], [ -119.292167949882398, 35.502476245462979 ], [ -119.292125998659586, 35.502474041750595 ] ] ] } },
{ "type": "Feature", "properties": { "id": "p-00574", "input_id": "026-592-31", "source": "fd-00297", "demand": 1, "duct_group": 7, "duct_assignment": "1" }, "geometry": { "type": "Polygon", "coordinates": [ [ [ -119.291914936505464, 35.502524587575785 ], [ -119.291859161515575, 35.502524170557628 ], [ -119.291861922603943, 35.502222178828923 ], [ -119.292063421207885, 35.502223704243228 ], [ -119.2921282635929, 35.502224200714515 ], [ -119.292125998659586, 35.502474041750595 ], [ -119.292082554187246, 35.502476694466687 ], [ -119.292039998507647, 35.502484319966051 ], [ -119.291999178525785, 35.50249676649284 ], [ -119.291960906605382, 35.502513786347464 ], [ -119.291950254475935, 35.502518505556189 ], [ -119.291938882432461, 35.502521921509548 ], [ -119.291927027434596, 35.502523963029176 ], [ -119.291914936505464, 35.502524587575785 ] ] ] } },
{ "type": "Feature", "properties": { "id": "p-00575", "input_id": "026-621-44", "source": "fd-00136", "demand": 1, "duct_group": 4, "duct_assignment": "5" }, "geometry": { "type": "Polygon", "coordinates": [ [ [ -119.290046730754668, 35.497625875709645 ], [ -119.290029948467236, 35.497625822004039 ], [ -119.290031271759318, 35.497351051167762 ], [ -119.290216013764095, 35.497351621429367 ], [ -119.290266186119965, 35.497392988058465 ], [ -119.290264892370573, 35.49762661792645 ], [ -119.290046730754668, 35.497625875709645 ] ] ] } },
{ "type": "Feature", "properties": { "id": "p-00576", "input_id": "026-621-43", "source": "fd-00136", "demand": 1, "duct_group": 4, "duct_assignment": "6" }, "geometry": { "type": "Polygon", "coordinates": [ [ [ -119.289845243076698, 35.497625235748757 ], [ -119.28982845858539, 35.49762518203881 ], [ -119.289829750733134, 35.497350420552301 ], [ -119.290031271759318, 35.497351051167762 ], [ -119.290029948467236, 35.497625822004039 ], [ -119.289845243076698, 35.497625235748757 ] ] ] } },
{ "type": "Feature", "properties": { "id": "p-00577", "input_id": "026-621-42", "source": "fd-00144", "demand": 1, "duct_group": 6, "duct_assignment": "2" }, "geometry": { "type": "Polygon", "coordinates": [ [ [ -119.289623590250741, 35.497624533925787 ], [ -119.289613521994823, 35.497624502557727 ], [ -119.289614795052472, 35.497349743084008 ], [ -119.289829750733134, 35.497350420552301 ], [ -119.28982845858539, 35.49762518203881 ], [ -119.289623590250741, 35.497624533925787 ] ] ] } },
{ "type": "Feature", "properties": { "id": "p-00578", "input_id": "026-621-41", "source": "fd-00144", "demand": 1, "duct_group": 6, "duct_assignment": "1" }, "geometry": { "type": "Polygon", "coordinates": [ [ [ -119.289412009033057, 35.497623865757596 ], [ -119.289413268423502, 35.497349105534902 ], [ -119.289614795052472, 35.497349743084008 ], [ -119.289613521994823, 35.497624502557727 ], [ -119.289412009033057, 35.497623865757596 ] ] ] } },
{ "type": "Feature", "properties": { "id": "p-00579", "input_id": "026-621-40", "source": "fd-00115", "demand": 1, "duct_group": 0, "duct_assignment": "2" }, "geometry": { "type": "Polygon", "coordinates": [ [ [ -119.289210486155909, 35.497623228731058 ], [ -119.289211735171321, 35.497348466823553 ], [ -119.289413268423502, 35.497349105534902 ], [ -119.289412009033057, 35.497623865757596 ], [ -119.289210486155909, 35.497623228731058 ] ] ] } },
{ "type": "Feature", "properties": { "id": "p-00580", "input_id": "026-621-39", "source": "fd-00115", "demand": 1, "duct_group": 0, "duct_assignment": "1" }, "geometry": { "type": "Polygon", "coordinates": [ [ [ -119.289008952275609, 35.497622592390933 ], [ -119.289010191989647, 35.497347826984523 ], [ -119.289211735171321, 35.497348466823553 ], [ -119.289210486155909, 35.497623228731058 ], [ -119.289008952275609, 35.497622592390933 ] ] ] } },
{ "type": "Feature", "properties": { "id": "p-00581", "input_id": "026-621-38", "source": "fd-00116", "demand": 1, "duct_group": 0, "duct_assignment": "3" }, "geometry": { "type": "Polygon", "coordinates": [ [ [ -119.288945123412276, 35.497622390151008 ], [ -119.288807407363734, 35.497621954934722 ], [ -119.28880863777664, 35.497347186029373 ], [ -119.289010191989647, 35.497347826984523 ], [ -119.289008952275609, 35.497622592390933 ], [ -119.288945123412276, 35.497622390151008 ] ] ] } },
{ "type": "Feature", "properties": { "id": "p-00582", "input_id": "026-621-37", "source": "fd-00116", "demand": 1, "duct_group": 0, "duct_assignment": "4" }, "geometry": { "type": "Polygon", "coordinates": [ [ [ -119.288592410163332, 35.497621273402437 ], [ -119.28859363133401, 35.497346501899436 ], [ -119.28880863777664, 35.497347186029373 ], [ -119.288807407363734, 35.497621954934722 ], [ -119.288592410163332, 35.497621273402437 ] ] ] } },
{ "type": "Feature", "properties": { "id": "p-00583", "input_id": "026-621-36", "source": "fd-00117", "demand": 1, "duct_group": 0, "duct_assignment": "6" }, "geometry": { "type": "Polygon", "coordinates": [ [ [ -119.288525211620367, 35.49762106030245 ], [ -119.288390832182387, 35.497620634708547 ], [ -119.288392046284329, 35.497345861485869 ], [ -119.28859363133401, 35.497346501899436 ], [ -119.288592410163332, 35.497621273402437 ], [ -119.288525211620367, 35.49762106030245 ] ] ] } },
{ "type": "Feature", "properties": { "id": "p-00584", "input_id": "026-621-35", "source": "fd-00117", "demand": 1, "duct_group": 0, "duct_assignment": "5" }, "geometry": { "type": "Polygon", "coordinates": [ [ [ -119.288172487376499, 35.497619943365635 ], [ -119.288173393269929, 35.497413863733193 ], [ -119.288174476840524, 35.49740312197472 ], [ -119.288177601894432, 35.497392651087367 ], [ -119.288182691480756, 35.497382708902322 ], [ -119.288189620274878, 35.497373540231969 ], [ -119.288198217664345, 35.497365370842004 ], [ -119.288208271950126, 35.497358401892114 ], [ -119.288219535559264, 35.497352804982853 ], [ -119.288231731141366, 35.49734871793013 ], [ -119.288244558397381, 35.497346241371822 ], [ -119.288257701474421, 35.497345436289564 ], [ -119.288392046284329, 35.497345861485869 ], [ -119.288390832182387, 35.497620634708547 ], [ -119.288172487376499, 35.497619943365635 ] ] ] } },
{ "type": "Feature", "properties": { "id": "p-00585", "input_id": "026-621-45", "source": "fd-00218", "demand": 1, "duct_group": 3, "duct_assignment": "1" }, "geometry": { "type": "Polygon", "coordinates": [ [ [ -119.290045414389638, 35.497914358194407 ], [ -119.290046730754668, 35.497625875709645 ], [ -119.290264892370573, 35.49762661792645 ], [ -119.290263812473768, 35.497873871647933 ], [ -119.290213247137743, 35.497914924773909 ], [ -119.290045414389638, 35.497914358194407 ] ] ] } },
{ "type": "Feature", "properties": { "id": "p-00586", "input_id": "026-621-46", "source": "fd-00218", "demand": 1, "duct_group": 3, "duct_assignment": "2" }, "geometry": { "type": "Polygon", "coordinates": [ [ [ -119.289843930426898, 35.497913719086412 ], [ -119.289845243076698, 35.497625235748757 ], [ -119.290029948467236, 35.497625822004039 ], [ -119.290046730754668, 35.497625875709645 ], [ -119.290045414389638, 35.497914358194407 ], [ -119.289843930426898, 35.497913719086412 ] ] ] } },
{ "type": "Feature", "properties": { "id": "p-00587", "input_id": "026-621-47", "source": "fd-00219", "demand": 1, "duct_group": 3, "duct_assignment": "3" }, "geometry": { "type": "Polygon", "coordinates": [ [ [ -119.28962227911201, 35.497913022645434 ], [ -119.289623590250741, 35.497624533925787 ], [ -119.28982845858539, 35.49762518203881 ], [ -119.289845243076698, 35.497625235748757 ], [ -119.289843930426898, 35.497913719086412 ], [ -119.28962227911201, 35.497913022645434 ] ] ] } },
{ "type": "Feature", "properties": { "id": "p-00588", "input_id": "026-621-48", "source": "fd-00219", "demand": 1, "duct_group": 3, "duct_assignment": "4" }, "geometry": { "type": "Polygon", "coordinates": [ [ [ -119.289410690652474, 35.497912361754203 ], [ -119.289412009033057, 35.497623865757596 ], [ -119.289613521994823, 35.497624502557727 ], [ -119.289623590250741, 35.497624533925787 ], [ -119.28962227911201, 35.497913022645434 ], [ -119.289410690652474, 35.497912361754203 ] ] ] } },
{ "type": "Feature", "properties": { "id": "p-00589", "input_id": "026-621-49", "source": "fd-00221", "demand": 1, "duct_group": 3, "duct_assignment": "8" }, "geometry": { "type": "Polygon", "coordinates": [ [ [ -119.289209167195338, 35.497911732836648 ], [ -119.289210486155909, 35.497623228731058 ], [ -119.289412009033057, 35.497623865757596 ], [ -119.289410690652474, 35.497912361754203 ], [ -119.289209167195338, 35.497911732836648 ] ] ] } },
{ "type": "Feature", "properties": { "id": "p-00590", "input_id": "026-621-50", "source": "fd-00221", "demand": 1, "duct_group": 3, "duct_assignment": "7" }, "geometry": { "type": "Polygon", "coordinates": [ [ [ -119.289147407867759, 35.497888956536265 ], [ -119.28912687841563, 35.497873265683047 ], [ -119.289103329612388, 35.497860727748673 ], [ -119.289077476660779, 35.497851723523212 ], [ -119.289050104742074, 35.497846526474191 ], [ -119.289022045169432, 35.497845294441333 ], [ -119.288945123412276, 35.497622390151008 ], [ -119.289008952275609, 35.497622592390933 ], [ -119.289210486155909, 35.497623228731058 ], [ -119.289209167195338, 35.497911732836648 ], [ -119.289195294424815, 35.497910691834072 ], [ -119.289181822976133, 35.497907789685222 ], [ -119.289169123564349, 35.497903106253084 ], [ -119.28915754565918, 35.49789677041904 ], [ -119.289147407867759, 35.497888956536265 ] ] ] } },
{ "type": "Feature", "properties": { "id": "p-00591", "input_id": "026-621-51", "source": "fd-00223", "demand": 1, "duct_group": 3, "duct_assignment": "11" }, "geometry": { "type": "Polygon", "coordinates": [ [ [ -119.288525211620367, 35.49762106030245 ], [ -119.288592410163332, 35.497621273402437 ], [ -119.288807407363734, 35.497621954934722 ], [ -119.288945123412276, 35.497622390151008 ], [ -119.289022045169432, 35.497845294441333 ], [ -119.28899630963879, 35.497847710430783 ], [ -119.288971379350997, 35.497853465522986 ], [ -119.288947897790408, 35.497862411171255 ], [ -119.288926471048271, 35.497874316476405 ], [ -119.288907652178878, 35.497888874146284 ], [ -119.288525211620367, 35.49762106030245 ] ] ] } },
{ "type": "Feature", "properties": { "id": "p-00592", "input_id": "026-621-52", "source": "fd-00223", "demand": 1, "duct_group": 3, "duct_assignment": "12" }, "geometry": { "type": "Polygon", "coordinates": [ [ [ -119.288523603156264, 35.49797555451903 ], [ -119.288524446477311, 35.497791836021058 ], [ -119.288525211620367, 35.49762106030245 ], [ -119.288907652178878, 35.497888874146284 ], [ -119.288893248766414, 35.497904055663092 ], [ -119.288881695461072, 35.497920787444237 ], [ -119.288873237453885, 35.497938714400554 ], [ -119.288868054246763, 35.497957456077984 ], [ -119.288866255842294, 35.49797661473184 ], [ -119.288523603156264, 35.49797555451903 ] ] ] } },
{ "type": "Feature", "properties": { "id": "p-00593", "input_id": "026-621-53", "source": "fd-00222", "demand": 1, "duct_group": 3, "duct_assignment": "9" }, "geometry": { "type": "Polygon", "coordinates": [ [ [ -119.288523525486326, 35.497992045124434 ], [ -119.288523603156264, 35.49797555451903 ], [ -119.288866255842294, 35.49797661473184 ], [ -119.288867872787648, 35.497995787001088 ], [ -119.288872879349967, 35.498014563626192 ], [ -119.288881169250232, 35.498032546009561 ], [ -119.288892566509077, 35.498049352413851 ], [ -119.288906829182594, 35.498064626065485 ], [ -119.288521540901783, 35.4983274691958 ], [ -119.288523525486326, 35.497992045124434 ] ] ] } },
{ "type": "Feature", "properties": { "id": "p-00594", "input_id": "026-621-60", "source": "fd-00245", "demand": 1, "duct_group": 8, "duct_assignment": "2" }, "geometry": { "type": "Polygon", "coordinates": [ [ [ -119.290036719475466, 35.49833198267055 ], [ -119.290038118070115, 35.498046208910374 ], [ -119.290212671694604, 35.498046793286868 ], [ -119.290262877322547, 35.49808814604048 ], [ -119.290261809396313, 35.498332652193874 ], [ -119.290036719475466, 35.49833198267055 ] ] ] } },
{ "type": "Feature", "properties": { "id": "p-00595", "input_id": "026-621-59", "source": "fd-00245", "demand": 1, "duct_group": 8, "duct_assignment": "1" }, "geometry": { "type": "Polygon", "coordinates": [ [ [ -119.289835146918492, 35.49833138232524 ], [ -119.289836627242607, 35.498045574366046 ], [ -119.290038118070115, 35.498046208910374 ], [ -119.290036719475466, 35.49833198267055 ], [ -119.289835146918492, 35.49833138232524 ] ] ] } },
{ "type": "Feature", "properties": { "id": "p-00596", "input_id": "026-621-58", "source": "fd-00246", "demand": 1, "duct_group": 8, "duct_assignment": "3" }, "geometry": { "type": "Polygon", "coordinates": [ [ [ -119.289633573262449, 35.498330781660925 ], [ -119.289635118898545, 35.498044946886189 ], [ -119.289836627242607, 35.498045574366046 ], [ -119.289835146918492, 35.49833138232524 ], [ -119.289633573262449, 35.498330781660925 ] ] ] } },
{ "type": "Feature", "properties": { "id": "p-00597", "input_id": "026-621-57", "source": "fd-00246", "demand": 1, "duct_group": 8, "duct_assignment": "4" }, "geometry": { "type": "Polygon", "coordinates": [ [ [ -119.289418553884076, 35.498330141447632 ], [ -119.289420162703237, 35.498044281683342 ], [ -119.289635118898545, 35.498044946886189 ], [ -119.289633573262449, 35.498330781660925 ], [ -119.289418553884076, 35.498330141447632 ] ] ] } },
{ "type": "Feature", "properties": { "id": "p-00598", "input_id": "026-621-56", "source": "fd-00220", "demand": 1, "duct_group": 3, "duct_assignment": "5" }, "geometry": { "type": "Polygon", "coordinates": [ [ [ -119.289401762693359, 35.498330091353715 ], [ -119.289216978044138, 35.498329541024489 ], [ -119.289218633539519, 35.498043660950245 ], [ -119.289420162703237, 35.498044281683342 ], [ -119.289418553884076, 35.498330141447632 ], [ -119.289401762693359, 35.498330091353715 ] ] ] } },
{ "type": "Feature", "properties": { "id": "p-00599", "input_id": "026-621-55", "source": "fd-00220", "demand": 1, "duct_group": 3, "duct_assignment": "6" }, "geometry": { "type": "Polygon", "coordinates": [ [ [ -119.289200189057766, 35.498329490879911 ], [ -119.288985177400619, 35.498328849827615 ], [ -119.288965008799394, 35.498328790024942 ], [ -119.289016600216499, 35.498108728519043 ], [ -119.289040728350358, 35.498108579051326 ], [ -119.289064559111353, 35.498105487155208 ], [ -119.28908755895533, 35.498099522054737 ], [ -119.289109212941511, 35.498090817301936 ], [ -119.289129036262096, 35.498079567786355 ], [ -119.289146585095949, 35.49806602537199 ], [ -119.289156855238431, 35.498058235667195 ], [ -119.289168565756, 35.498051950242342 ], [ -119.289181390874546, 35.498047343951036 ], [ -119.289194973813181, 35.498044544935375 ], [ -119.289208936709315, 35.498043631060781 ], [ -119.289218633539519, 35.498043660950245 ], [ -119.289216978044138, 35.498329541024489 ], [ -119.289200189057766, 35.498329490879911 ] ] ] } },
{ "type": "Feature", "properties": { "id": "p-00600", "input_id": "026-621-54", "source": "fd-00222", "demand": 1, "duct_group": 3, "duct_assignment": "10" }, "geometry": { "type": "Polygon", "coordinates": [ [ [ -119.288783602683154, 35.498328249583409 ], [ -119.288551792142513, 35.498327558574431 ], [ -119.288521540901783, 35.4983274691958 ], [ -119.288906829182594, 35.498064626065485 ], [ -119.28892485969142, 35.498078862638721 ], [ -119.288945370307459, 35.498090642146792 ], [ -119.288967865435268, 35.49809967996228 ], [ -119.288991801527018, 35.498105757705034 ], [ -119.289016600216499, 35.498108728519043 ], [ -119.288965008799394, 35.498328790024942 ], [ -119.288783602683154, 35.498328249583409 ] ] ] } },
{ "type": "Feature", "properties": { "id": "p-00601", "input_id": "026-621-34", "source": "fd-00118", "demand": 1, "duct_group": 0, "duct_assignment": "7" }, "geometry": { "type": "Polygon", "coordinates": [ [ [ -119.288171731503809, 35.497790724385588 ], [ -119.288172487376499, 35.497619943365635 ], [ -119.288390832182387, 35.497620634708547 ], [ -119.288525211620367, 35.49762106030245 ], [ -119.288524446477311, 35.497791836021058 ], [ -119.288171731503809, 35.497790724385588 ] ] ] } },
{ "type": "Feature", "properties": { "id": "p-00602", "input_id": "026-621-33", "source": "fd-00118", "demand": 1, "duct_group": 0, "duct_assignment": "8" }, "geometry": { "type": "Polygon", "coordinates": [ [ [ -119.288250693183784, 35.497946500227151 ], [ -119.288246541124536, 35.497927694146796 ], [ -119.288239110165776, 35.49790957593202 ], [ -119.288228556235481, 35.497892525762566 ], [ -119.288215100791476, 35.497876901406713 ], [ -119.288199026174453, 35.497863030714413 ], [ -119.2881894972558, 35.497854626949213 ], [ -119.288181808943065, 35.497845044873316 ], [ -119.288176175123496, 35.497834551058965 ], [ -119.288172752528538, 35.497823437442797 ], [ -119.28817163637342, 35.497812013204204 ], [ -119.288171731503809, 35.497790724385588 ], [ -119.288524446477311, 35.497791836021058 ], [ -119.288523603156264, 35.49797555451903 ], [ -119.288523525486326, 35.497992045124434 ], [ -119.288250693183784, 35.497946500227151 ] ] ] } },
{ "type": "Feature", "properties": { "id": "p-00603", "input_id": "026-621-32", "source": "fd-00119", "demand": 1, "duct_group": 0, "duct_assignment": "9" }, "geometry": { "type": "Polygon", "coordinates": [ [ [ -119.288202143880284, 35.498055561006694 ], [ -119.288218436562005, 35.498040632185813 ], [ -119.288231781166715, 35.498023860171941 ], [ -119.288241870750653, 35.498005630746192 ], [ -119.288248473240785, 35.497986363212036 ], [ -119.28825143677274, 35.497966500750657 ], [ -119.288250693183784, 35.497946500227151 ], [ -119.288523525486326, 35.497992045124434 ], [ -119.288521540901783, 35.4983274691958 ], [ -119.288202143880284, 35.498055561006694 ] ] ] } },
{ "type": "Feature", "properties": { "id": "p-00604", "input_id": "026-621-31", "source": "fd-00119", "demand": 1, "duct_group": 0, "duct_assignment": "10" }, "geometry": { "type": "Polygon", "coordinates": [ [ [ -119.28835021854762, 35.498326958509217 ], [ -119.288135205829946, 35.498326317784077 ], [ -119.288088152366257, 35.49832617724379 ], [ -119.288089633503176, 35.498092433793438 ], [ -119.288114394541481, 35.498090952597991 ], [ -119.288138584320052, 35.498086381536666 ], [ -119.288161629768652, 35.498078828900681 ], [ -119.288182984927218, 35.498068473616435 ], [ -119.288202143880284, 35.498055561006694 ], [ -119.288521540901783, 35.4983274691958 ], [ -119.28835021854762, 35.498326958509217 ] ] ] } },
{ "type": "Feature", "properties": { "id": "p-00605", "input_id": "026-621-30", "source": "fd-00120", "demand": 1, "duct_group": 0, "duct_assignment": "11" }, "geometry": { "type": "Polygon", "coordinates": [ [ [ -119.287933631139097, 35.498325717047223 ], [ -119.287732055363179, 35.498325116892573 ], [ -119.287650966493203, 35.498324874871976 ], [ -119.287977041824831, 35.498054415525239 ], [ -119.287996108154502, 35.498067584765764 ], [ -119.288017430576886, 35.49807819098465 ], [ -119.288040498577061, 35.49808598024088 ], [ -119.288064759845724, 35.498090766038743 ], [ -119.288089633503176, 35.498092433793438 ], [ -119.288088152366257, 35.49832617724379 ], [ -119.287933631139097, 35.498325717047223 ] ] ] } },
{ "type": "Feature", "properties": { "id": "p-00606", "input_id": "026-621-29", "source": "fd-00120", "demand": 1, "duct_group": 0, "duct_assignment": "12" }, "geometry": { "type": "Polygon", "coordinates": [ [ [ -119.287653399259554, 35.498148842940658 ], [ -119.287655716063284, 35.497959147337667 ], [ -119.287655749764653, 35.497956373447799 ], [ -119.287929068471712, 35.497957219789456 ], [ -119.287930565420098, 35.497978718322543 ], [ -119.287936318377533, 35.497999731464247 ], [ -119.287946174131335, 35.498019699580979 ], [ -119.287959870200169, 35.498038090870551 ], [ -119.287977041824831, 35.498054415525239 ], [ -119.287650966493203, 35.498324874871976 ], [ -119.287653399259554, 35.498148842940658 ] ] ] } },
{ "type": "Feature", "properties": { "id": "p-00607", "input_id": "026-621-27", "source": "fd-00143", "demand": 1, "duct_group": 5, "duct_assignment": "10" }, "geometry": { "type": "Polygon", "coordinates": [ [ [ -119.287658047821807, 35.497766748334122 ], [ -119.287659716305043, 35.497629388037844 ], [ -119.287660051532896, 35.49760188711759 ], [ -119.288011257070735, 35.497602951131775 ], [ -119.288010532936497, 35.497767830500337 ], [ -119.287658047821807, 35.497766748334122 ] ] ] } },
{ "type": "Feature", "properties": { "id": "p-00608", "input_id": "026-622-01", "source": "fd-00145", "demand": 1, "duct_group": 6, "duct_assignment": "3" }, "geometry": { "type": "Polygon", "coordinates": [ [ [ -119.290651242975031, 35.497627766052837 ], [ -119.290426156083313, 35.497627097230939 ], [ -119.290427450532974, 35.497393470954613 ], [ -119.290478061599757, 35.49735240913504 ], [ -119.290709918998573, 35.497353095990697 ], [ -119.290708355455422, 35.497627935181349 ], [ -119.290651242975031, 35.497627766052837 ] ] ] } },
{ "type": "Feature", "properties": { "id": "p-00609", "input_id": "026-622-02", "source": "fd-00146", "demand": 1, "duct_group": 6, "duct_assignment": "5" }, "geometry": { "type": "Polygon", "coordinates": [ [ [ -119.290852812696343, 35.49762836417036 ], [ -119.290708355455422, 35.497627935181349 ], [ -119.290709918998573, 35.497353095990697 ], [ -119.290850687580544, 35.497353516841649 ], [ -119.290862774429371, 35.497354268260644 ], [ -119.290874603154009, 35.49735643460177 ], [ -119.29088592739906, 35.497359970747006 ], [ -119.290896511315992, 35.497364803049479 ], [ -119.2909281650049, 35.497379705088257 ], [ -119.290961747330755, 35.497391449430914 ], [ -119.290960319275769, 35.497628683543383 ], [ -119.290852812696343, 35.49762836417036 ] ] ] } },
{ "type": "Feature", "properties": { "id": "p-00610", "input_id": "026-603-05", "source": "fd-00214", "demand": 1, "duct_group": 2, "duct_assignment": "6" }, "geometry": { "type": "Polygon", "coordinates": [ [ [ -119.29134201145574, 35.49817928596196 ], [ -119.29134976274635, 35.498142705268009 ], [ -119.291350877669899, 35.498105590634069 ], [ -119.291345332180654, 35.498068742816422 ], [ -119.291333245932378, 35.498032956813589 ], [ -119.291314879696102, 35.497999004714337 ], [ -119.29129062973324, 35.497967619039699 ], [ -119.291344547755386, 35.497935067185971 ], [ -119.291414434462453, 35.498014665452914 ], [ -119.291652316643308, 35.49801536927275 ], [ -119.291650299466014, 35.498180197402029 ], [ -119.29134201145574, 35.49817928596196 ] ] ] } },
{ "type": "Feature", "properties": { "id": "p-00611", "input_id": "026-603-04", "source": "fd-00214", "demand": 1, "duct_group": 2, "duct_assignment": "7" }, "geometry": { "type": "Polygon", "coordinates": [ [ [ -119.291286435586869, 35.498343957468428 ], [ -119.291286651244221, 35.498294258671358 ], [ -119.291287569397795, 35.498284373034913 ], [ -119.291290218406289, 35.498274698490867 ], [ -119.291294543072468, 35.498265436625012 ], [ -119.291300453283938, 35.498256780424192 ], [ -119.291325226389375, 35.498219465572859 ], [ -119.29134201145574, 35.49817928596196 ], [ -119.291650299466014, 35.498180197402029 ], [ -119.291648281235297, 35.498345029136999 ], [ -119.291286435586869, 35.498343957468428 ] ] ] } },
{ "type": "Feature", "properties": { "id": "p-00612", "input_id": "026-603-03", "source": "fd-00215", "demand": 1, "duct_group": 2, "duct_assignment": "8" }, "geometry": { "type": "Polygon", "coordinates": [ [ [ -119.291285670587442, 35.498519780024907 ], [ -119.291286435586869, 35.498343957468428 ], [ -119.291648281235297, 35.498345029136999 ], [ -119.291647361841612, 35.49842014335281 ], [ -119.291646130335366, 35.498520848240553 ], [ -119.291285670587442, 35.498519780024907 ] ] ] } },
{ "type": "Feature", "properties": { "id": "p-00613", "input_id": "026-603-02", "source": "fd-00215", "demand": 1, "duct_group": 2, "duct_assignment": "9" }, "geometry": { "type": "Polygon", "coordinates": [ [ [ -119.291284955597192, 35.498684613355763 ], [ -119.291285670587442, 35.498519780024907 ], [ -119.291646130335366, 35.498520848240553 ], [ -119.291644114263718, 35.498685678127742 ], [ -119.291284955597192, 35.498684613355763 ] ] ] } },
{ "type": "Feature", "properties": { "id": "p-00614", "input_id": "026-603-01", "source": "fd-00216", "demand": 1, "duct_group": 2, "duct_assignment": "10" }, "geometry": { "type": "Polygon", "coordinates": [ [ [ -119.291283872274064, 35.498934611744232 ], [ -119.291284333183043, 35.49882832734081 ], [ -119.291284955597192, 35.498684613355763 ], [ -119.291644114263718, 35.498685678127742 ], [ -119.291642053884672, 35.498854212228068 ], [ -119.291641890636967, 35.49886760209715 ], [ -119.291641058939405, 35.498935672015548 ], [ -119.291283872274064, 35.498934611744232 ] ] ] } },
{ "type": "Feature", "properties": { "id": "p-00615", "input_id": "026-602-12", "source": "fd-00216", "demand": 1, "duct_group": 2, "duct_assignment": "11" }, "geometry": { "type": "Polygon", "coordinates": [ [ [ -119.291342426575511, 35.499198524562203 ], [ -119.291332737714328, 35.49916457384078 ], [ -119.291317428303287, 35.49913203629599 ], [ -119.291296789600253, 35.499101530933245 ], [ -119.291290954090627, 35.499092840000756 ], [ -119.291286709525721, 35.499083552553344 ], [ -119.291284144352673, 35.499073862121818 ], [ -119.291283312023651, 35.499063970634133 ], [ -119.291283408339964, 35.499041756088594 ], [ -119.291283430285205, 35.499036627924497 ], [ -119.291283872274064, 35.498934611744232 ], [ -119.291641058939405, 35.498935672015548 ], [ -119.291640280165723, 35.498999464341992 ], [ -119.29163783917339, 35.499199401887061 ], [ -119.291342426575511, 35.499198524562203 ] ] ] } },
{ "type": "Feature", "properties": { "id": "p-00616", "input_id": "026-602-11", "source": "fd-00217", "demand": 1, "duct_group": 2, "duct_assignment": "12" }, "geometry": { "type": "Polygon", "coordinates": [ [ [ -119.291324140125781, 35.499333013727572 ], [ -119.291337064660226, 35.499300465819864 ], [ -119.291344494168385, 35.499266788512173 ], [ -119.291346292459849, 35.499232599174356 ], [ -119.291342426575511, 35.499198524562203 ], [ -119.29163783917339, 35.499199401887061 ], [ -119.291636754702438, 35.499288281837536 ], [ -119.291634688580885, 35.49945785524524 ], [ -119.291324140125781, 35.499333013727572 ] ] ] } },
{ "type": "Feature", "properties": { "id": "p-00617", "input_id": "026-602-10", "source": "fd-00206", "demand": 1, "duct_group": 1, "duct_assignment": "1" }, "geometry": { "type": "Polygon", "coordinates": [ [ [ -119.29147864448089, 35.499734661858888 ], [ -119.291242197557565, 35.49942808560742 ], [ -119.291275424768386, 35.499399993676079 ], [ -119.291302958424652, 35.499368048415718 ], [ -119.291324140125781, 35.499333013727572 ], [ -119.291634688580885, 35.49945785524524 ], [ -119.29163131546089, 35.499735116338542 ], [ -119.29147864448089, 35.499734661858888 ] ] ] } },
{ "type": "Feature", "properties": { "id": "p-00618", "input_id": "026-651-22", "source": "fd-00023", "demand": 1, "duct_group": 0, "duct_assignment": "10" }, "geometry": { "type": "Polygon", "coordinates": [ [ [ -119.291642053884672, 35.498854212228068 ], [ -119.291644114263718, 35.498685678127742 ], [ -119.291646130335366, 35.498520848240553 ], [ -119.291647361841612, 35.49842014335281 ], [ -119.291806187399914, 35.498420591501279 ], [ -119.291808472377213, 35.498443648646543 ], [ -119.291815456161501, 35.498466065308136 ], [ -119.291826940703089, 35.498487205784883 ], [ -119.291842600321445, 35.498506470565616 ], [ -119.291861990936425, 35.49852331333075 ], [ -119.291884562661707, 35.498537256444898 ], [ -119.291909675398287, 35.498547904502331 ], [ -119.291936616987101, 35.498554955539937 ], [ -119.291964623404795, 35.498558209600688 ], [ -119.291992900430529, 35.498557574404273 ], [ -119.292020646170585, 35.498553067967357 ], [ -119.292019397081461, 35.498855277706781 ], [ -119.291642053884672, 35.498854212228068 ] ] ] } },
{ "type": "Feature", "properties": { "id": "p-00619", "input_id": "026-651-23", "source": "fd-00024", "demand": 1, "duct_group": 0, "duct_assignment": "12" }, "geometry": { "type": "Polygon", "coordinates": [ [ [ -119.291647361841612, 35.49842014335281 ], [ -119.291648281235297, 35.498345029136999 ], [ -119.291650299466014, 35.498180197402029 ], [ -119.291652316643308, 35.49801536927275 ], [ -119.291652675479313, 35.497986088764776 ], [ -119.292022990910525, 35.497987132499638 ], [ -119.292021738305834, 35.498289327921526 ], [ -119.291994032709312, 35.498284666395435 ], [ -119.291965763439578, 35.498283872803079 ], [ -119.29193773216349, 35.498286969650351 ], [ -119.291910733799313, 35.498293869116054 ], [ -119.291885533974067, 35.498304375543348 ], [ -119.291862847312103, 35.498318190987959 ], [ -119.291843317169608, 35.49833492366762 ], [ -119.291827497390287, 35.498354099071861 ], [ -119.29181583659927, 35.498375173418474 ], [ -119.291808665480417, 35.498397549073893 ], [ -119.291806187399914, 35.498420591501279 ], [ -119.291647361841612, 35.49842014335281 ] ] ] } },
{ "type": "Feature", "properties": { "id": "p-00620", "input_id": "026-651-07", "source": "fd-00034", "demand": 1, "duct_group": 2, "duct_assignment": "7" }, "geometry": { "type": "Polygon", "coordinates": [ [ [ -119.291636754702438, 35.499288281837536 ], [ -119.29163783917339, 35.499199401887061 ], [ -119.291640280165723, 35.498999464341992 ], [ -119.291641058939405, 35.498935672015548 ], [ -119.291641890636967, 35.49886760209715 ], [ -119.291642053884672, 35.498854212228068 ], [ -119.292019397081461, 35.498855277706781 ], [ -119.292018152292258, 35.499157481055306 ], [ -119.29199044870191, 35.499152824094431 ], [ -119.291962182350417, 35.499152034343453 ], [ -119.291934154681371, 35.499155134194361 ], [ -119.29190716037094, 35.499162035756271 ], [ -119.291881964796602, 35.499172543347242 ], [ -119.291859282336574, 35.499186359042476 ], [ -119.29183975611484, 35.499203091121416 ], [ -119.291823939766545, 35.499222265174154 ], [ -119.291812281740604, 35.499243337552286 ], [ -119.291805112584413, 35.499265710783163 ], [ -119.291802635571472, 35.499288750510196 ], [ -119.291636754702438, 35.499288281837536 ] ] ] } },
{ "type": "Feature", "properties": { "id": "p-00621", "input_id": "026-651-08", "source": "fd-00033", "demand": 1, "duct_group": 2, "duct_assignment": "4" }, "geometry": { "type": "Polygon", "coordinates": [ [ [ -119.292155634513207, 35.499218317333955 ], [ -119.292141875861788, 35.499217350042606 ], [ -119.292128497011035, 35.499214552158172 ], [ -119.292115859642252, 35.499209999318083 ], [ -119.292104305391547, 35.499203814602936 ], [ -119.292094146614019, 35.499196165209113 ], [ -119.292077725231863, 35.499183425744057 ], [ -119.292059358510201, 35.499172607348186 ], [ -119.292039379943319, 35.499163906456516 ], [ -119.292018152292258, 35.499157481055306 ], [ -119.292019397081461, 35.498855277706781 ], [ -119.292321744536281, 35.49885613095374 ], [ -119.292320247609567, 35.499218782409933 ], [ -119.292155634513207, 35.499218317333955 ] ] ] } },
{ "type": "Feature", "properties": { "id": "p-00622", "input_id": "026-651-06", "source": "fd-00034", "demand": 1, "duct_group": 2, "duct_assignment": "6" }, "geometry": { "type": "Polygon", "coordinates": [ [ [ -119.29163131546089, 35.499735116338542 ], [ -119.291634688580885, 35.49945785524524 ], [ -119.291636754702438, 35.499288281837536 ], [ -119.291802635571472, 35.499288750510196 ], [ -119.291804839775835, 35.499311406216343 ], [ -119.291811581692812, 35.499333454662462 ], [ -119.291822676786026, 35.499354292337884 ], [ -119.291837821363075, 35.499373348872808 ], [ -119.29185660088838, 35.49939010265043 ], [ -119.291878501329066, 35.499404095084977 ], [ -119.291902923225479, 35.499414943174131 ], [ -119.291929198099524, 35.499422349982822 ], [ -119.291956606752564, 35.499426112770934 ], [ -119.291955335999575, 35.499736076274012 ], [ -119.29163131546089, 35.499735116338542 ] ] ] } },
{ "type": "Feature", "properties": { "id": "p-00623", "input_id": "026-661-08", "source": "fd-00044", "demand": 1, "duct_group": 5, "duct_assignment": "10" }, "geometry": { "type": "Polygon", "coordinates": [ [ [ -119.291652675479313, 35.497986088764776 ], [ -119.291658035902913, 35.497551788435494 ], [ -119.291809847301465, 35.497552230051561 ], [ -119.291812129283798, 35.497575287498698 ], [ -119.291819110125843, 35.497597704865498 ], [ -119.29183059186137, 35.497618846430704 ], [ -119.291846248889485, 35.497638112652389 ], [ -119.291865637203557, 35.497654957169992 ], [ -119.291888206982478, 35.497668902298528 ], [ -119.291913318182452, 35.497679552575022 ], [ -119.291940258687944, 35.497686605973485 ], [ -119.291968264506309, 35.497689862469997 ], [ -119.291996541433718, 35.497689229715121 ], [ -119.292024287579238, 35.497684725656107 ], [ -119.292022990910525, 35.497987132499638 ], [ -119.291652675479313, 35.497986088764776 ] ] ] } },
{ "type": "Feature", "properties": { "id": "p-00624", "input_id": "026-651-21", "source": "fd-00023", "demand": 1, "duct_group": 0, "duct_assignment": "11" }, "geometry": { "type": "Polygon", "coordinates": [ [ [ -119.292019397081461, 35.498855277706781 ], [ -119.292020646170585, 35.498553067967357 ], [ -119.292041918231945, 35.498546761717073 ], [ -119.292061960841437, 35.498538174684313 ], [ -119.292080410302106, 35.498527462691158 ], [ -119.292096931826947, 35.498514820119617 ], [ -119.292107154340883, 35.498507228342731 ], [ -119.292118759918978, 35.498501109034628 ], [ -119.292131434811907, 35.498496627626814 ], [ -119.292144836362411, 35.498493905271125 ], [ -119.292158602268557, 35.49849301556452 ], [ -119.292323244755977, 35.498493479410968 ], [ -119.292321744536281, 35.49885613095374 ], [ -119.292019397081461, 35.498855277706781 ] ] ] } },
{ "type": "Feature", "properties": { "id": "p-00625", "input_id": "026-651-24", "source": "fd-00022", "demand": 1, "duct_group": 0, "duct_assignment": "8" }, "geometry": { "type": "Polygon", "coordinates": [ [ [ -119.292159193602544, 35.498350156372389 ], [ -119.292145434880851, 35.498349189150133 ], [ -119.292132055945899, 35.498346391300878 ], [ -119.292119418482613, 35.498341838461485 ], [ -119.292107864130955, 35.498335653713006 ], [ -119.292097705249816, 35.498328004253317 ], [ -119.292081289248358, 35.49831526879165 ], [ -119.292062929110855, 35.498304453142531 ], [ -119.292042957998788, 35.498295753565287 ], [ -119.292021738305834, 35.498289327921526 ], [ -119.292022990910525, 35.497987132499638 ], [ -119.292325340654173, 35.497987983877636 ], [ -119.292323836905879, 35.498350620206502 ], [ -119.292159193602544, 35.498350156372389 ] ] ] } },
{ "type": "Feature", "properties": { "id": "p-00626", "input_id": "026-651-05", "source": "fd-00034", "demand": 1, "duct_group": 2, "duct_assignment": "8" }, "geometry": { "type": "Polygon", "coordinates": [ [ [ -119.291955335999575, 35.499736076274012 ], [ -119.291956606752564, 35.499426112770934 ], [ -119.291981863779853, 35.499426283110182 ], [ -119.292006866470956, 35.499423354414006 ], [ -119.292031049435153, 35.499417392909542 ], [ -119.292053865818644, 35.499408533405521 ], [ -119.292074799670829, 35.49939697624346 ], [ -119.29209337761155, 35.499382982767521 ], [ -119.292103599773156, 35.499375391074842 ], [ -119.292115205020082, 35.499369271808881 ], [ -119.29212787960347, 35.4993647904044 ], [ -119.292141280865238, 35.499362068016431 ], [ -119.292155046501364, 35.499361178244918 ], [ -119.292259216258259, 35.499361472995716 ], [ -119.292257669712129, 35.499736971320139 ], [ -119.291955335999575, 35.499736076274012 ] ] ] } },
{ "type": "Feature", "properties": { "id": "p-00627", "input_id": "026-661-07", "source": "fd-00044", "demand": 1, "duct_group": 5, "duct_assignment": "9" }, "geometry": { "type": "Polygon", "coordinates": [ [ [ -119.292022990910525, 35.497987132499638 ], [ -119.292024287579238, 35.497684725656107 ], [ -119.292045560625468, 35.497678421430031 ], [ -119.292065604563689, 35.497669836283173 ], [ -119.292084055677378, 35.497659126001444 ], [ -119.29210057915374, 35.497646484933348 ], [ -119.292110802863078, 35.497638893944803 ], [ -119.292122409448709, 35.497632775593154 ], [ -119.292135085132642, 35.497628295284713 ], [ -119.29214848723457, 35.497625574142127 ], [ -119.292162253436075, 35.497624685730017 ], [ -119.292326897717174, 35.497625163956648 ], [ -119.292325340654173, 35.497987983877636 ], [ -119.292022990910525, 35.497987132499638 ] ] ] } },
{ "type": "Feature", "properties": { "id": "p-00628", "input_id": "026-582-10", "source": "fd-00185", "demand": 1, "duct_group": 4, "duct_assignment": "5" }, "geometry": { "type": "Polygon", "coordinates": [ [ [ -119.292228342781627, 35.501049004324358 ], [ -119.292418802470635, 35.500773559364362 ], [ -119.292728022597217, 35.500776065556131 ], [ -119.292726895319191, 35.500902588306118 ], [ -119.292726812194999, 35.500911880568914 ], [ -119.292332667042899, 35.501128112857693 ], [ -119.292303042467736, 35.501097430710253 ], [ -119.292267988414835, 35.501070849409288 ], [ -119.292228342781627, 35.501049004324358 ] ] ] } },
{ "type": "Feature", "properties": { "id": "p-00629", "input_id": "026-582-04", "source": "fd-00188", "demand": 1, "duct_group": 4, "duct_assignment": "12" }, "geometry": { "type": "Polygon", "coordinates": [ [ [ -119.292522827019667, 35.502227309280478 ], [ -119.292405873392426, 35.502226366738569 ], [ -119.292220319488337, 35.501947977971568 ], [ -119.292260334966997, 35.501926735876246 ], [ -119.292295867089052, 35.501900702923869 ], [ -119.29232606620765, 35.501870501619507 ], [ -119.29271628410487, 35.502093060088356 ], [ -119.292715059084813, 35.502228929266323 ], [ -119.292522827019667, 35.502227309280478 ] ] ] } },
{ "type": "Feature", "properties": { "id": "p-00630", "input_id": "026-582-05", "source": "fd-00187", "demand": 1, "duct_group": 4, "duct_assignment": "10" }, "geometry": { "type": "Polygon", "coordinates": [ [ [ -119.29232606620765, 35.501870501619507 ], [ -119.292350165907905, 35.501836843800426 ], [ -119.292367635604947, 35.501800551344509 ], [ -119.292378058039574, 35.501762491106227 ], [ -119.292718865755148, 35.501803338773634 ], [ -119.29271628410487, 35.502093060088356 ], [ -119.29232606620765, 35.501870501619507 ] ] ] } },
{ "type": "Feature", "properties": { "id": "p-00631", "input_id": "026-582-06", "source": "fd-00187", "demand": 1, "duct_group": 4, "duct_assignment": "9" }, "geometry": { "type": "Polygon", "coordinates": [ [ [ -119.292378058039574, 35.501762491106227 ], [ -119.292381205952879, 35.501726563261961 ], [ -119.292378075114144, 35.501690634419575 ], [ -119.292368729144457, 35.501655434587846 ], [ -119.292353357944464, 35.50162167896228 ], [ -119.292332273835342, 35.501590053394075 ], [ -119.292330137535998, 35.501587174325337 ], [ -119.292720764940071, 35.501590350649415 ], [ -119.292718865755148, 35.501803338773634 ], [ -119.292378058039574, 35.501762491106227 ] ] ] } },
{ "type": "Feature", "properties": { "id": "p-00632", "input_id": "026-582-07", "source": "fd-00186", "demand": 1, "duct_group": 4, "duct_assignment": "8" }, "geometry": { "type": "Polygon", "coordinates": [ [ [ -119.292330137535998, 35.501587174325337 ], [ -119.292325258498153, 35.501579025093093 ], [ -119.292321735867844, 35.501570420997858 ], [ -119.292319631138497, 35.501561512239661 ], [ -119.292318981051523, 35.501552454336739 ], [ -119.292319928704302, 35.501446014377841 ], [ -119.292320742274413, 35.501436976225897 ], [ -119.292323005846043, 35.501428104666253 ], [ -119.292326679905642, 35.501419554561991 ], [ -119.292331700317902, 35.501411475164801 ], [ -119.292722331196302, 35.501414645129181 ], [ -119.292720764940071, 35.501590350649415 ], [ -119.292330137535998, 35.501587174325337 ] ] ] } },
{ "type": "Feature", "properties": { "id": "p-00633", "input_id": "026-592-28", "source": "fd-00301", "demand": 1, "duct_group": 7, "duct_assignment": "8" }, "geometry": { "type": "Polygon", "coordinates": [ [ [ -119.292377034793205, 35.50287955270371 ], [ -119.292380728745869, 35.502872892456359 ], [ -119.292385269101359, 35.502866591776318 ], [ -119.292409743147815, 35.502830220443478 ], [ -119.292426598923186, 35.502791061631946 ], [ -119.292435380876071, 35.502750173690401 ], [ -119.292435851668117, 35.50270866169955 ], [ -119.292427998587797, 35.50266764760454 ], [ -119.292412033892276, 35.502628239892346 ], [ -119.292712385250667, 35.502528209691356 ], [ -119.292709228125673, 35.502882336667916 ], [ -119.292377034793205, 35.50287955270371 ] ] ] } },
{ "type": "Feature", "properties": { "id": "p-00634", "input_id": "026-592-29", "source": "fd-00298", "demand": 1, "duct_group": 7, "duct_assignment": "4" }, "geometry": { "type": "Polygon", "coordinates": [ [ [ -119.292286261262959, 35.502510074092932 ], [ -119.292522827019667, 35.502227309280478 ], [ -119.292715059084813, 35.502228929266323 ], [ -119.292712385250667, 35.502528209691356 ], [ -119.292412033892276, 35.502628239892346 ], [ -119.292389571588416, 35.502592957065829 ], [ -119.292360620596497, 35.502560991391142 ], [ -119.292325897384003, 35.502533133934271 ], [ -119.292286261262959, 35.502510074092932 ] ] ] } },
{ "type": "Feature", "properties": { "id": "p-00635", "input_id": "026-651-20", "source": "fd-00020", "demand": 1, "duct_group": 0, "duct_assignment": "5" }, "geometry": { "type": "Polygon", "coordinates": [ [ [ -119.292321744536281, 35.49885613095374 ], [ -119.292323244755977, 35.498493479410968 ], [ -119.292625591985228, 35.49849433189911 ], [ -119.292624088691198, 35.498856983491741 ], [ -119.292321744536281, 35.49885613095374 ] ] ] } },
{ "type": "Feature", "properties": { "id": "p-00636", "input_id": "026-651-25", "source": "fd-00022", "demand": 1, "duct_group": 0, "duct_assignment": "9" }, "geometry": { "type": "Polygon", "coordinates": [ [ [ -119.292323836905879, 35.498350620206502 ], [ -119.292325340654173, 35.497987983877636 ], [ -119.292627690403933, 35.497988834511915 ], [ -119.292626184697568, 35.498351471780374 ], [ -119.292323836905879, 35.498350620206502 ] ] ] } },
{ "type": "Feature", "properties": { "id": "p-00637", "input_id": "026-651-09", "source": "fd-00033", "demand": 1, "duct_group": 2, "duct_assignment": "5" }, "geometry": { "type": "Polygon", "coordinates": [ [ [ -119.292320247609567, 35.499218782409933 ], [ -119.292321744536281, 35.49885613095374 ], [ -119.292624088691198, 35.498856983491741 ], [ -119.292622587616407, 35.499219636811894 ], [ -119.292320247609567, 35.499218782409933 ] ] ] } },
{ "type": "Feature", "properties": { "id": "p-00638", "input_id": "026-651-03", "source": "fd-00039", "demand": 1, "duct_group": 4, "duct_assignment": "4" }, "geometry": { "type": "Polygon", "coordinates": [ [ [ -119.292560004533314, 35.499737865611031 ], [ -119.292561554570938, 35.499362326669718 ], [ -119.292863892904094, 35.499363180501327 ], [ -119.292862339346939, 35.49973875825701 ], [ -119.292560004533314, 35.499737865611031 ] ] ] } },
{ "type": "Feature", "properties": { "id": "p-00639", "input_id": "026-651-04", "source": "fd-00039", "demand": 1, "duct_group": 4, "duct_assignment": "3" }, "geometry": { "type": "Polygon", "coordinates": [ [ [ -119.292257669712129, 35.499736971320139 ], [ -119.292259216258259, 35.499361472995716 ], [ -119.292561554570938, 35.499362326669718 ], [ -119.292560004533314, 35.499737865611031 ], [ -119.292257669712129, 35.499736971320139 ] ] ] } },
{ "type": "Feature", "properties": { "id": "p-00640", "input_id": "026-661-06", "source": "fd-00042", "demand": 1, "duct_group": 5, "duct_assignment": "5" }, "geometry": { "type": "Polygon", "coordinates": [ [ [ -119.292325340654173, 35.497987983877636 ], [ -119.292326897717174, 35.497625163956648 ], [ -119.292629247659747, 35.497626041612484 ], [ -119.292627690403933, 35.497988834511915 ], [ -119.292325340654173, 35.497987983877636 ] ] ] } },
{ "type": "Feature", "properties": { "id": "p-00641", "input_id": "026-582-09", "source": "fd-00185", "demand": 1, "duct_group": 4, "duct_assignment": "6" }, "geometry": { "type": "Polygon", "coordinates": [ [ [ -119.292332667042899, 35.501128112857693 ], [ -119.292726812194999, 35.500911880568914 ], [ -119.292724229938045, 35.501201629935402 ], [ -119.292382729210772, 35.501236915323048 ], [ -119.292372996659992, 35.501198674057328 ], [ -119.292356175372419, 35.501162115568121 ], [ -119.292332667042899, 35.501128112857693 ] ] ] } },
{ "type": "Feature", "properties": { "id": "p-00642", "input_id": "026-582-08", "source": "fd-00186", "demand": 1, "duct_group": 4, "duct_assignment": "7" }, "geometry": { "type": "Polygon", "coordinates": [ [ [ -119.292331700317902, 35.501411475164801 ], [ -119.292333888802162, 35.501408629945836 ], [ -119.292355522218813, 35.501377290095199 ], [ -119.292371486078665, 35.501343753173963 ], [ -119.292381455950007, 35.501308700764099 ], [ -119.292385229219704, 35.501272845246532 ], [ -119.292382729210772, 35.501236915323048 ], [ -119.292724229938045, 35.501201629935402 ], [ -119.292722331196302, 35.501414645129181 ], [ -119.292331700317902, 35.501411475164801 ] ] ] } },
{ "type": "Feature", "properties": { "id": "p-00643", "input_id": "026-651-19", "source": "fd-00020", "demand": 1, "duct_group": 0, "duct_assignment": "6" }, "geometry": { "type": "Polygon", "coordinates": [ [ [ -119.292624088691198, 35.498856983491741 ], [ -119.292625591985228, 35.49849433189911 ], [ -119.292927938104526, 35.498495182753878 ], [ -119.292926432852369, 35.498857835286117 ], [ -119.292624088691198, 35.498856983491741 ] ] ] } },
{ "type": "Feature", "properties": { "id": "p-00644", "input_id": "026-651-26", "source": "fd-00021", "demand": 1, "duct_group": 0, "duct_assignment": "7" }, "geometry": { "type": "Polygon", "coordinates": [ [ [ -119.292626184697568, 35.498351471780374 ], [ -119.292627690403933, 35.497988834511915 ], [ -119.292930039058064, 35.497989684414115 ], [ -119.292928531379275, 35.498352321720894 ], [ -119.292626184697568, 35.498351471780374 ] ] ] } },
{ "type": "Feature", "properties": { "id": "p-00645", "input_id": "026-651-10", "source": "fd-00032", "demand": 1, "duct_group": 2, "duct_assignment": "3" }, "geometry": { "type": "Polygon", "coordinates": [ [ [ -119.292622587616407, 35.499219636811894 ], [ -119.292624088691198, 35.498856983491741 ], [ -119.292926432852369, 35.498857835286117 ], [ -119.29292492761526, 35.499220489569005 ], [ -119.292622587616407, 35.499219636811894 ] ] ] } },
{ "type": "Feature", "properties": { "id": "p-00646", "input_id": "026-661-05", "source": "fd-00042", "demand": 1, "duct_group": 5, "duct_assignment": "6" }, "geometry": { "type": "Polygon", "coordinates": [ [ [ -119.292627690403933, 35.497988834511915 ], [ -119.292629247659747, 35.497626041612484 ], [ -119.292931597608785, 35.497626918524624 ], [ -119.292930039058064, 35.497989684414115 ], [ -119.292627690403933, 35.497988834511915 ] ] ] } },
{ "type": "Feature", "properties": { "id": "p-00647", "input_id": "026-651-27", "source": "fd-00050", "demand": 1, "duct_group": 6, "duct_assignment": "9" }, "geometry": { "type": "Polygon", "coordinates": [ [ [ -119.292928531379275, 35.498352321720894 ], [ -119.292930039058064, 35.497989684414115 ], [ -119.293232386602142, 35.497990532682941 ], [ -119.293230878081417, 35.498353171818962 ], [ -119.292928531379275, 35.498352321720894 ] ] ] } },
{ "type": "Feature", "properties": { "id": "p-00648", "input_id": "026-661-04", "source": "fd-00107", "demand": 1, "duct_group": 8, "duct_assignment": "10" }, "geometry": { "type": "Polygon", "coordinates": [ [ [ -119.292930039058064, 35.497989684414115 ], [ -119.292931597608785, 35.497626918524624 ], [ -119.29323394646218, 35.497627794704627 ], [ -119.293232386602142, 35.497990532682941 ], [ -119.292930039058064, 35.497989684414115 ] ] ] } },
{ "type": "Feature", "properties": { "id": "p-00649", "input_id": "026-651-18", "source": "fd-00019", "demand": 1, "duct_group": 0, "duct_assignment": "3" }, "geometry": { "type": "Polygon", "coordinates": [ [ [ -119.292926432852369, 35.498857835286117 ], [ -119.292927938104526, 35.498495182753878 ], [ -119.293230283113871, 35.498496031975272 ], [ -119.293228774815745, 35.498858686359931 ], [ -119.292926432852369, 35.498857835286117 ] ] ] } },
{ "type": "Feature", "properties": { "id": "p-00650", "input_id": "026-651-17", "source": "fd-00019", "demand": 1, "duct_group": 0, "duct_assignment": "4" }, "geometry": { "type": "Polygon", "coordinates": [ [ [ -119.293228774815745, 35.498858686359931 ], [ -119.293230283113871, 35.498496031975272 ], [ -119.293532628143652, 35.498496881354249 ], [ -119.293531117873187, 35.498859535777299 ], [ -119.293228774815745, 35.498858686359931 ] ] ] } },
{ "type": "Feature", "properties": { "id": "p-00651", "input_id": "026-651-28", "source": "fd-00050", "demand": 1, "duct_group": 6, "duct_assignment": "8" }, "geometry": { "type": "Polygon", "coordinates": [ [ [ -119.293230878081417, 35.498353171818962 ], [ -119.293232386602142, 35.497990532682941 ], [ -119.293534734166613, 35.497991381109244 ], [ -119.29353322257154, 35.498354020295274 ], [ -119.293230878081417, 35.498353171818962 ] ] ] } },
{ "type": "Feature", "properties": { "id": "p-00652", "input_id": "026-651-11", "source": "fd-00031", "demand": 1, "duct_group": 2, "duct_assignment": "1" }, "geometry": { "type": "Polygon", "coordinates": [ [ [ -119.29292492761526, 35.499220489569005 ], [ -119.292926432852369, 35.498857835286117 ], [ -119.293228774815745, 35.498858686359931 ], [ -119.293227267620466, 35.499221341582455 ], [ -119.29292492761526, 35.499220489569005 ] ] ] } },
{ "type": "Feature", "properties": { "id": "p-00653", "input_id": "026-651-12", "source": "fd-00031", "demand": 1, "duct_group": 2, "duct_assignment": "2" }, "geometry": { "type": "Polygon", "coordinates": [ [ [ -119.293227267620466, 35.499221341582455 ], [ -119.293228774815745, 35.498858686359931 ], [ -119.293531117873187, 35.498859535777299 ], [ -119.293529606515719, 35.499222191962588 ], [ -119.293227267620466, 35.499221341582455 ] ] ] } },
{ "type": "Feature", "properties": { "id": "p-00654", "input_id": "026-651-02", "source": "fd-00038", "demand": 1, "duct_group": 4, "duct_assignment": "1" }, "geometry": { "type": "Polygon", "coordinates": [ [ [ -119.292862339346939, 35.49973875825701 ], [ -119.292863892904094, 35.499363180501327 ], [ -119.293166232331458, 35.499364032676439 ], [ -119.293164674167087, 35.499739650159462 ], [ -119.292862339346939, 35.49973875825701 ] ] ] } },
{ "type": "Feature", "properties": { "id": "p-00655", "input_id": "026-651-01", "source": "fd-00038", "demand": 1, "duct_group": 4, "duct_assignment": "2" }, "geometry": { "type": "Polygon", "coordinates": [ [ [ -119.293164674167087, 35.499739650159462 ], [ -119.293166232331458, 35.499364032676439 ], [ -119.293434976904038, 35.499364789657989 ], [ -119.293501934603157, 35.499419926233607 ], [ -119.293500829364064, 35.499685684545888 ], [ -119.293433406193827, 35.499740442442956 ], [ -119.293164674167087, 35.499739650159462 ] ] ] } },
{ "type": "Feature", "properties": { "id": "p-00656", "input_id": "026-661-03", "source": "fd-00107", "demand": 1, "duct_group": 8, "duct_assignment": "11" }, "geometry": { "type": "Polygon", "coordinates": [ [ [ -119.293232386602142, 35.497990532682941 ], [ -119.29323394646218, 35.497627794704627 ], [ -119.293536295307888, 35.497628669239639 ], [ -119.293534734166613, 35.497991381109244 ], [ -119.293232386602142, 35.497990532682941 ] ] ] } },
{ "type": "Feature", "properties": { "id": "p-00657", "input_id": "026-653-17", "source": "fd-00025", "demand": 1, "duct_group": 1, "duct_assignment": "2" }, "geometry": { "type": "Polygon", "coordinates": [ [ [ -119.293770366340084, 35.499740497058916 ], [ -119.29370239072918, 35.499685355121024 ], [ -119.293703494001605, 35.499420493690991 ], [ -119.293770909000756, 35.499365734818852 ], [ -119.294039654686543, 35.499366490466755 ], [ -119.294038104775538, 35.499737967890908 ], [ -119.293770366340084, 35.499740497058916 ] ] ] } },
{ "type": "Feature", "properties": { "id": "p-00658", "input_id": "026-651-16", "source": "fd-00018", "demand": 1, "duct_group": 0, "duct_assignment": "1" }, "geometry": { "type": "Polygon", "coordinates": [ [ [ -119.293531117873187, 35.498859535777299 ], [ -119.293532628143652, 35.498496881354249 ], [ -119.293834972063422, 35.498497729099839 ], [ -119.293833459849026, 35.498860385363784 ], [ -119.293531117873187, 35.498859535777299 ] ] ] } },
{ "type": "Feature", "properties": { "id": "p-00659", "input_id": "026-651-29", "source": "fd-00047", "demand": 1, "duct_group": 6, "duct_assignment": "3" }, "geometry": { "type": "Polygon", "coordinates": [ [ [ -119.29353322257154, 35.498354020295274 ], [ -119.293534734166613, 35.497991381109244 ], [ -119.293837080606878, 35.497992227001021 ], [ -119.293835568169925, 35.498354868016285 ], [ -119.29353322257154, 35.498354020295274 ] ] ] } },
{ "type": "Feature", "properties": { "id": "p-00660", "input_id": "026-651-13", "source": "fd-00046", "demand": 1, "duct_group": 6, "duct_assignment": "2" }, "geometry": { "type": "Polygon", "coordinates": [ [ [ -119.293529606515719, 35.499222191962588 ], [ -119.293531117873187, 35.498859535777299 ], [ -119.293833459849026, 35.498860385363784 ], [ -119.293831946533416, 35.499223042488659 ], [ -119.293529606515719, 35.499222191962588 ] ] ] } },
{ "type": "Feature", "properties": { "id": "p-00661", "input_id": "026-661-02", "source": "fd-00106", "demand": 1, "duct_group": 8, "duct_assignment": "8" }, "geometry": { "type": "Polygon", "coordinates": [ [ [ -119.293534734166613, 35.497991381109244 ], [ -119.293536295307888, 35.497628669239639 ], [ -119.293838644145779, 35.497629542129772 ], [ -119.293837080606878, 35.497992227001021 ], [ -119.293534734166613, 35.497991381109244 ] ] ] } },
{ "type": "Feature", "properties": { "id": "p-00662", "input_id": "026-653-16", "source": "fd-00025", "demand": 1, "duct_group": 1, "duct_assignment": "1" }, "geometry": { "type": "Polygon", "coordinates": [ [ [ -119.294038104775538, 35.499737967890908 ], [ -119.294039654686543, 35.499366490466755 ], [ -119.294341993036142, 35.499367339761456 ], [ -119.294340455564765, 35.499735110610175 ], [ -119.294038104775538, 35.499737967890908 ] ] ] } },
{ "type": "Feature", "properties": { "id": "p-00663", "input_id": "026-651-15", "source": "fd-00018", "demand": 1, "duct_group": 0, "duct_assignment": "2" }, "geometry": { "type": "Polygon", "coordinates": [ [ [ -119.293833459849026, 35.498860385363784 ], [ -119.293834972063422, 35.498497729099839 ], [ -119.294103722583699, 35.498498481823056 ], [ -119.294170680011533, 35.498553617151977 ], [ -119.294169395370872, 35.49886132757532 ], [ -119.293833459849026, 35.498860385363784 ] ] ] } },
{ "type": "Feature", "properties": { "id": "p-00664", "input_id": "026-651-30", "source": "fd-00047", "demand": 1, "duct_group": 6, "duct_assignment": "4" }, "geometry": { "type": "Polygon", "coordinates": [ [ [ -119.293835568169925, 35.498354868016285 ], [ -119.293837080606878, 35.497992227001021 ], [ -119.294173021354624, 35.497993166406467 ], [ -119.294171736490242, 35.498300861576823 ], [ -119.294104319325271, 35.498355620726592 ], [ -119.293835568169925, 35.498354868016285 ] ] ] } },
{ "type": "Feature", "properties": { "id": "p-00665", "input_id": "026-651-14", "source": "fd-00046", "demand": 1, "duct_group": 6, "duct_assignment": "1" }, "geometry": { "type": "Polygon", "coordinates": [ [ [ -119.293831946533416, 35.499223042488659 ], [ -119.293833459849026, 35.498860385363784 ], [ -119.294169395370872, 35.49886132757532 ], [ -119.29416810963265, 35.499169038874193 ], [ -119.294100692841056, 35.499223797090359 ], [ -119.293831946533416, 35.499223042488659 ] ] ] } },
{ "type": "Feature", "properties": { "id": "p-00666", "input_id": "026-661-01", "source": "fd-00106", "demand": 1, "duct_group": 8, "duct_assignment": "9" }, "geometry": { "type": "Polygon", "coordinates": [ [ [ -119.293837080606878, 35.497992227001021 ], [ -119.293838644145779, 35.497629542129772 ], [ -119.294107397692599, 35.497630317317899 ], [ -119.294174348990609, 35.497685458129027 ], [ -119.294173021354624, 35.497993166406467 ], [ -119.293837080606878, 35.497992227001021 ] ] ] } },
{ "type": "Feature", "properties": { "id": "p-00667", "input_id": "026-653-15", "source": "fd-00026", "demand": 1, "duct_group": 1, "duct_assignment": "4" }, "geometry": { "type": "Polygon", "coordinates": [ [ [ -119.294340455564765, 35.499735110610175 ], [ -119.294341993036142, 35.499367339761456 ], [ -119.294644331391964, 35.499368188312523 ], [ -119.294642806332917, 35.49973225258578 ], [ -119.294340455564765, 35.499735110610175 ] ] ] } },
{ "type": "Feature", "properties": { "id": "p-00668", "input_id": "026-653-06", "source": "fd-00027", "demand": 1, "duct_group": 1, "duct_assignment": "6" }, "geometry": { "type": "Polygon", "coordinates": [ [ [ -119.294409751385047, 35.499224664693692 ], [ -119.294342794338135, 35.499169528596724 ], [ -119.294344081626534, 35.498861817272903 ], [ -119.294680016057995, 35.49886275810055 ], [ -119.294678496615475, 35.499225418944881 ], [ -119.294409751385047, 35.499224664693692 ] ] ] } },
{ "type": "Feature", "properties": { "id": "p-00669", "input_id": "026-653-05", "source": "fd-00035", "demand": 1, "duct_group": 3, "duct_assignment": "2" }, "geometry": { "type": "Polygon", "coordinates": [ [ [ -119.294344081626534, 35.498861817272903 ], [ -119.294345367817442, 35.498554106824606 ], [ -119.294412784984615, 35.498499347546925 ], [ -119.294681534413456, 35.498500099018372 ], [ -119.294680016057995, 35.49886275810055 ], [ -119.294344081626534, 35.498861817272903 ] ] ] } },
{ "type": "Feature", "properties": { "id": "p-00670", "input_id": "026-652-01", "source": "fd-00048", "demand": 1, "duct_group": 6, "duct_assignment": "5" }, "geometry": { "type": "Polygon", "coordinates": [ [ [ -119.294413382262704, 35.498356484634982 ], [ -119.294346423744784, 35.498301350346814 ], [ -119.294347710145217, 35.497993654250187 ], [ -119.294683649802536, 35.497994592271688 ], [ -119.294682132326471, 35.498357236093547 ], [ -119.294413382262704, 35.498356484634982 ] ] ] } },
{ "type": "Feature", "properties": { "id": "p-00671", "input_id": "026-663-15", "source": "fd-00052", "demand": 1, "duct_group": 7, "duct_assignment": "1" }, "geometry": { "type": "Polygon", "coordinates": [ [ [ -119.294347710145217, 35.497993654250187 ], [ -119.2943490384706, 35.497685961280226 ], [ -119.294416464941079, 35.497631208186007 ], [ -119.294685218484602, 35.497631981209445 ], [ -119.294683649802536, 35.497994592271688 ], [ -119.294347710145217, 35.497993654250187 ] ] ] } },
{ "type": "Feature", "properties": { "id": "p-00672", "input_id": "026-653-14", "source": "fd-00026", "demand": 1, "duct_group": 1, "duct_assignment": "3" }, "geometry": { "type": "Polygon", "coordinates": [ [ [ -119.29480327346414, 35.499730735326871 ], [ -119.294642806332917, 35.49973225258578 ], [ -119.294644331391964, 35.499368188312523 ], [ -119.294946669768223, 35.499369037021097 ], [ -119.294945149500947, 35.499731151582878 ], [ -119.29480327346414, 35.499730735326871 ] ] ] } },
{ "type": "Feature", "properties": { "id": "p-00673", "input_id": "026-653-07", "source": "fd-00027", "demand": 1, "duct_group": 1, "duct_assignment": "5" }, "geometry": { "type": "Polygon", "coordinates": [ [ [ -119.294678496615475, 35.499225418944881 ], [ -119.294680016057995, 35.49886275810055 ], [ -119.294982356955444, 35.498863604872575 ], [ -119.29498083664275, 35.499226265743793 ], [ -119.294678496615475, 35.499225418944881 ] ] ] } },
{ "type": "Feature", "properties": { "id": "p-00674", "input_id": "026-653-04", "source": "fd-00035", "demand": 1, "duct_group": 3, "duct_assignment": "1" }, "geometry": { "type": "Polygon", "coordinates": [ [ [ -119.294680016057995, 35.49886275810055 ], [ -119.294681534413456, 35.498500099018372 ], [ -119.294983877254779, 35.498500943949587 ], [ -119.294982356955444, 35.498863604872575 ], [ -119.294680016057995, 35.49886275810055 ] ] ] } },
{ "type": "Feature", "properties": { "id": "p-00675", "input_id": "026-652-02", "source": "fd-00049", "demand": 1, "duct_group": 6, "duct_assignment": "6" }, "geometry": { "type": "Polygon", "coordinates": [ [ [ -119.294682132326471, 35.498357236093547 ], [ -119.294683649802536, 35.497994592271688 ], [ -119.294985995164367, 35.49799543534894 ], [ -119.294984475744442, 35.498358081011737 ], [ -119.294682132326471, 35.498357236093547 ] ] ] } },
{ "type": "Feature", "properties": { "id": "p-00676", "input_id": "026-663-14", "source": "fd-00052", "demand": 1, "duct_group": 7, "duct_assignment": "2" }, "geometry": { "type": "Polygon", "coordinates": [ [ [ -119.294683649802536, 35.497994592271688 ], [ -119.294685218484602, 35.497631981209445 ], [ -119.294987565114397, 35.497632849494131 ], [ -119.294985995164367, 35.49799543534894 ], [ -119.294683649802536, 35.497994592271688 ] ] ] } },
{ "type": "Feature", "properties": { "id": "p-00677", "input_id": "026-653-13", "source": "fd-00028", "demand": 1, "duct_group": 1, "duct_assignment": "8" }, "geometry": { "type": "Polygon", "coordinates": [ [ [ -119.294945149500947, 35.499731151582878 ], [ -119.294946669768223, 35.499369037021097 ], [ -119.295249007034499, 35.499369884096446 ], [ -119.295247484315695, 35.499732038362325 ], [ -119.294945149500947, 35.499731151582878 ] ] ] } },
{ "type": "Feature", "properties": { "id": "p-00678", "input_id": "026-653-08", "source": "fd-00029", "demand": 1, "duct_group": 1, "duct_assignment": "10" }, "geometry": { "type": "Polygon", "coordinates": [ [ [ -119.29498083664275, 35.499226265743793 ], [ -119.294982356955444, 35.498863604872575 ], [ -119.295284697859159, 35.498864450901024 ], [ -119.295283174500454, 35.499227113624791 ], [ -119.29498083664275, 35.499226265743793 ] ] ] } },
{ "type": "Feature", "properties": { "id": "p-00679", "input_id": "026-653-03", "source": "fd-00036", "demand": 1, "duct_group": 3, "duct_assignment": "3" }, "geometry": { "type": "Polygon", "coordinates": [ [ [ -119.294982356955444, 35.498863604872575 ], [ -119.294983877254779, 35.498500943949587 ], [ -119.295286219014486, 35.498501789049925 ], [ -119.295284697859159, 35.498864450901024 ], [ -119.294982356955444, 35.498863604872575 ] ] ] } },
{ "type": "Feature", "properties": { "id": "p-00680", "input_id": "026-652-03", "source": "fd-00049", "demand": 1, "duct_group": 6, "duct_assignment": "7" }, "geometry": { "type": "Polygon", "coordinates": [ [ [ -119.294984475744442, 35.498358081011737 ], [ -119.294985995164367, 35.49799543534894 ], [ -119.295288340518283, 35.497996276781265 ], [ -119.295286819154427, 35.498358924284958 ], [ -119.294984475744442, 35.498358081011737 ] ] ] } },
{ "type": "Feature", "properties": { "id": "p-00681", "input_id": "026-663-13", "source": "fd-00054", "demand": 1, "duct_group": 7, "duct_assignment": "6" }, "geometry": { "type": "Polygon", "coordinates": [ [ [ -119.294985995164367, 35.49799543534894 ], [ -119.294987565114397, 35.497632849494131 ], [ -119.295289911764755, 35.497633717936367 ], [ -119.295288340518283, 35.497996276781265 ], [ -119.294985995164367, 35.49799543534894 ] ] ] } },
{ "type": "Feature", "properties": { "id": "p-00682", "input_id": "026-653-12", "source": "fd-00028", "demand": 1, "duct_group": 1, "duct_assignment": "7" }, "geometry": { "type": "Polygon", "coordinates": [ [ [ -119.295247484315695, 35.499732038362325 ], [ -119.295249007034499, 35.499369884096446 ], [ -119.295400180092429, 35.499370308210047 ], [ -119.295413938043808, 35.499371275516182 ], [ -119.295427316195443, 35.499374073336419 ], [ -119.295439952877985, 35.499378626033526 ], [ -119.295451506467032, 35.499384810528369 ], [ -119.295461664618685, 35.499392459627252 ], [ -119.29548077314422, 35.499406981677538 ], [ -119.295502400839865, 35.499418909130874 ], [ -119.295526026064323, 35.499427954306903 ], [ -119.295551078996809, 35.499433899043325 ], [ -119.295549819151105, 35.499732925299327 ], [ -119.295247484315695, 35.499732038362325 ] ] ] } },
{ "type": "Feature", "properties": { "id": "p-00683", "input_id": "026-652-04", "source": "fd-00051", "demand": 1, "duct_group": 6, "duct_assignment": "10" }, "geometry": { "type": "Polygon", "coordinates": [ [ [ -119.295286819154427, 35.498358924284958 ], [ -119.295288340518283, 35.497996276781265 ], [ -119.295590684804623, 35.497997119283987 ], [ -119.295589161496892, 35.498359768628632 ], [ -119.295286819154427, 35.498358924284958 ] ] ] } },
{ "type": "Feature", "properties": { "id": "p-00684", "input_id": "026-663-12", "source": "fd-00054", "demand": 1, "duct_group": 7, "duct_assignment": "5" }, "geometry": { "type": "Polygon", "coordinates": [ [ [ -119.295288340518283, 35.497996276781265 ], [ -119.295289911764755, 35.497633717936367 ], [ -119.295454552747472, 35.497634190205865 ], [ -119.295468311022631, 35.49763515825213 ], [ -119.295481689339539, 35.497637956917956 ], [ -119.295494326011564, 35.497642510540835 ], [ -119.295505879402583, 35.497648696012007 ], [ -119.295516037162841, 35.497656346105586 ], [ -119.29553245095228, 35.497669082562929 ], [ -119.29555080905611, 35.497679899419246 ], [ -119.295570778347681, 35.497688600391086 ], [ -119.295591996463187, 35.49769502759014 ], [ -119.295590684804623, 35.497997119283987 ], [ -119.295288340518283, 35.497996276781265 ] ] ] } },
{ "type": "Feature", "properties": { "id": "p-00685", "input_id": "026-653-11", "source": "fd-00030", "demand": 1, "duct_group": 1, "duct_assignment": "12" }, "geometry": { "type": "Polygon", "coordinates": [ [ [ -119.295549819151105, 35.499732925299327 ], [ -119.295551078996809, 35.499433899043325 ], [ -119.295577901258966, 35.499436633492394 ], [ -119.295604912586029, 35.499435814418284 ], [ -119.295631413541557, 35.49943146303017 ], [ -119.295656717904833, 35.499423692003738 ], [ -119.295680170440562, 35.499412702563355 ], [ -119.295701163865388, 35.499398779271402 ], [ -119.295719154573661, 35.499382282659916 ], [ -119.295733676713112, 35.49936363989454 ], [ -119.2957443542481, 35.499343333713448 ], [ -119.295750910696185, 35.499321889927174 ], [ -119.29575317628732, 35.49929986380323 ], [ -119.295880896669743, 35.499300222688412 ], [ -119.295876632363388, 35.499679241830989 ], [ -119.295809208012471, 35.499733685578512 ], [ -119.295549819151105, 35.499732925299327 ] ] ] } },
{ "type": "Feature", "properties": { "id": "p-00686", "input_id": "026-653-09", "source": "fd-00029", "demand": 1, "duct_group": 1, "duct_assignment": "9" }, "geometry": { "type": "Polygon", "coordinates": [ [ [ -119.295400781128492, 35.499227442580548 ], [ -119.295283174500454, 35.499227113624791 ], [ -119.295284697859159, 35.498864450901024 ], [ -119.295587037666991, 35.498865296197415 ], [ -119.29558579021348, 35.499162022977863 ], [ -119.295558258166466, 35.499163803286557 ], [ -119.29553145502183, 35.499169248901651 ], [ -119.29550610539205, 35.499178212603098 ], [ -119.295482894594826, 35.499190452060745 ], [ -119.295462450126223, 35.499205636385547 ], [ -119.295452228004265, 35.499213228320819 ], [ -119.29544062278616, 35.499219347875346 ], [ -119.295427948201052, 35.499223829616355 ], [ -119.295414546887102, 35.499226552386745 ], [ -119.295400781128492, 35.499227442580548 ] ] ] } },
{ "type": "Feature", "properties": { "id": "p-00687", "input_id": "026-653-10", "source": "fd-00030", "demand": 1, "duct_group": 1, "duct_assignment": "11" }, "geometry": { "type": "Polygon", "coordinates": [ [ [ -119.29575317628732, 35.49929986380323 ], [ -119.295750726169871, 35.499276004009893 ], [ -119.295743246752849, 35.499252854619684 ], [ -119.295730965297139, 35.499231119010581 ], [ -119.295714254969454, 35.499211457603188 ], [ -119.295693623503496, 35.499194467794638 ], [ -119.295669697772709, 35.499180665807295 ], [ -119.295643204742873, 35.499170471003588 ], [ -119.295614949384316, 35.499164193144537 ], [ -119.29558579021348, 35.499162022977863 ], [ -119.295587037666991, 35.498865296197415 ], [ -119.295925957197682, 35.498866245420544 ], [ -119.295882613615518, 35.499147579755189 ], [ -119.295880896669743, 35.499300222688412 ], [ -119.29575317628732, 35.49929986380323 ] ] ] } },
{ "type": "Feature", "properties": { "id": "p-00688", "input_id": "026-653-02", "source": "fd-00037", "demand": 1, "duct_group": 3, "duct_assignment": "4" }, "geometry": { "type": "Polygon", "coordinates": [ [ [ -119.295284697859159, 35.498864450901024 ], [ -119.295286219014486, 35.498501789049925 ], [ -119.29558856078043, 35.498502633406609 ], [ -119.295587037666991, 35.498865296197415 ], [ -119.295284697859159, 35.498864450901024 ] ] ] } },
{ "type": "Feature", "properties": { "id": "p-00689", "input_id": "026-653-01", "source": "fd-00037", "demand": 1, "duct_group": 3, "duct_assignment": "5" }, "geometry": { "type": "Polygon", "coordinates": [ [ [ -119.295587037666991, 35.498865296197415 ], [ -119.29558856078043, 35.498502633406609 ], [ -119.295874111365123, 35.498503430513516 ], [ -119.295941051804434, 35.498559718833036 ], [ -119.295933353611559, 35.498818238485661 ], [ -119.295925957197682, 35.498866245420544 ], [ -119.295587037666991, 35.498865296197415 ] ] ] } },
{ "type": "Feature", "properties": { "id": "p-00690", "input_id": "026-652-05", "source": "fd-00051", "demand": 1, "duct_group": 6, "duct_assignment": "11" }, "geometry": { "type": "Polygon", "coordinates": [ [ [ -119.295589161496892, 35.498359768628632 ], [ -119.295590684804623, 35.497997119283987 ], [ -119.295957762911812, 35.497998141122515 ], [ -119.295948566405869, 35.4983069653996 ], [ -119.295881161070696, 35.498360583365908 ], [ -119.295589161496892, 35.498359768628632 ] ] ] } },
{ "type": "Feature", "properties": { "id": "p-00691", "input_id": "026-663-11", "source": "fd-00056", "demand": 1, "duct_group": 7, "duct_assignment": "10" }, "geometry": { "type": "Polygon", "coordinates": [ [ [ -119.295590684804623, 35.497997119283987 ], [ -119.295591996463187, 35.49769502759014 ], [ -119.295619703742474, 35.497699690651324 ], [ -119.295647974981676, 35.497700485483605 ], [ -119.295676008449618, 35.497697389547263 ], [ -119.295703009158359, 35.497690490638455 ], [ -119.295728211407848, 35.497679984400037 ], [ -119.295750900500366, 35.497666168773371 ], [ -119.29577043300857, 35.497649435548979 ], [ -119.295786255022051, 35.497630259255736 ], [ -119.295797917855396, 35.497609183704121 ], [ -119.29580509077195, 35.497586806564051 ], [ -119.295807570363365, 35.497563762416092 ], [ -119.295964321084654, 35.497564210824528 ], [ -119.295960362845506, 35.497911928462344 ], [ -119.295957762911812, 35.497998141122515 ], [ -119.295590684804623, 35.497997119283987 ] ] ] } },
{ "type": "Feature", "properties": { "id": "p-00692", "input_id": "026-663-10", "source": "fd-00056", "demand": 1, "duct_group": 7, "duct_assignment": "9" }, "geometry": { "type": "Polygon", "coordinates": [ [ [ -119.295807570363365, 35.497563762416092 ], [ -119.29580528791692, 35.497540706476229 ], [ -119.295798306940739, 35.49751829065724 ], [ -119.295786825404278, 35.497497150635006 ], [ -119.29577116890809, 35.497477885905617 ], [ -119.295751781446867, 35.497461042784472 ], [ -119.29572921281833, 35.497447098913952 ], [ -119.295704103031412, 35.497436449718371 ], [ -119.295677164157226, 35.497429397190572 ], [ -119.295649160135838, 35.497426141328077 ], [ -119.295620885112683, 35.497426774461395 ], [ -119.295593140919138, 35.497431278638857 ], [ -119.295594452860144, 35.497129066089869 ], [ -119.295969263243208, 35.497130135242955 ], [ -119.295964321084654, 35.497564210824528 ], [ -119.295807570363365, 35.497563762416092 ] ] ] } },
{ "type": "Feature", "properties": { "id": "p-00693", "input_id": "026-663-09", "source": "fd-00055", "demand": 1, "duct_group": 7, "duct_assignment": "7" }, "geometry": { "type": "Polygon", "coordinates": [ [ [ -119.295455172439475, 35.497491326083448 ], [ -119.29529053065508, 35.497490854727616 ], [ -119.295292103711361, 35.497128202047918 ], [ -119.295594452860144, 35.497129066089869 ], [ -119.295593140919138, 35.497431278638857 ], [ -119.295571867279079, 35.497437583792163 ], [ -119.295551822896343, 35.497446169927741 ], [ -119.295533371494486, 35.497456881242492 ], [ -119.295516847891463, 35.497469523369915 ], [ -119.295506624261364, 35.497477115138935 ], [ -119.295495017588067, 35.497483234254645 ], [ -119.295482341657376, 35.497487715286852 ], [ -119.295468939162504, 35.497490437091116 ], [ -119.295455172439475, 35.497491326083448 ] ] ] } },
{ "type": "Feature", "properties": { "id": "p-00694", "input_id": "026-663-08", "source": "fd-00055", "demand": 1, "duct_group": 7, "duct_assignment": "8" }, "geometry": { "type": "Polygon", "coordinates": [ [ [ -119.294988183442243, 35.497489987199685 ], [ -119.294989753481104, 35.497127338175147 ], [ -119.295292103711361, 35.497128202047918 ], [ -119.29529053065508, 35.497490854727616 ], [ -119.294988183442243, 35.497489987199685 ] ] ] } },
{ "type": "Feature", "properties": { "id": "p-00695", "input_id": "026-663-07", "source": "fd-00053", "demand": 1, "duct_group": 7, "duct_assignment": "3" }, "geometry": { "type": "Polygon", "coordinates": [ [ [ -119.2946858362359, 35.497489118928044 ], [ -119.294687404330887, 35.497126471744544 ], [ -119.294989753481104, 35.497127338175147 ], [ -119.294988183442243, 35.497489987199685 ], [ -119.2946858362359, 35.497489118928044 ] ] ] } },
{ "type": "Feature", "properties": { "id": "p-00696", "input_id": "026-663-06", "source": "fd-00053", "demand": 1, "duct_group": 7, "duct_assignment": "4" }, "geometry": { "type": "Polygon", "coordinates": [ [ [ -119.294417082071618, 35.497488346818734 ], [ -119.294350130785531, 35.497433207036714 ], [ -119.294351458993461, 35.497125507690278 ], [ -119.294687404330887, 35.497126471744544 ], [ -119.2946858362359, 35.497489118928044 ], [ -119.294417082071618, 35.497488346818734 ] ] ] } },
{ "type": "Feature", "properties": { "id": "p-00697", "input_id": "026-661-16", "source": "fd-00040", "demand": 1, "duct_group": 5, "duct_assignment": "1" }, "geometry": { "type": "Polygon", "coordinates": [ [ [ -119.293839250172283, 35.497486681794193 ], [ -119.293840813242511, 35.497124038318837 ], [ -119.294176767412608, 35.497125005478459 ], [ -119.294175439638636, 35.497432703910249 ], [ -119.294108014272467, 35.497487456864945 ], [ -119.293839250172283, 35.497486681794193 ] ] ] } },
{ "type": "Feature", "properties": { "id": "p-00698", "input_id": "026-661-15", "source": "fd-00040", "demand": 1, "duct_group": 5, "duct_assignment": "2" }, "geometry": { "type": "Polygon", "coordinates": [ [ [ -119.293536901859781, 35.497485808905502 ], [ -119.293538462971924, 35.497123166369946 ], [ -119.293840813242511, 35.497124038318837 ], [ -119.293839250172283, 35.497486681794193 ], [ -119.293536901859781, 35.497485808905502 ] ] ] } },
{ "type": "Feature", "properties": { "id": "p-00699", "input_id": "026-661-14", "source": "fd-00041", "demand": 1, "duct_group": 5, "duct_assignment": "3" }, "geometry": { "type": "Polygon", "coordinates": [ [ [ -119.293234552451679, 35.497484935284731 ], [ -119.293236111591554, 35.497122292787679 ], [ -119.293538462971924, 35.497123166369946 ], [ -119.293536901859781, 35.497485808905502 ], [ -119.293234552451679, 35.497484935284731 ] ] ] } },
{ "type": "Feature", "properties": { "id": "p-00700", "input_id": "026-661-13", "source": "fd-00041", "demand": 1, "duct_group": 5, "duct_assignment": "4" }, "geometry": { "type": "Polygon", "coordinates": [ [ [ -119.292932201919683, 35.497484059129384 ], [ -119.292933761305534, 35.49712141754884 ], [ -119.293236111591554, 35.497122292787679 ], [ -119.293234552451679, 35.497484935284731 ], [ -119.292932201919683, 35.497484059129384 ] ] ] } },
{ "type": "Feature", "properties": { "id": "p-00701", "input_id": "026-661-12", "source": "fd-00043", "demand": 1, "duct_group": 5, "duct_assignment": "8" }, "geometry": { "type": "Polygon", "coordinates": [ [ [ -119.292629852510245, 35.497483183119932 ], [ -119.292631409923814, 35.497120541577843 ], [ -119.292933761305534, 35.49712141754884 ], [ -119.292932201919683, 35.497484059129384 ], [ -119.292629852510245, 35.497483183119932 ] ] ] } },
{ "type": "Feature", "properties": { "id": "p-00702", "input_id": "026-661-11", "source": "fd-00043", "demand": 1, "duct_group": 5, "duct_assignment": "7" }, "geometry": { "type": "Polygon", "coordinates": [ [ [ -119.292327501991096, 35.497482305477064 ], [ -119.292329058548603, 35.497119664863135 ], [ -119.292631409923814, 35.497120541577843 ], [ -119.292629852510245, 35.497483183119932 ], [ -119.292327501991096, 35.497482305477064 ] ] ] } },
{ "type": "Feature", "properties": { "id": "p-00703", "input_id": "026-661-10", "source": "fd-00045", "demand": 1, "duct_group": 5, "duct_assignment": "11" }, "geometry": { "type": "Polygon", "coordinates": [ [ [ -119.292162866812575, 35.497481827158566 ], [ -119.292149108202679, 35.497480858779063 ], [ -119.292135729609939, 35.497478059776185 ], [ -119.292123092712842, 35.497473505818554 ], [ -119.29211153913856, 35.497467320018337 ], [ -119.292101381227468, 35.497459669603224 ], [ -119.292084964882392, 35.49744693133011 ], [ -119.292066603754677, 35.497436113191398 ], [ -119.292046631102309, 35.49742741153792 ], [ -119.292025409432327, 35.497420984306061 ], [ -119.292026707165675, 35.497118786503464 ], [ -119.292329058548603, 35.497119664863135 ], [ -119.292327501991096, 35.497482305477064 ], [ -119.292162866812575, 35.497481827158566 ] ] ] } },
{ "type": "Feature", "properties": { "id": "p-00704", "input_id": "026-622-03", "source": "fd-00146", "demand": 1, "duct_group": 6, "duct_assignment": "4" }, "geometry": { "type": "Polygon", "coordinates": [ [ [ -119.291071178993491, 35.497629012668867 ], [ -119.290960319275769, 35.497628683543383 ], [ -119.290961747330755, 35.497391449430914 ], [ -119.29101209913226, 35.497402442134742 ], [ -119.291063993574795, 35.497406360873647 ], [ -119.291115955481132, 35.497403094251595 ], [ -119.291166507756159, 35.497392735127306 ], [ -119.291214213376819, 35.497375577974147 ], [ -119.291257716242441, 35.497352110509517 ], [ -119.291295779724649, 35.497322999830118 ], [ -119.291342508895312, 35.497356555708912 ], [ -119.291277463192927, 35.497417735053048 ], [ -119.291276104175807, 35.497629627125221 ], [ -119.291071178993491, 35.497629012668867 ] ] ] } },
{ "type": "Feature", "properties": { "id": "p-00705", "input_id": "026-622-04", "source": "fd-00147", "demand": 1, "duct_group": 6, "duct_assignment": "6" }, "geometry": { "type": "Polygon", "coordinates": [ [ [ -119.291295779724649, 35.497322999830118 ], [ -119.291322973398863, 35.497294492482482 ], [ -119.291344913890939, 35.497263103253168 ], [ -119.291361152057789, 35.497229474718878 ], [ -119.291371355491393, 35.497194295296836 ], [ -119.291375315323151, 35.497158285151983 ], [ -119.291372950498683, 35.497122181454273 ], [ -119.291663348351904, 35.497122995952886 ], [ -119.291661226903585, 35.49729423222859 ], [ -119.291409605211555, 35.497293448368232 ], [ -119.291342508895312, 35.497356555708912 ], [ -119.291295779724649, 35.497322999830118 ] ] ] } },
{ "type": "Feature", "properties": { "id": "p-00706", "input_id": "026-661-09", "source": "fd-00045", "demand": 1, "duct_group": 5, "duct_assignment": "12" }, "geometry": { "type": "Polygon", "coordinates": [ [ [ -119.291658035902913, 35.497551788435494 ], [ -119.291661226903585, 35.49729423222859 ], [ -119.291663348351904, 35.497122995952886 ], [ -119.291663414406088, 35.497117730311672 ], [ -119.292026707165675, 35.497118786503464 ], [ -119.292025409432327, 35.497420984306061 ], [ -119.29199770490149, 35.497416320658495 ], [ -119.291969436257361, 35.497415524870696 ], [ -119.291941405149331, 35.497418619510078 ], [ -119.29191440649079, 35.497425516818041 ], [ -119.291889205917101, 35.49743602119888 ], [ -119.291866518073817, 35.497449834766471 ], [ -119.29184698635072, 35.497466565791676 ], [ -119.291831164636278, 35.497485739811069 ], [ -119.291819501610291, 35.497506813081735 ], [ -119.291812328020328, 35.497529188000549 ], [ -119.291809847301465, 35.497552230051561 ], [ -119.291658035902913, 35.497551788435494 ] ] ] } },
{ "type": "Feature", "properties": { "id": "p-00707", "input_id": "026-621-09", "source": "fd-00123", "demand": 1, "duct_group": 1, "duct_assignment": "4" }, "geometry": { "type": "Polygon", "coordinates": [ [ [ -119.287331961556802, 35.496936294790139 ], [ -119.287334944149848, 35.496694548412492 ], [ -119.287385891534385, 35.49665342575436 ], [ -119.287567746120374, 35.496653844540305 ], [ -119.287566479704893, 35.49693678212288 ], [ -119.287331961556802, 35.496936294790139 ] ] ] } },
{ "type": "Feature", "properties": { "id": "p-00708", "input_id": "026-621-10", "source": "fd-00122", "demand": 1, "duct_group": 1, "duct_assignment": "2" }, "geometry": { "type": "Polygon", "coordinates": [ [ [ -119.287668164849975, 35.496937053579671 ], [ -119.287566479704893, 35.49693678212288 ], [ -119.287567746120374, 35.496653844540305 ], [ -119.287782841873508, 35.496654437569553 ], [ -119.287781597122944, 35.496937374033699 ], [ -119.287668164849975, 35.496937053579671 ] ] ] } },
{ "type": "Feature", "properties": { "id": "p-00709", "input_id": "026-621-11", "source": "fd-00121", "demand": 1, "duct_group": 1, "duct_assignment": "1" }, "geometry": { "type": "Polygon", "coordinates": [ [ [ -119.287954171983515, 35.496937884075535 ], [ -119.287781597122944, 35.496937374033699 ], [ -119.287782841873508, 35.496654437569553 ], [ -119.287984472949802, 35.496655029807918 ], [ -119.287983241100477, 35.496937971554331 ], [ -119.287954171983515, 35.496937884075535 ] ] ] } },
{ "type": "Feature", "properties": { "id": "p-00710", "input_id": "026-621-12", "source": "fd-00160", "demand": 1, "duct_group": 8, "duct_assignment": "6" }, "geometry": { "type": "Polygon", "coordinates": [ [ [ -119.287983241100477, 35.496937971554331 ], [ -119.287984472949802, 35.496655029807918 ], [ -119.288199531041712, 35.496655680190848 ], [ -119.288198307773968, 35.496938629969591 ], [ -119.287983241100477, 35.496937971554331 ] ] ] } },
{ "type": "Feature", "properties": { "id": "p-00711", "input_id": "026-621-13", "source": "fd-00160", "demand": 1, "duct_group": 8, "duct_assignment": "5" }, "geometry": { "type": "Polygon", "coordinates": [ [ [ -119.288252071168515, 35.496938796577027 ], [ -119.288198307773968, 35.496938629969591 ], [ -119.288199531041712, 35.496655680190848 ], [ -119.288414577198239, 35.496656342040588 ], [ -119.28841335479791, 35.496939299932471 ], [ -119.288252071168515, 35.496938796577027 ] ] ] } },
{ "type": "Feature", "properties": { "id": "p-00712", "input_id": "026-621-14", "source": "fd-00159", "demand": 1, "duct_group": 8, "duct_assignment": "3" }, "geometry": { "type": "Polygon", "coordinates": [ [ [ -119.288483913578276, 35.496939521127395 ], [ -119.28841335479791, 35.496939299932471 ], [ -119.288414577198239, 35.496656342040588 ], [ -119.288646411027841, 35.496657061859281 ], [ -119.288645185172811, 35.496940029713123 ], [ -119.288483913578276, 35.496939521127395 ] ] ] } },
{ "type": "Feature", "properties": { "id": "p-00713", "input_id": "026-621-15", "source": "fd-00159", "demand": 1, "duct_group": 8, "duct_assignment": "4" }, "geometry": { "type": "Polygon", "coordinates": [ [ [ -119.288685501969667, 35.496940156838058 ], [ -119.288645185172811, 35.496940029713123 ], [ -119.288646411027841, 35.496657061859281 ], [ -119.288861434218418, 35.496657733984676 ], [ -119.288860201502345, 35.496940709131287 ], [ -119.288685501969667, 35.496940156838058 ] ] ] } },
{ "type": "Feature", "properties": { "id": "p-00714", "input_id": "026-621-16", "source": "fd-00158", "demand": 1, "duct_group": 8, "duct_assignment": "2" }, "geometry": { "type": "Polygon", "coordinates": [ [ [ -119.288887078270051, 35.496940794147605 ], [ -119.288860201502345, 35.496940709131287 ], [ -119.288861434218418, 35.496657733984676 ], [ -119.289076450828659, 35.496658407605636 ], [ -119.289075206829224, 35.496941389190084 ], [ -119.288887078270051, 35.496940794147605 ] ] ] } },
{ "type": "Feature", "properties": { "id": "p-00715", "input_id": "026-621-17", "source": "fd-00158", "demand": 1, "duct_group": 8, "duct_assignment": "1" }, "geometry": { "type": "Polygon", "coordinates": [ [ [ -119.289088644669349, 35.496941432131841 ], [ -119.289075206829224, 35.496941389190084 ], [ -119.289076450828659, 35.496658407605636 ], [ -119.289224270814458, 35.496658869923401 ], [ -119.289237407199266, 35.496659755173141 ], [ -119.289250212508549, 35.496662310079792 ], [ -119.289262371426261, 35.496666471731743 ], [ -119.289273584552788, 35.496672137653029 ], [ -119.289283575777517, 35.49667916832685 ], [ -119.289292099077443, 35.496687390630711 ], [ -119.289298944575464, 35.496696602099739 ], [ -119.289303943708305, 35.49670657591178 ], [ -119.289306973377123, 35.496717066472783 ], [ -119.289307958978952, 35.496727815464169 ], [ -119.289307000905154, 35.496942121708777 ], [ -119.289088644669349, 35.496941432131841 ] ] ] } },
{ "type": "Feature", "properties": { "id": "p-00716", "input_id": "026-621-23", "source": "fd-00141", "demand": 1, "duct_group": 5, "duct_assignment": "7" }, "geometry": { "type": "Polygon", "coordinates": [ [ [ -119.287954171983515, 35.496937884075535 ], [ -119.287983241100477, 35.496937971554331 ], [ -119.288198307773968, 35.496938629969591 ], [ -119.288252071168515, 35.496938796577027 ], [ -119.288251093772558, 35.497161399245712 ], [ -119.288208995542774, 35.497164456128694 ], [ -119.288167800629012, 35.497172180289425 ], [ -119.288128279052842, 35.497184427346625 ], [ -119.288091169558342, 35.497200968376461 ], [ -119.287954171983515, 35.496937884075535 ] ] ] } },
{ "type": "Feature", "properties": { "id": "p-00717", "input_id": "026-621-22", "source": "fd-00140", "demand": 1, "duct_group": 5, "duct_assignment": "5" }, "geometry": { "type": "Polygon", "coordinates": [ [ [ -119.288473034507973, 35.497214231668131 ], [ -119.288460943632842, 35.497213477767581 ], [ -119.288449111454838, 35.497211308151648 ], [ -119.288437784522088, 35.497207768028751 ], [ -119.288427198854848, 35.49720293116475 ], [ -119.288386557966319, 35.497184493774995 ], [ -119.288342996509854, 35.497171247080246 ], [ -119.288297499016508, 35.497163490468182 ], [ -119.288251093772558, 35.497161399245712 ], [ -119.288252071168515, 35.496938796577027 ], [ -119.28841335479791, 35.496939299932471 ], [ -119.288483913578276, 35.496939521127395 ], [ -119.288482703689027, 35.497214261904467 ], [ -119.288473034507973, 35.497214231668131 ] ] ] } },
{ "type": "Feature", "properties": { "id": "p-00718", "input_id": "026-621-21", "source": "fd-00139", "demand": 1, "duct_group": 5, "duct_assignment": "4" }, "geometry": { "type": "Polygon", "coordinates": [ [ [ -119.288482703689027, 35.497214261904467 ], [ -119.288483913578276, 35.496939521127395 ], [ -119.288645185172811, 35.496940029713123 ], [ -119.288685501969667, 35.496940156838058 ], [ -119.288684285110591, 35.497214902203979 ], [ -119.288482703689027, 35.497214261904467 ] ] ] } },
{ "type": "Feature", "properties": { "id": "p-00719", "input_id": "026-621-20", "source": "fd-00139", "demand": 1, "duct_group": 5, "duct_assignment": "3" }, "geometry": { "type": "Polygon", "coordinates": [ [ [ -119.288684285110591, 35.497214902203979 ], [ -119.288685501969667, 35.496940156838058 ], [ -119.288860201502345, 35.496940709131287 ], [ -119.288887078270051, 35.496940794147605 ], [ -119.288885852222805, 35.497215543224499 ], [ -119.288684285110591, 35.497214902203979 ] ] ] } },
{ "type": "Feature", "properties": { "id": "p-00720", "input_id": "026-621-19", "source": "fd-00138", "demand": 1, "duct_group": 5, "duct_assignment": "2" }, "geometry": { "type": "Polygon", "coordinates": [ [ [ -119.288885852222805, 35.497215543224499 ], [ -119.288887078270051, 35.496940794147605 ], [ -119.289075206829224, 35.496941389190084 ], [ -119.289088644669349, 35.496941432131841 ], [ -119.289087407215746, 35.497216184041456 ], [ -119.288885852222805, 35.497215543224499 ] ] ] } },
{ "type": "Feature", "properties": { "id": "p-00721", "input_id": "026-621-18", "source": "fd-00138", "demand": 1, "duct_group": 5, "duct_assignment": "1" }, "geometry": { "type": "Polygon", "coordinates": [ [ [ -119.289087407215746, 35.497216184041456 ], [ -119.289088644669349, 35.496941432131841 ], [ -119.289307000905154, 35.496942121708777 ], [ -119.289305936797334, 35.497175668046722 ], [ -119.289255370253827, 35.497216717196551 ], [ -119.289087407215746, 35.497216184041456 ] ] ] } },
{ "type": "Feature", "properties": { "id": "p-00722", "input_id": "026-621-24", "source": "fd-00141", "demand": 1, "duct_group": 5, "duct_assignment": "6" }, "geometry": { "type": "Polygon", "coordinates": [ [ [ -119.287665999282282, 35.49711437717432 ], [ -119.287666017892803, 35.497112891509687 ], [ -119.287668164849975, 35.496937053579671 ], [ -119.287781597122944, 35.496937374033699 ], [ -119.287954171983515, 35.496937884075535 ], [ -119.288091169558342, 35.497200968376461 ], [ -119.288051307212768, 35.49722567213643 ], [ -119.288016838567955, 35.497255309899778 ], [ -119.287988666067562, 35.497289105708326 ], [ -119.287665999282282, 35.49711437717432 ] ] ] } },
{ "type": "Feature", "properties": { "id": "p-00723", "input_id": "026-621-25", "source": "fd-00142", "demand": 1, "duct_group": 5, "duct_assignment": "8" }, "geometry": { "type": "Polygon", "coordinates": [ [ [ -119.287662361395434, 35.497412313231976 ], [ -119.287663870644053, 35.497288711402881 ], [ -119.287665999282282, 35.49711437717432 ], [ -119.287988666067562, 35.497289105708326 ], [ -119.287969673026922, 35.497321597602927 ], [ -119.287956519093839, 35.497355967017562 ], [ -119.287949471282772, 35.497391516299821 ], [ -119.287948672662822, 35.497427523846682 ], [ -119.287662361395434, 35.497412313231976 ] ] ] } },
{ "type": "Feature", "properties": { "id": "p-00724", "input_id": "026-621-06", "source": "fd-00124", "demand": 1, "duct_group": 1, "duct_assignment": "5" }, "geometry": { "type": "Polygon", "coordinates": [ [ [ -119.287325606525286, 35.497450990022216 ], [ -119.287327641186948, 35.497286162725693 ], [ -119.287663870644053, 35.497288711402881 ], [ -119.287662361395434, 35.497412313231976 ], [ -119.287661858866855, 35.497453549288622 ], [ -119.287325606525286, 35.497450990022216 ] ] ] } },
{ "type": "Feature", "properties": { "id": "p-00725", "input_id": "026-621-07", "source": "fd-00124", "demand": 1, "duct_group": 1, "duct_assignment": "6" }, "geometry": { "type": "Polygon", "coordinates": [ [ [ -119.287327641186948, 35.497286162725693 ], [ -119.287329812410562, 35.497110349805638 ], [ -119.287666017892803, 35.497112891509687 ], [ -119.287665999282282, 35.49711437717432 ], [ -119.287663870644053, 35.497288711402881 ], [ -119.287327641186948, 35.497286162725693 ] ] ] } },
{ "type": "Feature", "properties": { "id": "p-00726", "input_id": "026-621-08", "source": "fd-00123", "demand": 1, "duct_group": 1, "duct_assignment": "3" }, "geometry": { "type": "Polygon", "coordinates": [ [ [ -119.287329812410562, 35.497110349805638 ], [ -119.287331961556802, 35.496936294790139 ], [ -119.287566479704893, 35.49693678212288 ], [ -119.287668164849975, 35.496937053579671 ], [ -119.287666017892803, 35.497112891509687 ], [ -119.287329812410562, 35.497110349805638 ] ] ] } },
{ "type": "Feature", "properties": { "id": "p-00727", "input_id": "026-622-30", "source": "fd-00152", "demand": 1, "duct_group": 7, "duct_assignment": "1" }, "geometry": { "type": "Polygon", "coordinates": [ [ [ -119.289531396796036, 35.496753223890011 ], [ -119.289532662125623, 35.496715862157252 ], [ -119.289527176525027, 35.496678756291814 ], [ -119.289515059946226, 35.496642717616325 ], [ -119.289496577327284, 35.496608534117968 ], [ -119.289822586036834, 35.496482151880116 ], [ -119.289821412236137, 35.496754130567041 ], [ -119.289531396796036, 35.496753223890011 ] ] ] } },
{ "type": "Feature", "properties": { "id": "p-00728", "input_id": "026-622-29", "source": "fd-00133", "demand": 1, "duct_group": 3, "duct_assignment": "1" }, "geometry": { "type": "Polygon", "coordinates": [ [ [ -119.289686539048489, 35.496943291115592 ], [ -119.289468189475201, 35.496942605748472 ], [ -119.289468366655072, 35.496903874402555 ], [ -119.289469286999918, 35.49689399279751 ], [ -119.289471936659595, 35.496884322360351 ], [ -119.289476260473378, 35.496875064408307 ], [ -119.289482168428592, 35.496866411671505 ], [ -119.289505919205865, 35.496831000182631 ], [ -119.289522469523718, 35.496792947038657 ], [ -119.289531396796036, 35.496753223890011 ], [ -119.289821412236137, 35.496754130567041 ], [ -119.289821304121801, 35.496778006490047 ], [ -119.28982053814309, 35.49694371025911 ], [ -119.289686539048489, 35.496943291115592 ] ] ] } },
{ "type": "Feature", "properties": { "id": "p-00729", "input_id": "026-622-05", "source": "fd-00147", "demand": 1, "duct_group": 6, "duct_assignment": "7" }, "geometry": { "type": "Polygon", "coordinates": [ [ [ -119.291372950498683, 35.497122181454273 ], [ -119.291363787932255, 35.497085154712508 ], [ -119.291347979901033, 35.497049658184906 ], [ -119.291325879496554, 35.497016484710763 ], [ -119.29132005490392, 35.497007796387848 ], [ -119.291315819422536, 35.496998513162488 ], [ -119.291313261179354, 35.496988828190169 ], [ -119.291312433402894, 35.496978942985606 ], [ -119.291312555002733, 35.496951673229916 ], [ -119.291665459779566, 35.496952665655478 ], [ -119.291663414406088, 35.497117730311672 ], [ -119.291663348351904, 35.497122995952886 ], [ -119.291372950498683, 35.497122181454273 ] ] ] } },
{ "type": "Feature", "properties": { "id": "p-00730", "input_id": "026-622-06", "source": "fd-00148", "demand": 1, "duct_group": 6, "duct_assignment": "8" }, "geometry": { "type": "Polygon", "coordinates": [ [ [ -119.291312555002733, 35.496951673229916 ], [ -119.291312742619496, 35.496909592243036 ], [ -119.291313659312692, 35.496899712144319 ], [ -119.291316304792787, 35.49689004271297 ], [ -119.291320624005508, 35.496880785174419 ], [ -119.291326527065351, 35.496872132182368 ], [ -119.291345782364019, 35.496844504917156 ], [ -119.291360643395677, 35.496815119114949 ], [ -119.291370874937726, 35.496784439907913 ], [ -119.29166753431798, 35.496785248987287 ], [ -119.291665459779566, 35.496952665655478 ], [ -119.291312555002733, 35.496951673229916 ] ] ] } },
{ "type": "Feature", "properties": { "id": "p-00731", "input_id": "026-622-07", "source": "fd-00149", "demand": 1, "duct_group": 6, "duct_assignment": "10" }, "geometry": { "type": "Polygon", "coordinates": [ [ [ -119.291370874937726, 35.496784439907913 ], [ -119.291376923676268, 35.496745032219835 ], [ -119.291375350247293, 35.496705336139328 ], [ -119.291366193499954, 35.496666331518078 ], [ -119.291349679468183, 35.496628981138485 ], [ -119.291670171246153, 35.496572468161716 ], [ -119.291668792696598, 35.496683662200006 ], [ -119.29166753431798, 35.496785248987287 ], [ -119.291370874937726, 35.496784439907913 ] ] ] } },
{ "type": "Feature", "properties": { "id": "p-00732", "input_id": "026-622-20", "source": "fd-00128", "demand": 1, "duct_group": 2, "duct_assignment": "3" }, "geometry": { "type": "Polygon", "coordinates": [ [ [ -119.290926206284752, 35.496947147029069 ], [ -119.290927471760156, 35.496664184063057 ], [ -119.291068633000492, 35.496664626667879 ], [ -119.291083200387661, 35.496665719860303 ], [ -119.291097314609218, 35.496668864297277 ], [ -119.291110547160059, 35.496673964514329 ], [ -119.291122496302123, 35.496680865669759 ], [ -119.291132799261263, 35.49668935824576 ], [ -119.291141143240807, 35.49669918440906 ], [ -119.291147274918174, 35.496710045839002 ], [ -119.291151008135643, 35.496721612784128 ], [ -119.291152229552168, 35.496733534073549 ], [ -119.291151276682896, 35.496947865566391 ], [ -119.290926206284752, 35.496947147029069 ] ] ] } },
{ "type": "Feature", "properties": { "id": "p-00733", "input_id": "026-622-19", "source": "fd-00128", "demand": 1, "duct_group": 2, "duct_assignment": "4" }, "geometry": { "type": "Polygon", "coordinates": [ [ [ -119.290724627720607, 35.496946511284321 ], [ -119.290711188790951, 35.496946469434192 ], [ -119.290712472695688, 35.496663509890006 ], [ -119.290927471760156, 35.496664184063057 ], [ -119.290926206284752, 35.496947147029069 ], [ -119.290724627720607, 35.496946511284321 ] ] ] } },
{ "type": "Feature", "properties": { "id": "p-00734", "input_id": "026-622-18", "source": "fd-00129", "demand": 1, "duct_group": 2, "duct_assignment": "5" }, "geometry": { "type": "Polygon", "coordinates": [ [ [ -119.290523042703057, 35.496945885191906 ], [ -119.290496164858283, 35.496945802347305 ], [ -119.290497462656859, 35.496662838160326 ], [ -119.290712472695688, 35.496663509890006 ], [ -119.290711188790951, 35.496946469434192 ], [ -119.290523042703057, 35.496945885191906 ] ] ] } },
{ "type": "Feature", "properties": { "id": "p-00735", "input_id": "026-622-17", "source": "fd-00129", "demand": 1, "duct_group": 2, "duct_assignment": "6" }, "geometry": { "type": "Polygon", "coordinates": [ [ [ -119.290291224587193, 35.496945169640668 ], [ -119.290192689022163, 35.496944865488942 ], [ -119.29027941686158, 35.496728012916378 ], [ -119.290307439038628, 35.496726928769 ], [ -119.290334807392966, 35.496721889388347 ], [ -119.290360693592035, 35.496713047296744 ], [ -119.290384314162779, 35.496700670109583 ], [ -119.290404954204675, 35.496685132435452 ], [ -119.290415225924619, 35.496677343605093 ], [ -119.290426937805549, 35.496671059297363 ], [ -119.290439764028847, 35.496666454338353 ], [ -119.290453347775554, 35.496663656835615 ], [ -119.290467311153179, 35.496662744614177 ], [ -119.290497462656859, 35.496662838160326 ], [ -119.290496164858283, 35.496945802347305 ], [ -119.290291224587193, 35.496945169640668 ] ] ] } },
{ "type": "Feature", "properties": { "id": "p-00736", "input_id": "026-622-16", "source": "fd-00130", "demand": 1, "duct_group": 2, "duct_assignment": "7" }, "geometry": { "type": "Polygon", "coordinates": [ [ [ -119.290089653973467, 35.496944547193202 ], [ -119.289888093224548, 35.496943920706194 ], [ -119.28982053814309, 35.49694371025911 ], [ -119.289821304121801, 35.496778006490047 ], [ -119.290141814402887, 35.496655578674833 ], [ -119.290154466149843, 35.496672731591886 ], [ -119.290170148616752, 35.496688119668903 ], [ -119.290188500002628, 35.496701387895193 ], [ -119.290209096932699, 35.496712230165954 ], [ -119.290231464225684, 35.496720396344259 ], [ -119.290255085856529, 35.496725698032002 ], [ -119.29027941686158, 35.496728012916378 ], [ -119.290192689022163, 35.496944865488942 ], [ -119.290089653973467, 35.496944547193202 ] ] ] } },
{ "type": "Feature", "properties": { "id": "p-00737", "input_id": "026-622-21", "source": "fd-00127", "demand": 1, "duct_group": 2, "duct_assignment": "1" }, "geometry": { "type": "Polygon", "coordinates": [ [ [ -119.291066052736298, 35.497222299184884 ], [ -119.290924926863255, 35.497221853491538 ], [ -119.290926206284752, 35.496947147029069 ], [ -119.291151276682896, 35.496947865566391 ], [ -119.291150351202504, 35.497153906783481 ], [ -119.291149016541652, 35.497165825816275 ], [ -119.291145171549715, 35.497177374306169 ], [ -119.291138933026616, 35.49718820143967 ], [ -119.291130490481763, 35.497197978316265 ], [ -119.291120100377398, 35.497206407939444 ], [ -119.291108078337942, 35.49721323423865 ], [ -119.291094789562194, 35.497218249848252 ], [ -119.291080637729337, 35.497221302406672 ], [ -119.291066052736298, 35.497222299184884 ] ] ] } },
{ "type": "Feature", "properties": { "id": "p-00738", "input_id": "026-622-22", "source": "fd-00127", "demand": 1, "duct_group": 2, "duct_assignment": "2" }, "geometry": { "type": "Polygon", "coordinates": [ [ [ -119.290723319212987, 35.497221233366517 ], [ -119.290724627720607, 35.496946511284321 ], [ -119.290926206284752, 35.496947147029069 ], [ -119.290924926863255, 35.497221853491538 ], [ -119.290723319212987, 35.497221233366517 ] ] ] } },
{ "type": "Feature", "properties": { "id": "p-00739", "input_id": "026-622-23", "source": "fd-00137", "demand": 1, "duct_group": 4, "duct_assignment": "8" }, "geometry": { "type": "Polygon", "coordinates": [ [ [ -119.290521713953794, 35.497220624603713 ], [ -119.290523042703057, 35.496945885191906 ], [ -119.290711188790951, 35.496946469434192 ], [ -119.290724627720607, 35.496946511284321 ], [ -119.290723319212987, 35.497221233366517 ], [ -119.290521713953794, 35.497220624603713 ] ] ] } },
{ "type": "Feature", "properties": { "id": "p-00740", "input_id": "026-622-24", "source": "fd-00137", "demand": 1, "duct_group": 4, "duct_assignment": "7" }, "geometry": { "type": "Polygon", "coordinates": [ [ [ -119.290289887589367, 35.497219924451855 ], [ -119.290291224587193, 35.496945169640668 ], [ -119.290496164858283, 35.496945802347305 ], [ -119.290523042703057, 35.496945885191906 ], [ -119.290521713953794, 35.497220624603713 ], [ -119.290289887589367, 35.497219924451855 ] ] ] } },
{ "type": "Feature", "properties": { "id": "p-00741", "input_id": "026-622-25", "source": "fd-00135", "demand": 1, "duct_group": 4, "duct_assignment": "4" }, "geometry": { "type": "Polygon", "coordinates": [ [ [ -119.290088326305096, 35.497219307305571 ], [ -119.290089653973467, 35.496944547193202 ], [ -119.290192689022163, 35.496944865488942 ], [ -119.290291224587193, 35.496945169640668 ], [ -119.290289887589367, 35.497219924451855 ], [ -119.290088326305096, 35.497219307305571 ] ] ] } },
{ "type": "Feature", "properties": { "id": "p-00742", "input_id": "026-622-26", "source": "fd-00135", "demand": 1, "duct_group": 4, "duct_assignment": "3" }, "geometry": { "type": "Polygon", "coordinates": [ [ [ -119.289886785835492, 35.497218681497969 ], [ -119.289888093224548, 35.496943920706194 ], [ -119.290089653973467, 35.496944547193202 ], [ -119.290088326305096, 35.497219307305571 ], [ -119.289886785835492, 35.497218681497969 ] ] ] } },
{ "type": "Feature", "properties": { "id": "p-00743", "input_id": "026-622-27", "source": "fd-00134", "demand": 1, "duct_group": 4, "duct_assignment": "2" }, "geometry": { "type": "Polygon", "coordinates": [ [ [ -119.289685251896259, 35.497218049883131 ], [ -119.289686539048489, 35.496943291115592 ], [ -119.28982053814309, 35.49694371025911 ], [ -119.289888093224548, 35.496943920706194 ], [ -119.289886785835492, 35.497218681497969 ], [ -119.289685251896259, 35.497218049883131 ] ] ] } },
{ "type": "Feature", "properties": { "id": "p-00744", "input_id": "026-622-28", "source": "fd-00134", "demand": 1, "duct_group": 4, "duct_assignment": "1" }, "geometry": { "type": "Polygon", "coordinates": [ [ [ -119.289517298827619, 35.497217520816271 ], [ -119.289467113717038, 35.49717615311615 ], [ -119.289468189475201, 35.496942605748472 ], [ -119.289686539048489, 35.496943291115592 ], [ -119.289685251896259, 35.497218049883131 ], [ -119.289517298827619, 35.497217520816271 ] ] ] } },
{ "type": "Feature", "properties": { "id": "p-00745", "input_id": "026-661-24", "source": "fd-00061", "demand": 1, "duct_group": 0, "duct_assignment": "10" }, "geometry": { "type": "Polygon", "coordinates": [ [ [ -119.291663414406088, 35.497117730311672 ], [ -119.291665459779566, 35.496952665655478 ], [ -119.29166753431798, 35.496785248987287 ], [ -119.291668792696598, 35.496683662200006 ], [ -119.291813574428872, 35.496684083026906 ], [ -119.291815854898559, 35.496707140695911 ], [ -119.291822834243291, 35.496729558485569 ], [ -119.291834314539358, 35.49675070066268 ], [ -119.291849970226693, 35.49676996766793 ], [ -119.291869357336694, 35.49678681311854 ], [ -119.291891926082343, 35.496800759303085 ], [ -119.291917036449163, 35.496811410728661 ], [ -119.291943976345337, 35.496818465336666 ], [ -119.291971981795371, 35.496821723068862 ], [ -119.292000258605995, 35.496821091540745 ], [ -119.292028004889445, 35.496816588664835 ], [ -119.292026707165675, 35.497118786503464 ], [ -119.291663414406088, 35.497117730311672 ] ] ] } },
{ "type": "Feature", "properties": { "id": "p-00746", "input_id": "026-661-23", "source": "fd-00060", "demand": 1, "duct_group": 0, "duct_assignment": "9" }, "geometry": { "type": "Polygon", "coordinates": [ [ [ -119.292026707165675, 35.497118786503464 ], [ -119.292028004889445, 35.496816588664835 ], [ -119.29204928077769, 35.496810284788623 ], [ -119.292069327445176, 35.496801699407371 ], [ -119.29208778104595, 35.496790988345516 ], [ -119.292104306648525, 35.496778346008405 ], [ -119.292114530457411, 35.496770754947761 ], [ -119.292126137141764, 35.496764636556748 ], [ -119.292138812919688, 35.496760156243454 ], [ -119.292152215106711, 35.496757435131229 ], [ -119.29216598138062, 35.496756546784177 ], [ -119.292330616194448, 35.49675702418579 ], [ -119.292329058548603, 35.497119664863135 ], [ -119.292026707165675, 35.497118786503464 ] ] ] } },
{ "type": "Feature", "properties": { "id": "p-00747", "input_id": "026-661-22", "source": "fd-00060", "demand": 1, "duct_group": 0, "duct_assignment": "8" }, "geometry": { "type": "Polygon", "coordinates": [ [ [ -119.292329058548603, 35.497119664863135 ], [ -119.292330616194448, 35.49675702418579 ], [ -119.292632968454029, 35.496757901774906 ], [ -119.292631409923814, 35.497120541577843 ], [ -119.292329058548603, 35.497119664863135 ] ] ] } },
{ "type": "Feature", "properties": { "id": "p-00748", "input_id": "026-661-21", "source": "fd-00058", "demand": 1, "duct_group": 0, "duct_assignment": "4" }, "geometry": { "type": "Polygon", "coordinates": [ [ [ -119.292631409923814, 35.497120541577843 ], [ -119.292632968454029, 35.496757901774906 ], [ -119.292935319589731, 35.496758776829367 ], [ -119.292933761305534, 35.49712141754884 ], [ -119.292631409923814, 35.497120541577843 ] ] ] } },
{ "type": "Feature", "properties": { "id": "p-00749", "input_id": "026-661-20", "source": "fd-00104", "demand": 1, "duct_group": 8, "duct_assignment": "4" }, "geometry": { "type": "Polygon", "coordinates": [ [ [ -119.292933761305534, 35.49712141754884 ], [ -119.292935319589731, 35.496758776829367 ], [ -119.29323767183395, 35.496759651128478 ], [ -119.293236111591554, 35.497122292787679 ], [ -119.292933761305534, 35.49712141754884 ] ] ] } },
{ "type": "Feature", "properties": { "id": "p-00750", "input_id": "026-661-19", "source": "fd-00104", "demand": 1, "duct_group": 8, "duct_assignment": "5" }, "geometry": { "type": "Polygon", "coordinates": [ [ [ -119.293236111591554, 35.497122292787679 ], [ -119.29323767183395, 35.496759651128478 ], [ -119.293540024084493, 35.496760524683822 ], [ -119.293538462971924, 35.497123166369946 ], [ -119.293236111591554, 35.497122292787679 ] ] ] } },
{ "type": "Feature", "properties": { "id": "p-00751", "input_id": "026-661-18", "source": "fd-00105", "demand": 1, "duct_group": 8, "duct_assignment": "6" }, "geometry": { "type": "Polygon", "coordinates": [ [ [ -119.293538462971924, 35.497123166369946 ], [ -119.293540024084493, 35.496760524683822 ], [ -119.293842375211085, 35.496761395704588 ], [ -119.293840813242511, 35.497124038318837 ], [ -119.293538462971924, 35.497123166369946 ] ] ] } },
{ "type": "Feature", "properties": { "id": "p-00752", "input_id": "026-661-17", "source": "fd-00105", "demand": 1, "duct_group": 8, "duct_assignment": "7" }, "geometry": { "type": "Polygon", "coordinates": [ [ [ -119.293840813242511, 35.497124038318837 ], [ -119.293842375211085, 35.496761395704588 ], [ -119.294111142435938, 35.496762169809543 ], [ -119.294178095190887, 35.496817307910575 ], [ -119.294176767412608, 35.497125005478459 ], [ -119.293840813242511, 35.497124038318837 ] ] ] } },
{ "type": "Feature", "properties": { "id": "p-00753", "input_id": "026-663-05", "source": "fd-00066", "demand": 1, "duct_group": 1, "duct_assignment": "8" }, "geometry": { "type": "Polygon", "coordinates": [ [ [ -119.294351458993461, 35.497125507690278 ], [ -119.294352787219864, 35.496817810109 ], [ -119.29442021297578, 35.496763056993991 ], [ -119.294688971338374, 35.496763826323374 ], [ -119.294687404330887, 35.497126471744544 ], [ -119.294351458993461, 35.497125507690278 ] ] ] } },
{ "type": "Feature", "properties": { "id": "p-00754", "input_id": "026-663-04", "source": "fd-00066", "demand": 1, "duct_group": 1, "duct_assignment": "9" }, "geometry": { "type": "Polygon", "coordinates": [ [ [ -119.294687404330887, 35.497126471744544 ], [ -119.294688971338374, 35.496763826323374 ], [ -119.294991323534518, 35.496764690901323 ], [ -119.294989753481104, 35.497127338175147 ], [ -119.294687404330887, 35.497126471744544 ] ] ] } },
{ "type": "Feature", "properties": { "id": "p-00755", "input_id": "026-663-03", "source": "fd-00067", "demand": 1, "duct_group": 1, "duct_assignment": "10" }, "geometry": { "type": "Polygon", "coordinates": [ [ [ -119.294989753481104, 35.497127338175147 ], [ -119.294991323534518, 35.496764690901323 ], [ -119.295293676810616, 35.496765552921453 ], [ -119.295292103711361, 35.497128202047918 ], [ -119.294989753481104, 35.497127338175147 ] ] ] } },
{ "type": "Feature", "properties": { "id": "p-00756", "input_id": "026-663-02", "source": "fd-00068", "demand": 1, "duct_group": 1, "duct_assignment": "12" }, "geometry": { "type": "Polygon", "coordinates": [ [ [ -119.295292103711361, 35.497128202047918 ], [ -119.295293676810616, 35.496765552921453 ], [ -119.295596028962663, 35.496766412407013 ], [ -119.295594452860144, 35.497129066089869 ], [ -119.295292103711361, 35.497128202047918 ] ] ] } },
{ "type": "Feature", "properties": { "id": "p-00757", "input_id": "026-663-01", "source": "fd-00068", "demand": 1, "duct_group": 1, "duct_assignment": "11" }, "geometry": { "type": "Polygon", "coordinates": [ [ [ -119.295594452860144, 35.497129066089869 ], [ -119.295596028962663, 35.496766412407013 ], [ -119.295905804894019, 35.496767292026036 ], [ -119.295972764014962, 35.496822756295288 ], [ -119.295969263243208, 35.497130135242955 ], [ -119.295594452860144, 35.497129066089869 ] ] ] } },
{ "type": "Feature", "properties": { "id": "p-00758", "input_id": "026-662-06", "source": "fd-00069", "demand": 1, "duct_group": 2, "duct_assignment": "2" }, "geometry": { "type": "Polygon", "coordinates": [ [ [ -119.294991941891979, 35.496621831261713 ], [ -119.294993506501044, 35.496259189381192 ], [ -119.295027420884466, 35.496259286334833 ], [ -119.295295862283396, 35.496260048646036 ], [ -119.295294295716275, 35.496622691466335 ], [ -119.294991941891979, 35.496621831261713 ] ] ] } },
{ "type": "Feature", "properties": { "id": "p-00759", "input_id": "026-610-01", "source": "fd-00071", "demand": 1, "duct_group": 2, "duct_assignment": "4" }, "geometry": { "type": "Polygon", "coordinates": [ [ [ -119.29597913513939, 35.496261974972306 ], [ -119.295295862283396, 35.496260048646036 ], [ -119.295027420884466, 35.496259286334833 ], [ -119.295032316753122, 35.495846379080547 ], [ -119.296007309180425, 35.495853817610744 ], [ -119.296002671706617, 35.496262040469716 ], [ -119.29597913513939, 35.496261974972306 ] ] ] } },
{ "type": "Feature", "properties": { "id": "p-00760", "input_id": "026-610-02", "source": "fd-00072", "demand": 1, "duct_group": 2, "duct_assignment": "5" }, "geometry": { "type": "Polygon", "coordinates": [ [ [ -119.295032316753122, 35.495846379080547 ], [ -119.295037149892195, 35.495438448029844 ], [ -119.296011931389955, 35.495445887794709 ], [ -119.296007309180425, 35.495853817610744 ], [ -119.295032316753122, 35.495846379080547 ] ] ] } },
{ "type": "Feature", "properties": { "id": "p-00761", "input_id": "026-610-03", "source": "fd-00073", "demand": 1, "duct_group": 2, "duct_assignment": "6" }, "geometry": { "type": "Polygon", "coordinates": [ [ [ -119.295037149892195, 35.495438448029844 ], [ -119.295041979734066, 35.495030520553293 ], [ -119.296016551321216, 35.495037956133892 ], [ -119.296011931389955, 35.495445887794709 ], [ -119.295037149892195, 35.495438448029844 ] ] ] } },
{ "type": "Feature", "properties": { "id": "p-00762", "input_id": "026-610-04", "source": "fd-00073", "demand": 1, "duct_group": 2, "duct_assignment": "7" }, "geometry": { "type": "Polygon", "coordinates": [ [ [ -119.295041979734066, 35.495030520553293 ], [ -119.295046807338196, 35.494622593935638 ], [ -119.296021170118806, 35.494630025320411 ], [ -119.296016551321216, 35.495037956133892 ], [ -119.295041979734066, 35.495030520553293 ] ] ] } },
{ "type": "Feature", "properties": { "id": "p-00763", "input_id": "026-610-05", "source": "fd-00074", "demand": 1, "duct_group": 2, "duct_assignment": "9" }, "geometry": { "type": "Polygon", "coordinates": [ [ [ -119.295046807338196, 35.494622593935638 ], [ -119.295051633792397, 35.494214667264053 ], [ -119.296025789958321, 35.494222093528528 ], [ -119.296021170118806, 35.494630025320411 ], [ -119.295046807338196, 35.494622593935638 ] ] ] } },
{ "type": "Feature", "properties": { "id": "p-00764", "input_id": "026-610-06", "source": "fd-00074", "demand": 1, "duct_group": 2, "duct_assignment": "8" }, "geometry": { "type": "Polygon", "coordinates": [ [ [ -119.295051633792397, 35.494214667264053 ], [ -119.295056459110938, 35.493806741439833 ], [ -119.296030408664237, 35.493814162584073 ], [ -119.296025789958321, 35.494222093528528 ], [ -119.295051633792397, 35.494214667264053 ] ] ] } },
{ "type": "Feature", "properties": { "id": "p-00765", "input_id": "026-610-07", "source": "fd-00075", "demand": 1, "duct_group": 2, "duct_assignment": "10" }, "geometry": { "type": "Polygon", "coordinates": [ [ [ -119.295056459110938, 35.493806741439833 ], [ -119.295060940845346, 35.493427659705077 ], [ -119.295581198541356, 35.493431621119989 ], [ -119.296034700645379, 35.493435074656077 ], [ -119.296030408664237, 35.493814162584073 ], [ -119.295056459110938, 35.493806741439833 ] ] ] } },
{ "type": "Feature", "properties": { "id": "p-00766", "input_id": "026-610-08", "source": "fd-00076", "demand": 1, "duct_group": 2, "duct_assignment": "11" }, "geometry": { "type": "Polygon", "coordinates": [ [ [ -119.295581198541356, 35.493431621119989 ], [ -119.295584008814942, 35.49275000432479 ], [ -119.296044324310799, 35.492751307380068 ], [ -119.296034700645379, 35.493435074656077 ], [ -119.295581198541356, 35.493431621119989 ] ] ] } },
{ "type": "Feature", "properties": { "id": "p-00767", "input_id": "026-610-09", "source": "fd-00076", "demand": 1, "duct_group": 2, "duct_assignment": "12" }, "geometry": { "type": "Polygon", "coordinates": [ [ [ -119.295060940845346, 35.493427659705077 ], [ -119.295068953202616, 35.492748558883939 ], [ -119.295584008814942, 35.49275000432479 ], [ -119.295581198541356, 35.493431621119989 ], [ -119.295060940845346, 35.493427659705077 ] ] ] } },
{ "type": "Feature", "properties": { "id": "p-00768", "input_id": "026-662-05", "source": "fd-00069", "demand": 1, "duct_group": 2, "duct_assignment": "1" }, "geometry": { "type": "Polygon", "coordinates": [ [ [ -119.294689588031403, 35.496620967609651 ], [ -119.294691151784519, 35.49625832665734 ], [ -119.294993506501044, 35.496259189381192 ], [ -119.294991941891979, 35.496621831261713 ], [ -119.294689588031403, 35.496620967609651 ] ] ] } },
{ "type": "Feature", "properties": { "id": "p-00769", "input_id": "026-662-04", "source": "fd-00065", "demand": 1, "duct_group": 1, "duct_assignment": "7" }, "geometry": { "type": "Polygon", "coordinates": [ [ [ -119.294387235250881, 35.496620101399785 ], [ -119.294388797045912, 35.496257461387259 ], [ -119.294691151784519, 35.49625832665734 ], [ -119.294689588031403, 35.496620967609651 ], [ -119.294387235250881, 35.496620101399785 ] ] ] } },
{ "type": "Feature", "properties": { "id": "p-00770", "input_id": "026-662-03", "source": "fd-00065", "demand": 1, "duct_group": 1, "duct_assignment": "6" }, "geometry": { "type": "Polygon", "coordinates": [ [ [ -119.294084882462457, 35.496619233544955 ], [ -119.294086443387343, 35.496256593559288 ], [ -119.294388797045912, 35.496257461387259 ], [ -119.294387235250881, 35.496620101399785 ], [ -119.294084882462457, 35.496619233544955 ] ] ] } },
{ "type": "Feature", "properties": { "id": "p-00771", "input_id": "026-160-08", "source": "fd-00090", "demand": 1, "duct_group": 6, "duct_assignment": "5" }, "geometry": { "type": "Polygon", "coordinates": [ [ [ -119.294993506501044, 35.496259189381192 ], [ -119.294691151784519, 35.49625832665734 ], [ -119.294388797045912, 35.496257461387259 ], [ -119.294086443387343, 35.496256593559288 ], [ -119.293891423546, 35.496256032780501 ], [ -119.293895256637086, 35.496008625380341 ], [ -119.293899554599975, 35.495673537783794 ], [ -119.293902882002484, 35.495401640687994 ], [ -119.293907382486296, 35.495030758933993 ], [ -119.29390852265179, 35.494959370357236 ], [ -119.293909113886301, 35.494887979444997 ], [ -119.293912920468784, 35.494574197356059 ], [ -119.293916436727201, 35.494284685208648 ], [ -119.293919933399025, 35.493997011146107 ], [ -119.293923410707009, 35.493711119281201 ], [ -119.293926939071298, 35.493421190470016 ], [ -119.293927112925147, 35.493406888257702 ], [ -119.293910322392293, 35.493406746842574 ], [ -119.293910789701556, 35.493368305308124 ], [ -119.293927581342771, 35.49336844761288 ], [ -119.293931876282102, 35.493015259998614 ], [ -119.293935004065716, 35.492757511868732 ], [ -119.293935546230742, 35.492712413749899 ], [ -119.295069340997784, 35.492715598555506 ], [ -119.295068953202616, 35.492748558883939 ], [ -119.295060940845346, 35.493427659705077 ], [ -119.295056459110938, 35.493806741439833 ], [ -119.295051633792397, 35.494214667264053 ], [ -119.295046807338196, 35.494622593935638 ], [ -119.295041979734066, 35.495030520553293 ], [ -119.295037149892195, 35.495438448029844 ], [ -119.295032316753122, 35.495846379080547 ], [ -119.295027420884466, 35.496259286334833 ], [ -119.294993506501044, 35.496259189381192 ] ] ] } },
{ "type": "Feature", "properties": { "id": "p-00772", "input_id": "026-662-02", "source": "fd-00064", "demand": 1, "duct_group": 1, "duct_assignment": "5" }, "geometry": { "type": "Polygon", "coordinates": [ [ [ -119.293782529652205, 35.496618363143838 ], [ -119.293784089720958, 35.49625572408641 ], [ -119.293891423546, 35.496256032780501 ], [ -119.294086443387343, 35.496256593559288 ], [ -119.294084882462457, 35.496619233544955 ], [ -119.293782529652205, 35.496618363143838 ] ] ] } },
{ "type": "Feature", "properties": { "id": "p-00773", "input_id": "026-662-01", "source": "fd-00103", "demand": 1, "duct_group": 8, "duct_assignment": "3" }, "geometry": { "type": "Polygon", "coordinates": [ [ [ -119.293513771731071, 35.496617589128768 ], [ -119.293446818468183, 35.496562449771879 ], [ -119.293448141298057, 35.496254754928771 ], [ -119.293784089720958, 35.49625572408641 ], [ -119.293782529652205, 35.496618363143838 ], [ -119.293513771731071, 35.496617589128768 ] ] ] } },
{ "type": "Feature", "properties": { "id": "p-00774", "input_id": "026-661-29", "source": "fd-00058", "demand": 1, "duct_group": 0, "duct_assignment": "5" }, "geometry": { "type": "Polygon", "coordinates": [ [ [ -119.292935943752752, 35.496615918979053 ], [ -119.292937500944106, 35.496253280001575 ], [ -119.293273449369153, 35.496254251456101 ], [ -119.293272126973264, 35.496561945384606 ], [ -119.293204700589229, 35.496616696071676 ], [ -119.292935943752752, 35.496615918979053 ] ] ] } },
{ "type": "Feature", "properties": { "id": "p-00775", "input_id": "026-661-28", "source": "fd-00058", "demand": 1, "duct_group": 0, "duct_assignment": "3" }, "geometry": { "type": "Polygon", "coordinates": [ [ [ -119.292633590924254, 35.496615043048038 ], [ -119.292635148361597, 35.496252404987075 ], [ -119.292930774944452, 35.496253260619049 ], [ -119.292937500944106, 35.496253280001575 ], [ -119.292935943752752, 35.496615918979053 ], [ -119.292633590924254, 35.496615043048038 ] ] ] } },
{ "type": "Feature", "properties": { "id": "p-00776", "input_id": "026-661-27", "source": "fd-00059", "demand": 1, "duct_group": 0, "duct_assignment": "6" }, "geometry": { "type": "Polygon", "coordinates": [ [ [ -119.292331239204287, 35.496614166361681 ], [ -119.292332795771372, 35.496251528327569 ], [ -119.292617170466897, 35.496252352494146 ], [ -119.292635148361597, 35.496252404987075 ], [ -119.292633590924254, 35.496615043048038 ], [ -119.292331239204287, 35.496614166361681 ] ] ] } },
{ "type": "Feature", "properties": { "id": "p-00777", "input_id": "026-661-26", "source": "fd-00059", "demand": 1, "duct_group": 0, "duct_assignment": "7" }, "geometry": { "type": "Polygon", "coordinates": [ [ [ -119.292166594758285, 35.49661368906515 ], [ -119.292152836073043, 35.496612720770798 ], [ -119.292139457390391, 35.496609921810418 ], [ -119.29212682039568, 35.496605367852432 ], [ -119.292115266723073, 35.496599182010556 ], [ -119.292105108719468, 35.496591531515669 ], [ -119.292088694269253, 35.496578794589453 ], [ -119.292070335462753, 35.496567977370418 ], [ -119.292050365441426, 35.496559276149064 ], [ -119.292029146583744, 35.496552848818645 ], [ -119.292030443173417, 35.496250650023114 ], [ -119.292303567098301, 35.496251443557604 ], [ -119.292332795771372, 35.496251528327569 ], [ -119.292331239204287, 35.496614166361681 ], [ -119.292166594758285, 35.49661368906515 ] ] ] } },
{ "type": "Feature", "properties": { "id": "p-00778", "input_id": "026-622-41", "source": "fd-00157", "demand": 1, "duct_group": 7, "duct_assignment": "11" }, "geometry": { "type": "Polygon", "coordinates": [ [ [ -119.287387904499099, 35.496521564706974 ], [ -119.287337996745038, 35.496480286078594 ], [ -119.287340874697904, 35.496237490648305 ], [ -119.287528881431243, 35.49623801360103 ], [ -119.287589479210169, 35.496238182811396 ], [ -119.287588433525414, 35.496522048350442 ], [ -119.287387904499099, 35.496521564706974 ] ] ] } },
{ "type": "Feature", "properties": { "id": "p-00779", "input_id": "026-622-40", "source": "fd-00157", "demand": 1, "duct_group": 7, "duct_assignment": "12" }, "geometry": { "type": "Polygon", "coordinates": [ [ [ -119.287588433525414, 35.496522048350442 ], [ -119.287589479210169, 35.496238182811396 ], [ -119.287791049274404, 35.496238745348748 ], [ -119.287790070435975, 35.496522611999055 ], [ -119.287588433525414, 35.496522048350442 ] ] ] } },
{ "type": "Feature", "properties": { "id": "p-00780", "input_id": "026-622-39", "source": "fd-00156", "demand": 1, "duct_group": 7, "duct_assignment": "10" }, "geometry": { "type": "Polygon", "coordinates": [ [ [ -119.287790070435975, 35.496522611999055 ], [ -119.287791049274404, 35.496238745348748 ], [ -119.287847732942183, 35.496238904064583 ], [ -119.287992619355506, 35.496239308456722 ], [ -119.287991692372685, 35.496523204317931 ], [ -119.287790070435975, 35.496522611999055 ] ] ] } },
{ "type": "Feature", "properties": { "id": "p-00781", "input_id": "026-622-38", "source": "fd-00156", "demand": 1, "duct_group": 7, "duct_assignment": "9" }, "geometry": { "type": "Polygon", "coordinates": [ [ [ -119.287991692372685, 35.496523204317931 ], [ -119.287992619355506, 35.496239308456722 ], [ -119.288166584488209, 35.496239795503477 ], [ -119.288207626005857, 35.496239910678973 ], [ -119.288206744553108, 35.496523851141113 ], [ -119.287991692372685, 35.496523204317931 ] ] ] } },
{ "type": "Feature", "properties": { "id": "p-00782", "input_id": "026-622-37", "source": "fd-00155", "demand": 1, "duct_group": 7, "duct_assignment": "8" }, "geometry": { "type": "Polygon", "coordinates": [ [ [ -119.288206744553108, 35.496523851141113 ], [ -119.288207626005857, 35.496239910678973 ], [ -119.288409196135063, 35.496240475807511 ], [ -119.288408345924509, 35.496524466427978 ], [ -119.288206744553108, 35.496523851141113 ] ] ] } },
{ "type": "Feature", "properties": { "id": "p-00783", "input_id": "026-622-36", "source": "fd-00155", "demand": 1, "duct_group": 7, "duct_assignment": "7" }, "geometry": { "type": "Polygon", "coordinates": [ [ [ -119.288408345924509, 35.496524466427978 ], [ -119.288409196135063, 35.496240475807511 ], [ -119.28848543608359, 35.496240688818887 ], [ -119.288624202805536, 35.496241078202203 ], [ -119.28862338073327, 35.496525128929179 ], [ -119.288408345924509, 35.496524466427978 ] ] ] } },
{ "type": "Feature", "properties": { "id": "p-00784", "input_id": "026-622-35", "source": "fd-00154", "demand": 1, "duct_group": 7, "duct_assignment": "5" }, "geometry": { "type": "Polygon", "coordinates": [ [ [ -119.28862338073327, 35.496525128929179 ], [ -119.288624202805536, 35.496241078202203 ], [ -119.288804286612063, 35.496241583121176 ], [ -119.288825771852601, 35.496241643560353 ], [ -119.288824967925862, 35.496525752695206 ], [ -119.28862338073327, 35.496525128929179 ] ] ] } },
{ "type": "Feature", "properties": { "id": "p-00785", "input_id": "026-622-34", "source": "fd-00154", "demand": 1, "duct_group": 7, "duct_assignment": "6" }, "geometry": { "type": "Polygon", "coordinates": [ [ [ -119.289010089469883, 35.496526327079643 ], [ -119.288824967925862, 35.496525752695206 ], [ -119.288825771852601, 35.496241643560353 ], [ -119.289027340916505, 35.496242209489189 ], [ -119.289026555185359, 35.496525044795213 ], [ -119.28901836102078, 35.496526018222788 ], [ -119.289010089469883, 35.496526327079643 ] ] ] } },
{ "type": "Feature", "properties": { "id": "p-00786", "input_id": "026-622-33", "source": "fd-00153", "demand": 1, "duct_group": 7, "duct_assignment": "3" }, "geometry": { "type": "Polygon", "coordinates": [ [ [ -119.289027340916505, 35.496242209489189 ], [ -119.289123137175821, 35.496242478398763 ], [ -119.289282292399406, 35.496242924504067 ], [ -119.289260210714176, 35.496476579605371 ], [ -119.289217513574684, 35.496474872537149 ], [ -119.289174936859524, 35.496478000126494 ], [ -119.289133295210178, 35.496485902531667 ], [ -119.289093385377214, 35.496498428552044 ], [ -119.289055970976563, 35.496515338520858 ], [ -119.289046694550734, 35.496519583738603 ], [ -119.289036836629322, 35.496522836538709 ], [ -119.289026555185359, 35.496525044795213 ], [ -119.289027340916505, 35.496242209489189 ] ] ] } },
{ "type": "Feature", "properties": { "id": "p-00787", "input_id": "026-622-32", "source": "fd-00153", "demand": 1, "duct_group": 7, "duct_assignment": "4" }, "geometry": { "type": "Polygon", "coordinates": [ [ [ -119.289260210714176, 35.496476579605371 ], [ -119.289282292399406, 35.496242924504067 ], [ -119.289441987746457, 35.49624337284925 ], [ -119.289635038567269, 35.496243914476132 ], [ -119.289399564429729, 35.496519632276396 ], [ -119.289356177646638, 35.49649915503889 ], [ -119.289309316220923, 35.496484677423268 ], [ -119.289260210714176, 35.496476579605371 ] ] ] } },
{ "type": "Feature", "properties": { "id": "p-00788", "input_id": "026-622-31", "source": "fd-00152", "demand": 1, "duct_group": 7, "duct_assignment": "2" }, "geometry": { "type": "Polygon", "coordinates": [ [ [ -119.289399564429729, 35.496519632276396 ], [ -119.289635038567269, 35.496243914476132 ], [ -119.289760838338168, 35.496244267373811 ], [ -119.289823168898522, 35.496244441636712 ], [ -119.28982315948771, 35.496301861302285 ], [ -119.289822586036834, 35.496482151880116 ], [ -119.289496577327284, 35.496608534117968 ], [ -119.289470147841371, 35.496574813052113 ], [ -119.289437537320154, 35.49654492903381 ], [ -119.289399564429729, 35.496519632276396 ] ] ] } },
{ "type": "Feature", "properties": { "id": "p-00789", "input_id": "026-622-08", "source": "fd-00149", "demand": 1, "duct_group": 6, "duct_assignment": "9" }, "geometry": { "type": "Polygon", "coordinates": [ [ [ -119.291263924946534, 35.49653770630988 ], [ -119.291551450088122, 35.496249272914874 ], [ -119.291674172358171, 35.496249614730708 ], [ -119.291670171246153, 35.496572468161716 ], [ -119.291349679468183, 35.496628981138485 ], [ -119.291326926319357, 35.496595082179041 ], [ -119.291298116740663, 35.496564418033024 ], [ -119.291263924946534, 35.49653770630988 ] ] ] } },
{ "type": "Feature", "properties": { "id": "p-00790", "input_id": "026-622-09", "source": "fd-00150", "demand": 1, "duct_group": 6, "duct_assignment": "11" }, "geometry": { "type": "Polygon", "coordinates": [ [ [ -119.291126052134899, 35.496485006259142 ], [ -119.291143374870842, 35.496248135068846 ], [ -119.291355086964359, 35.496248725833404 ], [ -119.291551450088122, 35.496249272914874 ], [ -119.291263924946534, 35.49653770630988 ], [ -119.291221758179859, 35.496513959201891 ], [ -119.291175376351731, 35.496496230364464 ], [ -119.291126052134899, 35.496485006259142 ] ] ] } },
{ "type": "Feature", "properties": { "id": "p-00791", "input_id": "026-622-10", "source": "fd-00151", "demand": 1, "duct_group": 6, "duct_assignment": "12" }, "geometry": { "type": "Polygon", "coordinates": [ [ [ -119.290904852528797, 35.496247469490626 ], [ -119.291036237454222, 35.496247836334192 ], [ -119.291143374870842, 35.496248135068846 ], [ -119.291126052134899, 35.496485006259142 ], [ -119.291080163421441, 35.496480725456138 ], [ -119.291034007073222, 35.496482085696314 ], [ -119.290988614174438, 35.496489056593312 ], [ -119.290944998755009, 35.496501482424534 ], [ -119.290904135139044, 35.496519085609826 ], [ -119.290904852528797, 35.496247469490626 ] ] ] } },
{ "type": "Feature", "properties": { "id": "p-00792", "input_id": "026-622-11", "source": "fd-00131", "demand": 1, "duct_group": 2, "duct_assignment": "10" }, "geometry": { "type": "Polygon", "coordinates": [ [ [ -119.290854418685754, 35.496532072931103 ], [ -119.290689083874852, 35.496531558543111 ], [ -119.290689846884447, 35.4962468683701 ], [ -119.29071738795092, 35.49624694600783 ], [ -119.290904852528797, 35.496247469490626 ], [ -119.290904135139044, 35.496519085609826 ], [ -119.290900341486619, 35.49652106161448 ], [ -119.290889714993739, 35.496525830837498 ], [ -119.290878359577832, 35.496529299209641 ], [ -119.290866511851476, 35.496531394460412 ], [ -119.290854418685754, 35.496532072931103 ] ] ] } },
{ "type": "Feature", "properties": { "id": "p-00793", "input_id": "026-622-12", "source": "fd-00132", "demand": 1, "duct_group": 2, "duct_assignment": "11" }, "geometry": { "type": "Polygon", "coordinates": [ [ [ -119.290487515303568, 35.4965309322303 ], [ -119.290488277797721, 35.496246305167681 ], [ -119.290689846884447, 35.4962468683701 ], [ -119.290689083874852, 35.496531558543111 ], [ -119.290487515303568, 35.4965309322303 ] ] ] } },
{ "type": "Feature", "properties": { "id": "p-00794", "input_id": "026-622-13", "source": "fd-00132", "demand": 1, "duct_group": 2, "duct_assignment": "12" }, "geometry": { "type": "Polygon", "coordinates": [ [ [ -119.290467879481028, 35.496530870690286 ], [ -119.290453922006947, 35.496529872854182 ], [ -119.290440361476797, 35.496526991745014 ], [ -119.290427575130536, 35.496522307512279 ], [ -119.290415918670746, 35.496515950466424 ], [ -119.290405716367815, 35.496508097453827 ], [ -119.290386762636487, 35.496493434082076 ], [ -119.29036516577402, 35.496481461844503 ], [ -119.290341490970789, 35.496472494054338 ], [ -119.290316357796414, 35.496466765398466 ], [ -119.290290423985354, 35.496464425795644 ], [ -119.290264368224456, 35.496465536473167 ], [ -119.290264872940796, 35.496245679722456 ], [ -119.290398538440456, 35.496246053953044 ], [ -119.290488277797721, 35.496246305167681 ], [ -119.290487515303568, 35.4965309322303 ], [ -119.290467879481028, 35.496530870690286 ] ] ] } },
{ "type": "Feature", "properties": { "id": "p-00795", "input_id": "026-622-14", "source": "fd-00130", "demand": 1, "duct_group": 2, "duct_assignment": "8" }, "geometry": { "type": "Polygon", "coordinates": [ [ [ -119.28982315948771, 35.496301861302285 ], [ -119.289823168898522, 35.496244441636712 ], [ -119.290079687834833, 35.49624516108279 ], [ -119.290264872940796, 35.496245679722456 ], [ -119.290264368224456, 35.496465536473167 ], [ -119.290238486909885, 35.496470166067333 ], [ -119.29021388218986, 35.496478199501162 ], [ -119.290191218495764, 35.496489419838184 ], [ -119.290171107843804, 35.496503524081959 ], [ -119.290154093308189, 35.496520131358189 ], [ -119.28982315948771, 35.496301861302285 ] ] ] } },
{ "type": "Feature", "properties": { "id": "p-00796", "input_id": "026-622-15", "source": "fd-00130", "demand": 1, "duct_group": 2, "duct_assignment": "9" }, "geometry": { "type": "Polygon", "coordinates": [ [ [ -119.289821412236137, 35.496754130567041 ], [ -119.289822586036834, 35.496482151880116 ], [ -119.28982315948771, 35.496301861302285 ], [ -119.290154093308189, 35.496520131358189 ], [ -119.290141340993046, 35.496537620228729 ], [ -119.290132033030872, 35.496556506110473 ], [ -119.290126391353411, 35.496576338707932 ], [ -119.290124550477771, 35.496596645152977 ], [ -119.290126554298723, 35.496616941279044 ], [ -119.290132355041976, 35.496636743165325 ], [ -119.290141814402887, 35.496655578674833 ], [ -119.289821304121801, 35.496778006490047 ], [ -119.289821412236137, 35.496754130567041 ] ] ] } },
{ "type": "Feature", "properties": { "id": "p-00797", "input_id": "026-661-25", "source": "fd-00061", "demand": 1, "duct_group": 0, "duct_assignment": "11" }, "geometry": { "type": "Polygon", "coordinates": [ [ [ -119.291668792696598, 35.496683662200006 ], [ -119.291670171246153, 35.496572468161716 ], [ -119.291674172358171, 35.496249614730708 ], [ -119.291989962620505, 35.496250532931285 ], [ -119.292030443173417, 35.496250650023114 ], [ -119.292029146583744, 35.496552848818645 ], [ -119.292001442597225, 35.496548183568017 ], [ -119.291973174171218, 35.496547386166711 ], [ -119.291945142948904, 35.496550479227899 ], [ -119.291918143846928, 35.496557375037547 ], [ -119.291892942513314, 35.496567878042626 ], [ -119.291870253615059, 35.496581690395963 ], [ -119.291850720571858, 35.496598420402812 ], [ -119.291834897309599, 35.496617593628677 ], [ -119.291823232552119, 35.496638666353071 ], [ -119.291816057095858, 35.496661040988457 ], [ -119.291813574428872, 35.496684083026906 ], [ -119.291668792696598, 35.496683662200006 ] ] ] } },
{ "type": "Feature", "properties": { "id": "p-00798", "input_id": "026-452-05", "source": "fd-00706", "demand": 1, "duct_group": 4, "duct_assignment": "4" }, "geometry": { "type": "Polygon", "coordinates": [ [ [ -119.280803731806017, 35.492194006736604 ], [ -119.280804983106123, 35.491919290568163 ], [ -119.281006500841073, 35.491919876385175 ], [ -119.281005254552127, 35.492194588003521 ], [ -119.280803731806017, 35.492194006736604 ] ] ] } },
{ "type": "Feature", "properties": { "id": "p-00799", "input_id": "026-452-06", "source": "fd-00706", "demand": 1, "duct_group": 4, "duct_assignment": "3" }, "geometry": { "type": "Polygon", "coordinates": [ [ [ -119.281005254552127, 35.492194588003521 ], [ -119.281006500841073, 35.491919876385175 ], [ -119.281157643509985, 35.491920312781495 ], [ -119.281224570268463, 35.491975449168379 ], [ -119.281223580415286, 35.492195217311981 ], [ -119.281005254552127, 35.492194588003521 ] ] ] } },
{ "type": "Feature", "properties": { "id": "p-00800", "input_id": "026-452-01", "source": "fd-00628", "demand": 1, "duct_group": 0, "duct_assignment": "2" }, "geometry": { "type": "Polygon", "coordinates": [ [ [ -119.281004013750689, 35.49246929863353 ], [ -119.281005254552127, 35.492194588003521 ], [ -119.281223580415286, 35.492195217311981 ], [ -119.281222596080738, 35.492414986280416 ], [ -119.281155170667574, 35.492469735796206 ], [ -119.281004013750689, 35.49246929863353 ] ] ] } },
{ "type": "Feature", "properties": { "id": "p-00801", "input_id": "026-452-02", "source": "fd-00628", "demand": 1, "duct_group": 0, "duct_assignment": "1" }, "geometry": { "type": "Polygon", "coordinates": [ [ [ -119.280802474917451, 35.4924687184267 ], [ -119.280803731806017, 35.492194006736604 ], [ -119.281005254552127, 35.492194588003521 ], [ -119.281004013750689, 35.49246929863353 ], [ -119.280802474917451, 35.4924687184267 ] ] ] } },
{ "type": "Feature", "properties": { "id": "p-00802", "input_id": "026-451-08", "source": "fd-00707", "demand": 1, "duct_group": 4, "duct_assignment": "5" }, "geometry": { "type": "Polygon", "coordinates": [ [ [ -119.281425114201141, 35.492195798676782 ], [ -119.281426100223712, 35.491976031467338 ], [ -119.281493523977645, 35.491921283606317 ], [ -119.281644673291638, 35.49192172113716 ], [ -119.281643446738798, 35.492196430775415 ], [ -119.281425114201141, 35.492195798676782 ] ] ] } },
{ "type": "Feature", "properties": { "id": "p-00803", "input_id": "026-451-07", "source": "fd-00650", "demand": 1, "duct_group": 4, "duct_assignment": "1" }, "geometry": { "type": "Polygon", "coordinates": [ [ [ -119.281491074401984, 35.492470711816622 ], [ -119.281424137059403, 35.492415570281565 ], [ -119.281425114201141, 35.492195798676782 ], [ -119.281643446738798, 35.492196430775415 ], [ -119.281642231380175, 35.492471151985185 ], [ -119.281491074401984, 35.492470711816622 ] ] ] } },
{ "type": "Feature", "properties": { "id": "p-00804", "input_id": "026-452-04", "source": "fd-00705", "demand": 1, "duct_group": 4, "duct_assignment": "1" }, "geometry": { "type": "Polygon", "coordinates": [ [ [ -119.280602202366651, 35.492193419800799 ], [ -119.280602265019951, 35.492179683947541 ], [ -119.280603455414081, 35.49191870182041 ], [ -119.280804983106123, 35.491919290568163 ], [ -119.280803731806017, 35.492194006736604 ], [ -119.280602202366651, 35.492193419800799 ] ] ] } },
{ "type": "Feature", "properties": { "id": "p-00805", "input_id": "026-452-03", "source": "fd-00699", "demand": 1, "duct_group": 3, "duct_assignment": "2" }, "geometry": { "type": "Polygon", "coordinates": [ [ [ -119.280600938262964, 35.492468136063941 ], [ -119.2806009505817, 35.492465389436674 ], [ -119.280601635180304, 35.49231704251121 ], [ -119.280602202366651, 35.492193419800799 ], [ -119.280803731806017, 35.492194006736604 ], [ -119.280802474917451, 35.4924687184267 ], [ -119.280600938262964, 35.492468136063941 ] ] ] } },
{ "type": "Feature", "properties": { "id": "p-00806", "input_id": "026-451-05", "source": "fd-00651", "demand": 1, "duct_group": 4, "duct_assignment": "3" }, "geometry": { "type": "Polygon", "coordinates": [ [ [ -119.281843774759679, 35.49247173888017 ], [ -119.281844986096658, 35.492197014999235 ], [ -119.282046526601576, 35.492197601584785 ], [ -119.282045318156079, 35.492472326345784 ], [ -119.281843774759679, 35.49247173888017 ] ] ] } },
{ "type": "Feature", "properties": { "id": "p-00807", "input_id": "026-451-04", "source": "fd-00652", "demand": 1, "duct_group": 4, "duct_assignment": "4" }, "geometry": { "type": "Polygon", "coordinates": [ [ [ -119.282045318156079, 35.492472326345784 ], [ -119.282046526601576, 35.492197601584785 ], [ -119.282248070429361, 35.492198188706553 ], [ -119.282246862657459, 35.492472913469541 ], [ -119.282045318156079, 35.492472326345784 ] ] ] } },
{ "type": "Feature", "properties": { "id": "p-00808", "input_id": "026-451-03", "source": "fd-00652", "demand": 1, "duct_group": 4, "duct_assignment": "5" }, "geometry": { "type": "Polygon", "coordinates": [ [ [ -119.282246862657459, 35.492472913469541 ], [ -119.282248070429361, 35.492198188706553 ], [ -119.282268224269757, 35.492198247947044 ], [ -119.282449616506128, 35.492198778178569 ], [ -119.282448408277645, 35.492473501152475 ], [ -119.282246862657459, 35.492472913469541 ] ] ] } },
{ "type": "Feature", "properties": { "id": "p-00809", "input_id": "026-451-02", "source": "fd-00653", "demand": 1, "duct_group": 4, "duct_assignment": "6" }, "geometry": { "type": "Polygon", "coordinates": [ [ [ -119.282448408277645, 35.492473501152475 ], [ -119.282449616506128, 35.492198778178569 ], [ -119.28258210390436, 35.492199167726056 ], [ -119.282651171471912, 35.492199371734223 ], [ -119.282649956146955, 35.492474091185628 ], [ -119.282448408277645, 35.492473501152475 ] ] ] } },
{ "type": "Feature", "properties": { "id": "p-00810", "input_id": "026-451-01", "source": "fd-00653", "demand": 1, "duct_group": 4, "duct_assignment": "7" }, "geometry": { "type": "Polygon", "coordinates": [ [ [ -119.282649956146955, 35.492474091185628 ], [ -119.282651171471912, 35.492199371734223 ], [ -119.282855917491716, 35.492199984831871 ], [ -119.282852503880534, 35.492474693887381 ], [ -119.282649956146955, 35.492474091185628 ] ] ] } },
{ "type": "Feature", "properties": { "id": "p-00811", "input_id": "026-451-06", "source": "fd-00651", "demand": 1, "duct_group": 4, "duct_assignment": "2" }, "geometry": { "type": "Polygon", "coordinates": [ [ [ -119.281642231380175, 35.492471151985185 ], [ -119.281643446738798, 35.492196430775415 ], [ -119.281844986096658, 35.492197014999235 ], [ -119.281843774759679, 35.49247173888017 ], [ -119.281642231380175, 35.492471151985185 ] ] ] } },
{ "type": "Feature", "properties": { "id": "p-00812", "input_id": "026-410-06", "source": "fd-00498", "demand": 1, "duct_group": 0, "duct_assignment": "5" }, "geometry": { "type": "Polygon", "coordinates": [ [ [ -119.283747198186745, 35.493479370670613 ], [ -119.283748781374427, 35.493149185637208 ], [ -119.283950403284948, 35.493149820554699 ], [ -119.283948815340807, 35.493480002043263 ], [ -119.283747198186745, 35.493479370670613 ] ] ] } },
{ "type": "Feature", "properties": { "id": "p-00813", "input_id": "026-410-01", "source": "fd-00496", "demand": 1, "duct_group": 0, "duct_assignment": "2" }, "geometry": { "type": "Polygon", "coordinates": [ [ [ -119.284755286276649, 35.493482529610979 ], [ -119.284756892018024, 35.493152354202124 ], [ -119.284959588608515, 35.493152990652113 ], [ -119.284956080084825, 35.493428584079439 ], [ -119.284954946617205, 35.493438074823338 ], [ -119.284951822286786, 35.493447261885606 ], [ -119.284946801975536, 35.49345586935393 ], [ -119.284940035932834, 35.493463637862853 ], [ -119.284931728786319, 35.493470331815985 ], [ -119.284922130909166, 35.493475751193365 ], [ -119.284911530720095, 35.493479732534148 ], [ -119.284900247068251, 35.493482155325495 ], [ -119.284888622691341, 35.493482946577792 ], [ -119.284755286276649, 35.493482529610979 ] ] ] } },
{ "type": "Feature", "properties": { "id": "p-00814", "input_id": "026-410-02", "source": "fd-00496", "demand": 1, "duct_group": 0, "duct_assignment": "1" }, "geometry": { "type": "Polygon", "coordinates": [ [ [ -119.284553669082015, 35.493481897758798 ], [ -119.284555270109095, 35.493151721508781 ], [ -119.284756892018024, 35.493152354202124 ], [ -119.284755286276649, 35.493482529610979 ], [ -119.284553669082015, 35.493481897758798 ] ] ] } },
{ "type": "Feature", "properties": { "id": "p-00815", "input_id": "026-410-03", "source": "fd-00497", "demand": 1, "duct_group": 0, "duct_assignment": "4" }, "geometry": { "type": "Polygon", "coordinates": [ [ [ -119.28435205081658, 35.493481267389839 ], [ -119.284353647101355, 35.493151088496262 ], [ -119.284555270109095, 35.493151721508781 ], [ -119.284553669082015, 35.493481897758798 ], [ -119.28435205081658, 35.493481267389839 ] ] ] } },
{ "type": "Feature", "properties": { "id": "p-00816", "input_id": "026-410-04", "source": "fd-00497", "demand": 1, "duct_group": 0, "duct_assignment": "3" }, "geometry": { "type": "Polygon", "coordinates": [ [ [ -119.284150432526204, 35.493480634887661 ], [ -119.28415202518454, 35.493150454240244 ], [ -119.284353647101355, 35.493151088496262 ], [ -119.28435205081658, 35.493481267389839 ], [ -119.284150432526204, 35.493480634887661 ] ] ] } },
{ "type": "Feature", "properties": { "id": "p-00817", "input_id": "026-410-05", "source": "fd-00498", "demand": 1, "duct_group": 0, "duct_assignment": "6" }, "geometry": { "type": "Polygon", "coordinates": [ [ [ -119.283948815340807, 35.493480002043263 ], [ -119.283950403284948, 35.493149820554699 ], [ -119.28415202518454, 35.493150454240244 ], [ -119.284150432526204, 35.493480634887661 ], [ -119.283948815340807, 35.493480002043263 ] ] ] } },
{ "type": "Feature", "properties": { "id": "p-00818", "input_id": "026-691-03", "source": "fd-00705", "demand": 1, "duct_group": 4, "duct_assignment": "2" }, "geometry": { "type": "Polygon", "coordinates": [ [ [ -119.280434342925929, 35.492179192730767 ], [ -119.280435580903941, 35.491907221412923 ], [ -119.2806035057624, 35.491907713494847 ], [ -119.280603455414081, 35.49191870182041 ], [ -119.280602265019951, 35.492179683947541 ], [ -119.280434342925929, 35.492179192730767 ] ] ] } },
{ "type": "Feature", "properties": { "id": "p-00819", "input_id": "026-484-15", "source": "fd-00654", "demand": 1, "duct_group": 4, "duct_assignment": "8" }, "geometry": { "type": "Polygon", "coordinates": [ [ [ -119.282852503880534, 35.492474693887381 ], [ -119.282855917491716, 35.492199984831871 ], [ -119.282856600917398, 35.49214504589424 ], [ -119.282920235653251, 35.492145585886909 ], [ -119.283091766934731, 35.492147041964799 ], [ -119.283087565449961, 35.492475375053452 ], [ -119.282852503880534, 35.492474693887381 ] ] ] } },
{ "type": "Feature", "properties": { "id": "p-00820", "input_id": "026-484-05", "source": "fd-00456", "demand": 1, "duct_group": 3, "duct_assignment": "6" }, "geometry": { "type": "Polygon", "coordinates": [ [ [ -119.283091766934731, 35.492147041964799 ], [ -119.282920235653251, 35.492145585886909 ], [ -119.283317572487164, 35.491802270440964 ], [ -119.283355575667343, 35.491827115406466 ], [ -119.28339809074312, 35.491846461835799 ], [ -119.283443940220621, 35.491859773910683 ], [ -119.28335057399687, 35.492149236905107 ], [ -119.283091766934731, 35.492147041964799 ] ] ] } },
{ "type": "Feature", "properties": { "id": "p-00821", "input_id": "026-691-04", "source": "fd-00688", "demand": 1, "duct_group": 1, "duct_assignment": "5" }, "geometry": { "type": "Polygon", "coordinates": [ [ [ -119.280266427431741, 35.492178700314433 ], [ -119.280267660455408, 35.491906729055621 ], [ -119.280435580903941, 35.491907221412923 ], [ -119.280434342925929, 35.492179192730767 ], [ -119.280266427431741, 35.492178700314433 ] ] ] } },
{ "type": "Feature", "properties": { "id": "p-00822", "input_id": "026-692-02", "source": "fd-00689", "demand": 1, "duct_group": 1, "duct_assignment": "8" }, "geometry": { "type": "Polygon", "coordinates": [ [ [ -119.280268306651578, 35.491763874603663 ], [ -119.280269610504476, 35.491474868314185 ], [ -119.280490866454585, 35.491475517956786 ], [ -119.280489561161502, 35.491764523370271 ], [ -119.280268306651578, 35.491763874603663 ] ] ] } },
{ "type": "Feature", "properties": { "id": "p-00823", "input_id": "026-451-09", "source": "fd-00707", "demand": 1, "duct_group": 4, "duct_assignment": "6" }, "geometry": { "type": "Polygon", "coordinates": [ [ [ -119.281643446738798, 35.492196430775415 ], [ -119.281644673291638, 35.49192172113716 ], [ -119.281846208670174, 35.491922305393523 ], [ -119.281844986096658, 35.492197014999235 ], [ -119.281643446738798, 35.492196430775415 ] ] ] } },
{ "type": "Feature", "properties": { "id": "p-00824", "input_id": "026-451-10", "source": "fd-00629", "demand": 1, "duct_group": 1, "duct_assignment": "1" }, "geometry": { "type": "Polygon", "coordinates": [ [ [ -119.281844986096658, 35.492197014999235 ], [ -119.281846208670174, 35.491922305393523 ], [ -119.282047746283524, 35.491922891098852 ], [ -119.282046526601576, 35.492197601584785 ], [ -119.281844986096658, 35.492197014999235 ] ] ] } },
{ "type": "Feature", "properties": { "id": "p-00825", "input_id": "026-451-11", "source": "fd-00708", "demand": 1, "duct_group": 4, "duct_assignment": "8" }, "geometry": { "type": "Polygon", "coordinates": [ [ [ -119.282248070429361, 35.492198188706553 ], [ -119.282046526601576, 35.492197601584785 ], [ -119.282047746283524, 35.491922891098852 ], [ -119.28206020116086, 35.491922927026934 ], [ -119.282074274659237, 35.491923939745391 ], [ -119.282087941386493, 35.491926867697146 ], [ -119.282100814501987, 35.491931628005595 ], [ -119.282138893258519, 35.491946397869896 ], [ -119.282179019777601, 35.491956935187851 ], [ -119.282220494225484, 35.491963056181326 ], [ -119.282262593258963, 35.491964654095987 ], [ -119.282268224269757, 35.492198247947044 ], [ -119.282248070429361, 35.492198188706553 ] ] ] } },
{ "type": "Feature", "properties": { "id": "p-00826", "input_id": "026-451-12", "source": "fd-00708", "demand": 1, "duct_group": 4, "duct_assignment": "7" }, "geometry": { "type": "Polygon", "coordinates": [ [ [ -119.282449616506128, 35.492198778178569 ], [ -119.282268224269757, 35.492198247947044 ], [ -119.282262593258963, 35.491964654095987 ], [ -119.282312685977772, 35.491960599495918 ], [ -119.282361375338184, 35.491950151509727 ], [ -119.282407449185214, 35.491933570247213 ], [ -119.28258210390436, 35.492199167726056 ], [ -119.282449616506128, 35.492198778178569 ] ] ] } },
{ "type": "Feature", "properties": { "id": "p-00827", "input_id": "026-451-13", "source": "fd-00709", "demand": 1, "duct_group": 4, "duct_assignment": "10" }, "geometry": { "type": "Polygon", "coordinates": [ [ [ -119.282651171471912, 35.492199371734223 ], [ -119.28258210390436, 35.492199167726056 ], [ -119.282407449185214, 35.491933570247213 ], [ -119.282449765800294, 35.491911277182993 ], [ -119.282487268223761, 35.491883818180803 ], [ -119.282519022856761, 35.491851876818643 ], [ -119.282857869003479, 35.492042964167339 ], [ -119.282856600917398, 35.49214504589424 ], [ -119.282855917491716, 35.492199984831871 ], [ -119.282651171471912, 35.492199371734223 ] ] ] } },
{ "type": "Feature", "properties": { "id": "p-00828", "input_id": "026-453-15", "source": "fd-00691", "demand": 1, "duct_group": 1, "duct_assignment": "12" }, "geometry": { "type": "Polygon", "coordinates": [ [ [ -119.280910034575726, 35.49175476411795 ], [ -119.280911289227575, 35.491476749718743 ], [ -119.281110422962726, 35.49147733045578 ], [ -119.281109168942208, 35.491755342153283 ], [ -119.280910034575726, 35.49175476411795 ] ] ] } },
{ "type": "Feature", "properties": { "id": "p-00829", "input_id": "026-453-14", "source": "fd-00691", "demand": 1, "duct_group": 1, "duct_assignment": "11" }, "geometry": { "type": "Polygon", "coordinates": [ [ [ -119.281109168942208, 35.491755342153283 ], [ -119.281110422962726, 35.49147733045578 ], [ -119.281309558876586, 35.491477909044725 ], [ -119.281308307719399, 35.491755919819987 ], [ -119.281109168942208, 35.491755342153283 ] ] ] } },
{ "type": "Feature", "properties": { "id": "p-00830", "input_id": "026-453-13", "source": "fd-00655", "demand": 1, "duct_group": 5, "duct_assignment": "2" }, "geometry": { "type": "Polygon", "coordinates": [ [ [ -119.281308307719399, 35.491755919819987 ], [ -119.281309558876586, 35.491477909044725 ], [ -119.2815086981132, 35.491478488177854 ], [ -119.281507449791235, 35.491756496228355 ], [ -119.281308307719399, 35.491755919819987 ] ] ] } },
{ "type": "Feature", "properties": { "id": "p-00831", "input_id": "026-453-16", "source": "fd-00690", "demand": 1, "duct_group": 1, "duct_assignment": "10" }, "geometry": { "type": "Polygon", "coordinates": [ [ [ -119.280710903475807, 35.491754183021811 ], [ -119.280712159889077, 35.491476167711845 ], [ -119.280911289227575, 35.491476749718743 ], [ -119.280910034575726, 35.49175476411795 ], [ -119.280710903475807, 35.491754183021811 ] ] ] } },
{ "type": "Feature", "properties": { "id": "p-00832", "input_id": "026-451-15", "source": "fd-00710", "demand": 1, "duct_group": 4, "duct_assignment": "12" }, "geometry": { "type": "Polygon", "coordinates": [ [ [ -119.282572738046539, 35.491737561390991 ], [ -119.282575308628566, 35.491696436434147 ], [ -119.282569938049335, 35.491655492693404 ], [ -119.282556760015893, 35.491615749423403 ], [ -119.282536102593127, 35.491578195993021 ], [ -119.282532774217188, 35.491572657096931 ], [ -119.282530067276966, 35.491566896196858 ], [ -119.282863774211677, 35.491567877832018 ], [ -119.282863627096262, 35.491579637851927 ], [ -119.282861280829167, 35.491768425443979 ], [ -119.282572738046539, 35.491737561390991 ] ] ] } },
{ "type": "Feature", "properties": { "id": "p-00833", "input_id": "026-451-14", "source": "fd-00709", "demand": 1, "duct_group": 4, "duct_assignment": "9" }, "geometry": { "type": "Polygon", "coordinates": [ [ [ -119.282519022856761, 35.491851876818643 ], [ -119.282544240047571, 35.491816252601375 ], [ -119.282562294815961, 35.49177782885252 ], [ -119.282572738046539, 35.491737561390991 ], [ -119.282861280829167, 35.491768425443979 ], [ -119.282860855361761, 35.491802675059432 ], [ -119.282857869003479, 35.492042964167339 ], [ -119.282519022856761, 35.491851876818643 ] ] ] } },
{ "type": "Feature", "properties": { "id": "p-00834", "input_id": "026-484-14", "source": "fd-00654", "demand": 1, "duct_group": 4, "duct_assignment": "9" }, "geometry": { "type": "Polygon", "coordinates": [ [ [ -119.283087565449961, 35.492475375053452 ], [ -119.283091766934731, 35.492147041964799 ], [ -119.28335057399687, 35.492149236905107 ], [ -119.283411042936862, 35.49214975021065 ], [ -119.283406874429986, 35.49247630185512 ], [ -119.283087565449961, 35.492475375053452 ] ] ] } },
{ "type": "Feature", "properties": { "id": "p-00835", "input_id": "026-484-04", "source": "fd-00456", "demand": 1, "duct_group": 3, "duct_assignment": "5" }, "geometry": { "type": "Polygon", "coordinates": [ [ [ -119.282856600917398, 35.49214504589424 ], [ -119.282857869003479, 35.492042964167339 ], [ -119.282860855361761, 35.491802675059432 ], [ -119.283240386975891, 35.491702246373222 ], [ -119.283259171146995, 35.491738954717917 ], [ -119.283285139412087, 35.491772606782163 ], [ -119.283317572487164, 35.491802270440964 ], [ -119.282920235653251, 35.492145585886909 ], [ -119.282856600917398, 35.49214504589424 ] ] ] } },
{ "type": "Feature", "properties": { "id": "p-00836", "input_id": "026-692-03", "source": "fd-00690", "demand": 1, "duct_group": 1, "duct_assignment": "9" }, "geometry": { "type": "Polygon", "coordinates": [ [ [ -119.280489561161502, 35.491764523370271 ], [ -119.280490866454585, 35.491475517956786 ], [ -119.280712159889077, 35.491476167711845 ], [ -119.280710903475807, 35.491754183021811 ], [ -119.280604202825018, 35.491753870703455 ], [ -119.280604153592904, 35.491764859919456 ], [ -119.280489561161502, 35.491764523370271 ] ] ] } },
{ "type": "Feature", "properties": { "id": "p-00837", "input_id": "026-484-03", "source": "fd-00448", "demand": 1, "duct_group": 2, "duct_assignment": "1" }, "geometry": { "type": "Polygon", "coordinates": [ [ [ -119.282861280829167, 35.491768425443979 ], [ -119.282863627096262, 35.491579637851927 ], [ -119.283231642167664, 35.491582764394131 ], [ -119.283226290312115, 35.491622805541304 ], [ -119.28322923308319, 35.491663013238025 ], [ -119.283240386975891, 35.491702246373222 ], [ -119.282860855361761, 35.491802675059432 ], [ -119.282861280829167, 35.491768425443979 ] ] ] } },
{ "type": "Feature", "properties": { "id": "p-00838", "input_id": "026-481-07", "source": "fd-00459", "demand": 1, "duct_group": 4, "duct_assignment": "1" }, "geometry": { "type": "Polygon", "coordinates": [ [ [ -119.284649978302227, 35.492479902349451 ], [ -119.284654018808439, 35.492160286255533 ], [ -119.284855582347419, 35.492161993815252 ], [ -119.284851562526015, 35.492480485688517 ], [ -119.284649978302227, 35.492479902349451 ] ] ] } },
{ "type": "Feature", "properties": { "id": "p-00839", "input_id": "026-481-08", "source": "fd-00459", "demand": 1, "duct_group": 4, "duct_assignment": "2" }, "geometry": { "type": "Polygon", "coordinates": [ [ [ -119.284499247842547, 35.492479466830162 ], [ -119.284488695240441, 35.492478754603901 ], [ -119.284478410500668, 35.492476695369675 ], [ -119.28446864905726, 35.492473340270969 ], [ -119.284459653347668, 35.492468772635839 ], [ -119.28445164679124, 35.492463105907092 ], [ -119.284444828240382, 35.49245648082487 ], [ -119.284439367041713, 35.49244906193114 ], [ -119.284435398830396, 35.49244103348309 ], [ -119.284433022161323, 35.492432594876895 ], [ -119.284432296061382, 35.492423955695422 ], [ -119.284435658418502, 35.492158436625964 ], [ -119.284654018808439, 35.492160286255533 ], [ -119.284649978302227, 35.492479902349451 ], [ -119.284499247842547, 35.492479466830162 ] ] ] } },
{ "type": "Feature", "properties": { "id": "p-00840", "input_id": "026-484-10", "source": "fd-00477", "demand": 1, "duct_group": 7, "duct_assignment": "1" }, "geometry": { "type": "Polygon", "coordinates": [ [ [ -119.284011628130742, 35.492478055182964 ], [ -119.284015733409944, 35.492154877112277 ], [ -119.284234094896917, 35.492156728377594 ], [ -119.284230702742022, 35.492424120810774 ], [ -119.284229569399812, 35.492433612267092 ], [ -119.28422644650324, 35.492442800517551 ], [ -119.284221428117533, 35.492451408799631 ], [ -119.284214665402757, 35.492459177820052 ], [ -119.284206362060786, 35.492465873565237 ], [ -119.284196768199379, 35.492471294350054 ], [ -119.28418617279884, 35.492475276892925 ], [ -119.284174895007297, 35.492477701234144 ], [ -119.284163274527629, 35.492478494349079 ], [ -119.284011628130742, 35.492478055182964 ] ] ] } },
{ "type": "Feature", "properties": { "id": "p-00841", "input_id": "026-484-11", "source": "fd-00477", "demand": 1, "duct_group": 7, "duct_assignment": "2" }, "geometry": { "type": "Polygon", "coordinates": [ [ [ -119.283810043933016, 35.492477471367593 ], [ -119.283814169919921, 35.492153169076445 ], [ -119.284015733409944, 35.492154877112277 ], [ -119.284011628130742, 35.492478055182964 ], [ -119.283810043933016, 35.492477471367593 ] ] ] } },
{ "type": "Feature", "properties": { "id": "p-00842", "input_id": "026-481-10", "source": "fd-00471", "demand": 1, "duct_group": 6, "duct_assignment": "3" }, "geometry": { "type": "Polygon", "coordinates": [ [ [ -119.284654018808439, 35.492160286255533 ], [ -119.284657838177154, 35.49185811681545 ], [ -119.284859396581538, 35.491859825316425 ], [ -119.284855582347419, 35.492161993815252 ], [ -119.284654018808439, 35.492160286255533 ] ] ] } },
{ "type": "Feature", "properties": { "id": "p-00843", "input_id": "026-481-09", "source": "fd-00470", "demand": 1, "duct_group": 6, "duct_assignment": "1" }, "geometry": { "type": "Polygon", "coordinates": [ [ [ -119.284435658418502, 35.492158436625964 ], [ -119.28443878851057, 35.491911206225765 ], [ -119.284439725190083, 35.491902618264795 ], [ -119.284442293034246, 35.491894255872928 ], [ -119.284446428813482, 35.49188632496071 ], [ -119.284452030690545, 35.491879020814025 ], [ -119.284458960727861, 35.491872523285778 ], [ -119.284467048284199, 35.49186699236693 ], [ -119.284476094216444, 35.491862564247505 ], [ -119.28448587578319, 35.491859347962617 ], [ -119.284496152129208, 35.491857422708073 ], [ -119.284506670216373, 35.491856835890061 ], [ -119.284657838177154, 35.49185811681545 ], [ -119.284654018808439, 35.492160286255533 ], [ -119.284435658418502, 35.492158436625964 ] ] ] } },
{ "type": "Feature", "properties": { "id": "p-00844", "input_id": "026-484-08", "source": "fd-00454", "demand": 1, "duct_group": 3, "duct_assignment": "1" }, "geometry": { "type": "Polygon", "coordinates": [ [ [ -119.283814169919921, 35.492153169076445 ], [ -119.283818015446343, 35.491850994913754 ], [ -119.284019572713902, 35.491852704803463 ], [ -119.284015733409944, 35.492154877112277 ], [ -119.283814169919921, 35.492153169076445 ] ] ] } },
{ "type": "Feature", "properties": { "id": "p-00845", "input_id": "026-484-09", "source": "fd-00454", "demand": 1, "duct_group": 3, "duct_assignment": "2" }, "geometry": { "type": "Polygon", "coordinates": [ [ [ -119.284015733409944, 35.492154877112277 ], [ -119.284019572713902, 35.491852704803463 ], [ -119.284170740673545, 35.49185398722922 ], [ -119.284181241696487, 35.491854752217485 ], [ -119.284191467106254, 35.491856851272296 ], [ -119.284201165116187, 35.49186023270731 ], [ -119.284210096926245, 35.491864813259333 ], [ -119.284218042602816, 35.491870480138687 ], [ -119.284224806494365, 35.491877093806316 ], [ -119.28423022204899, 35.491884491409621 ], [ -119.28423415591574, 35.491892490792758 ], [ -119.284236511228031, 35.491900894981796 ], [ -119.284237229988932, 35.491909497035039 ], [ -119.284234094896917, 35.492156728377594 ], [ -119.284015733409944, 35.492154877112277 ] ] ] } },
{ "type": "Feature", "properties": { "id": "p-00846", "input_id": "026-484-12", "source": "fd-00478", "demand": 1, "duct_group": 7, "duct_assignment": "3" }, "geometry": { "type": "Polygon", "coordinates": [ [ [ -119.283608458622041, 35.492476886331822 ], [ -119.283612606424185, 35.492151459808873 ], [ -119.283814169919921, 35.492153169076445 ], [ -119.283810043933016, 35.492477471367593 ], [ -119.283608458622041, 35.492476886331822 ] ] ] } },
{ "type": "Feature", "properties": { "id": "p-00847", "input_id": "026-484-13", "source": "fd-00478", "demand": 1, "duct_group": 7, "duct_assignment": "4" }, "geometry": { "type": "Polygon", "coordinates": [ [ [ -119.283406874429986, 35.49247630185512 ], [ -119.283411042936862, 35.49214975021065 ], [ -119.283612606424185, 35.492151459808873 ], [ -119.283608458622041, 35.492476886331822 ], [ -119.283406874429986, 35.49247630185512 ] ] ] } },
{ "type": "Feature", "properties": { "id": "p-00848", "input_id": "026-484-07", "source": "fd-00455", "demand": 1, "duct_group": 3, "duct_assignment": "4" }, "geometry": { "type": "Polygon", "coordinates": [ [ [ -119.283612606424185, 35.492151459808873 ], [ -119.28361639943472, 35.491853850789866 ], [ -119.283617311162303, 35.491853584374432 ], [ -119.283626852333214, 35.491851291724871 ], [ -119.283636657965658, 35.491849937453452 ], [ -119.283646590587196, 35.491849540546816 ], [ -119.283818015446343, 35.491850994913754 ], [ -119.283814169919921, 35.492153169076445 ], [ -119.283612606424185, 35.492151459808873 ] ] ] } },
{ "type": "Feature", "properties": { "id": "p-00849", "input_id": "026-484-06", "source": "fd-00455", "demand": 1, "duct_group": 3, "duct_assignment": "3" }, "geometry": { "type": "Polygon", "coordinates": [ [ [ -119.283411042936862, 35.49214975021065 ], [ -119.28335057399687, 35.492149236905107 ], [ -119.283443940220621, 35.491859773910683 ], [ -119.283486975499613, 35.491866282854815 ], [ -119.283530716726744, 35.49186746294275 ], [ -119.283574182962496, 35.491863287709883 ], [ -119.28361639943472, 35.491853850789866 ], [ -119.283612606424185, 35.492151459808873 ], [ -119.283411042936862, 35.49214975021065 ] ] ] } },
{ "type": "Feature", "properties": { "id": "p-00850", "input_id": "026-481-01", "source": "fd-00462", "demand": 1, "duct_group": 4, "duct_assignment": "7" }, "geometry": { "type": "Polygon", "coordinates": [ [ [ -119.285859483631299, 35.492483393819391 ], [ -119.285863402357833, 35.492170525731176 ], [ -119.286075888650501, 35.492172323424207 ], [ -119.286071991862286, 35.492484005984934 ], [ -119.285859483631299, 35.492483393819391 ] ] ] } },
{ "type": "Feature", "properties": { "id": "p-00851", "input_id": "026-481-02", "source": "fd-00462", "demand": 1, "duct_group": 4, "duct_assignment": "8" }, "geometry": { "type": "Polygon", "coordinates": [ [ [ -119.28565789940734, 35.492482813034684 ], [ -119.285661837675008, 35.492168819835776 ], [ -119.285863402357833, 35.492170525731176 ], [ -119.285859483631299, 35.492483393819391 ], [ -119.28565789940734, 35.492482813034684 ] ] ] } },
{ "type": "Feature", "properties": { "id": "p-00852", "input_id": "026-481-03", "source": "fd-00461", "demand": 1, "duct_group": 4, "duct_assignment": "5" }, "geometry": { "type": "Polygon", "coordinates": [ [ [ -119.285456315186252, 35.492482231919411 ], [ -119.285460274102519, 35.492167113598292 ], [ -119.285661837675008, 35.492168819835776 ], [ -119.28565789940734, 35.492482813034684 ], [ -119.285456315186252, 35.492482231919411 ] ] ] } },
{ "type": "Feature", "properties": { "id": "p-00853", "input_id": "026-481-04", "source": "fd-00461", "demand": 1, "duct_group": 4, "duct_assignment": "6" }, "geometry": { "type": "Polygon", "coordinates": [ [ [ -119.285254730953952, 35.49248164957222 ], [ -119.285258710552498, 35.492165407931502 ], [ -119.285460274102519, 35.492167113598292 ], [ -119.285456315186252, 35.492482231919411 ], [ -119.285254730953952, 35.49248164957222 ] ] ] } },
{ "type": "Feature", "properties": { "id": "p-00854", "input_id": "026-481-05", "source": "fd-00460", "demand": 1, "duct_group": 4, "duct_assignment": "4" }, "geometry": { "type": "Polygon", "coordinates": [ [ [ -119.285053146738548, 35.492481067795687 ], [ -119.28505714589474, 35.49216370104439 ], [ -119.285258710552498, 35.492165407931502 ], [ -119.285254730953952, 35.49248164957222 ], [ -119.285053146738548, 35.492481067795687 ] ] ] } },
{ "type": "Feature", "properties": { "id": "p-00855", "input_id": "026-481-16", "source": "fd-00475", "demand": 1, "duct_group": 6, "duct_assignment": "9" }, "geometry": { "type": "Polygon", "coordinates": [ [ [ -119.285863402357833, 35.492170525731176 ], [ -119.285866520971268, 35.491921426812581 ], [ -119.285895533225627, 35.491923548152592 ], [ -119.285924557343634, 35.491921538286419 ], [ -119.285952720426579, 35.491915457660681 ], [ -119.285979175471624, 35.491905489149836 ], [ -119.28600312684587, 35.491891932556157 ], [ -119.286023854214989, 35.491875195592975 ], [ -119.28604073420756, 35.491855781622895 ], [ -119.286053259162586, 35.491834274518681 ], [ -119.286061052397329, 35.491811321103448 ], [ -119.286063879535519, 35.491787611697561 ], [ -119.286080695083541, 35.49178775482072 ], [ -119.286075888650501, 35.492172323424207 ], [ -119.285863402357833, 35.492170525731176 ] ] ] } },
{ "type": "Feature", "properties": { "id": "p-00856", "input_id": "026-481-15", "source": "fd-00475", "demand": 1, "duct_group": 6, "duct_assignment": "10" }, "geometry": { "type": "Polygon", "coordinates": [ [ [ -119.285661837675008, 35.492168819835776 ], [ -119.285665626976879, 35.49186665604951 ], [ -119.285723593515371, 35.491867147521447 ], [ -119.285736094113119, 35.491868019091484 ], [ -119.285748296495015, 35.491870403828933 ], [ -119.285759928379463, 35.491874248521249 ], [ -119.285770730214921, 35.49187946737873 ], [ -119.285780460971111, 35.49188594394878 ], [ -119.285799366364827, 35.491898580609828 ], [ -119.285820312210234, 35.491908842076008 ], [ -119.285842855877547, 35.491916511500698 ], [ -119.285866520971268, 35.491921426812581 ], [ -119.285863402357833, 35.492170525731176 ], [ -119.285661837675008, 35.492168819835776 ] ] ] } },
{ "type": "Feature", "properties": { "id": "p-00857", "input_id": "026-481-14", "source": "fd-00473", "demand": 1, "duct_group": 6, "duct_assignment": "6" }, "geometry": { "type": "Polygon", "coordinates": [ [ [ -119.285460274102519, 35.492167113598292 ], [ -119.28546406964098, 35.491864948859146 ], [ -119.285665626976879, 35.49186665604951 ], [ -119.285661837675008, 35.492168819835776 ], [ -119.285460274102519, 35.492167113598292 ] ] ] } },
{ "type": "Feature", "properties": { "id": "p-00858", "input_id": "026-481-13", "source": "fd-00473", "demand": 1, "duct_group": 6, "duct_assignment": "5" }, "geometry": { "type": "Polygon", "coordinates": [ [ [ -119.285258710552498, 35.492165407931502 ], [ -119.285262512313452, 35.491863241338287 ], [ -119.28546406964098, 35.491864948859146 ], [ -119.285460274102519, 35.492167113598292 ], [ -119.285258710552498, 35.492165407931502 ] ] ] } },
{ "type": "Feature", "properties": { "id": "p-00859", "input_id": "026-481-12", "source": "fd-00472", "demand": 1, "duct_group": 6, "duct_assignment": "4" }, "geometry": { "type": "Polygon", "coordinates": [ [ [ -119.28505714589474, 35.49216370104439 ], [ -119.285060953892355, 35.491861533498394 ], [ -119.285262512313452, 35.491863241338287 ], [ -119.285258710552498, 35.492165407931502 ], [ -119.28505714589474, 35.49216370104439 ] ] ] } },
{ "type": "Feature", "properties": { "id": "p-00860", "input_id": "026-481-11", "source": "fd-00471", "demand": 1, "duct_group": 6, "duct_assignment": "2" }, "geometry": { "type": "Polygon", "coordinates": [ [ [ -119.284855582347419, 35.492161993815252 ], [ -119.284859396581538, 35.491859825316425 ], [ -119.285060953892355, 35.491861533498394 ], [ -119.28505714589474, 35.49216370104439 ], [ -119.284855582347419, 35.492161993815252 ] ] ] } },
{ "type": "Feature", "properties": { "id": "p-00861", "input_id": "026-481-06", "source": "fd-00460", "demand": 1, "duct_group": 4, "duct_assignment": "3" }, "geometry": { "type": "Polygon", "coordinates": [ [ [ -119.284851562526015, 35.492480485688517 ], [ -119.284855582347419, 35.492161993815252 ], [ -119.28505714589474, 35.49216370104439 ], [ -119.285053146738548, 35.492481067795687 ], [ -119.284851562526015, 35.492480485688517 ] ] ] } },
{ "type": "Feature", "properties": { "id": "p-00862", "input_id": "026-472-10", "source": "fd-00784", "demand": 1, "duct_group": 6, "duct_assignment": "9" }, "geometry": { "type": "Polygon", "coordinates": [ [ [ -119.280355357363476, 35.490203926269608 ], [ -119.280339333813259, 35.490176419070593 ], [ -119.280333443462681, 35.490165638418162 ], [ -119.280329898068814, 35.490154191914002 ], [ -119.280328802429196, 35.49014241790622 ], [ -119.280330066268093, 35.490039863879488 ], [ -119.280665887544814, 35.490042624937693 ], [ -119.280665853512531, 35.49004539252563 ], [ -119.28066386726519, 35.490206462590855 ], [ -119.280355357363476, 35.490203926269608 ] ] ] } },
{ "type": "Feature", "properties": { "id": "p-00863", "input_id": "026-472-09", "source": "fd-00783", "demand": 1, "duct_group": 6, "duct_assignment": "7" }, "geometry": { "type": "Polygon", "coordinates": [ [ [ -119.280373313684279, 35.490336204926159 ], [ -119.280377173315827, 35.490302690690264 ], [ -119.280375428319516, 35.490269058392627 ], [ -119.280368111078744, 35.490235932044669 ], [ -119.280355357363476, 35.490203926269608 ], [ -119.28066386726519, 35.490206462590855 ], [ -119.280661346171911, 35.490410737699655 ], [ -119.280373313684279, 35.490336204926159 ] ] ] } },
{ "type": "Feature", "properties": { "id": "p-00864", "input_id": "026-472-08", "source": "fd-00783", "demand": 1, "duct_group": 6, "duct_assignment": "8" }, "geometry": { "type": "Polygon", "coordinates": [ [ [ -119.280320750872193, 35.490440296609258 ], [ -119.280344729632631, 35.490407940482825 ], [ -119.280362388523272, 35.490372970056775 ], [ -119.280373313684279, 35.490336204926159 ], [ -119.280661346171911, 35.490410737699655 ], [ -119.28065815812819, 35.490668910470987 ], [ -119.280320750872193, 35.490440296609258 ] ] ] } },
{ "type": "Feature", "properties": { "id": "p-00865", "input_id": "026-472-07", "source": "fd-00782", "demand": 1, "duct_group": 6, "duct_assignment": "5" }, "geometry": { "type": "Polygon", "coordinates": [ [ [ -119.280528076441939, 35.490778433162447 ], [ -119.280438495126504, 35.490778171288433 ], [ -119.280217174608964, 35.490514525188928 ], [ -119.280256217224078, 35.490494222509284 ], [ -119.280291014340506, 35.490469284936232 ], [ -119.280320750872193, 35.490440296609258 ], [ -119.28065815812819, 35.490668910470987 ], [ -119.280657092064658, 35.49075512853625 ], [ -119.280656799704559, 35.490778808997632 ], [ -119.280528076441939, 35.490778433162447 ] ] ] } },
{ "type": "Feature", "properties": { "id": "p-00866", "input_id": "026-472-11", "source": "fd-00785", "demand": 1, "duct_group": 6, "duct_assignment": "10" }, "geometry": { "type": "Polygon", "coordinates": [ [ [ -119.280330066268093, 35.490039863879488 ], [ -119.280331759030318, 35.489902507646534 ], [ -119.280667580862001, 35.489905269590011 ], [ -119.280667479544576, 35.489913551614386 ], [ -119.280665887544814, 35.490042624937693 ], [ -119.280330066268093, 35.490039863879488 ] ] ] } },
{ "type": "Feature", "properties": { "id": "p-00867", "input_id": "026-472-12", "source": "fd-00786", "demand": 1, "duct_group": 6, "duct_assignment": "12" }, "geometry": { "type": "Polygon", "coordinates": [ [ [ -119.280331759030318, 35.489902507646534 ], [ -119.280333449583011, 35.489765151429076 ], [ -119.280669273057526, 35.489767913345183 ], [ -119.280667580862001, 35.489905269590011 ], [ -119.280331759030318, 35.489902507646534 ] ] ] } },
{ "type": "Feature", "properties": { "id": "p-00868", "input_id": "026-472-13", "source": "fd-00786", "demand": 1, "duct_group": 6, "duct_assignment": "11" }, "geometry": { "type": "Polygon", "coordinates": [ [ [ -119.280333449583011, 35.489765151429076 ], [ -119.280335140130006, 35.489627795204264 ], [ -119.280670965247367, 35.489630557092887 ], [ -119.280669273057526, 35.489767913345183 ], [ -119.280333449583011, 35.489765151429076 ] ] ] } },
{ "type": "Feature", "properties": { "id": "p-00869", "input_id": "026-472-17", "source": "fd-00742", "demand": 1, "duct_group": 0, "duct_assignment": "4" }, "geometry": { "type": "Polygon", "coordinates": [ [ [ -119.280340208389319, 35.48921572381613 ], [ -119.280341207283527, 35.489134655082786 ], [ -119.280425467235304, 35.489066657821205 ], [ -119.280677885845336, 35.489067395209666 ], [ -119.280676704686272, 35.489163554939168 ], [ -119.28067603073562, 35.489218486604052 ], [ -119.280340208389319, 35.48921572381613 ] ] ] } },
{ "type": "Feature", "properties": { "id": "p-00870", "input_id": "026-472-16", "source": "fd-00742", "demand": 1, "duct_group": 0, "duct_assignment": "5" }, "geometry": { "type": "Polygon", "coordinates": [ [ [ -119.280338518975199, 35.489353080952924 ], [ -119.280340208389319, 35.48921572381613 ], [ -119.28067603073562, 35.489218486604052 ], [ -119.280675692924788, 35.48924596957098 ], [ -119.280674344086449, 35.489355843722336 ], [ -119.280338518975199, 35.489353080952924 ] ] ] } },
{ "type": "Feature", "properties": { "id": "p-00871", "input_id": "026-472-14", "source": "fd-00741", "demand": 1, "duct_group": 0, "duct_assignment": "2" }, "geometry": { "type": "Polygon", "coordinates": [ [ [ -119.280335140130006, 35.489627795204264 ], [ -119.280336829555424, 35.489490438082292 ], [ -119.28067265522769, 35.489493200856145 ], [ -119.280671302324492, 35.489603097573656 ], [ -119.280670965247367, 35.489630557092887 ], [ -119.280335140130006, 35.489627795204264 ] ] ] } },
{ "type": "Feature", "properties": { "id": "p-00872", "input_id": "026-472-15", "source": "fd-00741", "demand": 1, "duct_group": 0, "duct_assignment": "3" }, "geometry": { "type": "Polygon", "coordinates": [ [ [ -119.280336829555424, 35.489490438082292 ], [ -119.280338518975199, 35.489353080952924 ], [ -119.280674344086449, 35.489355843722336 ], [ -119.280673668279732, 35.489410797936941 ], [ -119.28067265522769, 35.489493200856145 ], [ -119.280336829555424, 35.489490438082292 ] ] ] } },
{ "type": "Feature", "properties": { "id": "p-00873", "input_id": "026-491-16", "source": "fd-00642", "demand": 1, "duct_group": 2, "duct_assignment": "10" }, "geometry": { "type": "Polygon", "coordinates": [ [ [ -119.281542275954749, 35.490329113633656 ], [ -119.28153391122234, 35.490328747545085 ], [ -119.28152563271243, 35.490327701658529 ], [ -119.281526853496217, 35.490050901586507 ], [ -119.281728378819906, 35.490051488797683 ], [ -119.281727151282652, 35.490329650031335 ], [ -119.281542275954749, 35.490329113633656 ] ] ] } },
{ "type": "Feature", "properties": { "id": "p-00874", "input_id": "026-454-07", "source": "fd-00695", "demand": 1, "duct_group": 2, "duct_assignment": "6" }, "geometry": { "type": "Polygon", "coordinates": [ [ [ -119.280913280695884, 35.491033901523537 ], [ -119.280914526482036, 35.490755885335268 ], [ -119.281113658513149, 35.49075646877094 ], [ -119.281112413400464, 35.491034484961233 ], [ -119.280913280695884, 35.491033901523537 ] ] ] } },
{ "type": "Feature", "properties": { "id": "p-00875", "input_id": "026-454-06", "source": "fd-00695", "demand": 1, "duct_group": 2, "duct_assignment": "7" }, "geometry": { "type": "Polygon", "coordinates": [ [ [ -119.281112413400464, 35.491034484961233 ], [ -119.281113658513149, 35.49075646877094 ], [ -119.281221334430086, 35.490756784888532 ], [ -119.281312792765064, 35.490757052762213 ], [ -119.281311547195813, 35.491035067163438 ], [ -119.281112413400464, 35.491034484961233 ] ] ] } },
{ "type": "Feature", "properties": { "id": "p-00876", "input_id": "026-454-05", "source": "fd-00696", "demand": 1, "duct_group": 2, "duct_assignment": "8" }, "geometry": { "type": "Polygon", "coordinates": [ [ [ -119.281311547195813, 35.491035067163438 ], [ -119.281312792765064, 35.490757052762213 ], [ -119.281511929209771, 35.490757635506618 ], [ -119.281510684285763, 35.491035648107392 ], [ -119.281311547195813, 35.491035067163438 ] ] ] } },
{ "type": "Feature", "properties": { "id": "p-00877", "input_id": "026-454-04", "source": "fd-00696", "demand": 1, "duct_group": 2, "duct_assignment": "9" }, "geometry": { "type": "Polygon", "coordinates": [ [ [ -119.281510684285763, 35.491035648107392 ], [ -119.281511929209771, 35.490757635506618 ], [ -119.281520359835937, 35.490757660268834 ], [ -119.281711068963062, 35.49075821789399 ], [ -119.281709825786422, 35.491036228682653 ], [ -119.281510684285763, 35.491035648107392 ] ] ] } },
{ "type": "Feature", "properties": { "id": "p-00878", "input_id": "026-491-20", "source": "fd-00640", "demand": 1, "duct_group": 2, "duct_assignment": "6" }, "geometry": { "type": "Polygon", "coordinates": [ [ [ -119.281711068963062, 35.49075821789399 ], [ -119.281520359835937, 35.490757660268834 ], [ -119.281521613046266, 35.490473889542727 ], [ -119.281531558246002, 35.490472434183161 ], [ -119.281541645178947, 35.490471966232235 ], [ -119.28172314593057, 35.490472491858007 ], [ -119.281721884716347, 35.490758249315917 ], [ -119.281711068963062, 35.49075821789399 ] ] ] } },
{ "type": "Feature", "properties": { "id": "p-00879", "input_id": "026-454-08", "source": "fd-00694", "demand": 1, "duct_group": 2, "duct_assignment": "5" }, "geometry": { "type": "Polygon", "coordinates": [ [ [ -119.280714151173612, 35.491033309617755 ], [ -119.280715396629475, 35.490755299751527 ], [ -119.280914526482036, 35.490755885335268 ], [ -119.280913280695884, 35.491033901523537 ], [ -119.280714151173612, 35.491033309617755 ] ] ] } },
{ "type": "Feature", "properties": { "id": "p-00880", "input_id": "026-492-04", "source": "fd-00630", "demand": 1, "duct_group": 1, "duct_assignment": "2" }, "geometry": { "type": "Polygon", "coordinates": [ [ [ -119.282522037197609, 35.49024824383541 ], [ -119.282524085846603, 35.490083424217886 ], [ -119.282882191953831, 35.490086363098662 ], [ -119.282882069190762, 35.490096222763988 ], [ -119.282880141861085, 35.490251185448635 ], [ -119.282522037197609, 35.49024824383541 ] ] ] } },
{ "type": "Feature", "properties": { "id": "p-00881", "input_id": "026-491-14", "source": "fd-00638", "demand": 1, "duct_group": 2, "duct_assignment": "3" }, "geometry": { "type": "Polygon", "coordinates": [ [ [ -119.281928680554756, 35.490330234175794 ], [ -119.281929907438339, 35.490052074742671 ], [ -119.282131440439258, 35.490052658508702 ], [ -119.282130213121604, 35.490330817054108 ], [ -119.281928680554756, 35.490330234175794 ] ] ] } },
{ "type": "Feature", "properties": { "id": "p-00882", "input_id": "026-451-20", "source": "fd-00659", "demand": 1, "duct_group": 5, "duct_assignment": "9" }, "geometry": { "type": "Polygon", "coordinates": [ [ [ -119.282528589964812, 35.490907575616944 ], [ -119.282529323645164, 35.490742748131503 ], [ -119.282874015824589, 35.490743748468773 ], [ -119.282873869954756, 35.490755517493369 ], [ -119.282871967959267, 35.490908574358173 ], [ -119.282528589964812, 35.490907575616944 ] ] ] } },
{ "type": "Feature", "properties": { "id": "p-00883", "input_id": "026-451-19", "source": "fd-00659", "demand": 1, "duct_group": 5, "duct_assignment": "8" }, "geometry": { "type": "Polygon", "coordinates": [ [ [ -119.282527856281476, 35.491072403091799 ], [ -119.282528589964812, 35.490907575616944 ], [ -119.282871967959267, 35.490908574358173 ], [ -119.282871820944663, 35.490920340689804 ], [ -119.282869918983678, 35.491073400248339 ], [ -119.282527856281476, 35.491072403091799 ] ] ] } },
{ "type": "Feature", "properties": { "id": "p-00884", "input_id": "026-451-18", "source": "fd-00658", "demand": 1, "duct_group": 5, "duct_assignment": "7" }, "geometry": { "type": "Polygon", "coordinates": [ [ [ -119.2825271225812, 35.491237229654821 ], [ -119.282527856281476, 35.491072403091799 ], [ -119.282869918983678, 35.491073400248339 ], [ -119.282869773028253, 35.491085163864028 ], [ -119.282867871101914, 35.491238226116437 ], [ -119.2825271225812, 35.491237229654821 ] ] ] } },
{ "type": "Feature", "properties": { "id": "p-00885", "input_id": "026-454-03", "source": "fd-00697", "demand": 1, "duct_group": 2, "duct_assignment": "10" }, "geometry": { "type": "Polygon", "coordinates": [ [ [ -119.281709825786422, 35.491036228682653 ], [ -119.281711068963062, 35.49075821789399 ], [ -119.281721884716347, 35.490758249315917 ], [ -119.281910213127091, 35.490758799912633 ], [ -119.281908969507867, 35.491036809813536 ], [ -119.281709825786422, 35.491036228682653 ] ] ] } },
{ "type": "Feature", "properties": { "id": "p-00886", "input_id": "026-454-02", "source": "fd-00698", "demand": 1, "duct_group": 2, "duct_assignment": "11" }, "geometry": { "type": "Polygon", "coordinates": [ [ [ -119.281908969507867, 35.491036809813536 ], [ -119.281910213127091, 35.490758799912633 ], [ -119.281923412919582, 35.490758838899296 ], [ -119.28210936059979, 35.490759381574108 ], [ -119.282108118727848, 35.491037389663035 ], [ -119.281908969507867, 35.491036809813536 ] ] ] } },
{ "type": "Feature", "properties": { "id": "p-00887", "input_id": "026-454-01", "source": "fd-00698", "demand": 1, "duct_group": 2, "duct_assignment": "12" }, "geometry": { "type": "Polygon", "coordinates": [ [ [ -119.282108118727848, 35.491037389663035 ], [ -119.28210936059979, 35.490759381574108 ], [ -119.282124945519527, 35.490759427204985 ], [ -119.282327694921861, 35.490760017807489 ], [ -119.28232670217146, 35.490983084270695 ], [ -119.282259276393859, 35.491037829939707 ], [ -119.282108118727848, 35.491037389663035 ] ] ] } },
{ "type": "Feature", "properties": { "id": "p-00888", "input_id": "026-492-02", "source": "fd-00661", "demand": 1, "duct_group": 5, "duct_assignment": "11" }, "geometry": { "type": "Polygon", "coordinates": [ [ [ -119.282517937685185, 35.490577883962679 ], [ -119.282519987452559, 35.490413064355018 ], [ -119.282878091760082, 35.490416007787992 ], [ -119.282877969038211, 35.490425870155775 ], [ -119.282876041650894, 35.490580830116627 ], [ -119.282517937685185, 35.490577883962679 ] ] ] } },
{ "type": "Feature", "properties": { "id": "p-00889", "input_id": "026-492-03", "source": "fd-00661", "demand": 1, "duct_group": 5, "duct_assignment": "12" }, "geometry": { "type": "Polygon", "coordinates": [ [ [ -119.282519987452559, 35.490413064355018 ], [ -119.282522037197609, 35.49024824383541 ], [ -119.282880141861085, 35.490251185448635 ], [ -119.282880019125571, 35.490261046915819 ], [ -119.282878091760082, 35.490416007787992 ], [ -119.282519987452559, 35.490413064355018 ] ] ] } },
{ "type": "Feature", "properties": { "id": "p-00890", "input_id": "026-491-22", "source": "fd-00637", "demand": 1, "duct_group": 2, "duct_assignment": "2" }, "geometry": { "type": "Polygon", "coordinates": [ [ [ -119.28210936059979, 35.490759381574108 ], [ -119.281923412919582, 35.490758838899296 ], [ -119.281924674450948, 35.490473076020486 ], [ -119.282126207353869, 35.49047365800412 ], [ -119.282124945519527, 35.490759427204985 ], [ -119.28210936059979, 35.490759381574108 ] ] ] } },
{ "type": "Feature", "properties": { "id": "p-00891", "input_id": "026-491-23", "source": "fd-00637", "demand": 1, "duct_group": 2, "duct_assignment": "1" }, "geometry": { "type": "Polygon", "coordinates": [ [ [ -119.282124945519527, 35.490759427204985 ], [ -119.282126207353869, 35.49047365800412 ], [ -119.282277359519341, 35.49047409469965 ], [ -119.282343857078871, 35.490529227770921 ], [ -119.282341209116993, 35.490742200758945 ], [ -119.282327774567932, 35.490742161562522 ], [ -119.282327694921861, 35.490760017807489 ], [ -119.282124945519527, 35.490759427204985 ] ] ] } },
{ "type": "Feature", "properties": { "id": "p-00892", "input_id": "026-491-15", "source": "fd-00641", "demand": 1, "duct_group": 2, "duct_assignment": "8" }, "geometry": { "type": "Polygon", "coordinates": [ [ [ -119.281727151282652, 35.490329650031335 ], [ -119.281728378819906, 35.490051488797683 ], [ -119.281929907438339, 35.490052074742671 ], [ -119.281928680554756, 35.490330234175794 ], [ -119.281727151282652, 35.490329650031335 ] ] ] } },
{ "type": "Feature", "properties": { "id": "p-00893", "input_id": "026-491-21", "source": "fd-00639", "demand": 1, "duct_group": 2, "duct_assignment": "5" }, "geometry": { "type": "Polygon", "coordinates": [ [ [ -119.281910213127091, 35.490758799912633 ], [ -119.281721884716347, 35.490758249315917 ], [ -119.28172314593057, 35.490472491858007 ], [ -119.281924674450948, 35.490473076020486 ], [ -119.281923412919582, 35.490758838899296 ], [ -119.281910213127091, 35.490758799912633 ] ] ] } },
{ "type": "Feature", "properties": { "id": "p-00894", "input_id": "026-492-12", "source": "fd-00635", "demand": 1, "duct_group": 1, "duct_assignment": "10" }, "geometry": { "type": "Polygon", "coordinates": [ [ [ -119.281664055598924, 35.489624471463564 ], [ -119.281665292121147, 35.489345035511874 ], [ -119.281866825646986, 35.489345623293971 ], [ -119.281865585402059, 35.489625059293573 ], [ -119.281664055598924, 35.489624471463564 ] ] ] } },
{ "type": "Feature", "properties": { "id": "p-00895", "input_id": "026-492-13", "source": "fd-00636", "demand": 1, "duct_group": 1, "duct_assignment": "11" }, "geometry": { "type": "Polygon", "coordinates": [ [ [ -119.281462529076435, 35.489623881466173 ], [ -119.281463761875884, 35.489344445562402 ], [ -119.281665292121147, 35.489345035511874 ], [ -119.281664055598924, 35.489624471463564 ], [ -119.281462529076435, 35.489623881466173 ] ] ] } },
{ "type": "Feature", "properties": { "id": "p-00896", "input_id": "026-492-17", "source": "fd-00744", "demand": 1, "duct_group": 0, "duct_assignment": "8" }, "geometry": { "type": "Polygon", "coordinates": [ [ [ -119.281665292121147, 35.489345035511874 ], [ -119.281666528124603, 35.489070302932603 ], [ -119.281868066472541, 35.489070889754018 ], [ -119.281866825646986, 35.489345623293971 ], [ -119.281665292121147, 35.489345035511874 ] ] ] } },
{ "type": "Feature", "properties": { "id": "p-00897", "input_id": "026-492-16", "source": "fd-00649", "demand": 1, "duct_group": 3, "duct_assignment": "11" }, "geometry": { "type": "Polygon", "coordinates": [ [ [ -119.281463761875884, 35.489344445562402 ], [ -119.281464991969301, 35.489069714856527 ], [ -119.281666528124603, 35.489070302932603 ], [ -119.281665292121147, 35.489345035511874 ], [ -119.281463761875884, 35.489344445562402 ] ] ] } },
{ "type": "Feature", "properties": { "id": "p-00898", "input_id": "026-492-15", "source": "fd-00649", "demand": 1, "duct_group": 3, "duct_assignment": "12" }, "geometry": { "type": "Polygon", "coordinates": [ [ [ -119.28124544007936, 35.489343804097075 ], [ -119.281246413142199, 35.489124025065585 ], [ -119.2813138390283, 35.489069273591141 ], [ -119.281464991969301, 35.489069714856527 ], [ -119.281463761875884, 35.489344445562402 ], [ -119.28124544007936, 35.489343804097075 ] ] ] } },
{ "type": "Feature", "properties": { "id": "p-00899", "input_id": "026-491-09", "source": "fd-00645", "demand": 1, "duct_group": 3, "duct_assignment": "4" }, "geometry": { "type": "Polygon", "coordinates": [ [ [ -119.281526853496217, 35.490050901586507 ], [ -119.281528100840248, 35.489767604968172 ], [ -119.281539869207208, 35.489766962154782 ], [ -119.281729630357674, 35.489767516091966 ], [ -119.281728378819906, 35.490051488797683 ], [ -119.281526853496217, 35.490050901586507 ] ] ] } },
{ "type": "Feature", "properties": { "id": "p-00900", "input_id": "026-491-03", "source": "fd-00648", "demand": 1, "duct_group": 3, "duct_assignment": "10" }, "geometry": { "type": "Polygon", "coordinates": [ [ [ -119.280673668279732, 35.489410797936941 ], [ -119.280674344086449, 35.489355843722336 ], [ -119.280675692924788, 35.48924596957098 ], [ -119.281071206487255, 35.489247135743923 ], [ -119.281070622557692, 35.489380387313815 ], [ -119.281069512412301, 35.489391274683854 ], [ -119.281066305418946, 35.489401880329375 ], [ -119.281061082728883, 35.489411935877172 ], [ -119.280673668279732, 35.489410797936941 ] ] ] } },
{ "type": "Feature", "properties": { "id": "p-00901", "input_id": "026-491-02", "source": "fd-00743", "demand": 1, "duct_group": 0, "duct_assignment": "6" }, "geometry": { "type": "Polygon", "coordinates": [ [ [ -119.280675692924788, 35.48924596957098 ], [ -119.28067603073562, 35.489218486604052 ], [ -119.280676704686272, 35.489163554939168 ], [ -119.280760681951747, 35.489163801111225 ], [ -119.28076186313892, 35.489067649492036 ], [ -119.281004805510221, 35.489068368688031 ], [ -119.281071751967346, 35.489123510397363 ], [ -119.281071206487255, 35.489247135743923 ], [ -119.280675692924788, 35.48924596957098 ] ] ] } },
{ "type": "Feature", "properties": { "id": "p-00902", "input_id": "026-492-11", "source": "fd-00635", "demand": 1, "duct_group": 1, "duct_assignment": "9" }, "geometry": { "type": "Polygon", "coordinates": [ [ [ -119.282057106365613, 35.489625615999216 ], [ -119.281865585402059, 35.489625059293573 ], [ -119.281866825646986, 35.489345623293971 ], [ -119.282068361351463, 35.489346208920111 ], [ -119.282067120756921, 35.489625154582228 ], [ -119.282057106365613, 35.489625615999216 ] ] ] } },
{ "type": "Feature", "properties": { "id": "p-00903", "input_id": "026-492-22", "source": "fd-00746", "demand": 1, "duct_group": 0, "duct_assignment": "11" }, "geometry": { "type": "Polygon", "coordinates": [ [ [ -119.282681394345474, 35.489347975025794 ], [ -119.282682624890072, 35.489073251471979 ], [ -119.282894783460904, 35.489073851957265 ], [ -119.282892318347393, 35.489272105461382 ], [ -119.282891366817665, 35.489348562285748 ], [ -119.282681394345474, 35.489347975025794 ] ] ] } },
{ "type": "Feature", "properties": { "id": "p-00904", "input_id": "026-492-21", "source": "fd-00746", "demand": 1, "duct_group": 0, "duct_assignment": "12" }, "geometry": { "type": "Polygon", "coordinates": [ [ [ -119.282612528764915, 35.489347777965165 ], [ -119.282475641857971, 35.48934738573454 ], [ -119.282476881835308, 35.489072657584494 ], [ -119.282682624890072, 35.489073251471979 ], [ -119.282681394345474, 35.489347975025794 ], [ -119.282612528764915, 35.489347777965165 ] ] ] } },
{ "type": "Feature", "properties": { "id": "p-00905", "input_id": "026-492-20", "source": "fd-00745", "demand": 1, "duct_group": 0, "duct_assignment": "9" }, "geometry": { "type": "Polygon", "coordinates": [ [ [ -119.282293412874054, 35.489346860731551 ], [ -119.28226990033653, 35.489346792378832 ], [ -119.282271143149046, 35.489072060602915 ], [ -119.282476881835308, 35.489072657584494 ], [ -119.282475641857971, 35.48934738573454 ], [ -119.282293412874054, 35.489346860731551 ] ] ] } },
{ "type": "Feature", "properties": { "id": "p-00906", "input_id": "026-492-19", "source": "fd-00745", "demand": 1, "duct_group": 0, "duct_assignment": "10" }, "geometry": { "type": "Polygon", "coordinates": [ [ [ -119.282068361351463, 35.489346208920111 ], [ -119.282069604809365, 35.489071475343707 ], [ -119.282271143149046, 35.489072060602915 ], [ -119.28226990033653, 35.489346792378832 ], [ -119.282068361351463, 35.489346208920111 ] ] ] } },
{ "type": "Feature", "properties": { "id": "p-00907", "input_id": "026-492-18", "source": "fd-00744", "demand": 1, "duct_group": 0, "duct_assignment": "7" }, "geometry": { "type": "Polygon", "coordinates": [ [ [ -119.281866825646986, 35.489345623293971 ], [ -119.281868066472541, 35.489070889754018 ], [ -119.282069604809365, 35.489071475343707 ], [ -119.282068361351463, 35.489346208920111 ], [ -119.281866825646986, 35.489345623293971 ] ] ] } },
{ "type": "Feature", "properties": { "id": "p-00908", "input_id": "026-491-12", "source": "fd-00644", "demand": 1, "duct_group": 3, "duct_assignment": "2" }, "geometry": { "type": "Polygon", "coordinates": [ [ [ -119.282131440439258, 35.490052658508702 ], [ -119.282132695020636, 35.489768687555532 ], [ -119.282268779197949, 35.489769081339801 ], [ -119.282281965823699, 35.489769972231095 ], [ -119.282294817633712, 35.489772546163685 ], [ -119.282307015529526, 35.489776739229129 ], [ -119.282318256648722, 35.489782447317587 ], [ -119.282328261884359, 35.489789528702453 ], [ -119.282336782815463, 35.489797807559476 ], [ -119.282343607874537, 35.48980707833222 ], [ -119.282348567601005, 35.489817110835752 ], [ -119.282351538848602, 35.489827655972086 ], [ -119.282352447843166, 35.489838451914828 ], [ -119.282349775004093, 35.490053289272616 ], [ -119.282131440439258, 35.490052658508702 ] ] ] } },
{ "type": "Feature", "properties": { "id": "p-00909", "input_id": "026-491-11", "source": "fd-00644", "demand": 1, "duct_group": 3, "duct_assignment": "1" }, "geometry": { "type": "Polygon", "coordinates": [ [ [ -119.281929907438339, 35.490052074742671 ], [ -119.281931160497876, 35.489768102913189 ], [ -119.282132695020636, 35.489768687555532 ], [ -119.282131440439258, 35.490052658508702 ], [ -119.281929907438339, 35.490052074742671 ] ] ] } },
{ "type": "Feature", "properties": { "id": "p-00910", "input_id": "026-491-10", "source": "fd-00645", "demand": 1, "duct_group": 3, "duct_assignment": "3" }, "geometry": { "type": "Polygon", "coordinates": [ [ [ -119.281728378819906, 35.490051488797683 ], [ -119.281729630357674, 35.489767516091966 ], [ -119.281931160497876, 35.489768102913189 ], [ -119.281929907438339, 35.490052074742671 ], [ -119.281728378819906, 35.490051488797683 ] ] ] } },
{ "type": "Feature", "properties": { "id": "p-00911", "input_id": "026-491-17", "source": "fd-00642", "demand": 1, "duct_group": 2, "duct_assignment": "9" }, "geometry": { "type": "Polygon", "coordinates": [ [ [ -119.281480806394256, 35.490306956931704 ], [ -119.281460987829306, 35.490291971969242 ], [ -119.281438490212736, 35.490279776898042 ], [ -119.28141389457106, 35.49027068666912 ], [ -119.281387836113936, 35.490264936047531 ], [ -119.281360987829231, 35.490262673549189 ], [ -119.281334043102646, 35.490263957605634 ], [ -119.281307697810561, 35.490268755054679 ], [ -119.281230080256023, 35.490050036120223 ], [ -119.281287177436383, 35.490050203421568 ], [ -119.281526853496217, 35.490050901586507 ], [ -119.28152563271243, 35.490327701658529 ], [ -119.281513072055276, 35.490324734975125 ], [ -119.281501226725752, 35.490320209634319 ], [ -119.281490383885796, 35.490314235342318 ], [ -119.281480806394256, 35.490306956931704 ] ] ] } },
{ "type": "Feature", "properties": { "id": "p-00912", "input_id": "026-491-19", "source": "fd-00640", "demand": 1, "duct_group": 2, "duct_assignment": "7" }, "geometry": { "type": "Polygon", "coordinates": [ [ [ -119.281511929209771, 35.490757635506618 ], [ -119.281312792765064, 35.490757052762213 ], [ -119.281221334430086, 35.490756784888532 ], [ -119.281307313086288, 35.490531148652671 ], [ -119.281333530374653, 35.490535983405145 ], [ -119.281360354926434, 35.490537336209137 ], [ -119.281387099886516, 35.490535172425403 ], [ -119.281413080437659, 35.49052954745865 ], [ -119.281437631335976, 35.490520605338681 ], [ -119.281460123945109, 35.490508575032635 ], [ -119.281479982332712, 35.490493764581757 ], [ -119.281488945182673, 35.49048698050759 ], [ -119.281499016415765, 35.490481331410926 ], [ -119.281509983020044, 35.490476936773035 ], [ -119.281521613046266, 35.490473889542727 ], [ -119.281520359835937, 35.490757660268834 ], [ -119.281511929209771, 35.490757635506618 ] ] ] } },
{ "type": "Feature", "properties": { "id": "p-00913", "input_id": "026-492-01", "source": "fd-00660", "demand": 1, "duct_group": 5, "duct_assignment": "10" }, "geometry": { "type": "Polygon", "coordinates": [ [ [ -119.282529323645164, 35.490742748131503 ], [ -119.282515887994009, 35.49074270896709 ], [ -119.282517937685185, 35.490577883962679 ], [ -119.282876041650894, 35.490580830116627 ], [ -119.28287591894258, 35.49059069338503 ], [ -119.282874015824589, 35.490743748468773 ], [ -119.282529323645164, 35.490742748131503 ] ] ] } },
{ "type": "Feature", "properties": { "id": "p-00914", "input_id": "026-491-06", "source": "fd-00647", "demand": 1, "duct_group": 3, "duct_assignment": "8" }, "geometry": { "type": "Polygon", "coordinates": [ [ [ -119.280665853512531, 35.49004539252563 ], [ -119.280665887544814, 35.490042624937693 ], [ -119.280667479544576, 35.489913551614386 ], [ -119.281071733942994, 35.489709765808918 ], [ -119.281100761457623, 35.489737618117779 ], [ -119.281134266292085, 35.489761876667934 ], [ -119.281171589939831, 35.489782064677527 ], [ -119.280947964658353, 35.490047713768469 ], [ -119.280665853512531, 35.49004539252563 ] ] ] } },
{ "type": "Feature", "properties": { "id": "p-00915", "input_id": "026-491-08", "source": "fd-00646", "demand": 1, "duct_group": 3, "duct_assignment": "6" }, "geometry": { "type": "Polygon", "coordinates": [ [ [ -119.281287177436383, 35.490050203421568 ], [ -119.281306463569237, 35.489815169673506 ], [ -119.28135589167033, 35.489814823458488 ], [ -119.281404661584318, 35.489808239247004 ], [ -119.281451603457938, 35.489795574975894 ], [ -119.281495591288589, 35.489777134425324 ], [ -119.281505855224566, 35.489772740452203 ], [ -119.281516760936896, 35.489769543683465 ], [ -119.281528100840248, 35.489767604968172 ], [ -119.281526853496217, 35.490050901586507 ], [ -119.281287177436383, 35.490050203421568 ] ] ] } },
{ "type": "Feature", "properties": { "id": "p-00916", "input_id": "026-491-07", "source": "fd-00646", "demand": 1, "duct_group": 3, "duct_assignment": "5" }, "geometry": { "type": "Polygon", "coordinates": [ [ [ -119.281230080256023, 35.490050036120223 ], [ -119.280947964658353, 35.490047713768469 ], [ -119.281171589939831, 35.489782064677527 ], [ -119.281214374963866, 35.489798529233568 ], [ -119.281259663914483, 35.489809645495065 ], [ -119.281306463569237, 35.489815169673506 ], [ -119.281287177436383, 35.490050203421568 ], [ -119.281230080256023, 35.490050036120223 ] ] ] } },
{ "type": "Feature", "properties": { "id": "p-00917", "input_id": "026-491-04", "source": "fd-00648", "demand": 1, "duct_group": 3, "duct_assignment": "9" }, "geometry": { "type": "Polygon", "coordinates": [ [ [ -119.280671302324492, 35.489603097573656 ], [ -119.28067265522769, 35.489493200856145 ], [ -119.280673668279732, 35.489410797936941 ], [ -119.281061082728883, 35.489411935877172 ], [ -119.281057868899993, 35.489416529455319 ], [ -119.281035680311618, 35.489451083695592 ], [ -119.281020040793379, 35.489487957902938 ], [ -119.281011300157758, 35.489526327325201 ], [ -119.281009653913443, 35.489565333765974 ], [ -119.28101513889149, 35.489604104779801 ], [ -119.280671302324492, 35.489603097573656 ] ] ] } },
{ "type": "Feature", "properties": { "id": "p-00918", "input_id": "026-491-05", "source": "fd-00647", "demand": 1, "duct_group": 3, "duct_assignment": "7" }, "geometry": { "type": "Polygon", "coordinates": [ [ [ -119.280667580862001, 35.489905269590011 ], [ -119.280669273057526, 35.489767913345183 ], [ -119.280670965247367, 35.489630557092887 ], [ -119.280671302324492, 35.489603097573656 ], [ -119.28101513889149, 35.489604104779801 ], [ -119.281027512549954, 35.489641495543296 ], [ -119.281046517132083, 35.489676976454554 ], [ -119.281071733942994, 35.489709765808918 ], [ -119.280667479544576, 35.489913551614386 ], [ -119.280667580862001, 35.489905269590011 ] ] ] } },
{ "type": "Feature", "properties": { "id": "p-00919", "input_id": "026-492-05", "source": "fd-00631", "demand": 1, "duct_group": 1, "duct_assignment": "3" }, "geometry": { "type": "Polygon", "coordinates": [ [ [ -119.282524085846603, 35.490083424217886 ], [ -119.282524955355541, 35.490013555556772 ], [ -119.282525880014546, 35.490004067029851 ], [ -119.282528399826745, 35.489994774184495 ], [ -119.282532466392212, 35.489985855513517 ], [ -119.282538001601623, 35.489977482322658 ], [ -119.282557090931036, 35.489949097662503 ], [ -119.282571736652699, 35.489918998516742 ], [ -119.282884240936468, 35.489921540749464 ], [ -119.282884119261709, 35.489931399502744 ], [ -119.282882191953831, 35.490086363098662 ], [ -119.282524085846603, 35.490083424217886 ] ] ] } },
{ "type": "Feature", "properties": { "id": "p-00920", "input_id": "026-492-06", "source": "fd-00632", "demand": 1, "duct_group": 1, "duct_assignment": "4" }, "geometry": { "type": "Polygon", "coordinates": [ [ [ -119.282571736652699, 35.489918998516742 ], [ -119.282583350696484, 35.489880153241252 ], [ -119.282587570784486, 35.489840312724418 ], [ -119.282584297812605, 35.489800412676836 ], [ -119.282887350314581, 35.489671559426647 ], [ -119.282886168222532, 35.489766576242296 ], [ -119.282884240936468, 35.489921540749464 ], [ -119.282571736652699, 35.489918998516742 ] ] ] } },
{ "type": "Feature", "properties": { "id": "p-00921", "input_id": "026-492-07", "source": "fd-00633", "demand": 1, "duct_group": 1, "duct_assignment": "6" }, "geometry": { "type": "Polygon", "coordinates": [ [ [ -119.282534653766248, 35.489693816265884 ], [ -119.282890889136027, 35.489387021019525 ], [ -119.282890268309316, 35.489436928765294 ], [ -119.282888218277094, 35.489601752959736 ], [ -119.282887350314581, 35.489671559426647 ], [ -119.282584297812605, 35.489800412676836 ], [ -119.282574213784358, 35.48976301398794 ], [ -119.282557546125503, 35.489727224957015 ], [ -119.282534653766248, 35.489693816265884 ] ] ] } },
{ "type": "Feature", "properties": { "id": "p-00922", "input_id": "026-492-08", "source": "fd-00633", "demand": 1, "duct_group": 1, "duct_assignment": "5" }, "geometry": { "type": "Polygon", "coordinates": [ [ [ -119.282427390867127, 35.489611444449046 ], [ -119.282612528764915, 35.489347777965165 ], [ -119.282681394345474, 35.489347975025794 ], [ -119.282891366817665, 35.489348562285748 ], [ -119.282890889136027, 35.489387021019525 ], [ -119.282534653766248, 35.489693816265884 ], [ -119.2825042715058, 35.48966191619256 ], [ -119.28246822878954, 35.489634237434025 ], [ -119.282427390867127, 35.489611444449046 ] ] ] } },
{ "type": "Feature", "properties": { "id": "p-00923", "input_id": "026-492-09", "source": "fd-00634", "demand": 1, "duct_group": 1, "duct_assignment": "8" }, "geometry": { "type": "Polygon", "coordinates": [ [ [ -119.282292386490226, 35.489577526295228 ], [ -119.282293412874054, 35.489346860731551 ], [ -119.282475641857971, 35.48934738573454 ], [ -119.282612528764915, 35.489347777965165 ], [ -119.282427390867127, 35.489611444449046 ], [ -119.282384619646038, 35.489594686596419 ], [ -119.282339284590705, 35.489583296733279 ], [ -119.282292386490226, 35.489577526295228 ] ] ] } },
{ "type": "Feature", "properties": { "id": "p-00924", "input_id": "026-492-10", "source": "fd-00634", "demand": 1, "duct_group": 1, "duct_assignment": "7" }, "geometry": { "type": "Polygon", "coordinates": [ [ [ -119.282068361351463, 35.489346208920111 ], [ -119.28226990033653, 35.489346792378832 ], [ -119.282293412874054, 35.489346860731551 ], [ -119.282292386490226, 35.489577526295228 ], [ -119.282242488012116, 35.489577662103812 ], [ -119.282193225511847, 35.489584158394806 ], [ -119.2821458036195, 35.489596856312581 ], [ -119.282101381957318, 35.489615445351177 ], [ -119.282090577920016, 35.489620030122808 ], [ -119.282079076980324, 35.489623289357134 ], [ -119.282067120756921, 35.489625154582228 ], [ -119.282068361351463, 35.489346208920111 ] ] ] } },
{ "type": "Feature", "properties": { "id": "p-00925", "input_id": "026-693-01", "source": "fd-00694", "demand": 1, "duct_group": 2, "duct_assignment": "4" }, "geometry": { "type": "Polygon", "coordinates": [ [ [ -119.280528076441939, 35.490778433162447 ], [ -119.280656799704559, 35.490778808997632 ], [ -119.280657092064658, 35.49075512853625 ], [ -119.280715396629475, 35.490755299751527 ], [ -119.280714151173612, 35.491033309617755 ], [ -119.280620308072102, 35.491035712361615 ], [ -119.280526896871663, 35.491043449860705 ], [ -119.280528076441939, 35.490778433162447 ] ] ] } },
{ "type": "Feature", "properties": { "id": "p-00926", "input_id": "026-501-07", "source": "fd-00489", "demand": 1, "duct_group": 9, "duct_assignment": "9" }, "geometry": { "type": "Polygon", "coordinates": [ [ [ -119.284458673788222, 35.490339916477396 ], [ -119.28446079468732, 35.490172351337819 ], [ -119.284796664559508, 35.490175205168157 ], [ -119.284794548738645, 35.490342769366009 ], [ -119.284458673788222, 35.490339916477396 ] ] ] } },
{ "type": "Feature", "properties": { "id": "p-00927", "input_id": "026-503-07", "source": "fd-00441", "demand": 1, "duct_group": 0, "duct_assignment": "9" }, "geometry": { "type": "Polygon", "coordinates": [ [ [ -119.28386081287691, 35.490334834118698 ], [ -119.283862942680017, 35.490167267106152 ], [ -119.284259274518675, 35.490170637318919 ], [ -119.284257151018991, 35.490338203379373 ], [ -119.28386081287691, 35.490334834118698 ] ] ] } },
{ "type": "Feature", "properties": { "id": "p-00928", "input_id": "026-501-02", "source": "fd-00486", "demand": 1, "duct_group": 9, "duct_assignment": "4" }, "geometry": { "type": "Polygon", "coordinates": [ [ [ -119.284448071366853, 35.491177741986725 ], [ -119.28445019122131, 35.491010177815014 ], [ -119.284786088660738, 35.491013025111315 ], [ -119.284783973884615, 35.491180588341287 ], [ -119.284448071366853, 35.491177741986725 ] ] ] } },
{ "type": "Feature", "properties": { "id": "p-00929", "input_id": "026-501-03", "source": "fd-00487", "demand": 1, "duct_group": 9, "duct_assignment": "6" }, "geometry": { "type": "Polygon", "coordinates": [ [ [ -119.28445019122131, 35.491010177815014 ], [ -119.284452312155011, 35.490842612719625 ], [ -119.284788202312171, 35.490845460980665 ], [ -119.284786088660738, 35.491013025111315 ], [ -119.28445019122131, 35.491010177815014 ] ] ] } },
{ "type": "Feature", "properties": { "id": "p-00930", "input_id": "026-501-04", "source": "fd-00487", "demand": 1, "duct_group": 9, "duct_assignment": "5" }, "geometry": { "type": "Polygon", "coordinates": [ [ [ -119.284452312155011, 35.490842612719625 ], [ -119.284454431978119, 35.490675047624649 ], [ -119.28479031815894, 35.490677896815868 ], [ -119.284788202312171, 35.490845460980665 ], [ -119.284452312155011, 35.490842612719625 ] ] ] } },
{ "type": "Feature", "properties": { "id": "p-00931", "input_id": "026-501-05", "source": "fd-00488", "demand": 1, "duct_group": 9, "duct_assignment": "7" }, "geometry": { "type": "Polygon", "coordinates": [ [ [ -119.284454431978119, 35.490675047624649 ], [ -119.284456552880471, 35.490507481605924 ], [ -119.284792432909143, 35.49051033355282 ], [ -119.28479031815894, 35.490677896815868 ], [ -119.284454431978119, 35.490675047624649 ] ] ] } },
{ "type": "Feature", "properties": { "id": "p-00932", "input_id": "026-501-06", "source": "fd-00488", "demand": 1, "duct_group": 9, "duct_assignment": "8" }, "geometry": { "type": "Polygon", "coordinates": [ [ [ -119.284456552880471, 35.490507481605924 ], [ -119.284458673788222, 35.490339916477396 ], [ -119.284794548738645, 35.490342769366009 ], [ -119.284792432909143, 35.49051033355282 ], [ -119.284456552880471, 35.490507481605924 ] ] ] } },
{ "type": "Feature", "properties": { "id": "p-00933", "input_id": "026-503-12", "source": "fd-00438", "demand": 1, "duct_group": 0, "duct_assignment": "4" }, "geometry": { "type": "Polygon", "coordinates": [ [ [ -119.283850160453397, 35.491172670853338 ], [ -119.283852291401885, 35.49100510388439 ], [ -119.284248655845914, 35.491008468423615 ], [ -119.284246532288833, 35.491176033527729 ], [ -119.283850160453397, 35.491172670853338 ] ] ] } },
{ "type": "Feature", "properties": { "id": "p-00934", "input_id": "026-503-11", "source": "fd-00439", "demand": 1, "duct_group": 0, "duct_assignment": "5" }, "geometry": { "type": "Polygon", "coordinates": [ [ [ -119.283852291401885, 35.49100510388439 ], [ -119.283854421225669, 35.490837536014681 ], [ -119.284250779380159, 35.490840902407335 ], [ -119.284248655845914, 35.491008468423615 ], [ -119.283852291401885, 35.49100510388439 ] ] ] } },
{ "type": "Feature", "properties": { "id": "p-00935", "input_id": "026-503-10", "source": "fd-00439", "demand": 1, "duct_group": 0, "duct_assignment": "6" }, "geometry": { "type": "Polygon", "coordinates": [ [ [ -119.283854421225669, 35.490837536014681 ], [ -119.283856552156749, 35.490669969023571 ], [ -119.284252902905763, 35.490673336379928 ], [ -119.284250779380159, 35.490840902407335 ], [ -119.283854421225669, 35.490837536014681 ] ] ] } },
{ "type": "Feature", "properties": { "id": "p-00936", "input_id": "026-503-09", "source": "fd-00440", "demand": 1, "duct_group": 0, "duct_assignment": "8" }, "geometry": { "type": "Polygon", "coordinates": [ [ [ -119.283856552156749, 35.490669969023571 ], [ -119.283858681963153, 35.49050240113182 ], [ -119.284255026422741, 35.490505770341514 ], [ -119.284252902905763, 35.490673336379928 ], [ -119.283856552156749, 35.490669969023571 ] ] ] } },
{ "type": "Feature", "properties": { "id": "p-00937", "input_id": "026-503-08", "source": "fd-00440", "demand": 1, "duct_group": 0, "duct_assignment": "7" }, "geometry": { "type": "Polygon", "coordinates": [ [ [ -119.283858681963153, 35.49050240113182 ], [ -119.28386081287691, 35.490334834118698 ], [ -119.284257151018991, 35.490338203379373 ], [ -119.284255026422741, 35.490505770341514 ], [ -119.283858681963153, 35.49050240113182 ] ] ] } },
{ "type": "Feature", "properties": { "id": "p-00938", "input_id": "026-501-09", "source": "fd-00489", "demand": 1, "duct_group": 9, "duct_assignment": "11" }, "geometry": { "type": "Polygon", "coordinates": [ [ [ -119.284462880402472, 35.490007542973032 ], [ -119.28446444572279, 35.489883915048487 ], [ -119.2844655870244, 35.489874384090406 ], [ -119.284468734603706, 35.489865160013913 ], [ -119.284473792823192, 35.489856523085727 ], [ -119.284480607992123, 35.489848735732288 ], [ -119.284488973036403, 35.489842034566365 ], [ -119.284498633790292, 35.489836623197689 ], [ -119.284509296719193, 35.489832666046432 ], [ -119.284520637838284, 35.48983028334753 ], [ -119.284532312556564, 35.489829547497408 ], [ -119.284801000973744, 35.489831832528552 ], [ -119.284798745221778, 35.490010398646383 ], [ -119.284462880402472, 35.490007542973032 ] ] ] } },
{ "type": "Feature", "properties": { "id": "p-00939", "input_id": "026-502-03", "source": "fd-00464", "demand": 1, "duct_group": 5, "duct_assignment": "4" }, "geometry": { "type": "Polygon", "coordinates": [ [ [ -119.284534397964748, 35.489664729195738 ], [ -119.284522743900723, 35.489663795092689 ], [ -119.284511465213683, 35.489661220087207 ], [ -119.284500904596058, 35.489657082418404 ], [ -119.28449138292217, 35.489651507805462 ], [ -119.284483189498999, 35.489644665627836 ], [ -119.284476573275512, 35.48963676377852 ], [ -119.284471735278899, 35.489628042347697 ], [ -119.284468822506497, 35.489618766327673 ], [ -119.284467923459331, 35.489609217561231 ], [ -119.284469662318912, 35.489471868806532 ], [ -119.284805509593184, 35.489474729129356 ], [ -119.284803080347629, 35.48966701518134 ], [ -119.284534397964748, 35.489664729195738 ] ] ] } },
{ "type": "Feature", "properties": { "id": "p-00940", "input_id": "026-502-04", "source": "fd-00464", "demand": 1, "duct_group": 5, "duct_assignment": "3" }, "geometry": { "type": "Polygon", "coordinates": [ [ [ -119.284469662318912, 35.489471868806532 ], [ -119.284472097791891, 35.48927957908397 ], [ -119.284807939901143, 35.489282441248974 ], [ -119.284805509593184, 35.489474729129356 ], [ -119.284469662318912, 35.489471868806532 ] ] ] } },
{ "type": "Feature", "properties": { "id": "p-00941", "input_id": "026-503-05", "source": "fd-00463", "demand": 1, "duct_group": 5, "duct_assignment": "2" }, "geometry": { "type": "Polygon", "coordinates": [ [ [ -119.283865038310594, 35.49000245235041 ], [ -119.283867308366695, 35.489823896036128 ], [ -119.284263627643298, 35.489827273560309 ], [ -119.28426136392946, 35.490005828021651 ], [ -119.283865038310594, 35.49000245235041 ] ] ] } },
{ "type": "Feature", "properties": { "id": "p-00942", "input_id": "026-503-01", "source": "fd-00466", "demand": 1, "duct_group": 5, "duct_assignment": "7" }, "geometry": { "type": "Polygon", "coordinates": [ [ [ -119.283874291960245, 35.489274495392301 ], [ -119.283876806046038, 35.48907670644418 ], [ -119.284205497653673, 35.489077650193941 ], [ -119.284216049058827, 35.489078363369813 ], [ -119.284226332411322, 35.489080423542923 ], [ -119.284236092274497, 35.489083779538966 ], [ -119.284245086214966, 35.489088347995562 ], [ -119.284253090824635, 35.489094015433025 ], [ -119.284259907270098, 35.489100641073222 ], [ -119.284265366231608, 35.489108060336179 ], [ -119.284269332109062, 35.489116088928654 ], [ -119.284271706390257, 35.489124527421559 ], [ -119.284272430097786, 35.489133166203878 ], [ -119.284270594291527, 35.489277874846849 ], [ -119.283874291960245, 35.489274495392301 ] ] ] } },
{ "type": "Feature", "properties": { "id": "p-00943", "input_id": "026-503-02", "source": "fd-00465", "demand": 1, "duct_group": 5, "duct_assignment": "6" }, "geometry": { "type": "Polygon", "coordinates": [ [ [ -119.283871848477489, 35.489466785172432 ], [ -119.283874291960245, 35.489274495392301 ], [ -119.284270594291527, 35.489277874846849 ], [ -119.284268155041374, 35.489470164600085 ], [ -119.283871848477489, 35.489466785172432 ] ] ] } },
{ "type": "Feature", "properties": { "id": "p-00944", "input_id": "026-503-03", "source": "fd-00465", "demand": 1, "duct_group": 5, "duct_assignment": "5" }, "geometry": { "type": "Polygon", "coordinates": [ [ [ -119.283869578427044, 35.489645340610508 ], [ -119.283871848477489, 35.489466785172432 ], [ -119.284268155041374, 35.489470164600085 ], [ -119.284265891347303, 35.489648719086453 ], [ -119.283869578427044, 35.489645340610508 ] ] ] } },
{ "type": "Feature", "properties": { "id": "p-00945", "input_id": "026-503-04", "source": "fd-00463", "demand": 1, "duct_group": 5, "duct_assignment": "1" }, "geometry": { "type": "Polygon", "coordinates": [ [ [ -119.283867308366695, 35.489823896036128 ], [ -119.283869578427044, 35.489645340610508 ], [ -119.284265891347303, 35.489648719086453 ], [ -119.284263627643298, 35.489827273560309 ], [ -119.283867308366695, 35.489823896036128 ] ] ] } },
{ "type": "Feature", "properties": { "id": "p-00946", "input_id": "026-502-02", "source": "fd-00484", "demand": 1, "duct_group": 8, "duct_assignment": "10" }, "geometry": { "type": "Polygon", "coordinates": [ [ [ -119.285309065233079, 35.489752275175377 ], [ -119.285694901295315, 35.489532015462011 ], [ -119.285691148029244, 35.489831184767702 ], [ -119.285359526346227, 35.489862046529439 ], [ -119.285350212197443, 35.489823339518345 ], [ -119.285333237577973, 35.489786413527582 ], [ -119.285309065233079, 35.489752275175377 ] ] ] } },
{ "type": "Feature", "properties": { "id": "p-00947", "input_id": "026-502-01", "source": "fd-00484", "demand": 1, "duct_group": 8, "duct_assignment": "9" }, "geometry": { "type": "Polygon", "coordinates": [ [ [ -119.285336200439517, 35.490009470438338 ], [ -119.285336339245404, 35.48999840004663 ], [ -119.285337034392455, 35.489990259668744 ], [ -119.285338905223895, 35.489982244191935 ], [ -119.285341925325426, 35.489974466785291 ], [ -119.285355051850047, 35.489937913712573 ], [ -119.285360968176803, 35.489900125259702 ], [ -119.285359526346227, 35.489862046529439 ], [ -119.285691148029244, 35.489831184767702 ], [ -119.285688873841323, 35.490012465168704 ], [ -119.285336200439517, 35.490009470438338 ] ] ] } },
{ "type": "Feature", "properties": { "id": "p-00948", "input_id": "026-501-10", "source": "fd-00495", "demand": 1, "duct_group": 10, "duct_assignment": "10" }, "geometry": { "type": "Polygon", "coordinates": [ [ [ -119.284798745221778, 35.490010398646383 ], [ -119.284801000973744, 35.489831832528552 ], [ -119.285052894108233, 35.489833974404583 ], [ -119.28506601917988, 35.489834931274792 ], [ -119.285078799635329, 35.48983755560122 ], [ -119.28509092077644, 35.489841782763953 ], [ -119.285102084139524, 35.489847508676036 ], [ -119.285112014844429, 35.489854592345942 ], [ -119.28512046836309, 35.489862859349664 ], [ -119.285127236540603, 35.489872106125418 ], [ -119.285132152720692, 35.489882104985973 ], [ -119.285135095849611, 35.489892609725146 ], [ -119.285135993456493, 35.489903361680184 ], [ -119.28513460894834, 35.490013252512171 ], [ -119.284798745221778, 35.490010398646383 ] ] ] } },
{ "type": "Feature", "properties": { "id": "p-00949", "input_id": "026-501-08", "source": "fd-00489", "demand": 1, "duct_group": 9, "duct_assignment": "10" }, "geometry": { "type": "Polygon", "coordinates": [ [ [ -119.28446079468732, 35.490172351337819 ], [ -119.284462880402472, 35.490007542973032 ], [ -119.284798745221778, 35.490010398646383 ], [ -119.284796664559508, 35.490175205168157 ], [ -119.28446079468732, 35.490172351337819 ] ] ] } },
{ "type": "Feature", "properties": { "id": "p-00950", "input_id": "026-503-06", "source": "fd-00441", "demand": 1, "duct_group": 0, "duct_assignment": "10" }, "geometry": { "type": "Polygon", "coordinates": [ [ [ -119.283862942680017, 35.490167267106152 ], [ -119.283865038310594, 35.49000245235041 ], [ -119.28426136392946, 35.490005828021651 ], [ -119.284259274518675, 35.490170637318919 ], [ -119.283862942680017, 35.490167267106152 ] ] ] } },
{ "type": "Feature", "properties": { "id": "p-00951", "input_id": "026-541-02", "source": "fd-00479", "demand": 1, "duct_group": 8, "duct_assignment": "2" }, "geometry": { "type": "Polygon", "coordinates": [ [ [ -119.28532138146663, 35.491187895775511 ], [ -119.285323487461952, 35.491020334419872 ], [ -119.285676190404146, 35.491023319908088 ], [ -119.28567408841937, 35.491190880333711 ], [ -119.28532138146663, 35.491187895775511 ] ] ] } },
{ "type": "Feature", "properties": { "id": "p-00952", "input_id": "026-541-03", "source": "fd-00480", "demand": 1, "duct_group": 8, "duct_assignment": "3" }, "geometry": { "type": "Polygon", "coordinates": [ [ [ -119.285323487461952, 35.491020334419872 ], [ -119.285325594536587, 35.490852772140521 ], [ -119.285678293482263, 35.49085575945989 ], [ -119.285676190404146, 35.491023319908088 ], [ -119.285323487461952, 35.491020334419872 ] ] ] } },
{ "type": "Feature", "properties": { "id": "p-00953", "input_id": "026-541-04", "source": "fd-00481", "demand": 1, "duct_group": 8, "duct_assignment": "4" }, "geometry": { "type": "Polygon", "coordinates": [ [ [ -119.285325594536587, 35.490852772140521 ], [ -119.285327701616779, 35.490685210751337 ], [ -119.285680395463942, 35.490688199913471 ], [ -119.285678293482263, 35.49085575945989 ], [ -119.285325594536587, 35.490852772140521 ] ] ] } },
{ "type": "Feature", "properties": { "id": "p-00954", "input_id": "026-541-05", "source": "fd-00481", "demand": 1, "duct_group": 8, "duct_assignment": "5" }, "geometry": { "type": "Polygon", "coordinates": [ [ [ -119.285327701616779, 35.490685210751337 ], [ -119.285329808688331, 35.490517649351176 ], [ -119.285682497422982, 35.490520639454736 ], [ -119.285680395463942, 35.490688199913471 ], [ -119.285327701616779, 35.490685210751337 ] ] ] } },
{ "type": "Feature", "properties": { "id": "p-00955", "input_id": "026-541-06", "source": "fd-00482", "demand": 1, "duct_group": 8, "duct_assignment": "7" }, "geometry": { "type": "Polygon", "coordinates": [ [ [ -119.285329808688331, 35.490517649351176 ], [ -119.2853319157513, 35.490350087939945 ], [ -119.285684600475406, 35.490353078973499 ], [ -119.285682497422982, 35.490520639454736 ], [ -119.285329808688331, 35.490517649351176 ] ] ] } },
{ "type": "Feature", "properties": { "id": "p-00956", "input_id": "026-541-07", "source": "fd-00482", "demand": 1, "duct_group": 8, "duct_assignment": "6" }, "geometry": { "type": "Polygon", "coordinates": [ [ [ -119.2853319157513, 35.490350087939945 ], [ -119.28533402279156, 35.490182525616454 ], [ -119.285686702431349, 35.490185519394046 ], [ -119.285684600475406, 35.490353078973499 ], [ -119.2853319157513, 35.490350087939945 ] ] ] } },
{ "type": "Feature", "properties": { "id": "p-00957", "input_id": "026-541-08", "source": "fd-00483", "demand": 1, "duct_group": 8, "duct_assignment": "8" }, "geometry": { "type": "Polygon", "coordinates": [ [ [ -119.28533402279156, 35.490182525616454 ], [ -119.285336132041252, 35.49001496416016 ], [ -119.285336200439517, 35.490009470438338 ], [ -119.285688873841323, 35.490012465168704 ], [ -119.285687346780108, 35.490134123207469 ], [ -119.285686702431349, 35.490185519394046 ], [ -119.28533402279156, 35.490182525616454 ] ] ] } },
{ "type": "Feature", "properties": { "id": "p-00958", "input_id": "026-542-07", "source": "fd-00492", "demand": 1, "duct_group": 10, "duct_assignment": "5" }, "geometry": { "type": "Polygon", "coordinates": [ [ [ -119.284783973884615, 35.491180588341287 ], [ -119.284786088660738, 35.491013025111315 ], [ -119.285121982803417, 35.491015870622967 ], [ -119.285119874207609, 35.491183432899682 ], [ -119.284783973884615, 35.491180588341287 ] ] ] } },
{ "type": "Feature", "properties": { "id": "p-00959", "input_id": "026-542-06", "source": "fd-00492", "demand": 1, "duct_group": 10, "duct_assignment": "4" }, "geometry": { "type": "Polygon", "coordinates": [ [ [ -119.284786088660738, 35.491013025111315 ], [ -119.284788202312171, 35.490845460980665 ], [ -119.285124092478512, 35.490848307422468 ], [ -119.285121982803417, 35.491015870622967 ], [ -119.284786088660738, 35.491013025111315 ] ] ] } },
{ "type": "Feature", "properties": { "id": "p-00960", "input_id": "026-542-05", "source": "fd-00493", "demand": 1, "duct_group": 10, "duct_assignment": "7" }, "geometry": { "type": "Polygon", "coordinates": [ [ [ -119.284788202312171, 35.490845460980665 ], [ -119.28479031815894, 35.490677896815868 ], [ -119.285126202159063, 35.490680745112172 ], [ -119.285124092478512, 35.490848307422468 ], [ -119.284788202312171, 35.490845460980665 ] ] ] } },
{ "type": "Feature", "properties": { "id": "p-00961", "input_id": "026-542-04", "source": "fd-00493", "demand": 1, "duct_group": 10, "duct_assignment": "6" }, "geometry": { "type": "Polygon", "coordinates": [ [ [ -119.28479031815894, 35.490677896815868 ], [ -119.284792432909143, 35.49051033355282 ], [ -119.285128312932983, 35.490513182779345 ], [ -119.285126202159063, 35.490680745112172 ], [ -119.28479031815894, 35.490677896815868 ] ] ] } },
{ "type": "Feature", "properties": { "id": "p-00962", "input_id": "026-542-03", "source": "fd-00494", "demand": 1, "duct_group": 10, "duct_assignment": "9" }, "geometry": { "type": "Polygon", "coordinates": [ [ [ -119.284792432909143, 35.49051033355282 ], [ -119.284794548738645, 35.490342769366009 ], [ -119.285130422596325, 35.490345620447037 ], [ -119.285128312932983, 35.490513182779345 ], [ -119.284792432909143, 35.49051033355282 ] ] ] } },
{ "type": "Feature", "properties": { "id": "p-00963", "input_id": "026-542-02", "source": "fd-00494", "demand": 1, "duct_group": 10, "duct_assignment": "8" }, "geometry": { "type": "Polygon", "coordinates": [ [ [ -119.284794548738645, 35.490342769366009 ], [ -119.284796664559508, 35.490175205168157 ], [ -119.285132533353064, 35.490178058092141 ], [ -119.285130422596325, 35.490345620447037 ], [ -119.284794548738645, 35.490342769366009 ] ] ] } },
{ "type": "Feature", "properties": { "id": "p-00964", "input_id": "026-542-01", "source": "fd-00495", "demand": 1, "duct_group": 10, "duct_assignment": "11" }, "geometry": { "type": "Polygon", "coordinates": [ [ [ -119.284796664559508, 35.490175205168157 ], [ -119.284798745221778, 35.490010398646383 ], [ -119.28513460894834, 35.490013252512171 ], [ -119.285132533353064, 35.490178058092141 ], [ -119.284796664559508, 35.490175205168157 ] ] ] } },
{ "type": "Feature", "properties": { "id": "p-00965", "input_id": "026-551-02", "source": "fd-00458", "demand": 1, "duct_group": 3, "duct_assignment": "10" }, "geometry": { "type": "Polygon", "coordinates": [ [ [ -119.283457136281001, 35.491169334135854 ], [ -119.283459274600105, 35.491001764400721 ], [ -119.283852291401885, 35.49100510388439 ], [ -119.283850160453397, 35.491172670853338 ], [ -119.283457136281001, 35.491169334135854 ] ] ] } },
{ "type": "Feature", "properties": { "id": "p-00966", "input_id": "026-551-03", "source": "fd-00442", "demand": 1, "duct_group": 1, "duct_assignment": "2" }, "geometry": { "type": "Polygon", "coordinates": [ [ [ -119.283459274600105, 35.491001764400721 ], [ -119.283461412910427, 35.490834194654532 ], [ -119.283854421225669, 35.490837536014681 ], [ -119.283852291401885, 35.49100510388439 ], [ -119.283459274600105, 35.491001764400721 ] ] ] } },
{ "type": "Feature", "properties": { "id": "p-00967", "input_id": "026-551-04", "source": "fd-00442", "demand": 1, "duct_group": 1, "duct_assignment": "1" }, "geometry": { "type": "Polygon", "coordinates": [ [ [ -119.283461412910427, 35.490834194654532 ], [ -119.283463551226149, 35.490666625798575 ], [ -119.283856552156749, 35.490669969023571 ], [ -119.283854421225669, 35.490837536014681 ], [ -119.283461412910427, 35.490834194654532 ] ] ] } },
{ "type": "Feature", "properties": { "id": "p-00968", "input_id": "026-551-05", "source": "fd-00443", "demand": 1, "duct_group": 1, "duct_assignment": "4" }, "geometry": { "type": "Polygon", "coordinates": [ [ [ -119.283463551226149, 35.490666625798575 ], [ -119.283465688417081, 35.490499056041863 ], [ -119.283858681963153, 35.49050240113182 ], [ -119.283856552156749, 35.490669969023571 ], [ -119.283463551226149, 35.490666625798575 ] ] ] } },
{ "type": "Feature", "properties": { "id": "p-00969", "input_id": "026-551-06", "source": "fd-00443", "demand": 1, "duct_group": 1, "duct_assignment": "3" }, "geometry": { "type": "Polygon", "coordinates": [ [ [ -119.283465688417081, 35.490499056041863 ], [ -119.283467826729449, 35.49033148806511 ], [ -119.28386081287691, 35.490334834118698 ], [ -119.283858681963153, 35.49050240113182 ], [ -119.283465688417081, 35.490499056041863 ] ] ] } },
{ "type": "Feature", "properties": { "id": "p-00970", "input_id": "026-551-07", "source": "fd-00444", "demand": 1, "duct_group": 1, "duct_assignment": "5" }, "geometry": { "type": "Polygon", "coordinates": [ [ [ -119.283467826729449, 35.49033148806511 ], [ -119.283469963917085, 35.490163919187552 ], [ -119.283862942680017, 35.490167267106152 ], [ -119.28386081287691, 35.490334834118698 ], [ -119.283467826729449, 35.49033148806511 ] ] ] } },
{ "type": "Feature", "properties": { "id": "p-00971", "input_id": "026-551-08", "source": "fd-00444", "demand": 1, "duct_group": 1, "duct_assignment": "6" }, "geometry": { "type": "Polygon", "coordinates": [ [ [ -119.283469963917085, 35.490163919187552 ], [ -119.283472066848645, 35.489999098060679 ], [ -119.283865038310594, 35.49000245235041 ], [ -119.283862942680017, 35.490167267106152 ], [ -119.283469963917085, 35.490163919187552 ] ] ] } },
{ "type": "Feature", "properties": { "id": "p-00972", "input_id": "026-551-09", "source": "fd-00445", "demand": 1, "duct_group": 1, "duct_assignment": "7" }, "geometry": { "type": "Polygon", "coordinates": [ [ [ -119.283472066848645, 35.489999098060679 ], [ -119.283474344369836, 35.489820541684317 ], [ -119.283867308366695, 35.489823896036128 ], [ -119.283865038310594, 35.49000245235041 ], [ -119.283472066848645, 35.489999098060679 ] ] ] } },
{ "type": "Feature", "properties": { "id": "p-00973", "input_id": "026-551-10", "source": "fd-00445", "demand": 1, "duct_group": 1, "duct_assignment": "8" }, "geometry": { "type": "Polygon", "coordinates": [ [ [ -119.283474344369836, 35.489820541684317 ], [ -119.283476621881093, 35.489641985295499 ], [ -119.283869578427044, 35.489645340610508 ], [ -119.283867308366695, 35.489823896036128 ], [ -119.283474344369836, 35.489820541684317 ] ] ] } },
{ "type": "Feature", "properties": { "id": "p-00974", "input_id": "026-551-11", "source": "fd-00446", "demand": 1, "duct_group": 1, "duct_assignment": "10" }, "geometry": { "type": "Polygon", "coordinates": [ [ [ -119.283476621881093, 35.489641985295499 ], [ -119.283478899396556, 35.489463429795357 ], [ -119.283871848477489, 35.489466785172432 ], [ -119.283869578427044, 35.489645340610508 ], [ -119.283476621881093, 35.489641985295499 ] ] ] } },
{ "type": "Feature", "properties": { "id": "p-00975", "input_id": "026-551-12", "source": "fd-00446", "demand": 1, "duct_group": 1, "duct_assignment": "9" }, "geometry": { "type": "Polygon", "coordinates": [ [ [ -119.283478899396556, 35.489463429795357 ], [ -119.283481352599836, 35.489271139029483 ], [ -119.283874291960245, 35.489274495392301 ], [ -119.283871848477489, 35.489466785172432 ], [ -119.283478899396556, 35.489463429795357 ] ] ] } },
{ "type": "Feature", "properties": { "id": "p-00976", "input_id": "026-551-13", "source": "fd-00447", "demand": 1, "duct_group": 1, "duct_assignment": "11" }, "geometry": { "type": "Polygon", "coordinates": [ [ [ -119.283481352599836, 35.489271139029483 ], [ -119.283483151759313, 35.48913013546521 ], [ -119.283550573255368, 35.489073926164693 ], [ -119.283876806046038, 35.48907670644418 ], [ -119.283874291960245, 35.489274495392301 ], [ -119.283481352599836, 35.489271139029483 ] ] ] } },
{ "type": "Feature", "properties": { "id": "p-00977", "input_id": "026-552-13", "source": "fd-00450", "demand": 1, "duct_group": 2, "duct_assignment": "4" }, "geometry": { "type": "Polygon", "coordinates": [ [ [ -119.282867724001719, 35.491249987039147 ], [ -119.282867871101914, 35.491238226116437 ], [ -119.282869773028253, 35.491085163864028 ], [ -119.283256603053005, 35.49108845175595 ], [ -119.283254497499826, 35.491253275535627 ], [ -119.282867724001719, 35.491249987039147 ] ] ] } },
{ "type": "Feature", "properties": { "id": "p-00978", "input_id": "026-552-12", "source": "fd-00450", "demand": 1, "duct_group": 2, "duct_assignment": "5" }, "geometry": { "type": "Polygon", "coordinates": [ [ [ -119.282869773028253, 35.491085163864028 ], [ -119.282869918983678, 35.491073400248339 ], [ -119.282871820944663, 35.490920340689804 ], [ -119.283258708597756, 35.490923627965621 ], [ -119.283256603053005, 35.49108845175595 ], [ -119.282869773028253, 35.491085163864028 ] ] ] } },
{ "type": "Feature", "properties": { "id": "p-00979", "input_id": "026-552-11", "source": "fd-00451", "demand": 1, "duct_group": 2, "duct_assignment": "7" }, "geometry": { "type": "Polygon", "coordinates": [ [ [ -119.282871820944663, 35.490920340689804 ], [ -119.282871967959267, 35.490908574358173 ], [ -119.282873869954756, 35.490755517493369 ], [ -119.283260815250031, 35.490758805054391 ], [ -119.283258708597756, 35.490923627965621 ], [ -119.282871820944663, 35.490920340689804 ] ] ] } },
{ "type": "Feature", "properties": { "id": "p-00980", "input_id": "026-552-10", "source": "fd-00451", "demand": 1, "duct_group": 2, "duct_assignment": "6" }, "geometry": { "type": "Polygon", "coordinates": [ [ [ -119.282873869954756, 35.490755517493369 ], [ -119.282874015824589, 35.490743748468773 ], [ -119.28287591894258, 35.49059069338503 ], [ -119.283262921893865, 35.490593982132424 ], [ -119.283260815250031, 35.490758805054391 ], [ -119.282873869954756, 35.490755517493369 ] ] ] } },
{ "type": "Feature", "properties": { "id": "p-00981", "input_id": "026-552-09", "source": "fd-00452", "demand": 1, "duct_group": 2, "duct_assignment": "8" }, "geometry": { "type": "Polygon", "coordinates": [ [ [ -119.28287591894258, 35.49059069338503 ], [ -119.282876041650894, 35.490580830116627 ], [ -119.282877969038211, 35.490425870155775 ], [ -119.283265027441317, 35.490429160112569 ], [ -119.283262921893865, 35.490593982132424 ], [ -119.28287591894258, 35.49059069338503 ] ] ] } },
{ "type": "Feature", "properties": { "id": "p-00982", "input_id": "026-552-08", "source": "fd-00452", "demand": 1, "duct_group": 2, "duct_assignment": "9" }, "geometry": { "type": "Polygon", "coordinates": [ [ [ -119.282877969038211, 35.490425870155775 ], [ -119.282878091760082, 35.490416007787992 ], [ -119.282880019125571, 35.490261046915819 ], [ -119.283267134082308, 35.490264338070524 ], [ -119.283265027441317, 35.490429160112569 ], [ -119.282877969038211, 35.490425870155775 ] ] ] } },
{ "type": "Feature", "properties": { "id": "p-00983", "input_id": "026-552-07", "source": "fd-00453", "demand": 1, "duct_group": 2, "duct_assignment": "10" }, "geometry": { "type": "Polygon", "coordinates": [ [ [ -119.282880019125571, 35.490261046915819 ], [ -119.282880141861085, 35.490251185448635 ], [ -119.282882069190762, 35.490096222763988 ], [ -119.283269239612977, 35.490099516029332 ], [ -119.283267134082308, 35.490264338070524 ], [ -119.282880019125571, 35.490261046915819 ] ] ] } },
{ "type": "Feature", "properties": { "id": "p-00984", "input_id": "026-552-06", "source": "fd-00453", "demand": 1, "duct_group": 2, "duct_assignment": "11" }, "geometry": { "type": "Polygon", "coordinates": [ [ [ -119.282882069190762, 35.490096222763988 ], [ -119.282882191953831, 35.490086363098662 ], [ -119.282884119261709, 35.489931399502744 ], [ -119.283271346237115, 35.489934693965957 ], [ -119.283269239612977, 35.490099516029332 ], [ -119.282882069190762, 35.490096222763988 ] ] ] } },
{ "type": "Feature", "properties": { "id": "p-00985", "input_id": "026-552-05", "source": "fd-00467", "demand": 1, "duct_group": 5, "duct_assignment": "9" }, "geometry": { "type": "Polygon", "coordinates": [ [ [ -119.282884119261709, 35.489931399502744 ], [ -119.282884240936468, 35.489921540749464 ], [ -119.282886168222532, 35.489766576242296 ], [ -119.283273451750802, 35.489769871903462 ], [ -119.283271346237115, 35.489934693965957 ], [ -119.282884119261709, 35.489931399502744 ] ] ] } },
{ "type": "Feature", "properties": { "id": "p-00986", "input_id": "026-552-04", "source": "fd-00467", "demand": 1, "duct_group": 5, "duct_assignment": "8" }, "geometry": { "type": "Polygon", "coordinates": [ [ [ -119.282886168222532, 35.489766576242296 ], [ -119.282887350314581, 35.489671559426647 ], [ -119.282888218277094, 35.489601752959736 ], [ -119.28327555725609, 35.489605049830274 ], [ -119.283273451750802, 35.489769871903462 ], [ -119.282886168222532, 35.489766576242296 ] ] ] } },
{ "type": "Feature", "properties": { "id": "p-00987", "input_id": "026-552-03", "source": "fd-00468", "demand": 1, "duct_group": 5, "duct_assignment": "11" }, "geometry": { "type": "Polygon", "coordinates": [ [ [ -119.282888218277094, 35.489601752959736 ], [ -119.282890268309316, 35.489436928765294 ], [ -119.283277663868958, 35.489440228636155 ], [ -119.28327555725609, 35.489605049830274 ], [ -119.282888218277094, 35.489601752959736 ] ] ] } },
{ "type": "Feature", "properties": { "id": "p-00988", "input_id": "026-552-02", "source": "fd-00468", "demand": 1, "duct_group": 5, "duct_assignment": "10" }, "geometry": { "type": "Polygon", "coordinates": [ [ [ -119.282890268309316, 35.489436928765294 ], [ -119.282890889136027, 35.489387021019525 ], [ -119.282891366817665, 35.489348562285748 ], [ -119.282892318347393, 35.489272105461382 ], [ -119.283279769371447, 35.489275407442904 ], [ -119.283277663868958, 35.489440228636155 ], [ -119.282890268309316, 35.489436928765294 ] ] ] } },
{ "type": "Feature", "properties": { "id": "p-00989", "input_id": "026-552-01", "source": "fd-00469", "demand": 1, "duct_group": 5, "duct_assignment": "12" }, "geometry": { "type": "Polygon", "coordinates": [ [ [ -119.282892318347393, 35.489272105461382 ], [ -119.282894783460904, 35.489073851957265 ], [ -119.283214700260231, 35.489076579141127 ], [ -119.28328162401273, 35.489130311042864 ], [ -119.283279769371447, 35.489275407442904 ], [ -119.282892318347393, 35.489272105461382 ] ] ] } },
{ "type": "Feature", "properties": { "id": "p-00990", "input_id": "026-693-02", "source": "fd-00693", "demand": 1, "duct_group": 2, "duct_assignment": "2" }, "geometry": { "type": "Polygon", "coordinates": [ [ [ -119.280356812582141, 35.491052658290656 ], [ -119.280358034405225, 35.490777936016784 ], [ -119.280438495126504, 35.490778171288433 ], [ -119.280528076441939, 35.490778433162447 ], [ -119.280526896871663, 35.491043449860705 ], [ -119.28044205088564, 35.491050477458032 ], [ -119.280356812582141, 35.491052658290656 ] ] ] } },
{ "type": "Feature", "properties": { "id": "p-00991", "input_id": "026-693-03", "source": "fd-00693", "demand": 1, "duct_group": 2, "duct_assignment": "3" }, "geometry": { "type": "Polygon", "coordinates": [ [ [ -119.280188888397873, 35.491052167685403 ], [ -119.280190110782229, 35.490777445413208 ], [ -119.280358034405225, 35.490777936016784 ], [ -119.280356812582141, 35.491052658290656 ], [ -119.280188888397873, 35.491052167685403 ] ] ] } },
{ "type": "Feature", "properties": { "id": "p-00992", "input_id": "026-472-06", "source": "fd-00782", "demand": 1, "duct_group": 6, "duct_assignment": "6" }, "geometry": { "type": "Polygon", "coordinates": [ [ [ -119.280358034405225, 35.490777936016784 ], [ -119.280190110782229, 35.490777445413208 ], [ -119.280085683012857, 35.490777139628776 ], [ -119.280086728270334, 35.490543394950294 ], [ -119.280131820763174, 35.490539172597494 ], [ -119.280175632072712, 35.49052947648746 ], [ -119.280217174608964, 35.490514525188928 ], [ -119.280438495126504, 35.490778171288433 ], [ -119.280358034405225, 35.490777936016784 ] ] ] } },
{ "type": "Feature", "properties": { "id": "p-00993", "input_id": "026-693-04", "source": "fd-00713", "demand": 1, "duct_group": 5, "duct_assignment": "6" }, "geometry": { "type": "Polygon", "coordinates": [ [ [ -119.280020966419613, 35.491051676827837 ], [ -119.280022188249092, 35.490776953667485 ], [ -119.280085683012857, 35.490777139628776 ], [ -119.280190110782229, 35.490777445413208 ], [ -119.280188888397873, 35.491052167685403 ], [ -119.280020966419613, 35.491051676827837 ] ] ] } },
{ "type": "Feature", "properties": { "id": "p-00994", "input_id": "026-473-08", "source": "fd-00770", "demand": 1, "duct_group": 4, "duct_assignment": "7" }, "geometry": { "type": "Polygon", "coordinates": [ [ [ -119.279822370454823, 35.49036428511932 ], [ -119.279824233714862, 35.490213190131733 ], [ -119.280159983899807, 35.490214173997856 ], [ -119.280158963001014, 35.490297026751335 ], [ -119.280074689446266, 35.490365023923708 ], [ -119.279822370454823, 35.49036428511932 ] ] ] } },
{ "type": "Feature", "properties": { "id": "p-00995", "input_id": "026-473-09", "source": "fd-00770", "demand": 1, "duct_group": 4, "duct_assignment": "8" }, "geometry": { "type": "Polygon", "coordinates": [ [ [ -119.279824233714862, 35.490213190131733 ], [ -119.279825965839251, 35.490072644435728 ], [ -119.280161716552158, 35.490073628285664 ], [ -119.280159983899807, 35.490214173997856 ], [ -119.279824233714862, 35.490213190131733 ] ] ] } },
{ "type": "Feature", "properties": { "id": "p-00996", "input_id": "026-472-05", "source": "fd-00781", "demand": 1, "duct_group": 6, "duct_assignment": "4" }, "geometry": { "type": "Polygon", "coordinates": [ [ [ -119.280022188249092, 35.490776953667485 ], [ -119.279854266833951, 35.490776462582097 ], [ -119.279850929987575, 35.490776418911864 ], [ -119.279852157420365, 35.490501736233128 ], [ -119.279883367931959, 35.490501827640728 ], [ -119.279897745931322, 35.490502885414735 ], [ -119.279911689849783, 35.490505941896423 ], [ -119.279924787467039, 35.490510906727813 ], [ -119.279962782992754, 35.490525921594767 ], [ -119.280002964844329, 35.490536462997639 ], [ -119.28004455004465, 35.490542325528288 ], [ -119.280086728270334, 35.490543394950294 ], [ -119.280085683012857, 35.490777139628776 ], [ -119.280022188249092, 35.490776953667485 ] ] ] } },
{ "type": "Feature", "properties": { "id": "p-00997", "input_id": "026-473-26", "source": "fd-00757", "demand": 1, "duct_group": 2, "duct_assignment": "8" }, "geometry": { "type": "Polygon", "coordinates": [ [ [ -119.279833121117079, 35.489492114345964 ], [ -119.279834818876012, 35.489354530899348 ], [ -119.280170558858387, 35.489355509398386 ], [ -119.28016886506532, 35.489493099123784 ], [ -119.279833121117079, 35.489492114345964 ] ] ] } },
{ "type": "Feature", "properties": { "id": "p-00998", "input_id": "026-473-25", "source": "fd-00757", "demand": 1, "duct_group": 2, "duct_assignment": "7" }, "geometry": { "type": "Polygon", "coordinates": [ [ [ -119.279831257903709, 35.489643210277542 ], [ -119.279833121117079, 35.489492114345964 ], [ -119.28016886506532, 35.489493099123784 ], [ -119.280167845300426, 35.489575952790396 ], [ -119.280083574696093, 35.489643949965149 ], [ -119.279831257903709, 35.489643210277542 ] ] ] } },
{ "type": "Feature", "properties": { "id": "p-00999", "input_id": "026-473-27", "source": "fd-00759", "demand": 1, "duct_group": 2, "duct_assignment": "11" }, "geometry": { "type": "Polygon", "coordinates": [ [ [ -119.279834818876012, 35.489354530899348 ], [ -119.279836531206371, 35.489216043210277 ], [ -119.280172265127504, 35.489217022663318 ], [ -119.280170558858387, 35.489355509398386 ], [ -119.279834818876012, 35.489354530899348 ] ] ] } },
{ "type": "Feature", "properties": { "id": "p-01000", "input_id": "026-473-28", "source": "fd-00758", "demand": 1, "duct_group": 2, "duct_assignment": "10" }, "geometry": { "type": "Polygon", "coordinates": [ [ [ -119.279836531206371, 35.489216043210277 ], [ -119.279838408683418, 35.489064944400496 ], [ -119.280089635824979, 35.48906567827887 ], [ -119.280173278718649, 35.48913504699258 ], [ -119.280172265127504, 35.489217022663318 ], [ -119.279836531206371, 35.489216043210277 ] ] ] } },
{ "type": "Feature", "properties": { "id": "p-01001", "input_id": "026-473-11", "source": "fd-00771", "demand": 1, "duct_group": 4, "duct_assignment": "10" }, "geometry": { "type": "Polygon", "coordinates": [ [ [ -119.279827703330113, 35.489931665112728 ], [ -119.279829565454577, 35.489780569209714 ], [ -119.280080812470189, 35.489781306527242 ], [ -119.280164467968589, 35.489850235230826 ], [ -119.280163453481237, 35.489932649859277 ], [ -119.279827703330113, 35.489931665112728 ] ] ] } },
{ "type": "Feature", "properties": { "id": "p-01002", "input_id": "026-473-10", "source": "fd-00771", "demand": 1, "duct_group": 4, "duct_assignment": "9" }, "geometry": { "type": "Polygon", "coordinates": [ [ [ -119.279825965839251, 35.490072644435728 ], [ -119.279827703330113, 35.489931665112728 ], [ -119.280163453481237, 35.489932649859277 ], [ -119.280161716552158, 35.490073628285664 ], [ -119.279825965839251, 35.490072644435728 ] ] ] } },
{ "type": "Feature", "properties": { "id": "p-01003", "input_id": "026-473-29", "source": "fd-00758", "demand": 1, "duct_group": 2, "duct_assignment": "9" }, "geometry": { "type": "Polygon", "coordinates": [ [ [ -119.279666901483409, 35.489354040447431 ], [ -119.279670496290095, 35.489064453907581 ], [ -119.279838408683418, 35.489064944400496 ], [ -119.279836531206371, 35.489216043210277 ], [ -119.279834818876012, 35.489354530899348 ], [ -119.279666901483409, 35.489354040447431 ] ] ] } },
{ "type": "Feature", "properties": { "id": "p-01004", "input_id": "026-473-24", "source": "fd-00788", "demand": 1, "duct_group": 7, "duct_assignment": "3" }, "geometry": { "type": "Polygon", "coordinates": [ [ [ -119.279663337675544, 35.489642717140036 ], [ -119.279666901483409, 35.489354040447431 ], [ -119.279834818876012, 35.489354530899348 ], [ -119.279833121117079, 35.489492114345964 ], [ -119.279831257903709, 35.489643210277542 ], [ -119.279663337675544, 35.489642717140036 ] ] ] } },
{ "type": "Feature", "properties": { "id": "p-01005", "input_id": "026-473-12", "source": "fd-00772", "demand": 1, "duct_group": 4, "duct_assignment": "11" }, "geometry": { "type": "Polygon", "coordinates": [ [ [ -119.279658044733949, 35.490072151291074 ], [ -119.279661644959916, 35.489780076971229 ], [ -119.279829565454577, 35.489780569209714 ], [ -119.279827703330113, 35.489931665112728 ], [ -119.279825965839251, 35.490072644435728 ], [ -119.279658044733949, 35.490072151291074 ] ] ] } },
{ "type": "Feature", "properties": { "id": "p-01006", "input_id": "026-693-05", "source": "fd-00713", "demand": 1, "duct_group": 5, "duct_assignment": "5" }, "geometry": { "type": "Polygon", "coordinates": [ [ [ -119.279853046647247, 35.491051185717879 ], [ -119.279854266833951, 35.490776462582097 ], [ -119.280022188249092, 35.490776953667485 ], [ -119.280020966419613, 35.491051676827837 ], [ -119.279853046647247, 35.491051185717879 ] ] ] } },
{ "type": "Feature", "properties": { "id": "p-01007", "input_id": "026-473-07", "source": "fd-00769", "demand": 1, "duct_group": 4, "duct_assignment": "5" }, "geometry": { "type": "Polygon", "coordinates": [ [ [ -119.279654448753789, 35.490363791969799 ], [ -119.279658044733949, 35.490072151291074 ], [ -119.279825965839251, 35.490072644435728 ], [ -119.279824233714862, 35.490213190131733 ], [ -119.279822370454823, 35.49036428511932 ], [ -119.279654448753789, 35.490363791969799 ] ] ] } },
{ "type": "Feature", "properties": { "id": "p-01008", "input_id": "026-472-04", "source": "fd-00740", "demand": 1, "duct_group": 0, "duct_assignment": "1" }, "geometry": { "type": "Polygon", "coordinates": [ [ [ -119.279686348712673, 35.490775970331576 ], [ -119.279683010778442, 35.49077592756953 ], [ -119.27968423765634, 35.490501244002715 ], [ -119.279852157420365, 35.490501736233128 ], [ -119.279850929987575, 35.490776418911864 ], [ -119.279686348712673, 35.490775970331576 ] ] ] } },
{ "type": "Feature", "properties": { "id": "p-01009", "input_id": "026-693-06", "source": "fd-00714", "demand": 1, "duct_group": 5, "duct_assignment": "7" }, "geometry": { "type": "Polygon", "coordinates": [ [ [ -119.279685129080818, 35.491050694355508 ], [ -119.279686348712673, 35.490775970331576 ], [ -119.279850929987575, 35.490776418911864 ], [ -119.279854266833951, 35.490776462582097 ], [ -119.279853046647247, 35.491051185717879 ], [ -119.279685129080818, 35.491050694355508 ] ] ] } },
{ "type": "Feature", "properties": { "id": "p-01010", "input_id": "026-473-06", "source": "fd-00769", "demand": 1, "duct_group": 4, "duct_assignment": "6" }, "geometry": { "type": "Polygon", "coordinates": [ [ [ -119.279486529272731, 35.490363299469195 ], [ -119.279490124732575, 35.490071657905567 ], [ -119.279658044733949, 35.490072151291074 ], [ -119.279654448753789, 35.490363791969799 ], [ -119.279486529272731, 35.490363299469195 ] ] ] } },
{ "type": "Feature", "properties": { "id": "p-01011", "input_id": "026-472-03", "source": "fd-00780", "demand": 1, "duct_group": 6, "duct_assignment": "2" }, "geometry": { "type": "Polygon", "coordinates": [ [ [ -119.279518432797346, 35.49077547782872 ], [ -119.279515093761248, 35.490775435073594 ], [ -119.279516321200276, 35.490500751508335 ], [ -119.27968423765634, 35.490501244002715 ], [ -119.279683010778442, 35.49077592756953 ], [ -119.279518432797346, 35.49077547782872 ] ] ] } },
{ "type": "Feature", "properties": { "id": "p-01012", "input_id": "026-473-30", "source": "fd-00756", "demand": 1, "duct_group": 2, "duct_assignment": "5" }, "geometry": { "type": "Polygon", "coordinates": [ [ [ -119.279498986310784, 35.489353550644438 ], [ -119.279502582796781, 35.489063963196664 ], [ -119.279670496290095, 35.489064453907581 ], [ -119.279666901483409, 35.489354040447431 ], [ -119.279498986310784, 35.489353550644438 ] ] ] } },
{ "type": "Feature", "properties": { "id": "p-01013", "input_id": "026-473-23", "source": "fd-00788", "demand": 1, "duct_group": 7, "duct_assignment": "2" }, "geometry": { "type": "Polygon", "coordinates": [ [ [ -119.279495419653273, 35.489642223750195 ], [ -119.279498986310784, 35.489353550644438 ], [ -119.279666901483409, 35.489354040447431 ], [ -119.279663337675544, 35.489642717140036 ], [ -119.279495419653273, 35.489642223750195 ] ] ] } },
{ "type": "Feature", "properties": { "id": "p-01014", "input_id": "026-473-13", "source": "fd-00772", "demand": 1, "duct_group": 4, "duct_assignment": "12" }, "geometry": { "type": "Polygon", "coordinates": [ [ [ -119.279490124732575, 35.490071657905567 ], [ -119.279493725555071, 35.489779583590604 ], [ -119.279661644959916, 35.489780076971229 ], [ -119.279658044733949, 35.490072151291074 ], [ -119.279490124732575, 35.490071657905567 ] ] ] } },
{ "type": "Feature", "properties": { "id": "p-01015", "input_id": "026-693-07", "source": "fd-00714", "demand": 1, "duct_group": 5, "duct_assignment": "8" }, "geometry": { "type": "Polygon", "coordinates": [ [ [ -119.279517213706313, 35.491050201839592 ], [ -119.279518432797346, 35.49077547782872 ], [ -119.279683010778442, 35.49077592756953 ], [ -119.279686348712673, 35.490775970331576 ], [ -119.279685129080818, 35.491050694355508 ], [ -119.279517213706313, 35.491050201839592 ] ] ] } },
{ "type": "Feature", "properties": { "id": "p-01016", "input_id": "026-472-02", "source": "fd-00780", "demand": 1, "duct_group": 6, "duct_assignment": "3" }, "geometry": { "type": "Polygon", "coordinates": [ [ [ -119.279350519087913, 35.490774985073543 ], [ -119.279347175686183, 35.490774945063379 ], [ -119.279348408037961, 35.490500257849007 ], [ -119.279516321200276, 35.490500751508335 ], [ -119.279515093761248, 35.490775435073594 ], [ -119.279350519087913, 35.490774985073543 ] ] ] } },
{ "type": "Feature", "properties": { "id": "p-01017", "input_id": "026-693-08", "source": "fd-00715", "demand": 1, "duct_group": 5, "duct_assignment": "9" }, "geometry": { "type": "Polygon", "coordinates": [ [ [ -119.27934930165371, 35.491049709961047 ], [ -119.279350519087913, 35.490774985073543 ], [ -119.279515093761248, 35.490775435073594 ], [ -119.279518432797346, 35.49077547782872 ], [ -119.279517213706313, 35.491050201839592 ], [ -119.27934930165371, 35.491049709961047 ] ] ] } },
{ "type": "Feature", "properties": { "id": "p-01018", "input_id": "026-453-02", "source": "fd-00681", "demand": 1, "duct_group": 0, "duct_assignment": "5" }, "geometry": { "type": "Polygon", "coordinates": [ [ [ -119.280911289227575, 35.491476749718743 ], [ -119.280912540537003, 35.491198733521244 ], [ -119.281111673626825, 35.491199316058797 ], [ -119.281110422962726, 35.49147733045578 ], [ -119.280911289227575, 35.491476749718743 ] ] ] } },
{ "type": "Feature", "properties": { "id": "p-01019", "input_id": "026-453-03", "source": "fd-00682", "demand": 1, "duct_group": 0, "duct_assignment": "7" }, "geometry": { "type": "Polygon", "coordinates": [ [ [ -119.281110422962726, 35.49147733045578 ], [ -119.281111673626825, 35.491199316058797 ], [ -119.281310807807401, 35.491199897360957 ], [ -119.281309558876586, 35.491477909044725 ], [ -119.281110422962726, 35.49147733045578 ] ] ] } },
{ "type": "Feature", "properties": { "id": "p-01020", "input_id": "026-453-04", "source": "fd-00683", "demand": 1, "duct_group": 0, "duct_assignment": "9" }, "geometry": { "type": "Polygon", "coordinates": [ [ [ -119.281309558876586, 35.491477909044725 ], [ -119.281310807807401, 35.491199897360957 ], [ -119.281509946384574, 35.491200477393356 ], [ -119.2815086981132, 35.491478488177854 ], [ -119.281309558876586, 35.491477909044725 ] ] ] } },
{ "type": "Feature", "properties": { "id": "p-01021", "input_id": "026-453-05", "source": "fd-00683", "demand": 1, "duct_group": 0, "duct_assignment": "8" }, "geometry": { "type": "Polygon", "coordinates": [ [ [ -119.2815086981132, 35.491478488177854 ], [ -119.281509946384574, 35.491200477393356 ], [ -119.281709087168494, 35.49120105708004 ], [ -119.28170784174641, 35.491479066041101 ], [ -119.2815086981132, 35.491478488177854 ] ] ] } },
{ "type": "Feature", "properties": { "id": "p-01022", "input_id": "026-453-01", "source": "fd-00681", "demand": 1, "duct_group": 0, "duct_assignment": "6" }, "geometry": { "type": "Polygon", "coordinates": [ [ [ -119.280712159889077, 35.491476167711845 ], [ -119.280713411703374, 35.491198140701535 ], [ -119.280912540537003, 35.491198733521244 ], [ -119.280911289227575, 35.491476749718743 ], [ -119.280712159889077, 35.491476167711845 ] ] ] } },
{ "type": "Feature", "properties": { "id": "p-01023", "input_id": "026-451-17", "source": "fd-00658", "demand": 1, "duct_group": 5, "duct_assignment": "6" }, "geometry": { "type": "Polygon", "coordinates": [ [ [ -119.282526389979893, 35.491402056195668 ], [ -119.2825271225812, 35.491237229654821 ], [ -119.282867871101914, 35.491238226116437 ], [ -119.282867724001719, 35.491249987039147 ], [ -119.282865822109898, 35.491403051985309 ], [ -119.282526389979893, 35.491402056195668 ] ] ] } },
{ "type": "Feature", "properties": { "id": "p-01024", "input_id": "026-453-06", "source": "fd-00684", "demand": 1, "duct_group": 0, "duct_assignment": "11" }, "geometry": { "type": "Polygon", "coordinates": [ [ [ -119.28170784174641, 35.491479066041101 ], [ -119.281709087168494, 35.49120105708004 ], [ -119.281908232377177, 35.491201637299376 ], [ -119.28190698870236, 35.491479644448397 ], [ -119.28170784174641, 35.491479066041101 ] ] ] } },
{ "type": "Feature", "properties": { "id": "p-01025", "input_id": "026-453-07", "source": "fd-00684", "demand": 1, "duct_group": 0, "duct_assignment": "10" }, "geometry": { "type": "Polygon", "coordinates": [ [ [ -119.28190698870236, 35.491479644448397 ], [ -119.281908232377177, 35.491201637299376 ], [ -119.28210738199644, 35.49120221714999 ], [ -119.282106138981092, 35.491480223399726 ], [ -119.28190698870236, 35.491479644448397 ] ] ] } },
{ "type": "Feature", "properties": { "id": "p-01026", "input_id": "026-453-08", "source": "fd-00685", "demand": 1, "duct_group": 0, "duct_assignment": "12" }, "geometry": { "type": "Polygon", "coordinates": [ [ [ -119.282106138981092, 35.491480223399726 ], [ -119.28210738199644, 35.49120221714999 ], [ -119.282258542169387, 35.491202657404521 ], [ -119.28232547902779, 35.491257794906467 ], [ -119.282324486237258, 35.491480859523698 ], [ -119.282106138981092, 35.491480223399726 ] ] ] } },
{ "type": "Feature", "properties": { "id": "p-01027", "input_id": "026-453-12", "source": "fd-00655", "demand": 1, "duct_group": 5, "duct_assignment": "1" }, "geometry": { "type": "Polygon", "coordinates": [ [ [ -119.281507449791235, 35.491756496228355 ], [ -119.2815086981132, 35.491478488177854 ], [ -119.28170784174641, 35.491479066041101 ], [ -119.28170659518581, 35.491757073180842 ], [ -119.281507449791235, 35.491756496228355 ] ] ] } },
{ "type": "Feature", "properties": { "id": "p-01028", "input_id": "026-451-16", "source": "fd-00710", "demand": 1, "duct_group": 4, "duct_assignment": "11" }, "geometry": { "type": "Polygon", "coordinates": [ [ [ -119.282530067276966, 35.491566896196858 ], [ -119.282526814835009, 35.491556050862791 ], [ -119.282525754434872, 35.491544917820583 ], [ -119.282526389979893, 35.491402056195668 ], [ -119.282865822109898, 35.491403051985309 ], [ -119.282865676111115, 35.491414812895719 ], [ -119.282863774211677, 35.491567877832018 ], [ -119.282530067276966, 35.491566896196858 ] ] ] } },
{ "type": "Feature", "properties": { "id": "p-01029", "input_id": "026-453-11", "source": "fd-00656", "demand": 1, "duct_group": 5, "duct_assignment": "3" }, "geometry": { "type": "Polygon", "coordinates": [ [ [ -119.28170659518581, 35.491757073180842 ], [ -119.28170784174641, 35.491479066041101 ], [ -119.28190698870236, 35.491479644448397 ], [ -119.281905745005147, 35.491757650665889 ], [ -119.28170659518581, 35.491757073180842 ] ] ] } },
{ "type": "Feature", "properties": { "id": "p-01030", "input_id": "026-453-10", "source": "fd-00657", "demand": 1, "duct_group": 5, "duct_assignment": "4" }, "geometry": { "type": "Polygon", "coordinates": [ [ [ -119.281905745005147, 35.491757650665889 ], [ -119.28190698870236, 35.491479644448397 ], [ -119.282106138981092, 35.491480223399726 ], [ -119.282104898161251, 35.491758229596179 ], [ -119.281905745005147, 35.491757650665889 ] ] ] } },
{ "type": "Feature", "properties": { "id": "p-01031", "input_id": "026-453-09", "source": "fd-00657", "demand": 1, "duct_group": 5, "duct_assignment": "5" }, "geometry": { "type": "Polygon", "coordinates": [ [ [ -119.282104898161251, 35.491758229596179 ], [ -119.282106138981092, 35.491480223399726 ], [ -119.282324486237258, 35.491480859523698 ], [ -119.28232349344141, 35.491703924121396 ], [ -119.282256068172359, 35.491758669761701 ], [ -119.282104898161251, 35.491758229596179 ] ] ] } },
{ "type": "Feature", "properties": { "id": "p-01032", "input_id": "026-692-04", "source": "fd-00680", "demand": 1, "duct_group": 0, "duct_assignment": "4" }, "geometry": { "type": "Polygon", "coordinates": [ [ [ -119.280490866454585, 35.491475517956786 ], [ -119.280492124146463, 35.491195909877341 ], [ -119.280713411703374, 35.491198140701535 ], [ -119.280712159889077, 35.491476167711845 ], [ -119.280490866454585, 35.491475517956786 ] ] ] } },
{ "type": "Feature", "properties": { "id": "p-01033", "input_id": "026-484-01", "source": "fd-00449", "demand": 1, "duct_group": 2, "duct_assignment": "3" }, "geometry": { "type": "Polygon", "coordinates": [ [ [ -119.282865676111115, 35.491414812895719 ], [ -119.282865822109898, 35.491403051985309 ], [ -119.282867724001719, 35.491249987039147 ], [ -119.283254497499826, 35.491253275535627 ], [ -119.283252390836296, 35.491418099316085 ], [ -119.282865676111115, 35.491414812895719 ] ] ] } },
{ "type": "Feature", "properties": { "id": "p-01034", "input_id": "026-484-02", "source": "fd-00448", "demand": 1, "duct_group": 2, "duct_assignment": "2" }, "geometry": { "type": "Polygon", "coordinates": [ [ [ -119.282863627096262, 35.491579637851927 ], [ -119.282863774211677, 35.491567877832018 ], [ -119.282865676111115, 35.491414812895719 ], [ -119.283252390836296, 35.491418099316085 ], [ -119.283251097664092, 35.491519318719789 ], [ -119.283250404870927, 35.491527431051729 ], [ -119.283248544519765, 35.491535419549322 ], [ -119.283245542691347, 35.491543172218037 ], [ -119.283231642167664, 35.491582764394131 ], [ -119.282863627096262, 35.491579637851927 ] ] ] } },
{ "type": "Feature", "properties": { "id": "p-01035", "input_id": "026-482-04", "source": "fd-00485", "demand": 1, "duct_group": 9, "duct_assignment": "1" }, "geometry": { "type": "Polygon", "coordinates": [ [ [ -119.284443832776233, 35.491512872989091 ], [ -119.284445952591625, 35.491345305234603 ], [ -119.284781859099866, 35.491348151560238 ], [ -119.284779743246801, 35.491515717483374 ], [ -119.284443832776233, 35.491512872989091 ] ] ] } },
{ "type": "Feature", "properties": { "id": "p-01036", "input_id": "026-482-03", "source": "fd-00485", "demand": 1, "duct_group": 9, "duct_assignment": "2" }, "geometry": { "type": "Polygon", "coordinates": [ [ [ -119.284508756801159, 35.491692015905613 ], [ -119.28449825573081, 35.491691250838585 ], [ -119.284488030287761, 35.491689151702431 ], [ -119.284478332257592, 35.491685770185136 ], [ -119.284469400439136, 35.491681189551294 ], [ -119.284461454764326, 35.491675522591912 ], [ -119.28445469088264, 35.491668908846819 ], [ -119.284449275343817, 35.491661511169241 ], [ -119.284445341496522, 35.491653511715164 ], [ -119.284442986205036, 35.491645107458588 ], [ -119.284442267464229, 35.491636505340779 ], [ -119.284443832776233, 35.491512872989091 ], [ -119.284779743246801, 35.491515717483374 ], [ -119.284777487571475, 35.491694294297815 ], [ -119.284508756801159, 35.491692015905613 ] ] ] } },
{ "type": "Feature", "properties": { "id": "p-01037", "input_id": "026-483-02", "source": "fd-00437", "demand": 1, "duct_group": 0, "duct_assignment": "2" }, "geometry": { "type": "Polygon", "coordinates": [ [ [ -119.284172832325552, 35.491689166302997 ], [ -119.283843627462261, 35.491686372681983 ], [ -119.283845898572622, 35.491507807461907 ], [ -119.284242281871101, 35.491511165539791 ], [ -119.28424071402398, 35.491634796109501 ], [ -119.284239571730183, 35.491644328190723 ], [ -119.284236422882529, 35.491653553234151 ], [ -119.284231363156437, 35.491662190941604 ], [ -119.284224546288655, 35.49166997886055 ], [ -119.284216179405888, 35.491676680358921 ], [ -119.284206516731558, 35.49168209181493 ], [ -119.28419585186117, 35.491686048804063 ], [ -119.284184508841747, 35.491688431095007 ], [ -119.284172832325552, 35.491689166302997 ] ] ] } },
{ "type": "Feature", "properties": { "id": "p-01038", "input_id": "026-483-01", "source": "fd-00437", "demand": 1, "duct_group": 0, "duct_assignment": "1" }, "geometry": { "type": "Polygon", "coordinates": [ [ [ -119.283845898572622, 35.491507807461907 ], [ -119.283848030598222, 35.49134023779979 ], [ -119.284244407607119, 35.491343597731039 ], [ -119.284242281871101, 35.491511165539791 ], [ -119.283845898572622, 35.491507807461907 ] ] ] } },
{ "type": "Feature", "properties": { "id": "p-01039", "input_id": "026-501-01", "source": "fd-00486", "demand": 1, "duct_group": 9, "duct_assignment": "3" }, "geometry": { "type": "Polygon", "coordinates": [ [ [ -119.284445952591625, 35.491345305234603 ], [ -119.284448071366853, 35.491177741986725 ], [ -119.284783973884615, 35.491180588341287 ], [ -119.284781859099866, 35.491348151560238 ], [ -119.284445952591625, 35.491345305234603 ] ] ] } },
{ "type": "Feature", "properties": { "id": "p-01040", "input_id": "026-503-13", "source": "fd-00438", "demand": 1, "duct_group": 0, "duct_assignment": "3" }, "geometry": { "type": "Polygon", "coordinates": [ [ [ -119.283848030598222, 35.49134023779979 ], [ -119.283850160453397, 35.491172670853338 ], [ -119.284246532288833, 35.491176033527729 ], [ -119.284244407607119, 35.491343597731039 ], [ -119.283848030598222, 35.49134023779979 ] ] ] } },
{ "type": "Feature", "properties": { "id": "p-01041", "input_id": "026-483-03", "source": "fd-00457", "demand": 1, "duct_group": 3, "duct_assignment": "8" }, "geometry": { "type": "Polygon", "coordinates": [ [ [ -119.283517765879168, 35.491683606359906 ], [ -119.283506110936756, 35.491682672697145 ], [ -119.283494831291591, 35.4916800980563 ], [ -119.283484269659098, 35.491675960664104 ], [ -119.28347474693912, 35.491670386229295 ], [ -119.283466552465271, 35.491663544122794 ], [ -119.283459935214267, 35.491655642231976 ], [ -119.283455096241028, 35.4916469206442 ], [ -119.283452182569988, 35.491637644351826 ], [ -119.283451282728052, 35.491628095201207 ], [ -119.283452859644868, 35.491504475375464 ], [ -119.283845898572622, 35.491507807461907 ], [ -119.283843627462261, 35.491686372681983 ], [ -119.283517765879168, 35.491683606359906 ] ] ] } },
{ "type": "Feature", "properties": { "id": "p-01042", "input_id": "026-483-04", "source": "fd-00457", "demand": 1, "duct_group": 3, "duct_assignment": "7" }, "geometry": { "type": "Polygon", "coordinates": [ [ [ -119.283452859644868, 35.491504475375464 ], [ -119.28345499798138, 35.491336905662401 ], [ -119.283848030598222, 35.49134023779979 ], [ -119.283845898572622, 35.491507807461907 ], [ -119.283452859644868, 35.491504475375464 ] ] ] } },
{ "type": "Feature", "properties": { "id": "p-01043", "input_id": "026-481-17", "source": "fd-00476", "demand": 1, "duct_group": 6, "duct_assignment": "11" }, "geometry": { "type": "Polygon", "coordinates": [ [ [ -119.286063879535519, 35.491787611697561 ], [ -119.28606165154747, 35.491763855078695 ], [ -119.286054437935917, 35.491740770617717 ], [ -119.286042455701335, 35.491719052730289 ], [ -119.286026065290883, 35.491699354723011 ], [ -119.286005759755213, 35.491682269141066 ], [ -119.28598214991662, 35.491668309943599 ], [ -119.285955945994431, 35.491657897043432 ], [ -119.285927936240753, 35.491651343675471 ], [ -119.285898963228945, 35.491648846974293 ], [ -119.285869898508111, 35.491650482044193 ], [ -119.285873533722821, 35.491360148591475 ], [ -119.286086016875515, 35.491361949884002 ], [ -119.286080695083541, 35.49178775482072 ], [ -119.286063879535519, 35.491787611697561 ] ] ] } },
{ "type": "Feature", "properties": { "id": "p-01044", "input_id": "026-481-18", "source": "fd-00476", "demand": 1, "duct_group": 6, "duct_assignment": "12" }, "geometry": { "type": "Polygon", "coordinates": [ [ [ -119.285725658969412, 35.491702330416693 ], [ -119.28566767933755, 35.491701839985232 ], [ -119.285669918655117, 35.49152325699616 ], [ -119.285671985310032, 35.491358439858587 ], [ -119.285873533722821, 35.491360148591475 ], [ -119.285869898508111, 35.491650482044193 ], [ -119.285846121069483, 35.491654998498305 ], [ -119.285823395110981, 35.491662285737156 ], [ -119.285802200570231, 35.491672189865582 ], [ -119.285782985044136, 35.491684501723455 ], [ -119.285773093335479, 35.491690811735189 ], [ -119.285762162683866, 35.491695846284898 ], [ -119.285750436992771, 35.491699493032982 ], [ -119.285738177905927, 35.491701670606822 ], [ -119.285725658969412, 35.491702330416693 ] ] ] } },
{ "type": "Feature", "properties": { "id": "p-01045", "input_id": "026-481-19", "source": "fd-00474", "demand": 1, "duct_group": 6, "duct_assignment": "8" }, "geometry": { "type": "Polygon", "coordinates": [ [ [ -119.28538214400885, 35.491699420207723 ], [ -119.285370488266892, 35.491698487595826 ], [ -119.285359207615755, 35.491695913863474 ], [ -119.285348644807144, 35.49169177721096 ], [ -119.285339120781813, 35.491686203326566 ], [ -119.285330924917886, 35.491679361567371 ], [ -119.285324306238422, 35.491671459813602 ], [ -119.285319465845049, 35.491662738152343 ], [ -119.285316550807792, 35.4916534615827 ], [ -119.285315649696471, 35.491643911964019 ], [ -119.285317204682016, 35.491520267076581 ], [ -119.285669918655117, 35.49152325699616 ], [ -119.28566767933755, 35.491701839985232 ], [ -119.28538214400885, 35.491699420207723 ] ] ] } },
{ "type": "Feature", "properties": { "id": "p-01046", "input_id": "026-481-20", "source": "fd-00474", "demand": 1, "duct_group": 6, "duct_assignment": "7" }, "geometry": { "type": "Polygon", "coordinates": [ [ [ -119.285317204682016, 35.491520267076581 ], [ -119.285319277539756, 35.4913554489859 ], [ -119.285671985310032, 35.491358439858587 ], [ -119.285669918655117, 35.49152325699616 ], [ -119.285317204682016, 35.491520267076581 ] ] ] } },
{ "type": "Feature", "properties": { "id": "p-01047", "input_id": "026-482-02", "source": "fd-00490", "demand": 1, "duct_group": 10, "duct_assignment": "2" }, "geometry": { "type": "Polygon", "coordinates": [ [ [ -119.285046219472662, 35.491696572992204 ], [ -119.284777487571475, 35.491694294297815 ], [ -119.284779743246801, 35.491515717483374 ], [ -119.285115653740661, 35.491518561059479 ], [ -119.285114096205803, 35.491642203263865 ], [ -119.285112954310037, 35.491651734970105 ], [ -119.28510980594028, 35.491660959702344 ], [ -119.285104746756929, 35.491669597173626 ], [ -119.285097930479097, 35.491677384940388 ], [ -119.285089564214275, 35.491684086376708 ], [ -119.285079902165322, 35.491689497864044 ], [ -119.285069237906868, 35.491693454977998 ], [ -119.285057895465158, 35.491695837484336 ], [ -119.285046219472662, 35.491696572992204 ] ] ] } },
{ "type": "Feature", "properties": { "id": "p-01048", "input_id": "026-482-01", "source": "fd-00490", "demand": 1, "duct_group": 10, "duct_assignment": "1" }, "geometry": { "type": "Polygon", "coordinates": [ [ [ -119.284779743246801, 35.491515717483374 ], [ -119.284781859099866, 35.491348151560238 ], [ -119.285117764515363, 35.491350996078111 ], [ -119.285115653740661, 35.491518561059479 ], [ -119.284779743246801, 35.491515717483374 ] ] ] } },
{ "type": "Feature", "properties": { "id": "p-01049", "input_id": "026-541-01", "source": "fd-00479", "demand": 1, "duct_group": 8, "duct_assignment": "1" }, "geometry": { "type": "Polygon", "coordinates": [ [ [ -119.285319277539756, 35.4913554489859 ], [ -119.285319311740025, 35.491352702126441 ], [ -119.28532138146663, 35.491187895775511 ], [ -119.28567408841937, 35.491190880333711 ], [ -119.285671985310032, 35.491358439858587 ], [ -119.285319277539756, 35.4913554489859 ] ] ] } },
{ "type": "Feature", "properties": { "id": "p-01050", "input_id": "026-542-08", "source": "fd-00491", "demand": 1, "duct_group": 10, "duct_assignment": "3" }, "geometry": { "type": "Polygon", "coordinates": [ [ [ -119.284781859099866, 35.491348151560238 ], [ -119.284783973884615, 35.491180588341287 ], [ -119.285119874207609, 35.491183432899682 ], [ -119.285117764515363, 35.491350996078111 ], [ -119.284781859099866, 35.491348151560238 ] ] ] } },
{ "type": "Feature", "properties": { "id": "p-01051", "input_id": "026-551-01", "source": "fd-00458", "demand": 1, "duct_group": 3, "duct_assignment": "9" }, "geometry": { "type": "Polygon", "coordinates": [ [ [ -119.28345499798138, 35.491336905662401 ], [ -119.283456043400619, 35.49125498825596 ], [ -119.283457136281001, 35.491169334135854 ], [ -119.283850160453397, 35.491172670853338 ], [ -119.283848030598222, 35.49134023779979 ], [ -119.28345499798138, 35.491336905662401 ] ] ] } },
{ "type": "Feature", "properties": { "id": "p-01052", "input_id": "026-692-05", "source": "fd-00679", "demand": 1, "duct_group": 0, "duct_assignment": "3" }, "geometry": { "type": "Polygon", "coordinates": [ [ [ -119.280269610504476, 35.491474868314185 ], [ -119.280270866815101, 35.491195264766056 ], [ -119.280492124146463, 35.491195909877341 ], [ -119.280490866454585, 35.491475517956786 ], [ -119.280269610504476, 35.491474868314185 ] ] ] } },
{ "type": "Feature", "properties": { "id": "p-01053", "input_id": "026-391-09", "source": "fd-00526", "demand": 1, "duct_group": 5, "duct_assignment": "10" }, "geometry": { "type": "Polygon", "coordinates": [ [ [ -119.283121597201259, 35.495238443263283 ], [ -119.283123145382845, 35.494908253449623 ], [ -119.283324730645674, 35.494908878102784 ], [ -119.283323173327474, 35.495239066219952 ], [ -119.283121597201259, 35.495238443263283 ] ] ] } },
{ "type": "Feature", "properties": { "id": "p-01054", "input_id": "026-391-10", "source": "fd-00526", "demand": 1, "duct_group": 5, "duct_assignment": "9" }, "geometry": { "type": "Polygon", "coordinates": [ [ [ -119.282920019976018, 35.495237819987494 ], [ -119.282921561225095, 35.494907628454406 ], [ -119.283123145382845, 35.494908253449623 ], [ -119.283121597201259, 35.495238443263283 ], [ -119.282920019976018, 35.495237819987494 ] ] ] } },
{ "type": "Feature", "properties": { "id": "p-01055", "input_id": "026-391-15", "source": "fd-00533", "demand": 1, "duct_group": 6, "duct_assignment": "12" }, "geometry": { "type": "Polygon", "coordinates": [ [ [ -119.281976943971259, 35.495234899696079 ], [ -119.281966391419161, 35.49523418500538 ], [ -119.281956107741095, 35.495232123555816 ], [ -119.281946346156758, 35.495228767690293 ], [ -119.281937351533543, 35.495224199584314 ], [ -119.281929346088091, 35.495218533198035 ], [ -119.28192252931639, 35.495211909769765 ], [ -119.281917069092927, 35.495204492500783 ], [ -119.281913101656727, 35.495196465653983 ], [ -119.281910726031327, 35.495188030105183 ], [ -119.281910000563656, 35.49517939346407 ], [ -119.281913470702008, 35.494904495782784 ], [ -119.282115223494557, 35.494905123376199 ], [ -119.282113714411778, 35.495235323543966 ], [ -119.281976943971259, 35.495234899696079 ] ] ] } },
{ "type": "Feature", "properties": { "id": "p-01056", "input_id": "026-391-14", "source": "fd-00533", "demand": 1, "duct_group": 6, "duct_assignment": "11" }, "geometry": { "type": "Polygon", "coordinates": [ [ [ -119.282113714411778, 35.495235323543966 ], [ -119.282115223494557, 35.494905123376199 ], [ -119.282316807640015, 35.494905749693963 ], [ -119.282315290522703, 35.495235948153599 ], [ -119.282113714411778, 35.495235323543966 ] ] ] } },
{ "type": "Feature", "properties": { "id": "p-01057", "input_id": "026-391-13", "source": "fd-00532", "demand": 1, "duct_group": 6, "duct_assignment": "10" }, "geometry": { "type": "Polygon", "coordinates": [ [ [ -119.282315290522703, 35.495235948153599 ], [ -119.282316807640015, 35.494905749693963 ], [ -119.282518391788599, 35.49490637568104 ], [ -119.282516866650781, 35.495236573333898 ], [ -119.282315290522703, 35.495235948153599 ] ] ] } },
{ "type": "Feature", "properties": { "id": "p-01058", "input_id": "026-391-12", "source": "fd-00532", "demand": 1, "duct_group": 6, "duct_assignment": "9" }, "geometry": { "type": "Polygon", "coordinates": [ [ [ -119.282516866650781, 35.495236573333898 ], [ -119.282518391788599, 35.49490637568104 ], [ -119.282719977070343, 35.49490700312851 ], [ -119.282718443855885, 35.495237196369601 ], [ -119.282516866650781, 35.495236573333898 ] ] ] } },
{ "type": "Feature", "properties": { "id": "p-01059", "input_id": "026-391-11", "source": "fd-00527", "demand": 1, "duct_group": 5, "duct_assignment": "11" }, "geometry": { "type": "Polygon", "coordinates": [ [ [ -119.282718443855885, 35.495237196369601 ], [ -119.282719977070343, 35.49490700312851 ], [ -119.282921561225095, 35.494907628454406 ], [ -119.282920019976018, 35.495237819987494 ], [ -119.282718443855885, 35.495237196369601 ] ] ] } },
{ "type": "Feature", "properties": { "id": "p-01060", "input_id": "026-391-19", "source": "fd-00511", "demand": 1, "duct_group": 2, "duct_assignment": "12" }, "geometry": { "type": "Polygon", "coordinates": [ [ [ -119.282518650785249, 35.494851344787804 ], [ -119.282520216725132, 35.494521149363216 ], [ -119.282721807674235, 35.494521776738715 ], [ -119.282720235903909, 35.494851970432372 ], [ -119.282518650785249, 35.494851344787804 ] ] ] } },
{ "type": "Feature", "properties": { "id": "p-01061", "input_id": "026-391-18", "source": "fd-00531", "demand": 1, "duct_group": 6, "duct_assignment": "8" }, "geometry": { "type": "Polygon", "coordinates": [ [ [ -119.282317065655519, 35.494850717911326 ], [ -119.282318624662992, 35.494520520767274 ], [ -119.282520216725132, 35.494521149363216 ], [ -119.282518650785249, 35.494851344787804 ], [ -119.282317065655519, 35.494850717911326 ] ] ] } },
{ "type": "Feature", "properties": { "id": "p-01062", "input_id": "026-391-17", "source": "fd-00531", "demand": 1, "duct_group": 6, "duct_assignment": "6" }, "geometry": { "type": "Polygon", "coordinates": [ [ [ -119.28211548163091, 35.494850090692829 ], [ -119.282117033691875, 35.494519890927982 ], [ -119.282318624662992, 35.494520520767274 ], [ -119.282317065655519, 35.494850717911326 ], [ -119.28211548163091, 35.494850090692829 ] ] ] } },
{ "type": "Feature", "properties": { "id": "p-01063", "input_id": "026-391-16", "source": "fd-00531", "demand": 1, "duct_group": 6, "duct_assignment": "7" }, "geometry": { "type": "Polygon", "coordinates": [ [ [ -119.281914164366555, 35.494849464868203 ], [ -119.281917641995349, 35.494573847773523 ], [ -119.281918774713262, 35.49456435617217 ], [ -119.281921897206999, 35.494555168312729 ], [ -119.28192691678602, 35.494546560081993 ], [ -119.281933682086589, 35.494538790852459 ], [ -119.281941988455074, 35.494532095313865 ], [ -119.281951586637987, 35.494526675270244 ], [ -119.281962186003398, 35.494522694197812 ], [ -119.281973467680643, 35.494520271700246 ], [ -119.281985093320301, 35.494519479811203 ], [ -119.282117033691875, 35.494519890927982 ], [ -119.28211548163091, 35.494850090692829 ], [ -119.281914164366555, 35.494849464868203 ] ] ] } },
{ "type": "Feature", "properties": { "id": "p-01064", "input_id": "026-391-06", "source": "fd-00524", "demand": 1, "duct_group": 5, "duct_assignment": "5" }, "geometry": { "type": "Polygon", "coordinates": [ [ [ -119.283726326705263, 35.495240312031321 ], [ -119.28372789899062, 35.49491012734147 ], [ -119.283929484262629, 35.494910751002742 ], [ -119.283927902840688, 35.495240933996236 ], [ -119.283726326705263, 35.495240312031321 ] ] ] } },
{ "type": "Feature", "properties": { "id": "p-01065", "input_id": "026-391-01", "source": "fd-00522", "demand": 1, "duct_group": 5, "duct_assignment": "1" }, "geometry": { "type": "Polygon", "coordinates": [ [ [ -119.284734209630969, 35.495243419428292 ], [ -119.284735822103443, 35.494913244178711 ], [ -119.284937171517839, 35.494913865948746 ], [ -119.284933662843827, 35.495189459184942 ], [ -119.284932529349348, 35.495198949922106 ], [ -119.284929406051603, 35.495208136965999 ], [ -119.284924385630418, 35.495216744427374 ], [ -119.2849176205427, 35.495224512918242 ], [ -119.284909313230472, 35.495231207766409 ], [ -119.284899716262331, 35.495236628028032 ], [ -119.284889115859215, 35.49524061026532 ], [ -119.284877834169052, 35.495243033029894 ], [ -119.284866209556938, 35.49524382518085 ], [ -119.284734209630969, 35.495243419428292 ] ] ] } },
{ "type": "Feature", "properties": { "id": "p-01066", "input_id": "026-391-02", "source": "fd-00522", "demand": 1, "duct_group": 5, "duct_assignment": "2" }, "geometry": { "type": "Polygon", "coordinates": [ [ [ -119.284532633469311, 35.49524279788443 ], [ -119.284534237921193, 35.494912621828348 ], [ -119.284735822103443, 35.494913244178711 ], [ -119.284734209630969, 35.495243419428292 ], [ -119.284532633469311, 35.49524279788443 ] ] ] } },
{ "type": "Feature", "properties": { "id": "p-01067", "input_id": "026-391-03", "source": "fd-00523", "demand": 1, "duct_group": 5, "duct_assignment": "3" }, "geometry": { "type": "Polygon", "coordinates": [ [ [ -119.284331057324721, 35.495242176911276 ], [ -119.28433265262592, 35.494911998257741 ], [ -119.284534237921193, 35.494912621828348 ], [ -119.284532633469311, 35.49524279788443 ], [ -119.284331057324721, 35.495242176911276 ] ] ] } },
{ "type": "Feature", "properties": { "id": "p-01068", "input_id": "026-391-04", "source": "fd-00523", "demand": 1, "duct_group": 5, "duct_assignment": "4" }, "geometry": { "type": "Polygon", "coordinates": [ [ [ -119.284129481183186, 35.495241555607542 ], [ -119.284131068435698, 35.494911374344944 ], [ -119.28433265262592, 35.494911998257741 ], [ -119.284331057324721, 35.495242176911276 ], [ -119.284129481183186, 35.495241555607542 ] ] ] } },
{ "type": "Feature", "properties": { "id": "p-01069", "input_id": "026-391-05", "source": "fd-00524", "demand": 1, "duct_group": 5, "duct_assignment": "6" }, "geometry": { "type": "Polygon", "coordinates": [ [ [ -119.283927902840688, 35.495240933996236 ], [ -119.283929484262629, 35.494910751002742 ], [ -119.284131068435698, 35.494911374344944 ], [ -119.284129481183186, 35.495241555607542 ], [ -119.283927902840688, 35.495240933996236 ] ] ] } },
{ "type": "Feature", "properties": { "id": "p-01070", "input_id": "026-391-07", "source": "fd-00525", "demand": 1, "duct_group": 5, "duct_assignment": "7" }, "geometry": { "type": "Polygon", "coordinates": [ [ [ -119.283524750572894, 35.495239689735769 ], [ -119.283526314823646, 35.494909503338029 ], [ -119.28372789899062, 35.49491012734147 ], [ -119.283726326705263, 35.495240312031321 ], [ -119.283524750572894, 35.495239689735769 ] ] ] } },
{ "type": "Feature", "properties": { "id": "p-01071", "input_id": "026-391-08", "source": "fd-00525", "demand": 1, "duct_group": 5, "duct_assignment": "8" }, "geometry": { "type": "Polygon", "coordinates": [ [ [ -119.283323173327474, 35.495239066219952 ], [ -119.283324730645674, 35.494908878102784 ], [ -119.283526314823646, 35.494909503338029 ], [ -119.283524750572894, 35.495239689735769 ], [ -119.283323173327474, 35.495239066219952 ] ] ] } },
{ "type": "Feature", "properties": { "id": "p-01072", "input_id": "026-461-17", "source": "fd-00725", "demand": 1, "duct_group": 1, "duct_assignment": "1" }, "geometry": { "type": "Polygon", "coordinates": [ [ [ -119.280382819411514, 35.493620563135373 ], [ -119.280384272146378, 35.493523627369512 ], [ -119.280468785078355, 35.493455734870047 ], [ -119.280722127554554, 35.493456896244098 ], [ -119.280720051990272, 35.493621923172491 ], [ -119.280382819411514, 35.493620563135373 ] ] ] } },
{ "type": "Feature", "properties": { "id": "p-01073", "input_id": "026-461-16", "source": "fd-00725", "demand": 1, "duct_group": 1, "duct_assignment": "2" }, "geometry": { "type": "Polygon", "coordinates": [ [ [ -119.280380933116618, 35.493771887129469 ], [ -119.280382819411514, 35.493620563135373 ], [ -119.280720051990272, 35.493621923172491 ], [ -119.280718150115845, 35.493773197764732 ], [ -119.280380933116618, 35.493771887129469 ] ] ] } },
{ "type": "Feature", "properties": { "id": "p-01074", "input_id": "026-461-10", "source": "fd-00729", "demand": 1, "duct_group": 1, "duct_assignment": "8" }, "geometry": { "type": "Polygon", "coordinates": [ [ [ -119.280604028787081, 35.494831801780244 ], [ -119.280445654707378, 35.494831004621496 ], [ -119.280188013983391, 35.494548468420746 ], [ -119.28022565273416, 35.494538884010723 ], [ -119.280261318580543, 35.494525151350189 ], [ -119.280294331688339, 35.494507532200622 ], [ -119.280324062788949, 35.494486362404643 ], [ -119.280706490883119, 35.494700096623525 ], [ -119.280704831260934, 35.494832117913028 ], [ -119.280604028787081, 35.494831801780244 ] ] ] } },
{ "type": "Feature", "properties": { "id": "p-01075", "input_id": "026-461-15", "source": "fd-00726", "demand": 1, "duct_group": 1, "duct_assignment": "3" }, "geometry": { "type": "Polygon", "coordinates": [ [ [ -119.280379045712792, 35.493923211126038 ], [ -119.280380933116618, 35.493771887129469 ], [ -119.280718150115845, 35.493773197764732 ], [ -119.280716247118448, 35.493924471458243 ], [ -119.280379045712792, 35.493923211126038 ] ] ] } },
{ "type": "Feature", "properties": { "id": "p-01076", "input_id": "026-461-14", "source": "fd-00727", "demand": 1, "duct_group": 1, "duct_assignment": "5" }, "geometry": { "type": "Polygon", "coordinates": [ [ [ -119.280377158287962, 35.494074534212331 ], [ -119.280379045712792, 35.493923211126038 ], [ -119.280716247118448, 35.493924471458243 ], [ -119.280714344128043, 35.494075746043947 ], [ -119.280377158287962, 35.494074534212331 ] ] ] } },
{ "type": "Feature", "properties": { "id": "p-01077", "input_id": "026-461-13", "source": "fd-00727", "demand": 1, "duct_group": 1, "duct_assignment": "4" }, "geometry": { "type": "Polygon", "coordinates": [ [ [ -119.280382907524555, 35.494226117551904 ], [ -119.280378808163633, 35.494216875520422 ], [ -119.280376364345784, 35.494207249508925 ], [ -119.280375626146579, 35.494197436763827 ], [ -119.280377158287962, 35.494074534212331 ], [ -119.280714344128043, 35.494075746043947 ], [ -119.280712441130589, 35.494227020620635 ], [ -119.280382907524555, 35.494226117551904 ] ] ] } },
{ "type": "Feature", "properties": { "id": "p-01078", "input_id": "026-461-12", "source": "fd-00728", "demand": 1, "duct_group": 1, "duct_assignment": "6" }, "geometry": { "type": "Polygon", "coordinates": [ [ [ -119.280402965892705, 35.494363513760277 ], [ -119.280407538152389, 35.494328626434815 ], [ -119.280405666918739, 35.494293572682253 ], [ -119.2803973944484, 35.494259143944774 ], [ -119.280382907524555, 35.494226117551904 ], [ -119.280712441130589, 35.494227020620635 ], [ -119.280709521366262, 35.494459188178858 ], [ -119.280402965892705, 35.494363513760277 ] ] ] } },
{ "type": "Feature", "properties": { "id": "p-01079", "input_id": "026-461-11", "source": "fd-00728", "demand": 1, "duct_group": 1, "duct_assignment": "7" }, "geometry": { "type": "Polygon", "coordinates": [ [ [ -119.280324062788949, 35.494486362404643 ], [ -119.280352107858107, 35.494459673971122 ], [ -119.280374930536013, 35.494429842061663 ], [ -119.280392012522967, 35.494397544162055 ], [ -119.280402965892705, 35.494363513760277 ], [ -119.280709521366262, 35.494459188178858 ], [ -119.280706490883119, 35.494700096623525 ], [ -119.280324062788949, 35.494486362404643 ] ] ] } },
{ "type": "Feature", "properties": { "id": "p-01080", "input_id": "026-400-12", "source": "fd-00505", "demand": 1, "duct_group": 1, "duct_assignment": "12" }, "geometry": { "type": "Polygon", "coordinates": [ [ [ -119.281925277963808, 35.493968948282223 ], [ -119.281928756634144, 35.493693331981703 ], [ -119.281929889352682, 35.493683841278234 ], [ -119.281933011797747, 35.493674652514088 ], [ -119.281938031321758, 35.493666044279912 ], [ -119.28194479656284, 35.493658275948313 ], [ -119.281953102855567, 35.49365158130788 ], [ -119.281962700934955, 35.493646161261481 ], [ -119.281973301288247, 35.493642180175286 ], [ -119.281984583946326, 35.49363975766434 ], [ -119.281996209475423, 35.493638966675135 ], [ -119.28212655136096, 35.493639376413434 ], [ -119.282125000442804, 35.493969575379722 ], [ -119.281925277963808, 35.493968948282223 ] ] ] } },
{ "type": "Feature", "properties": { "id": "p-01081", "input_id": "026-400-11", "source": "fd-00505", "demand": 1, "duct_group": 1, "duct_assignment": "11" }, "geometry": { "type": "Polygon", "coordinates": [ [ [ -119.282125000442804, 35.493969575379722 ], [ -119.28212655136096, 35.493639376413434 ], [ -119.282328162283022, 35.493640010513488 ], [ -119.282326605520538, 35.493970206847607 ], [ -119.282125000442804, 35.493969575379722 ] ] ] } },
{ "type": "Feature", "properties": { "id": "p-01082", "input_id": "026-400-10", "source": "fd-00504", "demand": 1, "duct_group": 1, "duct_assignment": "10" }, "geometry": { "type": "Polygon", "coordinates": [ [ [ -119.282326605520538, 35.493970206847607 ], [ -119.282328162283022, 35.493640010513488 ], [ -119.28252977432426, 35.493640645172647 ], [ -119.282528210615453, 35.493970838886007 ], [ -119.282326605520538, 35.493970206847607 ] ] ] } },
{ "type": "Feature", "properties": { "id": "p-01083", "input_id": "026-400-09", "source": "fd-00521", "demand": 1, "duct_group": 4, "duct_assignment": "10" }, "geometry": { "type": "Polygon", "coordinates": [ [ [ -119.282528210615453, 35.493970838886007 ], [ -119.28252977432426, 35.493640645172647 ], [ -119.282731386340501, 35.493641277698607 ], [ -119.282729814611415, 35.493971470605231 ], [ -119.282528210615453, 35.493970838886007 ] ] ] } },
{ "type": "Feature", "properties": { "id": "p-01084", "input_id": "026-400-08", "source": "fd-00521", "demand": 1, "duct_group": 4, "duct_assignment": "9" }, "geometry": { "type": "Polygon", "coordinates": [ [ [ -119.282729814611415, 35.493971470605231 ], [ -119.282731386340501, 35.493641277698607 ], [ -119.282932998387992, 35.493641911696272 ], [ -119.282931419698414, 35.493972101080999 ], [ -119.282729814611415, 35.493971470605231 ] ] ] } },
{ "type": "Feature", "properties": { "id": "p-01085", "input_id": "026-400-07", "source": "fd-00520", "demand": 1, "duct_group": 4, "duct_assignment": "8" }, "geometry": { "type": "Polygon", "coordinates": [ [ [ -119.282931419698414, 35.493972101080999 ], [ -119.282932998387992, 35.493641911696272 ], [ -119.283134610410485, 35.493642543560817 ], [ -119.283133024816678, 35.493972733028578 ], [ -119.282931419698414, 35.493972101080999 ] ] ] } },
{ "type": "Feature", "properties": { "id": "p-01086", "input_id": "026-400-06", "source": "fd-00520", "demand": 1, "duct_group": 4, "duct_assignment": "7" }, "geometry": { "type": "Polygon", "coordinates": [ [ [ -119.283133024816678, 35.493972733028578 ], [ -119.283134610410485, 35.493642543560817 ], [ -119.283336222464172, 35.493643176897088 ], [ -119.283334629909888, 35.493973362842958 ], [ -119.283133024816678, 35.493972733028578 ] ] ] } },
{ "type": "Feature", "properties": { "id": "p-01087", "input_id": "026-391-22", "source": "fd-00510", "demand": 1, "duct_group": 2, "duct_assignment": "9" }, "geometry": { "type": "Polygon", "coordinates": [ [ [ -119.283123406178689, 35.494853222532122 ], [ -119.283124989623985, 35.494523033201631 ], [ -119.283326581698418, 35.494523660475018 ], [ -119.283324990218574, 35.494853848097591 ], [ -119.283123406178689, 35.494853222532122 ] ] ] } },
{ "type": "Feature", "properties": { "id": "p-01088", "input_id": "026-391-21", "source": "fd-00510", "demand": 1, "duct_group": 2, "duct_assignment": "10" }, "geometry": { "type": "Polygon", "coordinates": [ [ [ -119.282921819937769, 35.494852596659065 ], [ -119.28292339865466, 35.49452240558611 ], [ -119.283124989623985, 35.494523033201631 ], [ -119.283123406178689, 35.494853222532122 ], [ -119.282921819937769, 35.494852596659065 ] ] ] } },
{ "type": "Feature", "properties": { "id": "p-01089", "input_id": "026-391-20", "source": "fd-00511", "demand": 1, "duct_group": 2, "duct_assignment": "11" }, "geometry": { "type": "Polygon", "coordinates": [ [ [ -119.282720235903909, 35.494851970432372 ], [ -119.282721807674235, 35.494521776738715 ], [ -119.28292339865466, 35.49452240558611 ], [ -119.282921819937769, 35.494852596659065 ], [ -119.282720235903909, 35.494851970432372 ] ] ] } },
{ "type": "Feature", "properties": { "id": "p-01090", "input_id": "026-392-11", "source": "fd-00528", "demand": 1, "duct_group": 6, "duct_assignment": "2" }, "geometry": { "type": "Polygon", "coordinates": [ [ [ -119.282728020423463, 35.494356696698738 ], [ -119.282729555787029, 35.494026503320427 ], [ -119.282931159921034, 35.49402713470932 ], [ -119.282929617611032, 35.49435732546695 ], [ -119.282728020423463, 35.494356696698738 ] ] ] } },
{ "type": "Feature", "properties": { "id": "p-01091", "input_id": "026-392-12", "source": "fd-00528", "demand": 1, "duct_group": 6, "duct_assignment": "1" }, "geometry": { "type": "Polygon", "coordinates": [ [ [ -119.282526422122828, 35.494356066710161 ], [ -119.282527951670176, 35.494025872502014 ], [ -119.282729555787029, 35.494026503320427 ], [ -119.282728020423463, 35.494356696698738 ], [ -119.282526422122828, 35.494356066710161 ] ] ] } },
{ "type": "Feature", "properties": { "id": "p-01092", "input_id": "026-392-13", "source": "fd-00529", "demand": 1, "duct_group": 6, "duct_assignment": "3" }, "geometry": { "type": "Polygon", "coordinates": [ [ [ -119.282324826043421, 35.494355437269149 ], [ -119.282326347542281, 35.494025240451677 ], [ -119.282527951670176, 35.494025872502014 ], [ -119.282526422122828, 35.494356066710161 ], [ -119.282324826043421, 35.494355437269149 ] ] ] } },
{ "type": "Feature", "properties": { "id": "p-01093", "input_id": "026-392-14", "source": "fd-00530", "demand": 1, "duct_group": 6, "duct_assignment": "5" }, "geometry": { "type": "Polygon", "coordinates": [ [ [ -119.282123228865117, 35.494354807508948 ], [ -119.282124743431609, 35.494024608971955 ], [ -119.282326347542281, 35.494025240451677 ], [ -119.282324826043421, 35.494355437269149 ], [ -119.282123228865117, 35.494354807508948 ] ] ] } },
{ "type": "Feature", "properties": { "id": "p-01094", "input_id": "026-392-15", "source": "fd-00530", "demand": 1, "duct_group": 6, "duct_assignment": "4" }, "geometry": { "type": "Polygon", "coordinates": [ [ [ -119.281988058078255, 35.4943543850287 ], [ -119.281977504537053, 35.494353670350151 ], [ -119.281967219866942, 35.494351608912275 ], [ -119.281957459474626, 35.494348252133804 ], [ -119.281948463845069, 35.494343684038512 ], [ -119.281940458484684, 35.494338017650975 ], [ -119.281933640669052, 35.494331393331315 ], [ -119.281928180502987, 35.494323976060244 ], [ -119.281924213122338, 35.494315950112288 ], [ -119.281921837507142, 35.494307513659528 ], [ -119.281921112046135, 35.494298877015474 ], [ -119.281924582138288, 35.494023981041323 ], [ -119.282124743431609, 35.494024608971955 ], [ -119.282123228865117, 35.494354807508948 ], [ -119.281988058078255, 35.4943543850287 ] ] ] } },
{ "type": "Feature", "properties": { "id": "p-01095", "input_id": "026-392-10", "source": "fd-00516", "demand": 1, "duct_group": 3, "duct_assignment": "10" }, "geometry": { "type": "Polygon", "coordinates": [ [ [ -119.282929617611032, 35.49435732546695 ], [ -119.282931159921034, 35.49402713470932 ], [ -119.283132765146149, 35.494027764854835 ], [ -119.28313121369969, 35.494357953915966 ], [ -119.282929617611032, 35.49435732546695 ] ] ] } },
{ "type": "Feature", "properties": { "id": "p-01096", "input_id": "026-392-09", "source": "fd-00516", "demand": 1, "duct_group": 3, "duct_assignment": "9" }, "geometry": { "type": "Polygon", "coordinates": [ [ [ -119.28313121369969, 35.494357953915966 ], [ -119.283132765146149, 35.494027764854835 ], [ -119.283334369286408, 35.494028395582404 ], [ -119.283332811995507, 35.494358582011365 ], [ -119.28313121369969, 35.494357953915966 ] ] ] } },
{ "type": "Feature", "properties": { "id": "p-01097", "input_id": "026-463-14", "source": "fd-00739", "demand": 1, "duct_group": 3, "duct_assignment": "1" }, "geometry": { "type": "Polygon", "coordinates": [ [ [ -119.280185548644738, 35.493317365674663 ], [ -119.280189496187361, 35.493014796036938 ], [ -119.280374232055934, 35.493015334181905 ], [ -119.280370397610497, 35.493317903555706 ], [ -119.280185548644738, 35.493317365674663 ] ] ] } },
{ "type": "Feature", "properties": { "id": "p-01098", "input_id": "026-463-17", "source": "fd-00700", "demand": 1, "duct_group": 3, "duct_assignment": "3" }, "geometry": { "type": "Polygon", "coordinates": [ [ [ -119.280189496187361, 35.493014796036938 ], [ -119.280182779285681, 35.493014776766202 ], [ -119.28018655414887, 35.492712372040735 ], [ -119.280378007316926, 35.492712929439158 ], [ -119.280374232055934, 35.493015334181905 ], [ -119.280189496187361, 35.493014796036938 ] ] ] } },
{ "type": "Feature", "properties": { "id": "p-01099", "input_id": "026-410-09", "source": "fd-00500", "demand": 1, "duct_group": 1, "duct_assignment": "4" }, "geometry": { "type": "Polygon", "coordinates": [ [ [ -119.283142345584793, 35.493477470974824 ], [ -119.283143916777533, 35.493147279789902 ], [ -119.283345538678745, 35.493147915699637 ], [ -119.283343962743643, 35.493478104240921 ], [ -119.283142345584793, 35.493477470974824 ] ] ] } },
{ "type": "Feature", "properties": { "id": "p-01100", "input_id": "026-410-10", "source": "fd-00500", "demand": 1, "duct_group": 1, "duct_assignment": "3" }, "geometry": { "type": "Polygon", "coordinates": [ [ [ -119.282940728414943, 35.493476836476766 ], [ -119.282942294893544, 35.493146644450611 ], [ -119.283143916777533, 35.493147279789902 ], [ -119.283142345584793, 35.493477470974824 ], [ -119.282940728414943, 35.493476836476766 ] ] ] } },
{ "type": "Feature", "properties": { "id": "p-01101", "input_id": "026-410-15", "source": "fd-00503", "demand": 1, "duct_group": 1, "duct_assignment": "8" }, "geometry": { "type": "Polygon", "coordinates": [ [ [ -119.281999174193331, 35.493473872736601 ], [ -119.281988620751079, 35.493473157157524 ], [ -119.281978336190733, 35.49347109571989 ], [ -119.281968574800615, 35.49346773895256 ], [ -119.281959579266811, 35.493463170856607 ], [ -119.28195157397731, 35.493457503566546 ], [ -119.281944756233756, 35.493450879245216 ], [ -119.281939295023236, 35.493443461983588 ], [ -119.281935327669899, 35.493435435131993 ], [ -119.281932952093129, 35.493426999577807 ], [ -119.281932226638688, 35.493418362930832 ], [ -119.281935697730319, 35.49314346504741 ], [ -119.282135807360575, 35.493144097983631 ], [ -119.28213425760498, 35.493474297903937 ], [ -119.281999174193331, 35.493473872736601 ] ] ] } },
{ "type": "Feature", "properties": { "id": "p-01102", "input_id": "026-410-14", "source": "fd-00503", "demand": 1, "duct_group": 1, "duct_assignment": "9" }, "geometry": { "type": "Polygon", "coordinates": [ [ [ -119.28213425760498, 35.493474297903937 ], [ -119.282135807360575, 35.493144097983631 ], [ -119.282337429246141, 35.493144735547098 ], [ -119.282335874762381, 35.49347493372494 ], [ -119.28213425760498, 35.493474297903937 ] ] ] } },
{ "type": "Feature", "properties": { "id": "p-01103", "input_id": "026-410-13", "source": "fd-00502", "demand": 1, "duct_group": 1, "duct_assignment": "7" }, "geometry": { "type": "Polygon", "coordinates": [ [ [ -119.282335874762381, 35.49347493372494 ], [ -119.282337429246141, 35.493144735547098 ], [ -119.282539051120821, 35.493145371878605 ], [ -119.282537491908784, 35.493475568313954 ], [ -119.282335874762381, 35.49347493372494 ] ] ] } },
{ "type": "Feature", "properties": { "id": "p-01104", "input_id": "026-410-12", "source": "fd-00501", "demand": 1, "duct_group": 1, "duct_assignment": "5" }, "geometry": { "type": "Polygon", "coordinates": [ [ [ -119.282537491908784, 35.493475568313954 ], [ -119.282539051120821, 35.493145371878605 ], [ -119.282740673012654, 35.493146008780656 ], [ -119.282739111262316, 35.493476202549218 ], [ -119.282537491908784, 35.493475568313954 ] ] ] } },
{ "type": "Feature", "properties": { "id": "p-01105", "input_id": "026-410-11", "source": "fd-00501", "demand": 1, "duct_group": 1, "duct_assignment": "6" }, "geometry": { "type": "Polygon", "coordinates": [ [ [ -119.282739111262316, 35.493476202549218 ], [ -119.282740673012654, 35.493146008780656 ], [ -119.282942294893544, 35.493146644450611 ], [ -119.282940728414943, 35.493476836476766 ], [ -119.282739111262316, 35.493476202549218 ] ] ] } },
{ "type": "Feature", "properties": { "id": "p-01106", "input_id": "026-463-13", "source": "fd-00732", "demand": 1, "duct_group": 2, "duct_assignment": "1" }, "geometry": { "type": "Polygon", "coordinates": [ [ [ -119.28000069966744, 35.493316826614375 ], [ -119.280004761423143, 35.493014257602859 ], [ -119.280182779285681, 35.493014776766202 ], [ -119.280189496187361, 35.493014796036938 ], [ -119.280185548644738, 35.493317365674663 ], [ -119.28000069966744, 35.493316826614375 ] ] ] } },
{ "type": "Feature", "properties": { "id": "p-01107", "input_id": "026-463-18", "source": "fd-00701", "demand": 1, "duct_group": 3, "duct_assignment": "6" }, "geometry": { "type": "Polygon", "coordinates": [ [ [ -119.280004761423143, 35.493014257602859 ], [ -119.27999132651793, 35.49301421905232 ], [ -119.279995102071439, 35.492711813431434 ], [ -119.28018655414887, 35.492712372040735 ], [ -119.280182779285681, 35.493014776766202 ], [ -119.280004761423143, 35.493014257602859 ] ] ] } },
{ "type": "Feature", "properties": { "id": "p-01108", "input_id": "026-461-09", "source": "fd-00729", "demand": 1, "duct_group": 1, "duct_assignment": "9" }, "geometry": { "type": "Polygon", "coordinates": [ [ [ -119.280143352702126, 35.494830100209725 ], [ -119.280036218623266, 35.494543939918941 ], [ -119.280073540204938, 35.494551356909298 ], [ -119.280111741329321, 35.494554610503485 ], [ -119.280150130792592, 35.494553641831629 ], [ -119.280188013983391, 35.494548468420746 ], [ -119.280445654707378, 35.494831004621496 ], [ -119.280143352702126, 35.494830100209725 ] ] ] } },
{ "type": "Feature", "properties": { "id": "p-01109", "input_id": "026-400-05", "source": "fd-00519", "demand": 1, "duct_group": 4, "duct_assignment": "5" }, "geometry": { "type": "Polygon", "coordinates": [ [ [ -119.283334629909888, 35.493973362842958 ], [ -119.283336222464172, 35.493643176897088 ], [ -119.283537834492762, 35.493643808100195 ], [ -119.283536233918269, 35.493973993239443 ], [ -119.283334629909888, 35.493973362842958 ] ] ] } },
{ "type": "Feature", "properties": { "id": "p-01110", "input_id": "026-400-04", "source": "fd-00519", "demand": 1, "duct_group": 4, "duct_assignment": "6" }, "geometry": { "type": "Polygon", "coordinates": [ [ [ -119.283536233918269, 35.493973993239443 ], [ -119.283537834492762, 35.493643808100195 ], [ -119.283739445450635, 35.493644440786518 ], [ -119.283737837929706, 35.493974623305256 ], [ -119.283536233918269, 35.493973993239443 ] ] ] } },
{ "type": "Feature", "properties": { "id": "p-01111", "input_id": "026-400-03", "source": "fd-00518", "demand": 1, "duct_group": 4, "duct_assignment": "4" }, "geometry": { "type": "Polygon", "coordinates": [ [ [ -119.283737837929706, 35.493974623305256 ], [ -119.283739445450635, 35.493644440786518 ], [ -119.283941057499561, 35.493645072229469 ], [ -119.283939443046265, 35.493975253028822 ], [ -119.283737837929706, 35.493974623305256 ] ] ] } },
{ "type": "Feature", "properties": { "id": "p-01112", "input_id": "026-400-02", "source": "fd-00518", "demand": 1, "duct_group": 4, "duct_assignment": "3" }, "geometry": { "type": "Polygon", "coordinates": [ [ [ -119.283939443046265, 35.493975253028822 ], [ -119.283941057499561, 35.493645072229469 ], [ -119.284142669551628, 35.493645703341642 ], [ -119.284141048165907, 35.493975882421751 ], [ -119.283939443046265, 35.493975253028822 ] ] ] } },
{ "type": "Feature", "properties": { "id": "p-01113", "input_id": "026-400-01", "source": "fd-00517", "demand": 1, "duct_group": 4, "duct_assignment": "1" }, "geometry": { "type": "Polygon", "coordinates": [ [ [ -119.284141048165907, 35.493975882421751 ], [ -119.284142669551628, 35.493645703341642 ], [ -119.284344281606707, 35.493646334123113 ], [ -119.284342653288633, 35.493976511483893 ], [ -119.284141048165907, 35.493975882421751 ] ] ] } },
{ "type": "Feature", "properties": { "id": "p-01114", "input_id": "026-391-25", "source": "fd-00508", "demand": 1, "duct_group": 2, "duct_assignment": "6" }, "geometry": { "type": "Polygon", "coordinates": [ [ [ -119.283728160497674, 35.494855097312431 ], [ -119.283729763652573, 35.494524914052761 ], [ -119.283931354634277, 35.494525540345734 ], [ -119.283929745648749, 35.494855721874501 ], [ -119.283728160497674, 35.494855097312431 ] ] ] } },
{ "type": "Feature", "properties": { "id": "p-01115", "input_id": "026-392-06", "source": "fd-00514", "demand": 1, "duct_group": 3, "duct_assignment": "5" }, "geometry": { "type": "Polygon", "coordinates": [ [ [ -119.283736005304348, 35.494359838145883 ], [ -119.283737577562093, 35.494029655144217 ], [ -119.283939182799514, 35.494030283966985 ], [ -119.283937603609388, 35.494360465249265 ], [ -119.283736005304348, 35.494359838145883 ] ] ] } },
{ "type": "Feature", "properties": { "id": "p-01116", "input_id": "026-391-30", "source": "fd-00506", "demand": 1, "duct_group": 2, "duct_assignment": "2" }, "geometry": { "type": "Polygon", "coordinates": [ [ [ -119.284736087343845, 35.494858214101498 ], [ -119.28473772079569, 35.494528042188023 ], [ -119.284874432812217, 35.494528466266679 ], [ -119.28488498529893, 35.4945291807079 ], [ -119.28489527006451, 35.494531241901463 ], [ -119.284905030584383, 35.494534597545268 ], [ -119.28491402529707, 35.494539165435285 ], [ -119.284922029766022, 35.494544830738988 ], [ -119.284928846724085, 35.494551454002639 ], [ -119.284934306073922, 35.494558871151249 ], [ -119.284938271542117, 35.49456689612304 ], [ -119.28494064635828, 35.494575331626905 ], [ -119.284941371022882, 35.494583967362495 ], [ -119.284937872044836, 35.494858839431302 ], [ -119.284736087343845, 35.494858214101498 ] ] ] } },
{ "type": "Feature", "properties": { "id": "p-01117", "input_id": "026-391-29", "source": "fd-00506", "demand": 1, "duct_group": 2, "duct_assignment": "1" }, "geometry": { "type": "Polygon", "coordinates": [ [ [ -119.28453450000454, 35.494857592687389 ], [ -119.284536128699699, 35.494527417229186 ], [ -119.28473772079569, 35.494528042188023 ], [ -119.284736087343845, 35.494858214101498 ], [ -119.28453450000454, 35.494857592687389 ] ] ] } },
{ "type": "Feature", "properties": { "id": "p-01118", "input_id": "026-391-28", "source": "fd-00507", "demand": 1, "duct_group": 2, "duct_assignment": "4" }, "geometry": { "type": "Polygon", "coordinates": [ [ [ -119.284332915946209, 35.494856969105641 ], [ -119.284334537708816, 35.494526791928145 ], [ -119.284536128699699, 35.494527417229186 ], [ -119.28453450000454, 35.494857592687389 ], [ -119.284332915946209, 35.494856969105641 ] ] ] } },
{ "type": "Feature", "properties": { "id": "p-01119", "input_id": "026-391-27", "source": "fd-00507", "demand": 1, "duct_group": 2, "duct_assignment": "3" }, "geometry": { "type": "Polygon", "coordinates": [ [ [ -119.284131330803035, 35.494856346106005 ], [ -119.284132946721016, 35.494526166296481 ], [ -119.284334537708816, 35.494526791928145 ], [ -119.284332915946209, 35.494856969105641 ], [ -119.284131330803035, 35.494856346106005 ] ] ] } },
{ "type": "Feature", "properties": { "id": "p-01120", "input_id": "026-391-26", "source": "fd-00508", "demand": 1, "duct_group": 2, "duct_assignment": "5" }, "geometry": { "type": "Polygon", "coordinates": [ [ [ -119.283929745648749, 35.494855721874501 ], [ -119.283931354634277, 35.494525540345734 ], [ -119.284132946721016, 35.494526166296481 ], [ -119.284131330803035, 35.494856346106005 ], [ -119.283929745648749, 35.494855721874501 ] ] ] } },
{ "type": "Feature", "properties": { "id": "p-01121", "input_id": "026-392-05", "source": "fd-00514", "demand": 1, "duct_group": 3, "duct_assignment": "6" }, "geometry": { "type": "Polygon", "coordinates": [ [ [ -119.283937603609388, 35.494360465249265 ], [ -119.283939182799514, 35.494030283966985 ], [ -119.284140785850099, 35.494030913383348 ], [ -119.28413920081546, 35.494361092033508 ], [ -119.283937603609388, 35.494360465249265 ] ] ] } },
{ "type": "Feature", "properties": { "id": "p-01122", "input_id": "026-392-04", "source": "fd-00513", "demand": 1, "duct_group": 3, "duct_assignment": "3" }, "geometry": { "type": "Polygon", "coordinates": [ [ [ -119.28413920081546, 35.494361092033508 ], [ -119.284140785850099, 35.494030913383348 ], [ -119.284342389991735, 35.494031541556232 ], [ -119.284340796922578, 35.494361718498602 ], [ -119.28413920081546, 35.494361092033508 ] ] ] } },
{ "type": "Feature", "properties": { "id": "p-01123", "input_id": "026-392-03", "source": "fd-00513", "demand": 1, "duct_group": 3, "duct_assignment": "4" }, "geometry": { "type": "Polygon", "coordinates": [ [ [ -119.284340796922578, 35.494361718498602 ], [ -119.284342389991735, 35.494031541556232 ], [ -119.284543995252534, 35.494032170288207 ], [ -119.284542395236826, 35.49436234461001 ], [ -119.284340796922578, 35.494361718498602 ] ] ] } },
{ "type": "Feature", "properties": { "id": "p-01124", "input_id": "026-392-02", "source": "fd-00512", "demand": 1, "duct_group": 3, "duct_assignment": "1" }, "geometry": { "type": "Polygon", "coordinates": [ [ [ -119.284542395236826, 35.49436234461001 ], [ -119.284543995252534, 35.494032170288207 ], [ -119.284745599400281, 35.494032797799733 ], [ -119.284743992466204, 35.494362971303509 ], [ -119.284542395236826, 35.49436234461001 ] ] ] } },
{ "type": "Feature", "properties": { "id": "p-01125", "input_id": "026-392-01", "source": "fd-00512", "demand": 1, "duct_group": 3, "duct_assignment": "2" }, "geometry": { "type": "Polygon", "coordinates": [ [ [ -119.284743992466204, 35.494362971303509 ], [ -119.284745599400281, 35.494032797799733 ], [ -119.284948379639232, 35.494033428909404 ], [ -119.284944871012243, 35.494309020438777 ], [ -119.284943737531179, 35.494318511179252 ], [ -119.284940614282206, 35.494327699127844 ], [ -119.284935593916003, 35.494336306592672 ], [ -119.284928827785649, 35.494344074197102 ], [ -119.284920520563347, 35.494350769048346 ], [ -119.284910922596694, 35.494356189324215 ], [ -119.284900323395618, 35.49436017065117 ], [ -119.284889040724565, 35.494362593429088 ], [ -119.28487741622304, 35.494363384680099 ], [ -119.284743992466204, 35.494362971303509 ] ] ] } },
{ "type": "Feature", "properties": { "id": "p-01126", "input_id": "026-391-24", "source": "fd-00509", "demand": 1, "duct_group": 2, "duct_assignment": "8" }, "geometry": { "type": "Polygon", "coordinates": [ [ [ -119.283526575349555, 35.494854472419682 ], [ -119.283528172673954, 35.494524287429179 ], [ -119.283729763652573, 35.494524914052761 ], [ -119.283728160497674, 35.494855097312431 ], [ -119.283526575349555, 35.494854472419682 ] ] ] } },
{ "type": "Feature", "properties": { "id": "p-01127", "input_id": "026-391-23", "source": "fd-00509", "demand": 1, "duct_group": 2, "duct_assignment": "7" }, "geometry": { "type": "Polygon", "coordinates": [ [ [ -119.283324990218574, 35.494853848097591 ], [ -119.283326581698418, 35.494523660475018 ], [ -119.283528172673954, 35.494524287429179 ], [ -119.283526575349555, 35.494854472419682 ], [ -119.283324990218574, 35.494853848097591 ] ] ] } },
{ "type": "Feature", "properties": { "id": "p-01128", "input_id": "026-392-08", "source": "fd-00515", "demand": 1, "duct_group": 3, "duct_assignment": "8" }, "geometry": { "type": "Polygon", "coordinates": [ [ [ -119.283332811995507, 35.494358582011365 ], [ -119.283334369286408, 35.494028395582404 ], [ -119.283535973415681, 35.494029025078035 ], [ -119.283534409192313, 35.494359209787604 ], [ -119.283332811995507, 35.494358582011365 ] ] ] } },
{ "type": "Feature", "properties": { "id": "p-01129", "input_id": "026-392-07", "source": "fd-00515", "demand": 1, "duct_group": 3, "duct_assignment": "7" }, "geometry": { "type": "Polygon", "coordinates": [ [ [ -119.283534409192313, 35.494359209787604 ], [ -119.283535973415681, 35.494029025078035 ], [ -119.283737577562093, 35.494029655144217 ], [ -119.283736005304348, 35.494359838145883 ], [ -119.283534409192313, 35.494359209787604 ] ] ] } },
{ "type": "Feature", "properties": { "id": "p-01130", "input_id": "026-410-07", "source": "fd-00499", "demand": 1, "duct_group": 1, "duct_assignment": "2" }, "geometry": { "type": "Polygon", "coordinates": [ [ [ -119.283545581007573, 35.493478737164786 ], [ -119.283547159481046, 35.493148551290155 ], [ -119.283748781374427, 35.493149185637208 ], [ -119.283747198186745, 35.493479370670613 ], [ -119.283545581007573, 35.493478737164786 ] ] ] } },
{ "type": "Feature", "properties": { "id": "p-01131", "input_id": "026-410-08", "source": "fd-00499", "demand": 1, "duct_group": 1, "duct_assignment": "1" }, "geometry": { "type": "Polygon", "coordinates": [ [ [ -119.283343962743643, 35.493478104240921 ], [ -119.283345538678745, 35.493147915699637 ], [ -119.283547159481046, 35.493148551290155 ], [ -119.283545581007573, 35.493478737164786 ], [ -119.283343962743643, 35.493478104240921 ] ] ] } },
{ "type": "Feature", "properties": { "id": "p-01132", "input_id": "026-691-01", "source": "fd-00699", "demand": 1, "duct_group": 3, "duct_assignment": "1" }, "geometry": { "type": "Polygon", "coordinates": [ [ [ -119.280147606414104, 35.492464062310212 ], [ -119.280080689855893, 35.492408922540434 ], [ -119.280081106785573, 35.492315518306782 ], [ -119.280601635180304, 35.49231704251121 ], [ -119.2806009505817, 35.492465389436674 ], [ -119.280147606414104, 35.492464062310212 ] ] ] } },
{ "type": "Feature", "properties": { "id": "p-01133", "input_id": "026-463-16", "source": "fd-00700", "demand": 1, "duct_group": 3, "duct_assignment": "4" }, "geometry": { "type": "Polygon", "coordinates": [ [ [ -119.280374232055934, 35.493015334181905 ], [ -119.280378007316926, 35.492712929439158 ], [ -119.280494995027269, 35.492713269993864 ], [ -119.2805786697065, 35.492782649761601 ], [ -119.280575761290635, 35.493015920613075 ], [ -119.280374232055934, 35.493015334181905 ] ] ] } },
{ "type": "Feature", "properties": { "id": "p-01134", "input_id": "026-691-02", "source": "fd-00678", "demand": 1, "duct_group": 0, "duct_assignment": "1" }, "geometry": { "type": "Polygon", "coordinates": [ [ [ -119.280081106785573, 35.492315518306782 ], [ -119.280081724257187, 35.492178158982249 ], [ -119.280266427431741, 35.492178700314433 ], [ -119.280434342925929, 35.492179192730767 ], [ -119.280602265019951, 35.492179683947541 ], [ -119.280602202366651, 35.492193419800799 ], [ -119.280601635180304, 35.49231704251121 ], [ -119.280081106785573, 35.492315518306782 ] ] ] } },
{ "type": "Feature", "properties": { "id": "p-01135", "input_id": "026-694-13", "source": "fd-00712", "demand": 1, "duct_group": 5, "duct_assignment": "3" }, "geometry": { "type": "Polygon", "coordinates": [ [ [ -119.279557581624289, 35.491485713371979 ], [ -119.279557599803056, 35.491481641656961 ], [ -119.279558196630404, 35.491348352237303 ], [ -119.279910819503101, 35.491349391012825 ], [ -119.279910202882178, 35.491486752172086 ], [ -119.279557581624289, 35.491485713371979 ] ] ] } },
{ "type": "Feature", "properties": { "id": "p-01136", "input_id": "026-694-14", "source": "fd-00712", "demand": 1, "duct_group": 5, "duct_assignment": "4" }, "geometry": { "type": "Polygon", "coordinates": [ [ [ -119.279556967717994, 35.491623074487734 ], [ -119.279556973557362, 35.491621750302308 ], [ -119.279557581624289, 35.491485713371979 ], [ -119.279910202882178, 35.491486752172086 ], [ -119.279909586245182, 35.491624112422784 ], [ -119.279556967717994, 35.491623074487734 ] ] ] } },
{ "type": "Feature", "properties": { "id": "p-01137", "input_id": "026-694-15", "source": "fd-00711", "demand": 1, "duct_group": 5, "duct_assignment": "2" }, "geometry": { "type": "Polygon", "coordinates": [ [ [ -119.279556352707729, 35.491760435607581 ], [ -119.279556967717994, 35.491623074487734 ], [ -119.279909586245182, 35.491624112422784 ], [ -119.279908968518185, 35.491761473578762 ], [ -119.279556352707729, 35.491760435607581 ] ] ] } },
{ "type": "Feature", "properties": { "id": "p-01138", "input_id": "026-694-16", "source": "fd-00711", "demand": 1, "duct_group": 5, "duct_assignment": "1" }, "geometry": { "type": "Polygon", "coordinates": [ [ [ -119.27955573879737, 35.491897796708571 ], [ -119.279556329998485, 35.49176549077292 ], [ -119.279556352707729, 35.491760435607581 ], [ -119.279908968518185, 35.491761473578762 ], [ -119.279908350775102, 35.491898833826127 ], [ -119.27955573879737, 35.491897796708571 ] ] ] } },
{ "type": "Feature", "properties": { "id": "p-01139", "input_id": "026-694-17", "source": "fd-00687", "demand": 1, "duct_group": 1, "duct_assignment": "4" }, "geometry": { "type": "Polygon", "coordinates": [ [ [ -119.279555125986917, 35.492035157790689 ], [ -119.27955573879737, 35.491897796708571 ], [ -119.279908350775102, 35.491898833826127 ], [ -119.279907734131939, 35.49203619405462 ], [ -119.279555125986917, 35.492035157790689 ] ] ] } },
{ "type": "Feature", "properties": { "id": "p-01140", "input_id": "026-694-18", "source": "fd-00687", "demand": 1, "duct_group": 1, "duct_assignment": "3" }, "geometry": { "type": "Polygon", "coordinates": [ [ [ -119.279554515364339, 35.492172517941249 ], [ -119.279555125986917, 35.492035157790689 ], [ -119.279907734131939, 35.49203619405462 ], [ -119.279907117472646, 35.492173553374514 ], [ -119.279554515364339, 35.492172517941249 ] ] ] } },
{ "type": "Feature", "properties": { "id": "p-01141", "input_id": "026-694-19", "source": "fd-00686", "demand": 1, "duct_group": 1, "duct_assignment": "1" }, "geometry": { "type": "Polygon", "coordinates": [ [ [ -119.279553908045742, 35.492309878050015 ], [ -119.279554515364339, 35.492172517941249 ], [ -119.279907117472646, 35.492173553374514 ], [ -119.27990650411725, 35.49231091265252 ], [ -119.279553908045742, 35.492309878050015 ] ] ] } },
{ "type": "Feature", "properties": { "id": "p-01142", "input_id": "026-210-03", "source": "fd-00828", "demand": 1, "duct_group": 5, "duct_assignment": "5" }, "geometry": { "type": "Polygon", "coordinates": [ [ [ -119.278500699297879, 35.493760955416484 ], [ -119.278502416998322, 35.493623442342468 ], [ -119.278536008365393, 35.493623539082833 ], [ -119.279006248985525, 35.493624895588908 ], [ -119.279004807997339, 35.493740258054338 ], [ -119.279004531264192, 35.493762424002341 ], [ -119.278500699297879, 35.493760955416484 ] ] ] } },
{ "type": "Feature", "properties": { "id": "p-01143", "input_id": "026-210-02", "source": "fd-00828", "demand": 1, "duct_group": 5, "duct_assignment": "4" }, "geometry": { "type": "Polygon", "coordinates": [ [ [ -119.27853257309917, 35.493898567026847 ], [ -119.278498981591696, 35.49389846848311 ], [ -119.278500699297879, 35.493760955416484 ], [ -119.279004531264192, 35.493762424002341 ], [ -119.279002919577849, 35.493891537848356 ], [ -119.279002814625173, 35.493899951495578 ], [ -119.27853257309917, 35.493898567026847 ] ] ] } },
{ "type": "Feature", "properties": { "id": "p-01144", "input_id": "026-210-14", "source": "fd-00829", "demand": 1, "duct_group": 5, "duct_assignment": "6" }, "geometry": { "type": "Polygon", "coordinates": [ [ [ -119.27852890014897, 35.494192683174617 ], [ -119.27853257309917, 35.493898567026847 ], [ -119.279002814625173, 35.493899951495578 ], [ -119.27900103003546, 35.494042816743587 ], [ -119.278999141602085, 35.494194096519585 ], [ -119.27852890014897, 35.494192683174617 ] ] ] } },
{ "type": "Feature", "properties": { "id": "p-01145", "input_id": "026-210-08", "source": "fd-00704", "demand": 1, "duct_group": 3, "duct_assignment": "11" }, "geometry": { "type": "Polygon", "coordinates": [ [ [ -119.278542811160236, 35.493078982212865 ], [ -119.278546767923487, 35.492762161784789 ], [ -119.2786141877814, 35.492707779744016 ], [ -119.279017684510137, 35.492708959780622 ], [ -119.279013908667125, 35.493011365337431 ], [ -119.279013047837992, 35.493080285520563 ], [ -119.278542811160236, 35.493078982212865 ] ] ] } },
{ "type": "Feature", "properties": { "id": "p-01146", "input_id": "026-210-12", "source": "fd-00826", "demand": 1, "duct_group": 5, "duct_assignment": "1" }, "geometry": { "type": "Polygon", "coordinates": [ [ [ -119.278540371695868, 35.493274252283079 ], [ -119.278542811160236, 35.493078982212865 ], [ -119.279013047837992, 35.493080285520563 ], [ -119.279012192045428, 35.493148891970051 ], [ -119.279010609799087, 35.493275575427134 ], [ -119.278540371695868, 35.493274252283079 ] ] ] } },
{ "type": "Feature", "properties": { "id": "p-01147", "input_id": "026-210-11", "source": "fd-00827", "demand": 1, "duct_group": 5, "duct_assignment": "3" }, "geometry": { "type": "Polygon", "coordinates": [ [ [ -119.278537967707507, 35.493466772767889 ], [ -119.278540371695868, 35.493274252283079 ], [ -119.279010609799087, 35.493275575427134 ], [ -119.279009444785999, 35.493368935114503 ], [ -119.279008206090481, 35.493468113957121 ], [ -119.278537967707507, 35.493466772767889 ] ] ] } },
{ "type": "Feature", "properties": { "id": "p-01148", "input_id": "026-210-04", "source": "fd-00827", "demand": 1, "duct_group": 5, "duct_assignment": "2" }, "geometry": { "type": "Polygon", "coordinates": [ [ [ -119.278536008365393, 35.493623539082833 ], [ -119.278537967707507, 35.493466772767889 ], [ -119.279008206090481, 35.493468113957121 ], [ -119.279007039955914, 35.493561472747622 ], [ -119.279006248985525, 35.493624895588908 ], [ -119.278536008365393, 35.493623539082833 ] ] ] } },
{ "type": "Feature", "properties": { "id": "p-01149", "input_id": "026-463-05", "source": "fd-00736", "demand": 1, "duct_group": 2, "duct_assignment": "8" }, "geometry": { "type": "Polygon", "coordinates": [ [ [ -119.279002919577849, 35.493891537848356 ], [ -119.279004531264192, 35.493762424002341 ], [ -119.279004807997339, 35.493740258054338 ], [ -119.279373614392256, 35.493741365319003 ], [ -119.279371725549524, 35.493892645130089 ], [ -119.279002919577849, 35.493891537848356 ] ] ] } },
{ "type": "Feature", "properties": { "id": "p-01150", "input_id": "026-462-11", "source": "fd-00720", "demand": 1, "duct_group": 0, "duct_assignment": "5" }, "geometry": { "type": "Polygon", "coordinates": [ [ [ -119.27954121351415, 35.493769336267462 ], [ -119.279543102126368, 35.49361806185383 ], [ -119.27987898963805, 35.493619045201356 ], [ -119.279877101686012, 35.493770322323726 ], [ -119.27954121351415, 35.493769336267462 ] ] ] } },
{ "type": "Feature", "properties": { "id": "p-01151", "input_id": "026-462-02", "source": "fd-00718", "demand": 1, "duct_group": 0, "duct_assignment": "3" }, "geometry": { "type": "Polygon", "coordinates": [ [ [ -119.279877101686012, 35.493770322323726 ], [ -119.27987898963805, 35.493619045201356 ], [ -119.280214876041725, 35.493620026741112 ], [ -119.280212989865944, 35.493771307462112 ], [ -119.279877101686012, 35.493770322323726 ] ] ] } },
{ "type": "Feature", "properties": { "id": "p-01152", "input_id": "026-462-01", "source": "fd-00717", "demand": 1, "duct_group": 0, "duct_assignment": "1" }, "geometry": { "type": "Polygon", "coordinates": [ [ [ -119.27987898963805, 35.493619045201356 ], [ -119.279881048100677, 35.493454014877031 ], [ -119.280132396651396, 35.493454747542096 ], [ -119.280216072881416, 35.493524127525006 ], [ -119.280214876041725, 35.493620026741112 ], [ -119.27987898963805, 35.493619045201356 ] ] ] } },
{ "type": "Feature", "properties": { "id": "p-01153", "input_id": "026-463-06", "source": "fd-00736", "demand": 1, "duct_group": 2, "duct_assignment": "9" }, "geometry": { "type": "Polygon", "coordinates": [ [ [ -119.279004807997339, 35.493740258054338 ], [ -119.279006248985525, 35.493624895588908 ], [ -119.279007039955914, 35.493561472747622 ], [ -119.279367526091377, 35.493617091783257 ], [ -119.279371625326434, 35.493626333846862 ], [ -119.279374069009748, 35.493635959881949 ], [ -119.279374807066262, 35.493645772637578 ], [ -119.279373614392256, 35.493741365319003 ], [ -119.279004807997339, 35.493740258054338 ] ] ] } },
{ "type": "Feature", "properties": { "id": "p-01154", "input_id": "026-461-01", "source": "fd-00830", "demand": 1, "duct_group": 5, "duct_assignment": "8" }, "geometry": { "type": "Polygon", "coordinates": [ [ [ -119.27852099909542, 35.49482523193408 ], [ -119.278524275677455, 35.494562885413416 ], [ -119.278608559506623, 35.494494907394717 ], [ -119.278726517658768, 35.494495262097452 ], [ -119.278722534108354, 35.494825837614229 ], [ -119.27852099909542, 35.49482523193408 ] ] ] } },
{ "type": "Feature", "properties": { "id": "p-01155", "input_id": "026-461-02", "source": "fd-00830", "demand": 1, "duct_group": 5, "duct_assignment": "9" }, "geometry": { "type": "Polygon", "coordinates": [ [ [ -119.278722534108354, 35.494825837614229 ], [ -119.278726517658768, 35.494495262097452 ], [ -119.278914340029431, 35.494495826243387 ], [ -119.278910632807381, 35.494826403405462 ], [ -119.278722534108354, 35.494825837614229 ] ] ] } },
{ "type": "Feature", "properties": { "id": "p-01156", "input_id": "026-461-03", "source": "fd-00831", "demand": 1, "duct_group": 5, "duct_assignment": "10" }, "geometry": { "type": "Polygon", "coordinates": [ [ [ -119.278910632807381, 35.494826403405462 ], [ -119.278914340029431, 35.494495826243387 ], [ -119.278995371027818, 35.494496070083727 ], [ -119.279102405085794, 35.494499307137254 ], [ -119.27909873149494, 35.494826968007651 ], [ -119.278910632807381, 35.494826403405462 ] ] ] } },
{ "type": "Feature", "properties": { "id": "p-01157", "input_id": "026-461-04", "source": "fd-00832", "demand": 1, "duct_group": 5, "duct_assignment": "12" }, "geometry": { "type": "Polygon", "coordinates": [ [ [ -119.27909873149494, 35.494826968007651 ], [ -119.279102405085794, 35.494499307137254 ], [ -119.27916214387642, 35.494504004669771 ], [ -119.279221586406223, 35.494510763517049 ], [ -119.279290301007237, 35.494518051622556 ], [ -119.279286831287138, 35.494827532310474 ], [ -119.27909873149494, 35.494826968007651 ] ] ] } },
{ "type": "Feature", "properties": { "id": "p-01158", "input_id": "026-461-05", "source": "fd-00832", "demand": 1, "duct_group": 5, "duct_assignment": "11" }, "geometry": { "type": "Polygon", "coordinates": [ [ [ -119.279286831287138, 35.494827532310474 ], [ -119.279290301007237, 35.494518051622556 ], [ -119.279368938859335, 35.494523355512335 ], [ -119.279447801865501, 35.494525456533921 ], [ -119.279491755795092, 35.494525587558137 ], [ -119.279488365223415, 35.49482813764763 ], [ -119.279286831287138, 35.494827532310474 ] ] ] } },
{ "type": "Feature", "properties": { "id": "p-01159", "input_id": "026-461-06", "source": "fd-00731", "demand": 1, "duct_group": 1, "duct_assignment": "12" }, "geometry": { "type": "Polygon", "coordinates": [ [ [ -119.279488365223415, 35.49482813764763 ], [ -119.279491755795092, 35.494525587558137 ], [ -119.279693290038466, 35.494526188942935 ], [ -119.279689900250588, 35.494828741741543 ], [ -119.279488365223415, 35.49482813764763 ] ] ] } },
{ "type": "Feature", "properties": { "id": "p-01160", "input_id": "026-461-07", "source": "fd-00731", "demand": 1, "duct_group": 1, "duct_assignment": "11" }, "geometry": { "type": "Polygon", "coordinates": [ [ [ -119.279689900250588, 35.494828741741543 ], [ -119.279693290038466, 35.494526188942935 ], [ -119.279894825372722, 35.494526789084539 ], [ -119.279891435280746, 35.494829345505025 ], [ -119.279689900250588, 35.494828741741543 ] ] ] } },
{ "type": "Feature", "properties": { "id": "p-01161", "input_id": "026-461-08", "source": "fd-00730", "demand": 1, "duct_group": 1, "duct_assignment": "10" }, "geometry": { "type": "Polygon", "coordinates": [ [ [ -119.279891435280746, 35.494829345505025 ], [ -119.279894825372722, 35.494526789084539 ], [ -119.279967751614649, 35.494527005815748 ], [ -119.279979698179901, 35.494527740446976 ], [ -119.279991395360909, 35.494529857814449 ], [ -119.280002605107214, 35.494533314827606 ], [ -119.280036218623266, 35.494543939918941 ], [ -119.280143352702126, 35.494830100209725 ], [ -119.279891435280746, 35.494829345505025 ] ] ] } },
{ "type": "Feature", "properties": { "id": "p-01162", "input_id": "026-463-02", "source": "fd-00738", "demand": 1, "duct_group": 2, "duct_assignment": "11" }, "geometry": { "type": "Polygon", "coordinates": [ [ [ -119.279223302874371, 35.49437324776968 ], [ -119.279110516824801, 35.494362592684347 ], [ -119.278997087944134, 35.494358558844887 ], [ -119.278999141602085, 35.494194096519585 ], [ -119.279367948931082, 35.494195203812531 ], [ -119.279366497640325, 35.494311501097009 ], [ -119.279272090498878, 35.494378947746469 ], [ -119.279223302874371, 35.49437324776968 ] ] ] } },
{ "type": "Feature", "properties": { "id": "p-01163", "input_id": "026-462-07", "source": "fd-00724", "demand": 1, "duct_group": 0, "duct_assignment": "12" }, "geometry": { "type": "Polygon", "coordinates": [ [ [ -119.279618023249014, 35.494388436334759 ], [ -119.279534353270108, 35.494319056800592 ], [ -119.279535549825852, 35.494223158530083 ], [ -119.279871439992263, 35.494224153614027 ], [ -119.279869380375104, 35.494389182998454 ], [ -119.279618023249014, 35.494388436334759 ] ] ] } },
{ "type": "Feature", "properties": { "id": "p-01164", "input_id": "026-462-06", "source": "fd-00721", "demand": 1, "duct_group": 0, "duct_assignment": "7" }, "geometry": { "type": "Polygon", "coordinates": [ [ [ -119.279869380375104, 35.494389182998454 ], [ -119.279871439992263, 35.494224153614027 ], [ -119.280207329064879, 35.494225147791418 ], [ -119.280206122095095, 35.494321954773397 ], [ -119.280121841954326, 35.494389932967998 ], [ -119.279869380375104, 35.494389182998454 ] ] ] } },
{ "type": "Feature", "properties": { "id": "p-01165", "input_id": "026-462-08", "source": "fd-00723", "demand": 1, "duct_group": 0, "duct_assignment": "10" }, "geometry": { "type": "Polygon", "coordinates": [ [ [ -119.279535549825852, 35.494223158530083 ], [ -119.279537438472929, 35.49407188504469 ], [ -119.279873326863154, 35.494072876530041 ], [ -119.279871439992263, 35.494224153614027 ], [ -119.279535549825852, 35.494223158530083 ] ] ] } },
{ "type": "Feature", "properties": { "id": "p-01166", "input_id": "026-462-05", "source": "fd-00721", "demand": 1, "duct_group": 0, "duct_assignment": "8" }, "geometry": { "type": "Polygon", "coordinates": [ [ [ -119.279871439992263, 35.494224153614027 ], [ -119.279873326863154, 35.494072876530041 ], [ -119.280209216377557, 35.494073867987254 ], [ -119.280207329064879, 35.494225147791418 ], [ -119.279871439992263, 35.494224153614027 ] ] ] } },
{ "type": "Feature", "properties": { "id": "p-01167", "input_id": "026-462-09", "source": "fd-00723", "demand": 1, "duct_group": 0, "duct_assignment": "11" }, "geometry": { "type": "Polygon", "coordinates": [ [ [ -119.279537438472929, 35.49407188504469 ], [ -119.279539325997007, 35.493920610660574 ], [ -119.279875214829062, 35.493921599425647 ], [ -119.279873326863154, 35.494072876530041 ], [ -119.279537438472929, 35.49407188504469 ] ] ] } },
{ "type": "Feature", "properties": { "id": "p-01168", "input_id": "026-462-04", "source": "fd-00719", "demand": 1, "duct_group": 0, "duct_assignment": "4" }, "geometry": { "type": "Polygon", "coordinates": [ [ [ -119.279873326863154, 35.494072876530041 ], [ -119.279875214829062, 35.493921599425647 ], [ -119.280211102567193, 35.493922587284281 ], [ -119.280209216377557, 35.494073867987254 ], [ -119.279873326863154, 35.494072876530041 ] ] ] } },
{ "type": "Feature", "properties": { "id": "p-01169", "input_id": "026-462-10", "source": "fd-00722", "demand": 1, "duct_group": 0, "duct_assignment": "9" }, "geometry": { "type": "Polygon", "coordinates": [ [ [ -119.279539325997007, 35.493920610660574 ], [ -119.27954121351415, 35.493769336267462 ], [ -119.279877101686012, 35.493770322323726 ], [ -119.279875214829062, 35.493921599425647 ], [ -119.279539325997007, 35.493920610660574 ] ] ] } },
{ "type": "Feature", "properties": { "id": "p-01170", "input_id": "026-462-03", "source": "fd-00718", "demand": 1, "duct_group": 0, "duct_assignment": "2" }, "geometry": { "type": "Polygon", "coordinates": [ [ [ -119.279875214829062, 35.493921599425647 ], [ -119.279877101686012, 35.493770322323726 ], [ -119.280212989865944, 35.493771307462112 ], [ -119.280211102567193, 35.493922587284281 ], [ -119.279875214829062, 35.493921599425647 ] ] ] } },
{ "type": "Feature", "properties": { "id": "p-01171", "input_id": "026-463-03", "source": "fd-00738", "demand": 1, "duct_group": 2, "duct_assignment": "12" }, "geometry": { "type": "Polygon", "coordinates": [ [ [ -119.278999141602085, 35.494194096519585 ], [ -119.27900103003546, 35.494042816743587 ], [ -119.279369837787726, 35.494043924019451 ], [ -119.279367948931082, 35.494195203812531 ], [ -119.278999141602085, 35.494194096519585 ] ] ] } },
{ "type": "Feature", "properties": { "id": "p-01172", "input_id": "026-463-04", "source": "fd-00737", "demand": 1, "duct_group": 2, "duct_assignment": "10" }, "geometry": { "type": "Polygon", "coordinates": [ [ [ -119.27900103003546, 35.494042816743587 ], [ -119.279002814625173, 35.493899951495578 ], [ -119.279002919577849, 35.493891537848356 ], [ -119.279371725549524, 35.493892645130089 ], [ -119.279369837787726, 35.494043924019451 ], [ -119.27900103003546, 35.494042816743587 ] ] ] } },
{ "type": "Feature", "properties": { "id": "p-01173", "input_id": "026-463-12", "source": "fd-00733", "demand": 1, "duct_group": 2, "duct_assignment": "3" }, "geometry": { "type": "Polygon", "coordinates": [ [ [ -119.279815850692543, 35.493316287276137 ], [ -119.279820026661355, 35.493013718891106 ], [ -119.27999132651793, 35.49301421905232 ], [ -119.280004761423143, 35.493014257602859 ], [ -119.28000069966744, 35.493316826614375 ], [ -119.279815850692543, 35.493316287276137 ] ] ] } },
{ "type": "Feature", "properties": { "id": "p-01174", "input_id": "026-463-11", "source": "fd-00733", "demand": 1, "duct_group": 2, "duct_assignment": "2" }, "geometry": { "type": "Polygon", "coordinates": [ [ [ -119.279782645202729, 35.49331619047414 ], [ -119.279770699864429, 35.493315457071994 ], [ -119.279759003642681, 35.49331334119023 ], [ -119.27974779451722, 35.493309885880123 ], [ -119.279710266826442, 35.493298279738489 ], [ -119.279671120413013, 35.493291090097266 ], [ -119.279551320653482, 35.493012934660293 ], [ -119.279608420976345, 35.493013101828595 ], [ -119.279799873738853, 35.493013660138978 ], [ -119.279820026661355, 35.493013718891106 ], [ -119.279815850692543, 35.493316287276137 ], [ -119.279782645202729, 35.49331619047414 ] ] ] } },
{ "type": "Feature", "properties": { "id": "p-01175", "input_id": "026-463-10", "source": "fd-00734", "demand": 1, "duct_group": 2, "duct_assignment": "5" }, "geometry": { "type": "Polygon", "coordinates": [ [ [ -119.279232232360414, 35.493012003636274 ], [ -119.279420326674142, 35.49301255332697 ], [ -119.279551320653482, 35.493012934660293 ], [ -119.279671120413013, 35.493291090097266 ], [ -119.279633075284295, 35.493288480187907 ], [ -119.279594944499379, 35.493290044646741 ], [ -119.27955740979813, 35.493295755502771 ], [ -119.279521142263206, 35.493305510651737 ], [ -119.279232232360414, 35.493012003636274 ] ] ] } },
{ "type": "Feature", "properties": { "id": "p-01176", "input_id": "026-463-09", "source": "fd-00734", "demand": 1, "duct_group": 2, "duct_assignment": "4" }, "geometry": { "type": "Polygon", "coordinates": [ [ [ -119.279012192045428, 35.493148891970051 ], [ -119.279013047837992, 35.493080285520563 ], [ -119.279013908667125, 35.493011365337431 ], [ -119.279232232360414, 35.493012003636274 ], [ -119.279521142263206, 35.493305510651737 ], [ -119.279486790504919, 35.493319135774449 ], [ -119.279454968522728, 35.493336387141376 ], [ -119.279426245259572, 35.493356956317385 ], [ -119.279401134257938, 35.493380475548477 ], [ -119.279012192045428, 35.493148891970051 ] ] ] } },
{ "type": "Feature", "properties": { "id": "p-01177", "input_id": "026-463-19", "source": "fd-00701", "demand": 1, "duct_group": 3, "duct_assignment": "5" }, "geometry": { "type": "Polygon", "coordinates": [ [ [ -119.279820026661355, 35.493013718891106 ], [ -119.279799873738853, 35.493013660138978 ], [ -119.279803648908697, 35.492711255436589 ], [ -119.279995102071439, 35.492711813431434 ], [ -119.27999132651793, 35.49301421905232 ], [ -119.279820026661355, 35.493013718891106 ] ] ] } },
{ "type": "Feature", "properties": { "id": "p-01178", "input_id": "026-694-20", "source": "fd-00686", "demand": 1, "duct_group": 1, "duct_assignment": "2" }, "geometry": { "type": "Polygon", "coordinates": [ [ [ -119.279553239005381, 35.49246231974827 ], [ -119.279553908045742, 35.492309878050015 ], [ -119.27990650411725, 35.49231091265252 ], [ -119.279906071368202, 35.492408410205933 ], [ -119.279838669299096, 35.492463156944673 ], [ -119.279553239005381, 35.49246231974827 ] ] ] } },
{ "type": "Feature", "properties": { "id": "p-01179", "input_id": "026-463-20", "source": "fd-00702", "demand": 1, "duct_group": 3, "duct_assignment": "8" }, "geometry": { "type": "Polygon", "coordinates": [ [ [ -119.279608420976345, 35.493013101828595 ], [ -119.279612195734416, 35.49271069624227 ], [ -119.279803648908697, 35.492711255436589 ], [ -119.279799873738853, 35.493013660138978 ], [ -119.279608420976345, 35.493013101828595 ] ] ] } },
{ "type": "Feature", "properties": { "id": "p-01180", "input_id": "026-463-21", "source": "fd-00702", "demand": 1, "duct_group": 3, "duct_assignment": "7" }, "geometry": { "type": "Polygon", "coordinates": [ [ [ -119.279551320653482, 35.493012934660293 ], [ -119.279420326674142, 35.49301255332697 ], [ -119.279424102124153, 35.492710147746408 ], [ -119.279612195734416, 35.49271069624227 ], [ -119.279608420976345, 35.493013101828595 ], [ -119.279551320653482, 35.493012934660293 ] ] ] } },
{ "type": "Feature", "properties": { "id": "p-01181", "input_id": "026-463-22", "source": "fd-00703", "demand": 1, "duct_group": 3, "duct_assignment": "9" }, "geometry": { "type": "Polygon", "coordinates": [ [ [ -119.279232232360414, 35.493012003636274 ], [ -119.279236008502323, 35.492709598061381 ], [ -119.279424102124153, 35.492710147746408 ], [ -119.279420326674142, 35.49301255332697 ], [ -119.279232232360414, 35.493012003636274 ] ] ] } },
{ "type": "Feature", "properties": { "id": "p-01182", "input_id": "026-463-23", "source": "fd-00704", "demand": 1, "duct_group": 3, "duct_assignment": "10" }, "geometry": { "type": "Polygon", "coordinates": [ [ [ -119.279013908667125, 35.493011365337431 ], [ -119.279017684510137, 35.492708959780622 ], [ -119.279236008502323, 35.492709598061381 ], [ -119.279232232360414, 35.493012003636274 ], [ -119.279013908667125, 35.493011365337431 ] ] ] } },
{ "type": "Feature", "properties": { "id": "p-01183", "input_id": "026-463-08", "source": "fd-00735", "demand": 1, "duct_group": 2, "duct_assignment": "6" }, "geometry": { "type": "Polygon", "coordinates": [ [ [ -119.279009444785999, 35.493368935114503 ], [ -119.279010609799087, 35.493275575427134 ], [ -119.279012192045428, 35.493148891970051 ], [ -119.279401134257938, 35.493380475548477 ], [ -119.279380084135056, 35.493406524340344 ], [ -119.27936347160734, 35.493434637009742 ], [ -119.279351593696063, 35.493464310928047 ], [ -119.279344662772743, 35.493495015552462 ], [ -119.279009444785999, 35.493368935114503 ] ] ] } },
{ "type": "Feature", "properties": { "id": "p-01184", "input_id": "026-462-12", "source": "fd-00720", "demand": 1, "duct_group": 0, "duct_assignment": "6" }, "geometry": { "type": "Polygon", "coordinates": [ [ [ -119.279543102126368, 35.49361806185383 ], [ -119.279544309894732, 35.493521256654084 ], [ -119.279628584112501, 35.493453278889703 ], [ -119.279881048100677, 35.493454014877031 ], [ -119.27987898963805, 35.493619045201356 ], [ -119.279543102126368, 35.49361806185383 ] ] ] } },
{ "type": "Feature", "properties": { "id": "p-01185", "input_id": "026-463-07", "source": "fd-00735", "demand": 1, "duct_group": 2, "duct_assignment": "7" }, "geometry": { "type": "Polygon", "coordinates": [ [ [ -119.279007039955914, 35.493561472747622 ], [ -119.279008206090481, 35.493468113957121 ], [ -119.279009444785999, 35.493368935114503 ], [ -119.279344662772743, 35.493495015552462 ], [ -119.279342802957146, 35.493526201811697 ], [ -119.279346047274672, 35.493557312201546 ], [ -119.279354337725977, 35.49358779049939 ], [ -119.279367526091377, 35.493617091783257 ], [ -119.279007039955914, 35.493561472747622 ] ] ] } },
{ "type": "Feature", "properties": { "id": "p-01186", "input_id": "026-463-01", "source": "fd-00829", "demand": 1, "duct_group": 5, "duct_assignment": "7" }, "geometry": { "type": "Polygon", "coordinates": [ [ [ -119.278611376008087, 35.494357400052067 ], [ -119.278527709100359, 35.494288018907611 ], [ -119.27852890014897, 35.494192683174617 ], [ -119.278999141602085, 35.494194096519585 ], [ -119.278997087944134, 35.494358558844887 ], [ -119.278611376008087, 35.494357400052067 ] ] ] } },
{ "type": "Feature", "properties": { "id": "p-01187", "input_id": "026-473-04", "source": "fd-00768", "demand": 1, "duct_group": 4, "duct_assignment": "4" }, "geometry": { "type": "Polygon", "coordinates": [ [ [ -119.27915069910425, 35.490362311885484 ], [ -119.27915429465348, 35.490070670343009 ], [ -119.27932220803909, 35.490071164256193 ], [ -119.27931861198357, 35.490362805814975 ], [ -119.27915069910425, 35.490362311885484 ] ] ] } },
{ "type": "Feature", "properties": { "id": "p-01188", "input_id": "026-473-05", "source": "fd-00787", "demand": 1, "duct_group": 7, "duct_assignment": "1" }, "geometry": { "type": "Polygon", "coordinates": [ [ [ -119.27931861198357, 35.490362805814975 ], [ -119.27932220803909, 35.490071164256193 ], [ -119.279490124732575, 35.490071657905567 ], [ -119.279486529272731, 35.490363299469195 ], [ -119.27931861198357, 35.490362805814975 ] ] ] } },
{ "type": "Feature", "properties": { "id": "p-01189", "input_id": "026-472-01", "source": "fd-00780", "demand": 1, "duct_group": 6, "duct_assignment": "1" }, "geometry": { "type": "Polygon", "coordinates": [ [ [ -119.279165817971304, 35.490774442376072 ], [ -119.279162480556323, 35.490774432945443 ], [ -119.279163400706139, 35.490568388967603 ], [ -119.27924766080551, 35.49049996171658 ], [ -119.279348408037961, 35.490500257849007 ], [ -119.279347175686183, 35.490774945063379 ], [ -119.279165817971304, 35.490774442376072 ] ] ] } },
{ "type": "Feature", "properties": { "id": "p-01190", "input_id": "026-473-31", "source": "fd-00756", "demand": 1, "duct_group": 2, "duct_assignment": "6" }, "geometry": { "type": "Polygon", "coordinates": [ [ [ -119.279331072228018, 35.489353059699219 ], [ -119.279334670407408, 35.489063472244887 ], [ -119.279502582796781, 35.489063963196664 ], [ -119.279498986310784, 35.489353550644438 ], [ -119.279331072228018, 35.489353059699219 ] ] ] } },
{ "type": "Feature", "properties": { "id": "p-01191", "input_id": "026-473-21", "source": "fd-00790", "demand": 1, "duct_group": 7, "duct_assignment": "7" }, "geometry": { "type": "Polygon", "coordinates": [ [ [ -119.279262744641329, 35.489641538898347 ], [ -119.279248692672482, 35.489640527052103 ], [ -119.279235046175174, 35.489637605388744 ], [ -119.279222190380693, 35.489632856384794 ], [ -119.279210488198999, 35.489626414101373 ], [ -119.279200269974311, 35.489618460399583 ], [ -119.279184182964556, 35.48960550859308 ], [ -119.279166117265575, 35.489594438495786 ], [ -119.279146399349798, 35.489585450159403 ], [ -119.279149260914522, 35.489352527489331 ], [ -119.279163159249237, 35.489352568513183 ], [ -119.279331072228018, 35.489353059699219 ], [ -119.279327504924808, 35.489641729195277 ], [ -119.279262744641329, 35.489641538898347 ] ] ] } },
{ "type": "Feature", "properties": { "id": "p-01192", "input_id": "026-473-22", "source": "fd-00790", "demand": 1, "duct_group": 7, "duct_assignment": "6" }, "geometry": { "type": "Polygon", "coordinates": [ [ [ -119.279327504924808, 35.489641729195277 ], [ -119.279331072228018, 35.489353059699219 ], [ -119.279498986310784, 35.489353550644438 ], [ -119.279495419653273, 35.489642223750195 ], [ -119.279327504924808, 35.489641729195277 ] ] ] } },
{ "type": "Feature", "properties": { "id": "p-01193", "input_id": "026-473-14", "source": "fd-00789", "demand": 1, "duct_group": 7, "duct_assignment": "4" }, "geometry": { "type": "Polygon", "coordinates": [ [ [ -119.27932220803909, 35.490071164256193 ], [ -119.27932580944416, 35.489779089044873 ], [ -119.279493725555071, 35.489779583590604 ], [ -119.279490124732575, 35.490071657905567 ], [ -119.27932220803909, 35.490071164256193 ] ] ] } },
{ "type": "Feature", "properties": { "id": "p-01194", "input_id": "026-473-03", "source": "fd-00768", "demand": 1, "duct_group": 4, "duct_assignment": "3" }, "geometry": { "type": "Polygon", "coordinates": [ [ [ -119.278982790634728, 35.49036181768065 ], [ -119.278986385663643, 35.490070175253315 ], [ -119.279139354645906, 35.490070626638186 ], [ -119.27915429465348, 35.490070670343009 ], [ -119.27915069910425, 35.490362311885484 ], [ -119.278982790634728, 35.49036181768065 ] ] ] } },
{ "type": "Feature", "properties": { "id": "p-01195", "input_id": "026-473-01", "source": "fd-00767", "demand": 1, "duct_group": 4, "duct_assignment": "2" }, "geometry": { "type": "Polygon", "coordinates": [ [ [ -119.278714757794035, 35.490361025606127 ], [ -119.278631124717222, 35.490291650422478 ], [ -119.278633856431568, 35.490069132006568 ], [ -119.278818483273497, 35.490069678964161 ], [ -119.278814888750901, 35.490361321375225 ], [ -119.278714757794035, 35.490361025606127 ] ] ] } },
{ "type": "Feature", "properties": { "id": "p-01196", "input_id": "026-473-02", "source": "fd-00767", "demand": 1, "duct_group": 4, "duct_assignment": "1" }, "geometry": { "type": "Polygon", "coordinates": [ [ [ -119.278814888750901, 35.490361321375225 ], [ -119.278818483273497, 35.490069678964161 ], [ -119.278986385663643, 35.490070175253315 ], [ -119.278982790634728, 35.49036181768065 ], [ -119.278814888750901, 35.490361321375225 ] ] ] } },
{ "type": "Feature", "properties": { "id": "p-01197", "input_id": "026-471-01", "source": "fd-00773", "demand": 1, "duct_group": 5, "duct_assignment": "1" }, "geometry": { "type": "Polygon", "coordinates": [ [ [ -119.278625235306848, 35.490772649416108 ], [ -119.278627751273561, 35.490566372522458 ], [ -119.278711989951134, 35.490498382133325 ], [ -119.278811112590986, 35.490498675779158 ], [ -119.27880988775037, 35.490773394439742 ], [ -119.278625235306848, 35.490772649416108 ] ] ] } },
{ "type": "Feature", "properties": { "id": "p-01198", "input_id": "026-471-02", "source": "fd-00774", "demand": 1, "duct_group": 5, "duct_assignment": "2" }, "geometry": { "type": "Polygon", "coordinates": [ [ [ -119.278991197451376, 35.490773928798788 ], [ -119.27880988775037, 35.490773394439742 ], [ -119.278811112590986, 35.490498675779158 ], [ -119.278911851018734, 35.490498973262341 ], [ -119.278995495121478, 35.49056789474583 ], [ -119.27899457565276, 35.490773938710994 ], [ -119.278991197451376, 35.490773928798788 ] ] ] } },
{ "type": "Feature", "properties": { "id": "p-01199", "input_id": "026-473-32", "source": "fd-00755", "demand": 1, "duct_group": 2, "duct_assignment": "3" }, "geometry": { "type": "Polygon", "coordinates": [ [ [ -119.279163159249237, 35.489352568513183 ], [ -119.279166759107994, 35.489062980150983 ], [ -119.279334670407408, 35.489063472244887 ], [ -119.279331072228018, 35.489353059699219 ], [ -119.279163159249237, 35.489352568513183 ] ] ] } },
{ "type": "Feature", "properties": { "id": "p-01200", "input_id": "026-473-33", "source": "fd-00755", "demand": 1, "duct_group": 2, "duct_assignment": "4" }, "geometry": { "type": "Polygon", "coordinates": [ [ [ -119.279149260914522, 35.489352527489331 ], [ -119.278995249564218, 35.489352076162085 ], [ -119.278998847824624, 35.489062488728948 ], [ -119.279166759107994, 35.489062980150983 ], [ -119.279163159249237, 35.489352568513183 ], [ -119.279149260914522, 35.489352527489331 ] ] ] } },
{ "type": "Feature", "properties": { "id": "p-01201", "input_id": "026-473-34", "source": "fd-00754", "demand": 1, "duct_group": 2, "duct_assignment": "2" }, "geometry": { "type": "Polygon", "coordinates": [ [ [ -119.278827344289013, 35.489351583535743 ], [ -119.278830937631142, 35.489061996164786 ], [ -119.278998847824624, 35.489062488728948 ], [ -119.278995249564218, 35.489352076162085 ], [ -119.278827344289013, 35.489351583535743 ] ] ] } },
{ "type": "Feature", "properties": { "id": "p-01202", "input_id": "026-473-35", "source": "fd-00754", "demand": 1, "duct_group": 2, "duct_assignment": "1" }, "geometry": { "type": "Polygon", "coordinates": [ [ [ -119.27864267722812, 35.489351039730693 ], [ -119.278645403393611, 35.489129727334948 ], [ -119.278729623466702, 35.489061699215689 ], [ -119.278830937631142, 35.489061996164786 ], [ -119.278827344289013, 35.489351583535743 ], [ -119.27864267722812, 35.489351039730693 ] ] ] } },
{ "type": "Feature", "properties": { "id": "p-01203", "input_id": "026-473-20", "source": "fd-00792", "demand": 1, "duct_group": 7, "duct_assignment": "10" }, "geometry": { "type": "Polygon", "coordinates": [ [ [ -119.27901438509231, 35.489581477159135 ], [ -119.278827344289013, 35.489351583535743 ], [ -119.278995249564218, 35.489352076162085 ], [ -119.279149260914522, 35.489352527489331 ], [ -119.279146399349798, 35.489585450159403 ], [ -119.279121015383623, 35.489577630518625 ], [ -119.27909442313269, 35.489573255724665 ], [ -119.279067316574313, 35.489572439946357 ], [ -119.279040403107558, 35.489575204473127 ], [ -119.27901438509231, 35.489581477159135 ] ] ] } },
{ "type": "Feature", "properties": { "id": "p-01204", "input_id": "026-473-16", "source": "fd-00791", "demand": 1, "duct_group": 7, "duct_assignment": "8" }, "geometry": { "type": "Polygon", "coordinates": [ [ [ -119.278986385663643, 35.490070175253315 ], [ -119.278818483273497, 35.490069678964161 ], [ -119.279013313399233, 35.489837518666235 ], [ -119.279038617699982, 35.489843818308394 ], [ -119.27906481766162, 35.489846789747915 ], [ -119.27909126309811, 35.489846359244609 ], [ -119.279117297731545, 35.489842537482005 ], [ -119.279142275478733, 35.489835419302118 ], [ -119.279139354645906, 35.490070626638186 ], [ -119.278986385663643, 35.490070175253315 ] ] ] } },
{ "type": "Feature", "properties": { "id": "p-01205", "input_id": "026-473-15", "source": "fd-00789", "demand": 1, "duct_group": 7, "duct_assignment": "5" }, "geometry": { "type": "Polygon", "coordinates": [ [ [ -119.27915429465348, 35.490070670343009 ], [ -119.279139354645906, 35.490070626638186 ], [ -119.279142275478733, 35.489835419302118 ], [ -119.279163223451178, 35.489826394837245 ], [ -119.279182411330808, 35.489815050537807 ], [ -119.279199457685152, 35.489801611915667 ], [ -119.27920974582166, 35.489793718555809 ], [ -119.279221504574224, 35.489787345328281 ], [ -119.279234402003297, 35.489782672143711 ], [ -119.279248074025617, 35.489779830922032 ], [ -119.279262134692004, 35.489778901868391 ], [ -119.27932580944416, 35.489779089044873 ], [ -119.27932220803909, 35.490071164256193 ], [ -119.27915429465348, 35.490070670343009 ] ] ] } },
{ "type": "Feature", "properties": { "id": "p-01206", "input_id": "026-473-17", "source": "fd-00791", "demand": 1, "duct_group": 7, "duct_assignment": "9" }, "geometry": { "type": "Polygon", "coordinates": [ [ [ -119.278633856431568, 35.490069132006568 ], [ -119.278636386029461, 35.489863096483276 ], [ -119.278919830157022, 35.489762709911709 ], [ -119.278932135765885, 35.489782218037767 ], [ -119.278948084385306, 35.489799873571911 ], [ -119.278967268600567, 35.48981522549316 ], [ -119.278989198341151, 35.489827881627512 ], [ -119.279013313399233, 35.489837518666235 ], [ -119.278818483273497, 35.490069678964161 ], [ -119.278633856431568, 35.490069132006568 ] ] ] } },
{ "type": "Feature", "properties": { "id": "p-01207", "input_id": "026-473-19", "source": "fd-00793", "demand": 1, "duct_group": 7, "duct_assignment": "12" }, "geometry": { "type": "Polygon", "coordinates": [ [ [ -119.278640145471883, 35.489557076219633 ], [ -119.27864267722812, 35.489351039730693 ], [ -119.278827344289013, 35.489351583535743 ], [ -119.27901438509231, 35.489581477159135 ], [ -119.278990198730838, 35.489590975589927 ], [ -119.278968170586026, 35.489603503012091 ], [ -119.278948862922377, 35.489618739665922 ], [ -119.278932768565554, 35.48963629663902 ], [ -119.278920298323072, 35.489655725793099 ], [ -119.278640145471883, 35.489557076219633 ] ] ] } },
{ "type": "Feature", "properties": { "id": "p-01208", "input_id": "026-473-18", "source": "fd-00793", "demand": 1, "duct_group": 7, "duct_assignment": "11" }, "geometry": { "type": "Polygon", "coordinates": [ [ [ -119.278640145471883, 35.489557076219633 ], [ -119.278920298323072, 35.489655725793099 ], [ -119.278911762789818, 35.48967654134934 ], [ -119.27890739114433, 35.489698203213031 ], [ -119.278907295065949, 35.489720158019679 ], [ -119.278911477012542, 35.489741844920893 ], [ -119.278919830157022, 35.489762709911709 ], [ -119.278636386029461, 35.489863096483276 ], [ -119.278640145471883, 35.489557076219633 ] ] ] } },
{ "type": "Feature", "properties": { "id": "p-01209", "input_id": "026-694-01", "source": "fd-00775", "demand": 1, "duct_group": 5, "duct_assignment": "4" }, "geometry": { "type": "Polygon", "coordinates": [ [ [ -119.27862350530674, 35.490910205140963 ], [ -119.278625235306848, 35.490772649416108 ], [ -119.27880988775037, 35.490773394439742 ], [ -119.278991197451376, 35.490773928798788 ], [ -119.278990589201811, 35.490911288979966 ], [ -119.27862350530674, 35.490910205140963 ] ] ] } },
{ "type": "Feature", "properties": { "id": "p-01210", "input_id": "026-694-02", "source": "fd-00775", "demand": 1, "duct_group": 5, "duct_assignment": "3" }, "geometry": { "type": "Polygon", "coordinates": [ [ [ -119.278621818499232, 35.491047562105727 ], [ -119.27862350530674, 35.490910205140963 ], [ -119.278990589201811, 35.490911288979966 ], [ -119.278989980936203, 35.491048648252537 ], [ -119.278621818499232, 35.491047562105727 ] ] ] } },
{ "type": "Feature", "properties": { "id": "p-01211", "input_id": "026-694-03", "source": "fd-00776", "demand": 1, "duct_group": 5, "duct_assignment": "5" }, "geometry": { "type": "Polygon", "coordinates": [ [ [ -119.278620131686083, 35.491184919063137 ], [ -119.278621818499232, 35.491047562105727 ], [ -119.278989980936203, 35.491048648252537 ], [ -119.278989373770443, 35.491186007506258 ], [ -119.278620131686083, 35.491184919063137 ] ] ] } },
{ "type": "Feature", "properties": { "id": "p-01212", "input_id": "026-694-04", "source": "fd-00776", "demand": 1, "duct_group": 5, "duct_assignment": "6" }, "geometry": { "type": "Polygon", "coordinates": [ [ [ -119.278618445969272, 35.491322276001625 ], [ -119.278620131686083, 35.491184919063137 ], [ -119.278989373770443, 35.491186007506258 ], [ -119.278988765514811, 35.491323367665288 ], [ -119.278618445969272, 35.491322276001625 ] ] ] } },
{ "type": "Feature", "properties": { "id": "p-01213", "input_id": "026-694-05", "source": "fd-00777", "demand": 1, "duct_group": 5, "duct_assignment": "7" }, "geometry": { "type": "Polygon", "coordinates": [ [ [ -119.278616759144853, 35.491459632944178 ], [ -119.278618445969272, 35.491322276001625 ], [ -119.278988765514811, 35.491323367665288 ], [ -119.278988176946143, 35.49145618466568 ], [ -119.278987973172534, 35.491460726127109 ], [ -119.278616759144853, 35.491459632944178 ] ] ] } },
{ "type": "Feature", "properties": { "id": "p-01214", "input_id": "026-694-06", "source": "fd-00778", "demand": 1, "duct_group": 5, "duct_assignment": "8" }, "geometry": { "type": "Polygon", "coordinates": [ [ [ -119.278614903526886, 35.491610725934045 ], [ -119.278616759144853, 35.491459632944178 ], [ -119.278987973172534, 35.491460726127109 ], [ -119.278986133877453, 35.491471002457352 ], [ -119.278982420870136, 35.491480934452028 ], [ -119.278976919063467, 35.491490294974085 ], [ -119.278969754279004, 35.491498869955684 ], [ -119.27896109036935, 35.491506463293611 ], [ -119.27894170104129, 35.491523798921691 ], [ -119.278926207668889, 35.491543583340842 ], [ -119.278915063533617, 35.491565237732345 ], [ -119.278908594675229, 35.49158812856875 ], [ -119.278906990352624, 35.491611586148238 ], [ -119.278614903526886, 35.491610725934045 ] ] ] } },
{ "type": "Feature", "properties": { "id": "p-01215", "input_id": "026-694-07", "source": "fd-00778", "demand": 1, "duct_group": 5, "duct_assignment": "10" }, "geometry": { "type": "Polygon", "coordinates": [ [ [ -119.278613037733052, 35.491762724004374 ], [ -119.278614903526886, 35.491610725934045 ], [ -119.278906990352624, 35.491611586148238 ], [ -119.278910274924655, 35.491634865711923 ], [ -119.278918350975715, 35.491657349690684 ], [ -119.278930983372675, 35.491678383455998 ], [ -119.2789478043222, 35.491697354602458 ], [ -119.278968324078704, 35.491713710777937 ], [ -119.278991945203416, 35.491726975766113 ], [ -119.279017979958894, 35.49173676335139 ], [ -119.279045670333062, 35.491742788564224 ], [ -119.279074210108988, 35.491744875977929 ], [ -119.27907412536058, 35.491764078918429 ], [ -119.278613037733052, 35.491762724004374 ] ] ] } },
{ "type": "Feature", "properties": { "id": "p-01216", "input_id": "026-694-08", "source": "fd-00779", "demand": 1, "duct_group": 5, "duct_assignment": "12" }, "geometry": { "type": "Polygon", "coordinates": [ [ [ -119.27907412536058, 35.491764078918429 ], [ -119.279074210108988, 35.491744875977929 ], [ -119.279101660151852, 35.491743107034935 ], [ -119.279128387740272, 35.491737693277827 ], [ -119.279153674304553, 35.491728780255038 ], [ -119.27917684001747, 35.49171660759275 ], [ -119.279197262071406, 35.491701502552054 ], [ -119.279214391422883, 35.49168387123072 ], [ -119.279227767553095, 35.491664187645029 ], [ -119.279237030849117, 35.491642980985958 ], [ -119.279241932271731, 35.491620821391571 ], [ -119.279556973557362, 35.491621750302308 ], [ -119.279556967717994, 35.491623074487734 ], [ -119.279556352707729, 35.491760435607581 ], [ -119.279556329998485, 35.49176549077292 ], [ -119.27907412536058, 35.491764078918429 ] ] ] } },
{ "type": "Feature", "properties": { "id": "p-01217", "input_id": "026-694-09", "source": "fd-00779", "demand": 1, "duct_group": 5, "duct_assignment": "11" }, "geometry": { "type": "Polygon", "coordinates": [ [ [ -119.279241932271731, 35.491620821391571 ], [ -119.279242465149935, 35.491599865698007 ], [ -119.279239093143431, 35.491579087685395 ], [ -119.279231894776927, 35.491558971198018 ], [ -119.279221037676706, 35.491539984675349 ], [ -119.279206774667202, 35.49152257024376 ], [ -119.279189437883332, 35.491507133421173 ], [ -119.279180576226892, 35.491499212820273 ], [ -119.27917333227002, 35.491490259471789 ], [ -119.279167883052452, 35.491480492193098 ], [ -119.279557599803056, 35.491481641656961 ], [ -119.279557581624289, 35.491485713371979 ], [ -119.279556973557362, 35.491621750302308 ], [ -119.279241932271731, 35.491620821391571 ] ] ] } },
{ "type": "Feature", "properties": { "id": "p-01218", "input_id": "026-694-10", "source": "fd-00716", "demand": 1, "duct_group": 5, "duct_assignment": "12" }, "geometry": { "type": "Polygon", "coordinates": [ [ [ -119.279167883052452, 35.491480492193098 ], [ -119.279165045578466, 35.491472742839747 ], [ -119.279163341881286, 35.491464774387715 ], [ -119.279162795595326, 35.491456697380315 ], [ -119.279163299645589, 35.49134311486592 ], [ -119.279558214795117, 35.491344279620918 ], [ -119.279558196630404, 35.491348352237303 ], [ -119.279557599803056, 35.491481641656961 ], [ -119.279167883052452, 35.491480492193098 ] ] ] } },
{ "type": "Feature", "properties": { "id": "p-01219", "input_id": "026-220-38", "source": "fd-00778", "demand": 1, "duct_group": 5, "duct_assignment": "9" }, "geometry": { "type": "Polygon", "coordinates": [ [ [ -119.278520063847921, 35.492503244803821 ], [ -119.278529162520357, 35.491762476177257 ], [ -119.278613037733052, 35.491762724004374 ], [ -119.27907412536058, 35.491764078918429 ], [ -119.279556329998485, 35.49176549077292 ], [ -119.27955573879737, 35.491897796708571 ], [ -119.279555125986917, 35.492035157790689 ], [ -119.279554515364339, 35.492172517941249 ], [ -119.279553908045742, 35.492309878050015 ], [ -119.279553239005381, 35.49246231974827 ], [ -119.279553048125095, 35.492506276529298 ], [ -119.278520063847921, 35.492503244803821 ] ] ] } },
{ "type": "Feature", "properties": { "id": "p-01220", "input_id": "026-463-15", "source": "fd-00739", "demand": 1, "duct_group": 3, "duct_assignment": "2" }, "geometry": { "type": "Polygon", "coordinates": [ [ [ -119.280370397610497, 35.493317903555706 ], [ -119.280374232055934, 35.493015334181905 ], [ -119.280575761290635, 35.493015920613075 ], [ -119.280572839882183, 35.493250268724694 ], [ -119.280488566667429, 35.493318248043188 ], [ -119.280370397610497, 35.493317903555706 ] ] ] } },
{ "type": "Feature", "properties": { "id": "p-01221", "input_id": "026-691-05", "source": "fd-00688", "demand": 1, "duct_group": 1, "duct_assignment": "6" }, "geometry": { "type": "Polygon", "coordinates": [ [ [ -119.280081724257187, 35.492178158982249 ], [ -119.280082752928436, 35.491950141962128 ], [ -119.280136684708935, 35.491906344708546 ], [ -119.280267660455408, 35.491906729055621 ], [ -119.280266427431741, 35.492178700314433 ], [ -119.280081724257187, 35.492178158982249 ] ] ] } },
{ "type": "Feature", "properties": { "id": "p-01222", "input_id": "026-692-01", "source": "fd-00689", "demand": 1, "duct_group": 1, "duct_assignment": "7" }, "geometry": { "type": "Polygon", "coordinates": [ [ [ -119.280137328928731, 35.491763490280199 ], [ -119.280083793915978, 35.491719377392265 ], [ -119.28008489677562, 35.49147432621163 ], [ -119.280269610504476, 35.491474868314185 ], [ -119.280268306651578, 35.491763874603663 ], [ -119.280137328928731, 35.491763490280199 ] ] ] } },
{ "type": "Feature", "properties": { "id": "p-01223", "input_id": "026-692-06", "source": "fd-00679", "demand": 1, "duct_group": 0, "duct_assignment": "2" }, "geometry": { "type": "Polygon", "coordinates": [ [ [ -119.28008489677562, 35.49147432621163 ], [ -119.28008595540841, 35.491238679549312 ], [ -119.280139886720448, 35.49119488228213 ], [ -119.280270866815101, 35.491195264766056 ], [ -119.280269610504476, 35.491474868314185 ], [ -119.28008489677562, 35.49147432621163 ] ] ] } },
{ "type": "Feature", "properties": { "id": "p-01224", "input_id": "026-693-09", "source": "fd-00715", "demand": 1, "duct_group": 5, "duct_assignment": "10" }, "geometry": { "type": "Polygon", "coordinates": [ [ [ -119.279218331698843, 35.49104932549055 ], [ -119.279164796528235, 35.491005211300269 ], [ -119.279165817971304, 35.490774442376072 ], [ -119.279347175686183, 35.490774945063379 ], [ -119.279350519087913, 35.490774985073543 ], [ -119.27934930165371, 35.491049709961047 ], [ -119.279218331698843, 35.49104932549055 ] ] ] } },
{ "type": "Feature", "properties": { "id": "p-01225", "input_id": "026-694-12", "source": "fd-00692", "demand": 1, "duct_group": 2, "duct_assignment": "1" }, "geometry": { "type": "Polygon", "coordinates": [ [ [ -119.279558196630404, 35.491348352237303 ], [ -119.279558214795117, 35.491344279620918 ], [ -119.279558890422109, 35.491193182643507 ], [ -119.279857780655988, 35.491194057182739 ], [ -119.279911318525308, 35.491238171045012 ], [ -119.279910819503101, 35.491349391012825 ], [ -119.279558196630404, 35.491348352237303 ] ] ] } },
{ "type": "Feature", "properties": { "id": "p-01226", "input_id": "026-694-11", "source": "fd-00716", "demand": 1, "duct_group": 5, "duct_assignment": "11" }, "geometry": { "type": "Polygon", "coordinates": [ [ [ -119.279163299645589, 35.49134311486592 ], [ -119.279163773977459, 35.491235980215052 ], [ -119.279217699139224, 35.491192181618857 ], [ -119.279558890422109, 35.491193182643507 ], [ -119.279558214795117, 35.491344279620918 ], [ -119.279163299645589, 35.49134311486592 ] ] ] } },
{ "type": "Feature", "properties": { "id": "p-01227", "input_id": "026-491-13", "source": "fd-00638", "demand": 1, "duct_group": 2, "duct_assignment": "4" }, "geometry": { "type": "Polygon", "coordinates": [ [ [ -119.282130213121604, 35.490330817054108 ], [ -119.282131440439258, 35.490052658508702 ], [ -119.282349775004093, 35.490053289272616 ], [ -119.282347000232519, 35.490276500585665 ], [ -119.28227913641507, 35.490331247252044 ], [ -119.282130213121604, 35.490330817054108 ] ] ] } },
{ "type": "Feature", "properties": { "id": "p-01228", "input_id": "026-492-14", "source": "fd-00636", "demand": 1, "duct_group": 1, "duct_assignment": "12" }, "geometry": { "type": "Polygon", "coordinates": [ [ [ -119.281328179894913, 35.489623487631398 ], [ -119.281313603109709, 35.489622400918137 ], [ -119.281299478507108, 35.489619260534887 ], [ -119.281286235251827, 35.489614161899638 ], [ -119.281274275729317, 35.489607259930274 ], [ -119.281263963319802, 35.489598764337693 ], [ -119.281255611356841, 35.489588933253451 ], [ -119.281249473607204, 35.489578065386915 ], [ -119.281245736560308, 35.489566490949152 ], [ -119.281244513762189, 35.489554561619613 ], [ -119.28124544007936, 35.489343804097075 ], [ -119.281463761875884, 35.489344445562402 ], [ -119.281462529076435, 35.489623881466173 ], [ -119.281328179894913, 35.489623487631398 ] ] ] } },
{ "type": "Feature", "properties": { "id": "p-01229", "input_id": "026-712-11", "source": "fd-00584", "demand": 1, "duct_group": 9, "duct_assignment": "10" }, "geometry": { "type": "Polygon", "coordinates": [ [ [ -119.282797621686797, 35.504724411424959 ], [ -119.2827994354911, 35.504551338604436 ], [ -119.28305909861075, 35.504552133899857 ], [ -119.283176839413969, 35.504552464215415 ], [ -119.283176180425386, 35.504727365600132 ], [ -119.282797621686797, 35.504724411424959 ] ] ] } },
{ "type": "Feature", "properties": { "id": "p-01230", "input_id": "026-712-10", "source": "fd-00554", "demand": 1, "duct_group": 3, "duct_assignment": "8" }, "geometry": { "type": "Polygon", "coordinates": [ [ [ -119.282795776657579, 35.504901134222237 ], [ -119.282797621686797, 35.504724411424959 ], [ -119.283176180425386, 35.504727365600132 ], [ -119.283175546901589, 35.504904110016604 ], [ -119.282795776657579, 35.504901134222237 ] ] ] } },
{ "type": "Feature", "properties": { "id": "p-01231", "input_id": "026-712-09", "source": "fd-00570", "demand": 1, "duct_group": 6, "duct_assignment": "8" }, "geometry": { "type": "Polygon", "coordinates": [ [ [ -119.282793802480796, 35.505090700227875 ], [ -119.282795776657579, 35.504901134222237 ], [ -119.283175546901589, 35.504904110016604 ], [ -119.283174890073155, 35.505093694734725 ], [ -119.282793802480796, 35.505090700227875 ] ] ] } },
{ "type": "Feature", "properties": { "id": "p-01232", "input_id": "026-712-08", "source": "fd-00570", "demand": 1, "duct_group": 6, "duct_assignment": "7" }, "geometry": { "type": "Polygon", "coordinates": [ [ [ -119.282791603782613, 35.505302395485295 ], [ -119.282793802480796, 35.505090700227875 ], [ -119.283174890073155, 35.505093694734725 ], [ -119.28317417915369, 35.505303538379529 ], [ -119.282791603782613, 35.505302395485295 ] ] ] } },
{ "type": "Feature", "properties": { "id": "p-01233", "input_id": "026-712-25", "source": "fd-00583", "demand": 1, "duct_group": 9, "duct_assignment": "7" }, "geometry": { "type": "Polygon", "coordinates": [ [ [ -119.283496706795347, 35.504553320540943 ], [ -119.283291341323334, 35.504552776854325 ], [ -119.283292635087534, 35.50427798395107 ], [ -119.28351198238073, 35.504278502415929 ], [ -119.283510204163846, 35.504553355371499 ], [ -119.283496706795347, 35.504553320540943 ] ] ] } },
{ "type": "Feature", "properties": { "id": "p-01234", "input_id": "026-712-04", "source": "fd-00568", "demand": 1, "duct_group": 6, "duct_assignment": "4" }, "geometry": { "type": "Polygon", "coordinates": [ [ [ -119.283951329428533, 35.50530557807852 ], [ -119.283952677082723, 35.504977643259224 ], [ -119.28416825235378, 35.504978190959008 ], [ -119.284166698270667, 35.505306122538016 ], [ -119.283951329428533, 35.50530557807852 ] ] ] } },
{ "type": "Feature", "properties": { "id": "p-01235", "input_id": "026-711-08", "source": "fd-00546", "demand": 1, "duct_group": 2, "duct_assignment": "3" }, "geometry": { "type": "Polygon", "coordinates": [ [ [ -119.285072889383841, 35.504139792357201 ], [ -119.285022938148572, 35.50409856200541 ], [ -119.285025379240622, 35.503851342645653 ], [ -119.285276330420587, 35.503851756498527 ], [ -119.28527558673153, 35.504140153639511 ], [ -119.285072889383841, 35.504139792357201 ] ] ] } },
{ "type": "Feature", "properties": { "id": "p-01236", "input_id": "026-712-19", "source": "fd-00580", "demand": 1, "duct_group": 9, "duct_assignment": "1" }, "geometry": { "type": "Polygon", "coordinates": [ [ [ -119.284616216893085, 35.504556212694681 ], [ -119.284616747925384, 35.50428149620727 ], [ -119.284795987944676, 35.504282047547619 ], [ -119.284846020120426, 35.504323449305033 ], [ -119.284843760660792, 35.50455693787945 ], [ -119.284616216893085, 35.504556212694681 ] ] ] } },
{ "type": "Feature", "properties": { "id": "p-01237", "input_id": "026-711-14", "source": "fd-00549", "demand": 1, "duct_group": 2, "duct_assignment": "8" }, "geometry": { "type": "Polygon", "coordinates": [ [ [ -119.286378923040161, 35.503854586754869 ], [ -119.286392377382498, 35.503854626224978 ], [ -119.286627786508149, 35.503855353206113 ], [ -119.286627080575443, 35.504115369328197 ], [ -119.286577115739476, 35.50410532075496 ], [ -119.286525805148415, 35.504102183552511 ], [ -119.28647456842549, 35.504106044518643 ], [ -119.286424823150213, 35.504116796831056 ], [ -119.286377945638947, 35.50413414300256 ], [ -119.286378923040161, 35.503854586754869 ] ] ] } },
{ "type": "Feature", "properties": { "id": "p-01238", "input_id": "026-711-22", "source": "fd-00542", "demand": 1, "duct_group": 1, "duct_assignment": "7" }, "geometry": { "type": "Polygon", "coordinates": [ [ [ -119.286237730316515, 35.505310818596058 ], [ -119.28614663661989, 35.505310589162839 ], [ -119.286147391850434, 35.504982901995547 ], [ -119.286333220278209, 35.504983410116367 ], [ -119.286334581613346, 35.504983407588107 ], [ -119.286348767537717, 35.504984428250921 ], [ -119.286362538419738, 35.504987394747033 ], [ -119.286361767551853, 35.505311140378524 ], [ -119.286237730316515, 35.505310818596058 ] ] ] } },
{ "type": "Feature", "properties": { "id": "p-01239", "input_id": "026-713-02", "source": "fd-00585", "demand": 1, "duct_group": 10, "duct_assignment": "1" }, "geometry": { "type": "Polygon", "coordinates": [ [ [ -119.28525716064955, 35.504837885646722 ], [ -119.285257786570497, 35.504557672493519 ], [ -119.285489652586037, 35.5045581872387 ], [ -119.285489001032317, 35.504838402472103 ], [ -119.28525716064955, 35.504837885646722 ] ] ] } },
{ "type": "Feature", "properties": { "id": "p-01240", "input_id": "026-711-05", "source": "fd-00593", "demand": 1, "duct_group": 11, "duct_assignment": "4" }, "geometry": { "type": "Polygon", "coordinates": [ [ [ -119.285716599910799, 35.503852769460657 ], [ -119.285562022240512, 35.503852391494718 ], [ -119.2855627367924, 35.503577629708325 ], [ -119.285865250850165, 35.50357838910876 ], [ -119.285864535077124, 35.503853149117454 ], [ -119.285716599910799, 35.503852769460657 ] ] ] } },
{ "type": "Feature", "properties": { "id": "p-01241", "input_id": "026-712-26", "source": "fd-00584", "demand": 1, "duct_group": 9, "duct_assignment": "9" }, "geometry": { "type": "Polygon", "coordinates": [ [ [ -119.283176839413969, 35.504552464215415 ], [ -119.28305909861075, 35.504552133899857 ], [ -119.283060178670581, 35.504277371180365 ], [ -119.283292635087534, 35.50427798395107 ], [ -119.283291341323334, 35.504552776854325 ], [ -119.283176839413969, 35.504552464215415 ] ] ] } },
{ "type": "Feature", "properties": { "id": "p-01242", "input_id": "026-714-07", "source": "fd-00578", "demand": 1, "duct_group": 8, "duct_assignment": "6" }, "geometry": { "type": "Polygon", "coordinates": [ [ [ -119.283519306258242, 35.503852590590775 ], [ -119.28333164226332, 35.503852040620565 ], [ -119.283331498401751, 35.50357187783797 ], [ -119.283583445477419, 35.503572594813001 ], [ -119.2835830602409, 35.503852773945788 ], [ -119.283519306258242, 35.503852590590775 ] ] ] } },
{ "type": "Feature", "properties": { "id": "p-01243", "input_id": "026-711-24", "source": "fd-00540", "demand": 1, "duct_group": 1, "duct_assignment": "3" }, "geometry": { "type": "Polygon", "coordinates": [ [ [ -119.285834380415949, 35.505309832246347 ], [ -119.285719901278256, 35.505309565894294 ], [ -119.285720554765888, 35.504981819419406 ], [ -119.285935637188317, 35.504982355654484 ], [ -119.285934922344381, 35.505310071233204 ], [ -119.285834380415949, 35.505309832246347 ] ] ] } },
{ "type": "Feature", "properties": { "id": "p-01244", "input_id": "026-713-05", "source": "fd-00587", "demand": 1, "duct_group": 10, "duct_assignment": "5" }, "geometry": { "type": "Polygon", "coordinates": [ [ [ -119.285925883731196, 35.504839470890005 ], [ -119.285926575775619, 35.504559261524875 ], [ -119.286145073716099, 35.504559831056213 ], [ -119.286144369134448, 35.504840036956026 ], [ -119.285925883731196, 35.504839470890005 ] ] ] } },
{ "type": "Feature", "properties": { "id": "p-01245", "input_id": "026-712-16", "source": "fd-00552", "demand": 1, "duct_group": 3, "duct_assignment": "4" }, "geometry": { "type": "Polygon", "coordinates": [ [ [ -119.284176014388052, 35.504835291655247 ], [ -119.284176940760176, 35.504554952819987 ], [ -119.284180309609312, 35.504554962693163 ], [ -119.284391345266386, 35.504555564628141 ], [ -119.284392189678428, 35.504835744355205 ], [ -119.284176014388052, 35.504835291655247 ] ] ] } },
{ "type": "Feature", "properties": { "id": "p-01246", "input_id": "026-714-11", "source": "fd-00558", "demand": 1, "duct_group": 4, "duct_assignment": "7" }, "geometry": { "type": "Polygon", "coordinates": [ [ [ -119.283070941529388, 35.504134514515371 ], [ -119.283073084788796, 35.503851388517489 ], [ -119.283100270714243, 35.503851433737694 ], [ -119.283288181560351, 35.503851909373957 ], [ -119.283286824086559, 35.504135047911163 ], [ -119.283070941529388, 35.504134514515371 ] ] ] } },
{ "type": "Feature", "properties": { "id": "p-01247", "input_id": "026-712-02", "source": "fd-00567", "demand": 1, "duct_group": 6, "duct_assignment": "1" }, "geometry": { "type": "Polygon", "coordinates": [ [ [ -119.284398960915283, 35.505306702821727 ], [ -119.28440110006207, 35.504978742582459 ], [ -119.284616462895556, 35.504979238535022 ], [ -119.284614497093145, 35.505307232128935 ], [ -119.284398960915283, 35.505306702821727 ] ] ] } },
{ "type": "Feature", "properties": { "id": "p-01248", "input_id": "026-712-24", "source": "fd-00582", "demand": 1, "duct_group": 9, "duct_assignment": "6" }, "geometry": { "type": "Polygon", "coordinates": [ [ [ -119.283510204163846, 35.504553355371499 ], [ -119.28351198238073, 35.504278502415929 ], [ -119.283731442113009, 35.504278949909263 ], [ -119.283729274861798, 35.504553902484211 ], [ -119.283510204163846, 35.504553355371499 ] ] ] } },
{ "type": "Feature", "properties": { "id": "p-01249", "input_id": "026-714-12", "source": "fd-00558", "demand": 1, "duct_group": 4, "duct_assignment": "8" }, "geometry": { "type": "Polygon", "coordinates": [ [ [ -119.283286824086559, 35.504135047911163 ], [ -119.283288181560351, 35.503851909373957 ], [ -119.28333164226332, 35.503852040620565 ], [ -119.283519306258242, 35.503852590590775 ], [ -119.283520496531892, 35.504135485303941 ], [ -119.283286824086559, 35.504135047911163 ] ] ] } },
{ "type": "Feature", "properties": { "id": "p-01250", "input_id": "026-713-13", "source": "fd-00545", "demand": 1, "duct_group": 2, "duct_assignment": "1" }, "geometry": { "type": "Polygon", "coordinates": [ [ [ -119.285257786570497, 35.504557672493519 ], [ -119.285258455585009, 35.504282964453473 ], [ -119.285490334023109, 35.504283477256649 ], [ -119.285489652586037, 35.5045581872387 ], [ -119.285257786570497, 35.504557672493519 ] ] ] } },
{ "type": "Feature", "properties": { "id": "p-01251", "input_id": "026-711-09", "source": "fd-00546", "demand": 1, "duct_group": 2, "duct_assignment": "4" }, "geometry": { "type": "Polygon", "coordinates": [ [ [ -119.28527558673153, 35.504140153639511 ], [ -119.285276330420587, 35.503851756498527 ], [ -119.285330130521274, 35.50385186816176 ], [ -119.28548468778726, 35.503852210577641 ], [ -119.285483943839893, 35.504140614941186 ], [ -119.28527558673153, 35.504140153639511 ] ] ] } },
{ "type": "Feature", "properties": { "id": "p-01252", "input_id": "026-712-13", "source": "fd-00554", "demand": 1, "duct_group": 3, "duct_assignment": "7" }, "geometry": { "type": "Polygon", "coordinates": [ [ [ -119.283626712964661, 35.504833913685211 ], [ -119.283612931756764, 35.504832954139594 ], [ -119.283599529118874, 35.504830160994352 ], [ -119.283586867379185, 35.504825609759635 ], [ -119.283575288836175, 35.504819423473883 ], [ -119.283565106504923, 35.50481176937776 ], [ -119.283544594267028, 35.504796371776209 ], [ -119.283521256490829, 35.504783952361052 ], [ -119.283495732774313, 35.504774851499803 ], [ -119.283496706795347, 35.504553320540943 ], [ -119.283510204163846, 35.504553355371499 ], [ -119.283729274861798, 35.504553902484211 ], [ -119.283727771675203, 35.504834178819905 ], [ -119.283626712964661, 35.504833913685211 ] ] ] } },
{ "type": "Feature", "properties": { "id": "p-01253", "input_id": "026-713-11", "source": "fd-00589", "demand": 1, "duct_group": 10, "duct_assignment": "9" }, "geometry": { "type": "Polygon", "coordinates": [ [ [ -119.285708102409501, 35.504558712079785 ], [ -119.285708794166098, 35.504284003783738 ], [ -119.285927277907973, 35.504284558519792 ], [ -119.285926575775619, 35.504559261524875 ], [ -119.285708102409501, 35.504558712079785 ] ] ] } },
{ "type": "Feature", "properties": { "id": "p-01254", "input_id": "026-712-17", "source": "fd-00551", "demand": 1, "duct_group": 3, "duct_assignment": "2" }, "geometry": { "type": "Polygon", "coordinates": [ [ [ -119.284392189678428, 35.504835744355205 ], [ -119.284391345266386, 35.504555564628141 ], [ -119.284398077440045, 35.504555583519057 ], [ -119.284606121366693, 35.504556182995394 ], [ -119.284605964477478, 35.504836361475157 ], [ -119.284392189678428, 35.504835744355205 ] ] ] } },
{ "type": "Feature", "properties": { "id": "p-01255", "input_id": "026-711-10", "source": "fd-00547", "demand": 1, "duct_group": 2, "duct_assignment": "6" }, "geometry": { "type": "Polygon", "coordinates": [ [ [ -119.285483943839893, 35.504140614941186 ], [ -119.28548468778726, 35.503852210577641 ], [ -119.285562022240512, 35.503852391494718 ], [ -119.285716599910799, 35.503852769460657 ], [ -119.285715852382708, 35.504141174772869 ], [ -119.285483943839893, 35.504140614941186 ] ] ] } },
{ "type": "Feature", "properties": { "id": "p-01256", "input_id": "026-711-21", "source": "fd-00542", "demand": 1, "duct_group": 1, "duct_assignment": "6" }, "geometry": { "type": "Polygon", "coordinates": [ [ [ -119.286439483013595, 35.505311348318685 ], [ -119.286361767551853, 35.505311140378524 ], [ -119.286362538419738, 35.504987394747033 ], [ -119.286375735463253, 35.50499232326343 ], [ -119.286420660531292, 35.505009404027426 ], [ -119.286468343522927, 35.505020403109917 ], [ -119.286517562094161, 35.50502503855158 ], [ -119.286567054535723, 35.505023191523662 ], [ -119.286615552117453, 35.505014909374466 ], [ -119.286633416062685, 35.5053118964642 ], [ -119.286439483013595, 35.505311348318685 ] ] ] } },
{ "type": "Feature", "properties": { "id": "p-01257", "input_id": "026-713-08", "source": "fd-00591", "demand": 1, "duct_group": 10, "duct_assignment": "11" }, "geometry": { "type": "Polygon", "coordinates": [ [ [ -119.286363605118808, 35.504560425087504 ], [ -119.286364322576546, 35.504285738129063 ], [ -119.286529090239185, 35.504286213954892 ], [ -119.286542242610778, 35.504287085351983 ], [ -119.286555066349706, 35.5042896284412 ], [ -119.286567245693519, 35.504293780603319 ], [ -119.286578480746726, 35.504299439598476 ], [ -119.286588494865228, 35.504306466083655 ], [ -119.286597041468156, 35.504314687043724 ], [ -119.286603910109548, 35.504323900051489 ], [ -119.28660893166024, 35.504333878252332 ], [ -119.286611982472209, 35.504344375949849 ], [ -119.28661298742368, 35.504355134655924 ], [ -119.286612453528619, 35.504561149384855 ], [ -119.286363605118808, 35.504560425087504 ] ] ] } },
{ "type": "Feature", "properties": { "id": "p-01258", "input_id": "026-711-04", "source": "fd-00593", "demand": 1, "duct_group": 11, "duct_assignment": "3" }, "geometry": { "type": "Polygon", "coordinates": [ [ [ -119.285931732619474, 35.503853326778895 ], [ -119.285864535077124, 35.503853149117454 ], [ -119.285865250850165, 35.50357838910876 ], [ -119.286097213012226, 35.503579024260461 ], [ -119.286096495655215, 35.503853774379984 ], [ -119.285931732619474, 35.503853326778895 ] ] ] } },
{ "type": "Feature", "properties": { "id": "p-01259", "input_id": "026-712-07", "source": "fd-00570", "demand": 1, "duct_group": 6, "duct_assignment": "9" }, "geometry": { "type": "Polygon", "coordinates": [ [ [ -119.283176337603308, 35.5053035437899 ], [ -119.28317417915369, 35.505303538379529 ], [ -119.283174890073155, 35.505093694734725 ], [ -119.283175546901589, 35.504904110016604 ], [ -119.283273135689512, 35.50490438290484 ], [ -119.283275303337987, 35.504926758650036 ], [ -119.283281893410106, 35.504948548039259 ], [ -119.283292730359904, 35.504969170636549 ], [ -119.283307525510381, 35.504988077087127 ], [ -119.283325884743547, 35.505004763751479 ], [ -119.283347318998452, 35.505018786121539 ], [ -119.283371257299223, 35.505029770661871 ], [ -119.283397061965232, 35.505037424760303 ], [ -119.283424045597712, 35.505041544522726 ], [ -119.28345148939151, 35.505042020204606 ], [ -119.283478662283258, 35.505038839134407 ], [ -119.283504840426232, 35.505032086051344 ], [ -119.283503872759894, 35.505304421937517 ], [ -119.283176337603308, 35.5053035437899 ] ] ] } },
{ "type": "Feature", "properties": { "id": "p-01260", "input_id": "026-712-06", "source": "fd-00570", "demand": 1, "duct_group": 6, "duct_assignment": "6" }, "geometry": { "type": "Polygon", "coordinates": [ [ [ -119.283661932612475, 35.505304834659654 ], [ -119.283503872759894, 35.505304421937517 ], [ -119.283504840426232, 35.505032086051344 ], [ -119.283526593331189, 35.505023313236968 ], [ -119.283546576254352, 35.505012072449546 ], [ -119.28356437335448, 35.504998597608349 ], [ -119.283574613268627, 35.504990999221384 ], [ -119.283586237455779, 35.504984875606816 ], [ -119.283598931665779, 35.504980392311268 ], [ -119.283612352721647, 35.504977670536647 ], [ -119.283626137796873, 35.504976783863825 ], [ -119.28373723825564, 35.504977079334417 ], [ -119.283735999066067, 35.505305026530365 ], [ -119.283661932612475, 35.505304834659654 ] ] ] } },
{ "type": "Feature", "properties": { "id": "p-01261", "input_id": "026-712-20", "source": "fd-00580", "demand": 1, "duct_group": 9, "duct_assignment": "2" }, "geometry": { "type": "Polygon", "coordinates": [ [ [ -119.284606121366693, 35.504556182995394 ], [ -119.284398077440045, 35.504555583519057 ], [ -119.284398403115731, 35.504280870087356 ], [ -119.284616747925384, 35.50428149620727 ], [ -119.284616216893085, 35.504556212694681 ], [ -119.284606121366693, 35.504556182995394 ] ] ] } },
{ "type": "Feature", "properties": { "id": "p-01262", "input_id": "026-714-08", "source": "fd-00579", "demand": 1, "duct_group": 8, "duct_assignment": "8" }, "geometry": { "type": "Polygon", "coordinates": [ [ [ -119.283288181560351, 35.503851909373957 ], [ -119.283100270714243, 35.503851433737694 ], [ -119.283099830352754, 35.503571221778351 ], [ -119.283331498401751, 35.50357187783797 ], [ -119.28333164226332, 35.503852040620565 ], [ -119.283288181560351, 35.503851909373957 ] ] ] } },
{ "type": "Feature", "properties": { "id": "p-01263", "input_id": "026-713-06", "source": "fd-00587", "demand": 1, "duct_group": 10, "duct_assignment": "6" }, "geometry": { "type": "Polygon", "coordinates": [ [ [ -119.286144369134448, 35.504840036956026 ], [ -119.286145073716099, 35.504559831056213 ], [ -119.286363605118808, 35.504560425087504 ], [ -119.286362892394493, 35.504840626574598 ], [ -119.286144369134448, 35.504840036956026 ] ] ] } },
{ "type": "Feature", "properties": { "id": "p-01264", "input_id": "026-714-05", "source": "fd-00577", "demand": 1, "duct_group": 8, "duct_assignment": "4" }, "geometry": { "type": "Polygon", "coordinates": [ [ [ -119.283949090561009, 35.503853823027868 ], [ -119.283814730330263, 35.503853438095412 ], [ -119.283815290043663, 35.503573258934132 ], [ -119.284067327699404, 35.503573986590652 ], [ -119.284066676153387, 35.503854159510304 ], [ -119.283949090561009, 35.503853823027868 ] ] ] } },
{ "type": "Feature", "properties": { "id": "p-01265", "input_id": "026-711-19", "source": "fd-00543", "demand": 1, "duct_group": 1, "duct_assignment": "9" }, "geometry": { "type": "Polygon", "coordinates": [ [ [ -119.286733815678147, 35.504961345760194 ], [ -119.286765318607991, 35.50493482563266 ], [ -119.286791750416938, 35.504904829667325 ], [ -119.286812544992543, 35.504872000319772 ], [ -119.287147338407564, 35.504881879512411 ], [ -119.287146683099309, 35.50495075498349 ], [ -119.287144617129243, 35.505167534611708 ], [ -119.287143611204556, 35.505272866223201 ], [ -119.286733815678147, 35.504961345760194 ] ] ] } },
{ "type": "Feature", "properties": { "id": "p-01266", "input_id": "026-711-13", "source": "fd-00549", "demand": 1, "duct_group": 2, "duct_assignment": "9" }, "geometry": { "type": "Polygon", "coordinates": [ [ [ -119.286336743618975, 35.504142828974906 ], [ -119.286162940429023, 35.504142344681426 ], [ -119.286163702184822, 35.503853962637031 ], [ -119.286378923040161, 35.503854586754869 ], [ -119.286377945638947, 35.50413414300256 ], [ -119.286364885950107, 35.504138949967 ], [ -119.286351017653487, 35.50414187360137 ], [ -119.286336743618975, 35.504142828974906 ] ] ] } },
{ "type": "Feature", "properties": { "id": "p-01267", "input_id": "026-714-16", "source": "fd-00556", "demand": 1, "duct_group": 4, "duct_assignment": "3" }, "geometry": { "type": "Polygon", "coordinates": [ [ [ -119.284163553154016, 35.504137368813851 ], [ -119.28416411387802, 35.503854437763344 ], [ -119.284298522619892, 35.503854822708412 ], [ -119.284395974687882, 35.503855101529183 ], [ -119.284395322027706, 35.504138023634567 ], [ -119.284163553154016, 35.504137368813851 ] ] ] } },
{ "type": "Feature", "properties": { "id": "p-01268", "input_id": "026-712-05", "source": "fd-00569", "demand": 1, "duct_group": 6, "duct_assignment": "5" }, "geometry": { "type": "Polygon", "coordinates": [ [ [ -119.283735999066067, 35.505305026530365 ], [ -119.28373723825564, 35.504977079334417 ], [ -119.283952677082723, 35.504977643259224 ], [ -119.283951329428533, 35.50530557807852 ], [ -119.283735999066067, 35.505305026530365 ] ] ] } },
{ "type": "Feature", "properties": { "id": "p-01269", "input_id": "026-712-18", "source": "fd-00551", "demand": 1, "duct_group": 3, "duct_assignment": "1" }, "geometry": { "type": "Polygon", "coordinates": [ [ [ -119.284605964477478, 35.504836361475157 ], [ -119.284606121366693, 35.504556182995394 ], [ -119.284616216893085, 35.504556212694681 ], [ -119.284843760660792, 35.50455693787945 ], [ -119.284841514289369, 35.504795918368124 ], [ -119.284790862054606, 35.504836933030433 ], [ -119.284605964477478, 35.504836361475157 ] ] ] } },
{ "type": "Feature", "properties": { "id": "p-01270", "input_id": "026-714-14", "source": "fd-00557", "demand": 1, "duct_group": 4, "duct_assignment": "6" }, "geometry": { "type": "Polygon", "coordinates": [ [ [ -119.283734098104759, 35.504136139982165 ], [ -119.283734130068794, 35.503853207260192 ], [ -119.283814730330263, 35.503853438095412 ], [ -119.283949090561009, 35.503853823027868 ], [ -119.283948692311512, 35.50413675868225 ], [ -119.283734098104759, 35.504136139982165 ] ] ] } },
{ "type": "Feature", "properties": { "id": "p-01271", "input_id": "026-714-04", "source": "fd-00577", "demand": 1, "duct_group": 8, "duct_assignment": "3" }, "geometry": { "type": "Polygon", "coordinates": [ [ [ -119.28416411387802, 35.503854437763344 ], [ -119.284066676153387, 35.503854159510304 ], [ -119.284067327699404, 35.503573986590652 ], [ -119.284299222066466, 35.503574661898114 ], [ -119.284298522619892, 35.503854822708412 ], [ -119.28416411387802, 35.503854437763344 ] ] ] } },
{ "type": "Feature", "properties": { "id": "p-01272", "input_id": "026-712-03", "source": "fd-00568", "demand": 1, "duct_group": 6, "duct_assignment": "3" }, "geometry": { "type": "Polygon", "coordinates": [ [ [ -119.284170381306126, 35.505306131833592 ], [ -119.284166698270667, 35.505306122538016 ], [ -119.28416825235378, 35.504978190959008 ], [ -119.28440110006207, 35.504978742582459 ], [ -119.284398960915283, 35.505306702821727 ], [ -119.284170381306126, 35.505306131833592 ] ] ] } },
{ "type": "Feature", "properties": { "id": "p-01273", "input_id": "026-714-15", "source": "fd-00556", "demand": 1, "duct_group": 4, "duct_assignment": "4" }, "geometry": { "type": "Polygon", "coordinates": [ [ [ -119.283948692311512, 35.50413675868225 ], [ -119.283949090561009, 35.503853823027868 ], [ -119.284066676153387, 35.503854159510304 ], [ -119.28416411387802, 35.503854437763344 ], [ -119.284163553154016, 35.504137368813851 ], [ -119.283948692311512, 35.50413675868225 ] ] ] } },
{ "type": "Feature", "properties": { "id": "p-01274", "input_id": "026-711-20", "source": "fd-00543", "demand": 1, "duct_group": 1, "duct_assignment": "8" }, "geometry": { "type": "Polygon", "coordinates": [ [ [ -119.286876974599537, 35.505312699956924 ], [ -119.2866413135269, 35.505311919260308 ], [ -119.286633416062685, 35.5053118964642 ], [ -119.286615552117453, 35.505014909374466 ], [ -119.286658050844707, 35.505001873329931 ], [ -119.286697757312922, 35.504983889582689 ], [ -119.286733815678147, 35.504961345760194 ], [ -119.287143611204556, 35.505272866223201 ], [ -119.287143534415208, 35.50528112541825 ], [ -119.287143238314314, 35.505312193481231 ], [ -119.287143218074718, 35.505314068551556 ], [ -119.286876974599537, 35.505312699956924 ] ] ] } },
{ "type": "Feature", "properties": { "id": "p-01275", "input_id": "026-711-03", "source": "fd-00594", "demand": 1, "duct_group": 11, "duct_assignment": "5" }, "geometry": { "type": "Polygon", "coordinates": [ [ [ -119.286378923040161, 35.503854586754869 ], [ -119.286163702184822, 35.503853962637031 ], [ -119.286096495655215, 35.503853774379984 ], [ -119.286097213012226, 35.503579024260461 ], [ -119.286393098553958, 35.503579901292014 ], [ -119.286392377382498, 35.503854626224978 ], [ -119.286378923040161, 35.503854586754869 ] ] ] } },
{ "type": "Feature", "properties": { "id": "p-01276", "input_id": "026-713-12", "source": "fd-00589", "demand": 1, "duct_group": 10, "duct_assignment": "8" }, "geometry": { "type": "Polygon", "coordinates": [ [ [ -119.285489652586037, 35.5045581872387 ], [ -119.285490334023109, 35.504283477256649 ], [ -119.285708794166098, 35.504284003783738 ], [ -119.285708102409501, 35.504558712079785 ], [ -119.285489652586037, 35.5045581872387 ] ] ] } },
{ "type": "Feature", "properties": { "id": "p-01277", "input_id": "026-711-17", "source": "fd-00544", "demand": 1, "duct_group": 1, "duct_assignment": "10" }, "geometry": { "type": "Polygon", "coordinates": [ [ [ -119.286820620499228, 35.504690909884097 ], [ -119.286810432043154, 35.504669774443791 ], [ -119.286797964929931, 35.504649472011764 ], [ -119.286792059595044, 35.504638800805409 ], [ -119.286788456709417, 35.504627464463432 ], [ -119.286787260978357, 35.504615792440205 ], [ -119.286787527973758, 35.504512238843951 ], [ -119.28715084508886, 35.504514048657676 ], [ -119.287149825358583, 35.504621102066508 ], [ -119.287149162199981, 35.504690672586683 ], [ -119.287149142694631, 35.504692594521266 ], [ -119.286820620499228, 35.504690909884097 ] ] ] } },
{ "type": "Feature", "properties": { "id": "p-01278", "input_id": "026-714-10", "source": "fd-00559", "demand": 1, "duct_group": 4, "duct_assignment": "9" }, "geometry": { "type": "Polygon", "coordinates": [ [ [ -119.282854447209985, 35.504133911409774 ], [ -119.282804326298148, 35.504092543127207 ], [ -119.282807057435235, 35.503850766957036 ], [ -119.283073084788796, 35.503851388517489 ], [ -119.283070941529388, 35.504134514515371 ], [ -119.282854447209985, 35.504133911409774 ] ] ] } },
{ "type": "Feature", "properties": { "id": "p-01279", "input_id": "026-712-21", "source": "fd-00581", "demand": 1, "duct_group": 9, "duct_assignment": "4" }, "geometry": { "type": "Polygon", "coordinates": [ [ [ -119.284391345266386, 35.504555564628141 ], [ -119.284180309609312, 35.504554962693163 ], [ -119.284180153276395, 35.504280254305286 ], [ -119.284398403115731, 35.504280870087356 ], [ -119.284398077440045, 35.504555583519057 ], [ -119.284391345266386, 35.504555564628141 ] ] ] } },
{ "type": "Feature", "properties": { "id": "p-01280", "input_id": "026-713-07", "source": "fd-00588", "demand": 1, "duct_group": 10, "duct_assignment": "7" }, "geometry": { "type": "Polygon", "coordinates": [ [ [ -119.286362892394493, 35.504840626574598 ], [ -119.286363605118808, 35.504560425087504 ], [ -119.286612453528619, 35.504561149384855 ], [ -119.286611916543691, 35.504772670625414 ], [ -119.286610590842784, 35.504784589825789 ], [ -119.286606754132109, 35.504796139712056 ], [ -119.286600522985026, 35.50480696935324 ], [ -119.286592086727566, 35.504816749702115 ], [ -119.286581701685733, 35.504825183592956 ], [ -119.2865696833979, 35.504832014770727 ], [ -119.28655639702707, 35.504837035677099 ], [ -119.286542246265867, 35.504840093756997 ], [ -119.28652766107075, 35.504841096093649 ], [ -119.286362892394493, 35.504840626574598 ] ] ] } },
{ "type": "Feature", "properties": { "id": "p-01281", "input_id": "026-711-15", "source": "fd-00550", "demand": 1, "duct_group": 2, "duct_assignment": "10" }, "geometry": { "type": "Polygon", "coordinates": [ [ [ -119.286835831012795, 35.504322878079897 ], [ -119.286826985372642, 35.504287327842967 ], [ -119.286812013555746, 35.504253177335883 ], [ -119.286791223319284, 35.504221128531746 ], [ -119.286765042018331, 35.504191840201777 ], [ -119.286734007820826, 35.50416591437434 ], [ -119.286698758645343, 35.504143883960239 ], [ -119.287154353396318, 35.504145971656712 ], [ -119.287153362398527, 35.504250002471231 ], [ -119.287152671158935, 35.504322565859397 ], [ -119.287152652105362, 35.504324516633559 ], [ -119.286835831012795, 35.504322878079897 ] ] ] } },
{ "type": "Feature", "properties": { "id": "p-01282", "input_id": "026-711-18", "source": "fd-00544", "demand": 1, "duct_group": 1, "duct_assignment": "11" }, "geometry": { "type": "Polygon", "coordinates": [ [ [ -119.286812544992543, 35.504872000319772 ], [ -119.286827212504846, 35.504836962140772 ], [ -119.286835460007651, 35.504800547305365 ], [ -119.286837110390721, 35.504763537838251 ], [ -119.286832128220325, 35.504726728533143 ], [ -119.286820620499228, 35.504690909884097 ], [ -119.287149142694631, 35.504692594521266 ], [ -119.287148254232122, 35.504785928530374 ], [ -119.287147355279004, 35.504880282100331 ], [ -119.287147338407564, 35.504881879512411 ], [ -119.286812544992543, 35.504872000319772 ] ] ] } },
{ "type": "Feature", "properties": { "id": "p-01283", "input_id": "026-712-12", "source": "fd-00554", "demand": 1, "duct_group": 3, "duct_assignment": "6" }, "geometry": { "type": "Polygon", "coordinates": [ [ [ -119.283175546901589, 35.504904110016604 ], [ -119.283176180425386, 35.504727365600132 ], [ -119.283176839413969, 35.504552464215415 ], [ -119.283291341323334, 35.504552776854325 ], [ -119.283496706795347, 35.504553320540943 ], [ -119.283495732774313, 35.504774851499803 ], [ -119.283467632552714, 35.504769141293806 ], [ -119.283438750909895, 35.504767457827995 ], [ -119.283409944276798, 35.504769851022388 ], [ -119.283382066859971, 35.504776249911274 ], [ -119.283355945312323, 35.504786464747589 ], [ -119.28333235422042, 35.504800192629375 ], [ -119.283311993135854, 35.504817026481632 ], [ -119.28329546583133, 35.504836467127362 ], [ -119.283283262396864, 35.504857938089444 ], [ -119.283275744707012, 35.504880802684958 ], [ -119.283273135689512, 35.50490438290484 ], [ -119.283175546901589, 35.504904110016604 ] ] ] } },
{ "type": "Feature", "properties": { "id": "p-01284", "input_id": "026-712-01", "source": "fd-00567", "demand": 1, "duct_group": 6, "duct_assignment": "2" }, "geometry": { "type": "Polygon", "coordinates": [ [ [ -119.284614497093145, 35.505307232128935 ], [ -119.284616462895556, 35.504979238535022 ], [ -119.284789736157009, 35.504979772035412 ], [ -119.284839602769935, 35.505021133154386 ], [ -119.284837446596669, 35.505307770101908 ], [ -119.284614497093145, 35.505307232128935 ] ] ] } },
{ "type": "Feature", "properties": { "id": "p-01285", "input_id": "026-711-27", "source": "fd-00539", "demand": 1, "duct_group": 1, "duct_assignment": "2" }, "geometry": { "type": "Polygon", "coordinates": [ [ [ -119.285229829812664, 35.505308505726354 ], [ -119.28501222773815, 35.505308110865322 ], [ -119.285014086257348, 35.505021511272304 ], [ -119.285064851455132, 35.50498038897797 ], [ -119.285273690241908, 35.504980782526239 ], [ -119.285273321472701, 35.5053085927049 ], [ -119.285229829812664, 35.505308505726354 ] ] ] } },
{ "type": "Feature", "properties": { "id": "p-01286", "input_id": "026-712-15", "source": "fd-00552", "demand": 1, "duct_group": 3, "duct_assignment": "3" }, "geometry": { "type": "Polygon", "coordinates": [ [ [ -119.283943290415337, 35.504834731106214 ], [ -119.283945571972623, 35.504554369111688 ], [ -119.283948987055368, 35.504554374902817 ], [ -119.284176940760176, 35.504554952819987 ], [ -119.284176014388052, 35.504835291655247 ], [ -119.283943290415337, 35.504834731106214 ] ] ] } },
{ "type": "Feature", "properties": { "id": "p-01287", "input_id": "026-711-02", "source": "fd-00594", "demand": 1, "duct_group": 11, "duct_assignment": "6" }, "geometry": { "type": "Polygon", "coordinates": [ [ [ -119.286392377382498, 35.503854626224978 ], [ -119.286393098553958, 35.503579901292014 ], [ -119.286628519622852, 35.503580666897733 ], [ -119.286627786508149, 35.503855353206113 ], [ -119.286392377382498, 35.503854626224978 ] ] ] } },
{ "type": "Feature", "properties": { "id": "p-01288", "input_id": "026-711-07", "source": "fd-00592", "demand": 1, "duct_group": 11, "duct_assignment": "2" }, "geometry": { "type": "Polygon", "coordinates": [ [ [ -119.285276330420587, 35.503851756498527 ], [ -119.285025379240622, 35.503851342645653 ], [ -119.285027693581355, 35.503617873253688 ], [ -119.285078565945142, 35.50357668129687 ], [ -119.285330847119482, 35.503577117179844 ], [ -119.285330130521274, 35.50385186816176 ], [ -119.285276330420587, 35.503851756498527 ] ] ] } },
{ "type": "Feature", "properties": { "id": "p-01289", "input_id": "026-714-03", "source": "fd-00576", "demand": 1, "duct_group": 8, "duct_assignment": "1" }, "geometry": { "type": "Polygon", "coordinates": [ [ [ -119.284395974687882, 35.503855101529183 ], [ -119.284298522619892, 35.503854822708412 ], [ -119.284299222066466, 35.503574661898114 ], [ -119.28455129304821, 35.503575404438934 ], [ -119.284550561072891, 35.503855544867939 ], [ -119.284395974687882, 35.503855101529183 ] ] ] } },
{ "type": "Feature", "properties": { "id": "p-01290", "input_id": "026-712-23", "source": "fd-00582", "demand": 1, "duct_group": 9, "duct_assignment": "5" }, "geometry": { "type": "Polygon", "coordinates": [ [ [ -119.283945571972623, 35.504554369111688 ], [ -119.283729274861798, 35.504553902484211 ], [ -119.283731442113009, 35.504278949909263 ], [ -119.283948715732834, 35.5042795947125 ], [ -119.283948987055368, 35.504554374902817 ], [ -119.283945571972623, 35.504554369111688 ] ] ] } },
{ "type": "Feature", "properties": { "id": "p-01291", "input_id": "026-714-13", "source": "fd-00557", "demand": 1, "duct_group": 4, "duct_assignment": "5" }, "geometry": { "type": "Polygon", "coordinates": [ [ [ -119.283520496531892, 35.504135485303941 ], [ -119.283519306258242, 35.503852590590775 ], [ -119.2835830602409, 35.503852773945788 ], [ -119.283734130068794, 35.503853207260192 ], [ -119.283734098104759, 35.504136139982165 ], [ -119.283520496531892, 35.504135485303941 ] ] ] } },
{ "type": "Feature", "properties": { "id": "p-01292", "input_id": "026-712-22", "source": "fd-00581", "demand": 1, "duct_group": 9, "duct_assignment": "3" }, "geometry": { "type": "Polygon", "coordinates": [ [ [ -119.284176940760176, 35.504554952819987 ], [ -119.283948987055368, 35.504554374902817 ], [ -119.283948715732834, 35.5042795947125 ], [ -119.284180153276395, 35.504280254305286 ], [ -119.284180309609312, 35.504554962693163 ], [ -119.284176940760176, 35.504554952819987 ] ] ] } },
{ "type": "Feature", "properties": { "id": "p-01293", "input_id": "026-711-26", "source": "fd-00539", "demand": 1, "duct_group": 1, "duct_assignment": "1" }, "geometry": { "type": "Polygon", "coordinates": [ [ [ -119.285431251107696, 35.505308922488723 ], [ -119.285273321472701, 35.5053085927049 ], [ -119.285273690241908, 35.504980782526239 ], [ -119.28548870675813, 35.504981264347194 ], [ -119.285488159818598, 35.505309045751929 ], [ -119.285431251107696, 35.505308922488723 ] ] ] } },
{ "type": "Feature", "properties": { "id": "p-01294", "input_id": "026-713-03", "source": "fd-00586", "demand": 1, "duct_group": 10, "duct_assignment": "3" }, "geometry": { "type": "Polygon", "coordinates": [ [ [ -119.285489001032317, 35.504838402472103 ], [ -119.285489652586037, 35.5045581872387 ], [ -119.285708102409501, 35.504558712079785 ], [ -119.285707428427315, 35.504838925753951 ], [ -119.285489001032317, 35.504838402472103 ] ] ] } },
{ "type": "Feature", "properties": { "id": "p-01295", "input_id": "026-711-11", "source": "fd-00547", "demand": 1, "duct_group": 2, "duct_assignment": "5" }, "geometry": { "type": "Polygon", "coordinates": [ [ [ -119.285715852382708, 35.504141174772869 ], [ -119.285716599910799, 35.503852769460657 ], [ -119.285864535077124, 35.503853149117454 ], [ -119.285931732619474, 35.503853326778895 ], [ -119.285930979106524, 35.504141724050463 ], [ -119.285715852382708, 35.504141174772869 ] ] ] } },
{ "type": "Feature", "properties": { "id": "p-01296", "input_id": "026-711-12", "source": "fd-00548", "demand": 1, "duct_group": 2, "duct_assignment": "7" }, "geometry": { "type": "Polygon", "coordinates": [ [ [ -119.285930979106524, 35.504141724050463 ], [ -119.285931732619474, 35.503853326778895 ], [ -119.286096495655215, 35.503853774379984 ], [ -119.286163702184822, 35.503853962637031 ], [ -119.286162940429023, 35.504142344681426 ], [ -119.285930979106524, 35.504141724050463 ] ] ] } },
{ "type": "Feature", "properties": { "id": "p-01297", "input_id": "026-714-06", "source": "fd-00578", "demand": 1, "duct_group": 8, "duct_assignment": "5" }, "geometry": { "type": "Polygon", "coordinates": [ [ [ -119.283734130068794, 35.503853207260192 ], [ -119.2835830602409, 35.503852773945788 ], [ -119.283583445477419, 35.503572594813001 ], [ -119.283815290043663, 35.503573258934132 ], [ -119.283814730330263, 35.503853438095412 ], [ -119.283734130068794, 35.503853207260192 ] ] ] } },
{ "type": "Feature", "properties": { "id": "p-01298", "input_id": "026-714-18", "source": "fd-00555", "demand": 1, "duct_group": 4, "duct_assignment": "1" }, "geometry": { "type": "Polygon", "coordinates": [ [ [ -119.284610353820526, 35.504138638409998 ], [ -119.284611054276667, 35.503855718500432 ], [ -119.284850614625583, 35.503856444259647 ], [ -119.284848230386658, 35.504098167335812 ], [ -119.284797408134523, 35.504139208130951 ], [ -119.284610353820526, 35.504138638409998 ] ] ] } },
{ "type": "Feature", "properties": { "id": "p-01299", "input_id": "026-713-09", "source": "fd-00591", "demand": 1, "duct_group": 10, "duct_assignment": "12" }, "geometry": { "type": "Polygon", "coordinates": [ [ [ -119.286145073716099, 35.504559831056213 ], [ -119.286145786266488, 35.504285136045581 ], [ -119.286364322576546, 35.504285738129063 ], [ -119.286363605118808, 35.504560425087504 ], [ -119.286145073716099, 35.504559831056213 ] ] ] } },
{ "type": "Feature", "properties": { "id": "p-01300", "input_id": "026-714-17", "source": "fd-00555", "demand": 1, "duct_group": 4, "duct_assignment": "2" }, "geometry": { "type": "Polygon", "coordinates": [ [ [ -119.284395322027706, 35.504138023634567 ], [ -119.284395974687882, 35.503855101529183 ], [ -119.284550561072891, 35.503855544867939 ], [ -119.284611054276667, 35.503855718500432 ], [ -119.284610353820526, 35.504138638409998 ], [ -119.284395322027706, 35.504138023634567 ] ] ] } },
{ "type": "Feature", "properties": { "id": "p-01301", "input_id": "026-711-23", "source": "fd-00541", "demand": 1, "duct_group": 1, "duct_assignment": "5" }, "geometry": { "type": "Polygon", "coordinates": [ [ [ -119.286036032064729, 35.505310315915331 ], [ -119.285987419583392, 35.505310198051369 ], [ -119.285934922344381, 35.505310071233204 ], [ -119.285935637188317, 35.504982355654484 ], [ -119.286147391850434, 35.504982901995547 ], [ -119.28614663661989, 35.505310589162839 ], [ -119.286036032064729, 35.505310315915331 ] ] ] } },
{ "type": "Feature", "properties": { "id": "p-01302", "input_id": "026-711-06", "source": "fd-00592", "demand": 1, "duct_group": 11, "duct_assignment": "1" }, "geometry": { "type": "Polygon", "coordinates": [ [ [ -119.28548468778726, 35.503852210577641 ], [ -119.285330130521274, 35.50385186816176 ], [ -119.285330847119482, 35.503577117179844 ], [ -119.2855627367924, 35.503577629708325 ], [ -119.285562022240512, 35.503852391494718 ], [ -119.28548468778726, 35.503852210577641 ] ] ] } },
{ "type": "Feature", "properties": { "id": "p-01303", "input_id": "026-714-02", "source": "fd-00576", "demand": 1, "duct_group": 8, "duct_assignment": "2" }, "geometry": { "type": "Polygon", "coordinates": [ [ [ -119.284611054276667, 35.503855718500432 ], [ -119.284550561072891, 35.503855544867939 ], [ -119.28455129304821, 35.503575404438934 ], [ -119.284830273954029, 35.50357624015458 ], [ -119.284819600620764, 35.5037517718308 ], [ -119.284851014316573, 35.503816011632104 ], [ -119.284850614625583, 35.503856444259647 ], [ -119.284611054276667, 35.503855718500432 ] ] ] } },
{ "type": "Feature", "properties": { "id": "p-01304", "input_id": "026-714-09", "source": "fd-00579", "demand": 1, "duct_group": 8, "duct_assignment": "7" }, "geometry": { "type": "Polygon", "coordinates": [ [ [ -119.283073084788796, 35.503851388517489 ], [ -119.282807057435235, 35.503850766957036 ], [ -119.282810660123744, 35.503611651538584 ], [ -119.282862196818073, 35.503570507659752 ], [ -119.283099830352754, 35.503571221778351 ], [ -119.283100270714243, 35.503851433737694 ], [ -119.283073084788796, 35.503851388517489 ] ] ] } },
{ "type": "Feature", "properties": { "id": "p-01305", "input_id": "026-712-14", "source": "fd-00553", "demand": 1, "duct_group": 3, "duct_assignment": "5" }, "geometry": { "type": "Polygon", "coordinates": [ [ [ -119.283727771675203, 35.504834178819905 ], [ -119.283729274861798, 35.504553902484211 ], [ -119.283945571972623, 35.504554369111688 ], [ -119.283943290415337, 35.504834731106214 ], [ -119.283727771675203, 35.504834178819905 ] ] ] } },
{ "type": "Feature", "properties": { "id": "p-01306", "input_id": "026-713-04", "source": "fd-00586", "demand": 1, "duct_group": 10, "duct_assignment": "4" }, "geometry": { "type": "Polygon", "coordinates": [ [ [ -119.285707428427315, 35.504838925753951 ], [ -119.285708102409501, 35.504558712079785 ], [ -119.285926575775619, 35.504559261524875 ], [ -119.285925883731196, 35.504839470890005 ], [ -119.285707428427315, 35.504838925753951 ] ] ] } },
{ "type": "Feature", "properties": { "id": "p-01307", "input_id": "026-713-01", "source": "fd-00585", "demand": 1, "duct_group": 10, "duct_assignment": "2" }, "geometry": { "type": "Polygon", "coordinates": [ [ [ -119.285066173989563, 35.504837537093202 ], [ -119.285016155810411, 35.504796282207032 ], [ -119.285018448756176, 35.504557281392813 ], [ -119.285257786570497, 35.504557672493519 ], [ -119.28525716064955, 35.504837885646722 ], [ -119.285066173989563, 35.504837537093202 ] ] ] } },
{ "type": "Feature", "properties": { "id": "p-01308", "input_id": "026-713-14", "source": "fd-00545", "demand": 1, "duct_group": 2, "duct_assignment": "2" }, "geometry": { "type": "Polygon", "coordinates": [ [ [ -119.285018448756176, 35.504557281392813 ], [ -119.285020725057834, 35.504323773705075 ], [ -119.285071502793258, 35.50428263503629 ], [ -119.285258455585009, 35.504282964453473 ], [ -119.285257786570497, 35.504557672493519 ], [ -119.285018448756176, 35.504557281392813 ] ] ] } },
{ "type": "Feature", "properties": { "id": "p-01309", "input_id": "026-711-16", "source": "fd-00550", "demand": 1, "duct_group": 2, "duct_assignment": "11" }, "geometry": { "type": "Polygon", "coordinates": [ [ [ -119.286787527973758, 35.504512238843951 ], [ -119.286788904444066, 35.504500892976488 ], [ -119.286792558613513, 35.504489889921864 ], [ -119.286798389668249, 35.504479533237877 ], [ -119.286819249296741, 35.504442737968994 ], [ -119.286832639230681, 35.504403687318295 ], [ -119.286838214363939, 35.504363387791003 ], [ -119.286835831012795, 35.504322878079897 ], [ -119.287152652105362, 35.504324516633559 ], [ -119.287151396464679, 35.504456274690639 ], [ -119.287150864382468, 35.50451211320452 ], [ -119.28715084508886, 35.504514048657676 ], [ -119.286787527973758, 35.504512238843951 ] ] ] } },
{ "type": "Feature", "properties": { "id": "p-01310", "input_id": "026-712-27", "source": "fd-00584", "demand": 1, "duct_group": 9, "duct_assignment": "8" }, "geometry": { "type": "Polygon", "coordinates": [ [ [ -119.2827994354911, 35.504551338604436 ], [ -119.282801902463305, 35.504317848863479 ], [ -119.282852920366281, 35.504276772613728 ], [ -119.283060178670581, 35.504277371180365 ], [ -119.28305909861075, 35.504552133899857 ], [ -119.2827994354911, 35.504551338604436 ] ] ] } },
{ "type": "Feature", "properties": { "id": "p-01311", "input_id": "026-711-25", "source": "fd-00540", "demand": 1, "duct_group": 1, "duct_assignment": "4" }, "geometry": { "type": "Polygon", "coordinates": [ [ [ -119.285632780880775, 35.505309367531765 ], [ -119.285488159818598, 35.505309045751929 ], [ -119.28548870675813, 35.504981264347194 ], [ -119.285720554765888, 35.504981819419406 ], [ -119.285719901278256, 35.505309565894294 ], [ -119.285632780880775, 35.505309367531765 ] ] ] } },
{ "type": "Feature", "properties": { "id": "p-01312", "input_id": "026-713-10", "source": "fd-00590", "demand": 1, "duct_group": 10, "duct_assignment": "10" }, "geometry": { "type": "Polygon", "coordinates": [ [ [ -119.285926575775619, 35.504559261524875 ], [ -119.285927277907973, 35.504284558519792 ], [ -119.286145786266488, 35.504285136045581 ], [ -119.286145073716099, 35.504559831056213 ], [ -119.285926575775619, 35.504559261524875 ] ] ] } },
{ "type": "Feature", "properties": { "id": "p-01313", "input_id": "028-581-04", "source": "fd-00854", "demand": 1, "duct_group": 9, "duct_assignment": "5" }, "geometry": { "type": "Polygon", "coordinates": [ [ [ -119.277923131576074, 35.49222536321971 ], [ -119.277920175754986, 35.492205303409577 ], [ -119.277913653644248, 35.492185815254885 ], [ -119.277903706371873, 35.492167320440821 ], [ -119.277890549179247, 35.492150219158269 ], [ -119.277874466763478, 35.492134881444649 ], [ -119.277865570257319, 35.492126245870693 ], [ -119.277858524244195, 35.492116534782184 ], [ -119.277853519202822, 35.492106010705122 ], [ -119.277850690436907, 35.492094958143575 ], [ -119.277850114417276, 35.49208367588831 ], [ -119.277853521567025, 35.492014999634343 ], [ -119.278233797630662, 35.492016155934948 ], [ -119.278231215112172, 35.492226299394567 ], [ -119.277923131576074, 35.49222536321971 ] ] ] } },
{ "type": "Feature", "properties": { "id": "p-01314", "input_id": "028-581-05", "source": "fd-00856", "demand": 1, "duct_group": 9, "duct_assignment": "10" }, "geometry": { "type": "Polygon", "coordinates": [ [ [ -119.277754490357097, 35.49242401180453 ], [ -119.277754739694188, 35.492369076547327 ], [ -119.277781850272945, 35.492367358438933 ], [ -119.27780826650887, 35.492362084903007 ], [ -119.277833295948824, 35.492353394175545 ], [ -119.277856282492493, 35.492341514067988 ], [ -119.277876623591084, 35.492326755995443 ], [ -119.277893786041957, 35.492309506813307 ], [ -119.277907319965735, 35.492290218676565 ], [ -119.277916870598844, 35.49226939718725 ], [ -119.277922187592722, 35.492247588140962 ], [ -119.277923131576074, 35.49222536321971 ], [ -119.278231215112172, 35.492226299394567 ], [ -119.278229438086811, 35.492370869138327 ], [ -119.278162023746575, 35.492425250016765 ], [ -119.277754490357097, 35.49242401180453 ] ] ] } },
{ "type": "Feature", "properties": { "id": "p-01315", "input_id": "028-581-03", "source": "fd-00854", "demand": 1, "duct_group": 9, "duct_assignment": "6" }, "geometry": { "type": "Polygon", "coordinates": [ [ [ -119.277853521567025, 35.492014999634343 ], [ -119.277861165371746, 35.491860960299242 ], [ -119.277862525483926, 35.491817219410613 ], [ -119.278237139728546, 35.491818358844952 ], [ -119.278235678197845, 35.49186307788834 ], [ -119.278233797630662, 35.492016155934948 ], [ -119.277853521567025, 35.492014999634343 ] ] ] } },
{ "type": "Feature", "properties": { "id": "p-01316", "input_id": "028-581-02", "source": "fd-00852", "demand": 1, "duct_group": 9, "duct_assignment": "1" }, "geometry": { "type": "Polygon", "coordinates": [ [ [ -119.277862525483926, 35.491817219410613 ], [ -119.277862605954823, 35.491807719852766 ], [ -119.277863458320297, 35.491619438361312 ], [ -119.278243600304009, 35.491620595105509 ], [ -119.278237139728546, 35.491818358844952 ], [ -119.277862525483926, 35.491817219410613 ] ] ] } },
{ "type": "Feature", "properties": { "id": "p-01317", "input_id": "028-581-01", "source": "fd-00852", "demand": 1, "duct_group": 9, "duct_assignment": "2" }, "geometry": { "type": "Polygon", "coordinates": [ [ [ -119.277863458320297, 35.491619438361312 ], [ -119.277864217090709, 35.491451865188537 ], [ -119.277918165181831, 35.491408070542029 ], [ -119.278180378857812, 35.491408868122946 ], [ -119.27824729651887, 35.491464355946363 ], [ -119.278246447769774, 35.491533455408053 ], [ -119.278243600304009, 35.491620595105509 ], [ -119.277863458320297, 35.491619438361312 ] ] ] } },
{ "type": "Feature", "properties": { "id": "p-01318", "input_id": "028-581-10", "source": "fd-00853", "demand": 1, "duct_group": 9, "duct_assignment": "4" }, "geometry": { "type": "Polygon", "coordinates": [ [ [ -119.277292438392223, 35.491628682352307 ], [ -119.277293450047111, 35.491406165772631 ], [ -119.27763600613946, 35.491407210239686 ], [ -119.277689555203082, 35.491451333051117 ], [ -119.277688745268847, 35.491629890042326 ], [ -119.277292438392223, 35.491628682352307 ] ] ] } },
{ "type": "Feature", "properties": { "id": "p-01319", "input_id": "028-581-09", "source": "fd-00853", "demand": 1, "duct_group": 9, "duct_assignment": "3" }, "geometry": { "type": "Polygon", "coordinates": [ [ [ -119.277291564471525, 35.49182098058948 ], [ -119.277292075937666, 35.491708347199804 ], [ -119.277292438392223, 35.491628682352307 ], [ -119.277688745268847, 35.491629890042326 ], [ -119.277687942223139, 35.491807188625799 ], [ -119.277687768661849, 35.491822187556693 ], [ -119.277291564471525, 35.49182098058948 ] ] ] } },
{ "type": "Feature", "properties": { "id": "p-01320", "input_id": "028-581-08", "source": "fd-00855", "demand": 1, "duct_group": 9, "duct_assignment": "8" }, "geometry": { "type": "Polygon", "coordinates": [ [ [ -119.277290689444797, 35.492013278823613 ], [ -119.277291564471525, 35.49182098058948 ], [ -119.277687768661849, 35.491822187556693 ], [ -119.277686643448263, 35.49185516535043 ], [ -119.277678738227593, 35.492014459718256 ], [ -119.277290689444797, 35.492013278823613 ] ] ] } },
{ "type": "Feature", "properties": { "id": "p-01321", "input_id": "028-581-07", "source": "fd-00855", "demand": 1, "duct_group": 9, "duct_assignment": "7" }, "geometry": { "type": "Polygon", "coordinates": [ [ [ -119.27728972855239, 35.492224806126231 ], [ -119.277290423961205, 35.492071805341375 ], [ -119.277290689444797, 35.492013278823613 ], [ -119.277678738227593, 35.492014459718256 ], [ -119.277675590919713, 35.492077880935675 ], [ -119.277673898745462, 35.492089087940599 ], [ -119.277669983943909, 35.492099916679635 ], [ -119.277663952349855, 35.492110074400706 ], [ -119.277655967025154, 35.492119286492304 ], [ -119.277646243850654, 35.492127303907907 ], [ -119.277626866393135, 35.492143271911686 ], [ -119.277610936017467, 35.492161612640459 ], [ -119.277598880079253, 35.49218183408 ], [ -119.277591021997964, 35.492203393763283 ], [ -119.277587572580643, 35.49222571332264 ], [ -119.27728972855239, 35.492224806126231 ] ] ] } },
{ "type": "Feature", "properties": { "id": "p-01322", "input_id": "028-581-06", "source": "fd-00856", "demand": 1, "duct_group": 9, "duct_assignment": "9" }, "geometry": { "type": "Polygon", "coordinates": [ [ [ -119.27728972855239, 35.492224806126231 ], [ -119.277587572580643, 35.49222571332264 ], [ -119.277588566618405, 35.492247800251775 ], [ -119.277593879312562, 35.492269470860158 ], [ -119.277603373112271, 35.492290164060719 ], [ -119.277616802210446, 35.492309344072609 ], [ -119.277633818908171, 35.492326514293687 ], [ -119.277653982616783, 35.492341230158125 ], [ -119.277676771265334, 35.4923531106475 ], [ -119.277701594817927, 35.49236184815571 ], [ -119.277727810550928, 35.492367216453815 ], [ -119.277754739694188, 35.492369076547327 ], [ -119.277754490357097, 35.49242401180453 ], [ -119.277575520086373, 35.492423467489687 ], [ -119.277288797693984, 35.492429542119559 ], [ -119.27728972855239, 35.492224806126231 ] ] ] } },
{ "type": "Feature", "properties": { "id": "p-01323", "input_id": "028-581-11", "source": "fd-00812", "demand": 1, "duct_group": 3, "duct_assignment": "2" }, "geometry": { "type": "Polygon", "coordinates": [ [ [ -119.277009455177492, 35.491707485740235 ], [ -119.277010831413861, 35.491405303403461 ], [ -119.277293450047111, 35.491406165772631 ], [ -119.277292438392223, 35.491628682352307 ], [ -119.277292075937666, 35.491708347199804 ], [ -119.277009455177492, 35.491707485740235 ] ] ] } },
{ "type": "Feature", "properties": { "id": "p-01324", "input_id": "028-581-12", "source": "fd-00812", "demand": 1, "duct_group": 3, "duct_assignment": "1" }, "geometry": { "type": "Polygon", "coordinates": [ [ [ -119.276744100388569, 35.491706675918294 ], [ -119.276745479790193, 35.491404492660237 ], [ -119.277010831413861, 35.491405303403461 ], [ -119.277009455177492, 35.491707485740235 ], [ -119.276744100388569, 35.491706675918294 ] ] ] } },
{ "type": "Feature", "properties": { "id": "p-01325", "input_id": "028-581-13", "source": "fd-00813", "demand": 1, "duct_group": 3, "duct_assignment": "3" }, "geometry": { "type": "Polygon", "coordinates": [ [ [ -119.276468669277108, 35.491705834071396 ], [ -119.276469849492997, 35.491447610394538 ], [ -119.276523799412061, 35.491403815447292 ], [ -119.276745479790193, 35.491404492660237 ], [ -119.276744100388569, 35.491706675918294 ], [ -119.276468669277108, 35.491705834071396 ] ] ] } },
{ "type": "Feature", "properties": { "id": "p-01326", "input_id": "028-581-14", "source": "fd-00803", "demand": 1, "duct_group": 1, "duct_assignment": "7" }, "geometry": { "type": "Polygon", "coordinates": [ [ [ -119.276699089085795, 35.492008724703162 ], [ -119.276521037866985, 35.492008181934231 ], [ -119.276467489067798, 35.491964058623324 ], [ -119.276468669277108, 35.491705834071396 ], [ -119.276744100388569, 35.491706675918294 ], [ -119.27674272439576, 35.492008369656887 ], [ -119.276699089085795, 35.492008724703162 ] ] ] } },
{ "type": "Feature", "properties": { "id": "p-01327", "input_id": "028-581-15", "source": "fd-00803", "demand": 1, "duct_group": 1, "duct_assignment": "8" }, "geometry": { "type": "Polygon", "coordinates": [ [ [ -119.276744100388569, 35.491706675918294 ], [ -119.277009455177492, 35.491707485740235 ], [ -119.277008400397193, 35.491939194982606 ], [ -119.276985798541787, 35.491946043607086 ], [ -119.276964628159106, 35.491955467686054 ], [ -119.276945325288594, 35.491967273115108 ], [ -119.276928287505783, 35.491981216741813 ], [ -119.276918425723153, 35.49198911991909 ], [ -119.276907113732634, 35.491995594652764 ], [ -119.276894657345053, 35.492000465903359 ], [ -119.276881393309239, 35.492003601980237 ], [ -119.276867680208454, 35.492004918101983 ], [ -119.276759957884082, 35.492007958972032 ], [ -119.27674272439576, 35.492008369656887 ], [ -119.276744100388569, 35.491706675918294 ] ] ] } },
{ "type": "Feature", "properties": { "id": "p-01328", "input_id": "028-581-16", "source": "fd-00805", "demand": 1, "duct_group": 1, "duct_assignment": "11" }, "geometry": { "type": "Polygon", "coordinates": [ [ [ -119.277223244534099, 35.492071600332856 ], [ -119.277220961105755, 35.492048508756241 ], [ -119.277213964866746, 35.492026059484601 ], [ -119.277202454848009, 35.49200489114935 ], [ -119.277186758486849, 35.491985605941657 ], [ -119.27716732231157, 35.491968752481533 ], [ -119.277144699238605, 35.491954810211169 ], [ -119.277119532843258, 35.491944175755712 ], [ -119.277092539051466, 35.491937151640656 ], [ -119.277064485773778, 35.491933937685658 ], [ -119.27703617105999, 35.491934625320177 ], [ -119.277008400397193, 35.491939194982606 ], [ -119.277009455177492, 35.491707485740235 ], [ -119.277292075937666, 35.491708347199804 ], [ -119.277291564471525, 35.49182098058948 ], [ -119.277290689444797, 35.492013278823613 ], [ -119.277290423961205, 35.492071805341375 ], [ -119.277223244534099, 35.492071600332856 ] ] ] } },
{ "type": "Feature", "properties": { "id": "p-01329", "input_id": "028-581-17", "source": "fd-00805", "demand": 1, "duct_group": 1, "duct_assignment": "12" }, "geometry": { "type": "Polygon", "coordinates": [ [ [ -119.277010587374605, 35.49220348957806 ], [ -119.277038112439627, 35.492207724860052 ], [ -119.277066115374424, 35.492208160320921 ], [ -119.277093817410687, 35.492204783850411 ], [ -119.277120448148452, 35.492197689348927 ], [ -119.277145266981051, 35.492187074116245 ], [ -119.277167583692275, 35.492173233364156 ], [ -119.277186777651011, 35.492156552006861 ], [ -119.277202315071662, 35.492137493956101 ], [ -119.277213763858541, 35.492116589219485 ], [ -119.277220805622221, 35.492094419161013 ], [ -119.277223244534099, 35.492071600332856 ], [ -119.277290423961205, 35.492071805341375 ], [ -119.27728972855239, 35.492224806126231 ], [ -119.277288797693984, 35.492429542119559 ], [ -119.277009531113436, 35.49243545838749 ], [ -119.277010587374605, 35.49220348957806 ] ] ] } },
{ "type": "Feature", "properties": { "id": "p-01330", "input_id": "028-581-18", "source": "fd-00804", "demand": 1, "duct_group": 1, "duct_assignment": "9" }, "geometry": { "type": "Polygon", "coordinates": [ [ [ -119.276742085980672, 35.49215126809959 ], [ -119.276765984374563, 35.492150725079519 ], [ -119.276873706885823, 35.492147684204362 ], [ -119.276887498304262, 35.492148223833702 ], [ -119.276900995179091, 35.492150604411307 ], [ -119.276913832630967, 35.49215476157989 ], [ -119.276925663607486, 35.492160582953005 ], [ -119.276936168265522, 35.492167911153587 ], [ -119.276958328330409, 35.492183238798134 ], [ -119.276983384103033, 35.492195217508147 ], [ -119.277010587374605, 35.49220348957806 ], [ -119.277009531113436, 35.49243545838749 ], [ -119.2767407635137, 35.492441152281138 ], [ -119.276742085980672, 35.49215126809959 ] ] ] } },
{ "type": "Feature", "properties": { "id": "p-01331", "input_id": "028-581-19", "source": "fd-00804", "demand": 1, "duct_group": 1, "duct_assignment": "10" }, "geometry": { "type": "Polygon", "coordinates": [ [ [ -119.276465540249077, 35.492390400767199 ], [ -119.276466434689752, 35.492194827680713 ], [ -119.276520385101023, 35.492151032747806 ], [ -119.276698437731298, 35.492151575506199 ], [ -119.276742085980672, 35.49215126809959 ], [ -119.2767407635137, 35.492441152281138 ], [ -119.276534448951878, 35.492445521788454 ], [ -119.276465540249077, 35.492390400767199 ] ] ] } },
{ "type": "Feature", "properties": { "id": "p-01332", "input_id": "028-583-01", "source": "fd-00815", "demand": 1, "duct_group": 3, "duct_assignment": "6" }, "geometry": { "type": "Polygon", "coordinates": [ [ [ -119.276021853915807, 35.492451697602988 ], [ -119.276023239276796, 35.492149513505737 ], [ -119.276238219143238, 35.492150171085001 ], [ -119.276291767926665, 35.492194293591375 ], [ -119.276290838687657, 35.492397377311839 ], [ -119.276225374318102, 35.492452070373623 ], [ -119.276214965600673, 35.492452287526099 ], [ -119.276021853915807, 35.492451697602988 ] ] ] } },
{ "type": "Feature", "properties": { "id": "p-01333", "input_id": "028-583-02", "source": "fd-00815", "demand": 1, "duct_group": 3, "duct_assignment": "7" }, "geometry": { "type": "Polygon", "coordinates": [ [ [ -119.275769929383472, 35.492450927389072 ], [ -119.275771316772463, 35.492148743283089 ], [ -119.276023239276796, 35.492149513505737 ], [ -119.276021853915807, 35.492451697602988 ], [ -119.275769929383472, 35.492450927389072 ] ] ] } },
{ "type": "Feature", "properties": { "id": "p-01334", "input_id": "028-583-03", "source": "fd-00833", "demand": 1, "duct_group": 6, "duct_assignment": "2" }, "geometry": { "type": "Polygon", "coordinates": [ [ [ -119.275518004869838, 35.492450157560008 ], [ -119.275519394272862, 35.492147972544075 ], [ -119.275771316772463, 35.492148743283089 ], [ -119.275769929383472, 35.492450927389072 ], [ -119.275518004869838, 35.492450157560008 ] ] ] } },
{ "type": "Feature", "properties": { "id": "p-01335", "input_id": "028-583-04", "source": "fd-00833", "demand": 1, "duct_group": 6, "duct_assignment": "1" }, "geometry": { "type": "Polygon", "coordinates": [ [ [ -119.27526608034691, 35.492449386313339 ], [ -119.27526747287996, 35.492147201277298 ], [ -119.275519394272862, 35.492147972544075 ], [ -119.275518004869838, 35.492450157560008 ], [ -119.27526608034691, 35.492449386313339 ] ] ] } },
{ "type": "Feature", "properties": { "id": "p-01336", "input_id": "028-583-05", "source": "fd-00835", "demand": 1, "duct_group": 6, "duct_assignment": "5" }, "geometry": { "type": "Polygon", "coordinates": [ [ [ -119.275014154740688, 35.492448615462941 ], [ -119.27501555038981, 35.492146429505596 ], [ -119.27526747287996, 35.492147201277298 ], [ -119.27526608034691, 35.492449386313339 ], [ -119.275014154740688, 35.492448615462941 ] ] ] } },
{ "type": "Feature", "properties": { "id": "p-01337", "input_id": "028-583-06", "source": "fd-00836", "demand": 1, "duct_group": 6, "duct_assignment": "7" }, "geometry": { "type": "Polygon", "coordinates": [ [ [ -119.274762230227211, 35.492447843183534 ], [ -119.274763578675064, 35.492156270546907 ], [ -119.27476759022251, 35.492154474857074 ], [ -119.274780642310347, 35.492149670959577 ], [ -119.274794502337556, 35.492146749595115 ], [ -119.27480876766235, 35.492145795630989 ], [ -119.27501555038981, 35.492146429505596 ], [ -119.275014154740688, 35.492448615462941 ], [ -119.274762230227211, 35.492447843183534 ] ] ] } },
{ "type": "Feature", "properties": { "id": "p-01338", "input_id": "028-583-07", "source": "fd-00836", "demand": 1, "duct_group": 6, "duct_assignment": "6" }, "geometry": { "type": "Polygon", "coordinates": [ [ [ -119.27443314109415, 35.492446834897123 ], [ -119.274530228734179, 35.492176194560898 ], [ -119.274577279600337, 35.492184294616024 ], [ -119.274625297302322, 35.492186327666147 ], [ -119.274673119394777, 35.49218224449374 ], [ -119.274719588167983, 35.492172143947094 ], [ -119.274763578675064, 35.492156270546907 ], [ -119.274762230227211, 35.492447843183534 ], [ -119.27443314109415, 35.492446834897123 ] ] ] } },
{ "type": "Feature", "properties": { "id": "p-01339", "input_id": "028-583-08", "source": "fd-00838", "demand": 1, "duct_group": 6, "duct_assignment": "10" }, "geometry": { "type": "Polygon", "coordinates": [ [ [ -119.273954073095737, 35.492445364079245 ], [ -119.273954262778389, 35.492432997019037 ], [ -119.274389904634518, 35.49210488781064 ], [ -119.274420218055127, 35.492128399456824 ], [ -119.274454132193128, 35.492148352299488 ], [ -119.27449102719747, 35.492164381657808 ], [ -119.274530228734179, 35.492176194560898 ], [ -119.27443314109415, 35.492446834897123 ], [ -119.273954073095737, 35.492445364079245 ] ] ] } },
{ "type": "Feature", "properties": { "id": "p-01340", "input_id": "028-583-09", "source": "fd-00838", "demand": 1, "duct_group": 6, "duct_assignment": "11" }, "geometry": { "type": "Polygon", "coordinates": [ [ [ -119.273960221674102, 35.492044317207295 ], [ -119.274314550144311, 35.491984646613858 ], [ -119.274325721173312, 35.492017570828011 ], [ -119.27434222028019, 35.492048961844951 ], [ -119.274363745909923, 35.492078245918329 ], [ -119.274389904634518, 35.49210488781064 ], [ -119.273954262778389, 35.492432997019037 ], [ -119.273960221674102, 35.492044317207295 ] ] ] } },
{ "type": "Feature", "properties": { "id": "p-01341", "input_id": "028-583-10", "source": "fd-00837", "demand": 1, "duct_group": 6, "duct_assignment": "8" }, "geometry": { "type": "Polygon", "coordinates": [ [ [ -119.2739639697934, 35.491799801341649 ], [ -119.27435315391925, 35.491800998082603 ], [ -119.274348397127824, 35.491809037216854 ], [ -119.274329336448574, 35.491841821130329 ], [ -119.274316215064204, 35.491876500076366 ], [ -119.274309303669284, 35.491912358647312 ], [ -119.274308744850515, 35.491948657099478 ], [ -119.274314550144311, 35.491984646613858 ], [ -119.273960221674102, 35.492044317207295 ], [ -119.2739639697934, 35.491799801341649 ] ] ] } },
{ "type": "Feature", "properties": { "id": "p-01342", "input_id": "028-583-11", "source": "fd-00837", "demand": 1, "duct_group": 6, "duct_assignment": "9" }, "geometry": { "type": "Polygon", "coordinates": [ [ [ -119.2739639697934, 35.491799801341649 ], [ -119.273967002640774, 35.491602011268746 ], [ -119.274360117379615, 35.491603220414795 ], [ -119.274359318591394, 35.491775426977668 ], [ -119.274358599292398, 35.491784142038384 ], [ -119.274356533262107, 35.491792711947575 ], [ -119.27435315391925, 35.491800998082603 ], [ -119.2739639697934, 35.491799801341649 ] ] ] } },
{ "type": "Feature", "properties": { "id": "p-01343", "input_id": "028-583-12", "source": "fd-00834", "demand": 1, "duct_group": 6, "duct_assignment": "4" }, "geometry": { "type": "Polygon", "coordinates": [ [ [ -119.273967002640774, 35.491602011268746 ], [ -119.27397003438557, 35.49140422209306 ], [ -119.274361034159213, 35.491405424306016 ], [ -119.274360117379615, 35.491603220414795 ], [ -119.273967002640774, 35.491602011268746 ] ] ] } },
{ "type": "Feature", "properties": { "id": "p-01344", "input_id": "028-582-07", "source": "fd-00860", "demand": 1, "duct_group": 10, "duct_assignment": "7" }, "geometry": { "type": "Polygon", "coordinates": [ [ [ -119.274534335017293, 35.491699909144543 ], [ -119.274535531170983, 35.491441681777957 ], [ -119.274589483204636, 35.491397886767047 ], [ -119.274790607596216, 35.491398504869011 ], [ -119.274789210031017, 35.49170069092375 ], [ -119.274534335017293, 35.491699909144543 ] ] ] } },
{ "type": "Feature", "properties": { "id": "p-01345", "input_id": "028-582-06", "source": "fd-00860", "demand": 1, "duct_group": 10, "duct_assignment": "6" }, "geometry": { "type": "Polygon", "coordinates": [ [ [ -119.274789210031017, 35.49170069092375 ], [ -119.274790607596216, 35.491398504869011 ], [ -119.275039165007158, 35.49139926782243 ], [ -119.275037770559521, 35.491701453857075 ], [ -119.274789210031017, 35.49170069092375 ] ] ] } },
{ "type": "Feature", "properties": { "id": "p-01346", "input_id": "028-582-05", "source": "fd-00859", "demand": 1, "duct_group": 10, "duct_assignment": "4" }, "geometry": { "type": "Polygon", "coordinates": [ [ [ -119.275037770559521, 35.491701453857075 ], [ -119.275039165007158, 35.49139926782243 ], [ -119.275287722422689, 35.491400030273127 ], [ -119.275286329990706, 35.491702216299053 ], [ -119.275037770559521, 35.491701453857075 ] ] ] } },
{ "type": "Feature", "properties": { "id": "p-01347", "input_id": "028-582-04", "source": "fd-00859", "demand": 1, "duct_group": 10, "duct_assignment": "5" }, "geometry": { "type": "Polygon", "coordinates": [ [ [ -119.275286329990706, 35.491702216299053 ], [ -119.275287722422689, 35.491400030273127 ], [ -119.275536279856851, 35.491400793122452 ], [ -119.275534890514479, 35.491702977325737 ], [ -119.275286329990706, 35.491702216299053 ] ] ] } },
{ "type": "Feature", "properties": { "id": "p-01348", "input_id": "028-582-03", "source": "fd-00858", "demand": 1, "duct_group": 10, "duct_assignment": "3" }, "geometry": { "type": "Polygon", "coordinates": [ [ [ -119.275534890514479, 35.491702977325737 ], [ -119.275536279856851, 35.491400793122452 ], [ -119.275784838383586, 35.491401554556376 ], [ -119.275783449954886, 35.491703738762361 ], [ -119.275534890514479, 35.491702977325737 ] ] ] } },
{ "type": "Feature", "properties": { "id": "p-01349", "input_id": "028-582-02", "source": "fd-00858", "demand": 1, "duct_group": 10, "duct_assignment": "2" }, "geometry": { "type": "Polygon", "coordinates": [ [ [ -119.275783449954886, 35.491703738762361 ], [ -119.275784838383586, 35.491401554556376 ], [ -119.276033395812931, 35.491402315499059 ], [ -119.276032010501808, 35.491704499684964 ], [ -119.275783449954886, 35.491703738762361 ] ] ] } },
{ "type": "Feature", "properties": { "id": "p-01350", "input_id": "028-582-01", "source": "fd-00857", "demand": 1, "duct_group": 10, "duct_assignment": "1" }, "geometry": { "type": "Polygon", "coordinates": [ [ [ -119.276032010501808, 35.491704499684964 ], [ -119.276033395812931, 35.491402315499059 ], [ -119.276241640412906, 35.49140295284505 ], [ -119.276295187623376, 35.491447076275549 ], [ -119.276294005770907, 35.49170530086348 ], [ -119.276032010501808, 35.491704499684964 ] ] ] } },
{ "type": "Feature", "properties": { "id": "p-01351", "input_id": "028-582-14", "source": "fd-00814", "demand": 1, "duct_group": 3, "duct_assignment": "5" }, "geometry": { "type": "Polygon", "coordinates": [ [ [ -119.276030625166612, 35.492006682933805 ], [ -119.276032010501808, 35.491704499684964 ], [ -119.276294005770907, 35.49170530086348 ], [ -119.276292823896995, 35.491963524523975 ], [ -119.276238873501555, 35.492007320261443 ], [ -119.276030625166612, 35.492006682933805 ] ] ] } },
{ "type": "Feature", "properties": { "id": "p-01352", "input_id": "028-582-13", "source": "fd-00814", "demand": 1, "duct_group": 3, "duct_assignment": "4" }, "geometry": { "type": "Polygon", "coordinates": [ [ [ -119.275782062617964, 35.492005922921237 ], [ -119.275783449954886, 35.491703738762361 ], [ -119.276032010501808, 35.491704499684964 ], [ -119.276030625166612, 35.492006682933805 ], [ -119.275782062617964, 35.492005922921237 ] ] ] } },
{ "type": "Feature", "properties": { "id": "p-01353", "input_id": "028-582-12", "source": "fd-00816", "demand": 1, "duct_group": 3, "duct_assignment": "8" }, "geometry": { "type": "Polygon", "coordinates": [ [ [ -119.27553350007399, 35.492005162405938 ], [ -119.275534890514479, 35.491702977325737 ], [ -119.275783449954886, 35.491703738762361 ], [ -119.275782062617964, 35.492005922921237 ], [ -119.27553350007399, 35.492005162405938 ] ] ] } },
{ "type": "Feature", "properties": { "id": "p-01354", "input_id": "028-582-11", "source": "fd-00817", "demand": 1, "duct_group": 3, "duct_assignment": "10" }, "geometry": { "type": "Polygon", "coordinates": [ [ [ -119.275284937534479, 35.492004401387973 ], [ -119.275286329990706, 35.491702216299053 ], [ -119.275534890514479, 35.491702977325737 ], [ -119.27553350007399, 35.492005162405938 ], [ -119.275284937534479, 35.492004401387973 ] ] ] } },
{ "type": "Feature", "properties": { "id": "p-01355", "input_id": "028-582-10", "source": "fd-00817", "demand": 1, "duct_group": 3, "duct_assignment": "9" }, "geometry": { "type": "Polygon", "coordinates": [ [ [ -119.275036376101653, 35.492003639855888 ], [ -119.275037770559521, 35.491701453857075 ], [ -119.275286329990706, 35.491702216299053 ], [ -119.275284937534479, 35.492004401387973 ], [ -119.275036376101653, 35.492003639855888 ] ] ] } },
{ "type": "Feature", "properties": { "id": "p-01356", "input_id": "028-582-09", "source": "fd-00818", "demand": 1, "duct_group": 3, "duct_assignment": "11" }, "geometry": { "type": "Polygon", "coordinates": [ [ [ -119.274787813571422, 35.49200287783254 ], [ -119.274789210031017, 35.49170069092375 ], [ -119.275037770559521, 35.491701453857075 ], [ -119.275036376101653, 35.492003639855888 ], [ -119.274787813571422, 35.49200287783254 ] ] ] } },
{ "type": "Feature", "properties": { "id": "p-01357", "input_id": "028-582-08", "source": "fd-00818", "demand": 1, "duct_group": 3, "duct_assignment": "12" }, "geometry": { "type": "Polygon", "coordinates": [ [ [ -119.274616910165463, 35.492002353710149 ], [ -119.274602333020781, 35.492001265225397 ], [ -119.274588208451121, 35.491998123096415 ], [ -119.274574965625234, 35.491993022795441 ], [ -119.274563006920417, 35.491986119292811 ], [ -119.274552695696073, 35.491977622348372 ], [ -119.274544345253574, 35.491967790137871 ], [ -119.27453820931639, 35.491956921408416 ], [ -119.274534474321186, 35.491945346401089 ], [ -119.274533253752892, 35.491933416816835 ], [ -119.274534335017293, 35.491699909144543 ], [ -119.274789210031017, 35.49170069092375 ], [ -119.274787813571422, 35.49200287783254 ], [ -119.274616910165463, 35.492002353710149 ] ] ] } },
{ "type": "Feature", "properties": { "id": "p-01358", "input_id": "028-583-13", "source": "fd-00834", "demand": 1, "duct_group": 6, "duct_assignment": "3" }, "geometry": { "type": "Polygon", "coordinates": [ [ [ -119.27397003438557, 35.49140422209306 ], [ -119.273973067203798, 35.49120643198934 ], [ -119.274361950934448, 35.491207628181989 ], [ -119.274361034159213, 35.491405424306016 ], [ -119.27397003438557, 35.49140422209306 ] ] ] } },
{ "type": "Feature", "properties": { "id": "p-01359", "input_id": "028-583-14", "source": "fd-00861", "demand": 1, "duct_group": 10, "duct_assignment": "8" }, "geometry": { "type": "Polygon", "coordinates": [ [ [ -119.273973067203798, 35.49120643198934 ], [ -119.273976098905493, 35.491008641881642 ], [ -119.274362867719191, 35.491009832943867 ], [ -119.274361950934448, 35.491207628181989 ], [ -119.273973067203798, 35.49120643198934 ] ] ] } },
{ "type": "Feature", "properties": { "id": "p-01360", "input_id": "028-583-15", "source": "fd-00861", "demand": 1, "duct_group": 10, "duct_assignment": "9" }, "geometry": { "type": "Polygon", "coordinates": [ [ [ -119.273976098905493, 35.491008641881642 ], [ -119.273979130592522, 35.490810851758575 ], [ -119.274363785587553, 35.490812036777733 ], [ -119.274362867719191, 35.491009832943867 ], [ -119.273976098905493, 35.491008641881642 ] ] ] } },
{ "type": "Feature", "properties": { "id": "p-01361", "input_id": "028-593-01", "source": "fd-00862", "demand": 1, "duct_group": 10, "duct_assignment": "10" }, "geometry": { "type": "Polygon", "coordinates": [ [ [ -119.273979130592522, 35.490810851758575 ], [ -119.273982163366938, 35.490613061608663 ], [ -119.274364702349516, 35.490614240607734 ], [ -119.274363785587553, 35.490812036777733 ], [ -119.273979130592522, 35.490810851758575 ] ] ] } },
{ "type": "Feature", "properties": { "id": "p-01362", "input_id": "028-593-02", "source": "fd-00862", "demand": 1, "duct_group": 10, "duct_assignment": "11" }, "geometry": { "type": "Polygon", "coordinates": [ [ [ -119.273982163366938, 35.490613061608663 ], [ -119.273985195038776, 35.490415272356046 ], [ -119.274365619107101, 35.490416444422372 ], [ -119.274364702349516, 35.490614240607734 ], [ -119.273982163366938, 35.490613061608663 ] ] ] } },
{ "type": "Feature", "properties": { "id": "p-01363", "input_id": "028-593-03", "source": "fd-00753", "demand": 1, "duct_group": 1, "duct_assignment": "12" }, "geometry": { "type": "Polygon", "coordinates": [ [ [ -119.273985195038776, 35.490415272356046 ], [ -119.273988226682135, 35.490217482186836 ], [ -119.27436653586021, 35.490218648221713 ], [ -119.274365619107101, 35.490416444422372 ], [ -119.273985195038776, 35.490415272356046 ] ] ] } },
{ "type": "Feature", "properties": { "id": "p-01364", "input_id": "028-592-47", "source": "fd-00798", "demand": 1, "duct_group": 0, "duct_assignment": "9" }, "geometry": { "type": "Polygon", "coordinates": [ [ [ -119.274540314161271, 35.490408743222289 ], [ -119.274541255521825, 35.490205452860231 ], [ -119.274910719667446, 35.490206590868723 ], [ -119.274909780308491, 35.490409880320861 ], [ -119.274540314161271, 35.490408743222289 ] ] ] } },
{ "type": "Feature", "properties": { "id": "p-01365", "input_id": "028-592-48", "source": "fd-00798", "demand": 1, "duct_group": 0, "duct_assignment": "10" }, "geometry": { "type": "Polygon", "coordinates": [ [ [ -119.274539372796085, 35.490612033568169 ], [ -119.274540314161271, 35.490408743222289 ], [ -119.274909780308491, 35.490409880320861 ], [ -119.274908994256947, 35.490580203868873 ], [ -119.274908842046869, 35.490613169745409 ], [ -119.274539372796085, 35.490612033568169 ] ] ] } },
{ "type": "Feature", "properties": { "id": "p-01366", "input_id": "028-592-49", "source": "fd-00797", "demand": 1, "duct_group": 0, "duct_assignment": "7" }, "geometry": { "type": "Polygon", "coordinates": [ [ [ -119.274538431412211, 35.490815322996603 ], [ -119.274539372796085, 35.490612033568169 ], [ -119.274908842046869, 35.490613169745409 ], [ -119.274907902678649, 35.490816459165138 ], [ -119.274538431412211, 35.490815322996603 ] ] ] } },
{ "type": "Feature", "properties": { "id": "p-01367", "input_id": "028-584-01", "source": "fd-00797", "demand": 1, "duct_group": 0, "duct_assignment": "8" }, "geometry": { "type": "Polygon", "coordinates": [ [ [ -119.274537490037744, 35.491018613310118 ], [ -119.274538431412211, 35.490815322996603 ], [ -119.274907902678649, 35.490816459165138 ], [ -119.274907267742705, 35.490953817726997 ], [ -119.274906963319751, 35.491019749469963 ], [ -119.274537490037744, 35.491018613310118 ] ] ] } },
{ "type": "Feature", "properties": { "id": "p-01368", "input_id": "028-584-02", "source": "fd-00796", "demand": 1, "duct_group": 0, "duct_assignment": "6" }, "geometry": { "type": "Polygon", "coordinates": [ [ [ -119.274589930978692, 35.491255033575491 ], [ -119.274536599138528, 35.491211084747398 ], [ -119.274537490037744, 35.491018613310118 ], [ -119.274906963319751, 35.491019749469963 ], [ -119.274905872831823, 35.491256004714117 ], [ -119.274589930978692, 35.491255033575491 ] ] ] } },
{ "type": "Feature", "properties": { "id": "p-01369", "input_id": "028-584-03", "source": "fd-00795", "demand": 1, "duct_group": 0, "duct_assignment": "5" }, "geometry": { "type": "Polygon", "coordinates": [ [ [ -119.274905872831823, 35.491256004714117 ], [ -119.274906963319751, 35.491019749469963 ], [ -119.274907267742705, 35.490953817726997 ], [ -119.275169257316435, 35.490954622238924 ], [ -119.275167864470518, 35.491256809217397 ], [ -119.274905872831823, 35.491256004714117 ] ] ] } },
{ "type": "Feature", "properties": { "id": "p-01370", "input_id": "028-584-04", "source": "fd-00795", "demand": 1, "duct_group": 0, "duct_assignment": "4" }, "geometry": { "type": "Polygon", "coordinates": [ [ [ -119.275167864470518, 35.491256809217397 ], [ -119.275169257316435, 35.490954622238924 ], [ -119.275431247997275, 35.490955426180868 ], [ -119.275429856114414, 35.491257613162254 ], [ -119.275167864470518, 35.491256809217397 ] ] ] } },
{ "type": "Feature", "properties": { "id": "p-01371", "input_id": "028-584-05", "source": "fd-00795", "demand": 1, "duct_group": 0, "duct_assignment": "3" }, "geometry": { "type": "Polygon", "coordinates": [ [ [ -119.275429856114414, 35.491257613162254 ], [ -119.275431247997275, 35.490955426180868 ], [ -119.27567980188455, 35.490956188762894 ], [ -119.27567841310524, 35.491258374822898 ], [ -119.275429856114414, 35.491257613162254 ] ] ] } },
{ "type": "Feature", "properties": { "id": "p-01372", "input_id": "028-584-06", "source": "fd-00794", "demand": 1, "duct_group": 0, "duct_assignment": "1" }, "geometry": { "type": "Polygon", "coordinates": [ [ [ -119.27567841310524, 35.491258374822898 ], [ -119.27567980188455, 35.490956188762894 ], [ -119.275928355776401, 35.490956950842268 ], [ -119.275926970100755, 35.491259135980869 ], [ -119.27567841310524, 35.491258374822898 ] ] ] } },
{ "type": "Feature", "properties": { "id": "p-01373", "input_id": "028-584-07", "source": "fd-00794", "demand": 1, "duct_group": 0, "duct_assignment": "2" }, "geometry": { "type": "Polygon", "coordinates": [ [ [ -119.275926970100755, 35.491259135980869 ], [ -119.275928355776401, 35.490956950842268 ], [ -119.276176910774893, 35.490957712407528 ], [ -119.27617552601285, 35.491259897548865 ], [ -119.275926970100755, 35.491259135980869 ] ] ] } },
{ "type": "Feature", "properties": { "id": "p-01374", "input_id": "028-592-11", "source": "fd-00844", "demand": 1, "duct_group": 7, "duct_assignment": "11" }, "geometry": { "type": "Polygon", "coordinates": [ [ [ -119.274907267742705, 35.490953817726997 ], [ -119.274907902678649, 35.490816459165138 ], [ -119.274908842046869, 35.490613169745409 ], [ -119.274908994256947, 35.490580203868873 ], [ -119.274976160337985, 35.490580410268237 ], [ -119.27497856190088, 35.490604082524499 ], [ -119.274985914413776, 35.490627062393642 ], [ -119.274997997985082, 35.490648662604492 ], [ -119.275014451228259, 35.490668237147318 ], [ -119.275034782069454, 35.49068520059506 ], [ -119.275058382464181, 35.49069904561162 ], [ -119.27508454658215, 35.490709358125621 ], [ -119.27511249191754, 35.49071582971424 ], [ -119.275141382691402, 35.490718266827464 ], [ -119.275170354848839, 35.490716596577045 ], [ -119.275169257316435, 35.490954622238924 ], [ -119.274907267742705, 35.490953817726997 ] ] ] } },
{ "type": "Feature", "properties": { "id": "p-01375", "input_id": "028-592-10", "source": "fd-00843", "demand": 1, "duct_group": 7, "duct_assignment": "9" }, "geometry": { "type": "Polygon", "coordinates": [ [ [ -119.275169257316435, 35.490954622238924 ], [ -119.275170354848839, 35.490716596577045 ], [ -119.275197335514889, 35.490711201447724 ], [ -119.275222859934019, 35.490702243226707 ], [ -119.275246229965802, 35.49068996693822 ], [ -119.275266806396829, 35.490674708361901 ], [ -119.275277030176525, 35.49066711953607 ], [ -119.275288636260711, 35.490661003441801 ], [ -119.275301310887144, 35.490656525423084 ], [ -119.27531471140658, 35.490653806539925 ], [ -119.275328475545962, 35.490652920295318 ], [ -119.27543263878195, 35.490653240076377 ], [ -119.275431247997275, 35.490955426180868 ], [ -119.275169257316435, 35.490954622238924 ] ] ] } },
{ "type": "Feature", "properties": { "id": "p-01376", "input_id": "028-592-09", "source": "fd-00843", "demand": 1, "duct_group": 7, "duct_assignment": "10" }, "geometry": { "type": "Polygon", "coordinates": [ [ [ -119.275431247997275, 35.490955426180868 ], [ -119.27543263878195, 35.490653240076377 ], [ -119.27568119066764, 35.490654003568338 ], [ -119.27567980188455, 35.490956188762894 ], [ -119.275431247997275, 35.490955426180868 ] ] ] } },
{ "type": "Feature", "properties": { "id": "p-01377", "input_id": "028-592-08", "source": "fd-00842", "demand": 1, "duct_group": 7, "duct_assignment": "7" }, "geometry": { "type": "Polygon", "coordinates": [ [ [ -119.27567980188455, 35.490956188762894 ], [ -119.27568119066764, 35.490654003568338 ], [ -119.275929742543838, 35.490654765656451 ], [ -119.275928355776401, 35.490956950842268 ], [ -119.27567980188455, 35.490956188762894 ] ] ] } },
{ "type": "Feature", "properties": { "id": "p-01378", "input_id": "028-592-07", "source": "fd-00842", "demand": 1, "duct_group": 7, "duct_assignment": "8" }, "geometry": { "type": "Polygon", "coordinates": [ [ [ -119.275928355776401, 35.490956950842268 ], [ -119.275929742543838, 35.490654765656451 ], [ -119.276178294424767, 35.490655527241877 ], [ -119.276176910774893, 35.490957712407528 ], [ -119.275928355776401, 35.490956950842268 ] ] ] } },
{ "type": "Feature", "properties": { "id": "p-01379", "input_id": "028-592-12", "source": "fd-00844", "demand": 1, "duct_group": 7, "duct_assignment": "12" }, "geometry": { "type": "Polygon", "coordinates": [ [ [ -119.274908994256947, 35.490580203868873 ], [ -119.274909780308491, 35.490409880320861 ], [ -119.274910719667446, 35.490206590868723 ], [ -119.274994687087329, 35.490206849205961 ], [ -119.275172703568032, 35.490207396309003 ], [ -119.275171606063196, 35.490445422919578 ], [ -119.275142649851247, 35.490443574157574 ], [ -119.27511373717897, 35.490445833189966 ], [ -119.275085732751165, 35.490452132454749 ], [ -119.275059474109781, 35.490462283556866 ], [ -119.275035746585289, 35.490475982902339 ], [ -119.275015259809834, 35.490492820778179 ], [ -119.274998626494067, 35.490512293605342 ], [ -119.274986344102132, 35.490533818999658 ], [ -119.274978779973893, 35.490556753189274 ], [ -119.274976160337985, 35.490580410268237 ], [ -119.274908994256947, 35.490580203868873 ] ] ] } },
{ "type": "Feature", "properties": { "id": "p-01380", "input_id": "028-592-13", "source": "fd-00825", "demand": 1, "duct_group": 4, "duct_assignment": "11" }, "geometry": { "type": "Polygon", "coordinates": [ [ [ -119.275329133663021, 35.490510068468772 ], [ -119.275315378353852, 35.49050909759584 ], [ -119.275302003492456, 35.490506296437644 ], [ -119.275289370647116, 35.490501740719026 ], [ -119.275277821326526, 35.490495553596595 ], [ -119.275267667748039, 35.490487902329413 ], [ -119.275247232596911, 35.490472517933895 ], [ -119.27522397657799, 35.490460098503505 ], [ -119.275198535783773, 35.490450983730575 ], [ -119.275171606063196, 35.490445422919578 ], [ -119.275172703568032, 35.490207396309003 ], [ -119.275434687487703, 35.490208202092106 ], [ -119.275433295616139, 35.490510388260681 ], [ -119.275329133663021, 35.490510068468772 ] ] ] } },
{ "type": "Feature", "properties": { "id": "p-01381", "input_id": "028-592-14", "source": "fd-00825", "demand": 1, "duct_group": 4, "duct_assignment": "12" }, "geometry": { "type": "Polygon", "coordinates": [ [ [ -119.275433295616139, 35.490510388260681 ], [ -119.275434687487703, 35.490208202092106 ], [ -119.275552240555072, 35.490208563080444 ], [ -119.275679876379243, 35.490208955405308 ], [ -119.275678487612865, 35.490511141553696 ], [ -119.275433295616139, 35.490510388260681 ] ] ] } },
{ "type": "Feature", "properties": { "id": "p-01382", "input_id": "028-592-15", "source": "fd-00824", "demand": 1, "duct_group": 4, "duct_assignment": "10" }, "geometry": { "type": "Polygon", "coordinates": [ [ [ -119.275678487612865, 35.490511141553696 ], [ -119.275679876379243, 35.490208955405308 ], [ -119.275925066377241, 35.490209708217932 ], [ -119.275923680702107, 35.490511893444918 ], [ -119.275678487612865, 35.490511141553696 ] ] ] } },
{ "type": "Feature", "properties": { "id": "p-01383", "input_id": "028-592-16", "source": "fd-00824", "demand": 1, "duct_group": 4, "duct_assignment": "9" }, "geometry": { "type": "Polygon", "coordinates": [ [ [ -119.275923680702107, 35.490511893444918 ], [ -119.275925066377241, 35.490209708217932 ], [ -119.276109794060147, 35.490210275326866 ], [ -119.276170256379814, 35.490210460541434 ], [ -119.276168872707871, 35.490512645759623 ], [ -119.275923680702107, 35.490511893444918 ] ] ] } },
{ "type": "Feature", "properties": { "id": "p-01384", "input_id": "028-584-08", "source": "fd-00802", "demand": 1, "duct_group": 1, "duct_assignment": "6" }, "geometry": { "type": "Polygon", "coordinates": [ [ [ -119.27617552601285, 35.491259897548865 ], [ -119.276176910774893, 35.490957712407528 ], [ -119.276425464675981, 35.490958473481612 ], [ -119.276424083017488, 35.491260657701496 ], [ -119.27617552601285, 35.491259897548865 ] ] ] } },
{ "type": "Feature", "properties": { "id": "p-01385", "input_id": "028-584-09", "source": "fd-00802", "demand": 1, "duct_group": 1, "duct_assignment": "5" }, "geometry": { "type": "Polygon", "coordinates": [ [ [ -119.276424083017488, 35.491260657701496 ], [ -119.276425464675981, 35.490958473481612 ], [ -119.276674018581659, 35.490959234053022 ], [ -119.276672638938805, 35.491261418264173 ], [ -119.276424083017488, 35.491260657701496 ] ] ] } },
{ "type": "Feature", "properties": { "id": "p-01386", "input_id": "028-584-10", "source": "fd-00801", "demand": 1, "duct_group": 1, "duct_assignment": "4" }, "geometry": { "type": "Polygon", "coordinates": [ [ [ -119.276672638938805, 35.491261418264173 ], [ -119.276674018581659, 35.490959234053022 ], [ -119.276922573593851, 35.490959994110263 ], [ -119.276921195952625, 35.491262177411457 ], [ -119.276672638938805, 35.491261418264173 ] ] ] } },
{ "type": "Feature", "properties": { "id": "p-01387", "input_id": "028-584-11", "source": "fd-00801", "demand": 1, "duct_group": 1, "duct_assignment": "3" }, "geometry": { "type": "Polygon", "coordinates": [ [ [ -119.276921195952625, 35.491262177411457 ], [ -119.276922573593851, 35.490959994110263 ], [ -119.277171127508765, 35.490960753676354 ], [ -119.277169752971091, 35.491262936056117 ], [ -119.276921195952625, 35.491262177411457 ] ] ] } },
{ "type": "Feature", "properties": { "id": "p-01388", "input_id": "028-584-12", "source": "fd-00800", "demand": 1, "duct_group": 1, "duct_assignment": "1" }, "geometry": { "type": "Polygon", "coordinates": [ [ [ -119.277169752971091, 35.491262936056117 ], [ -119.277171127508765, 35.490960753676354 ], [ -119.277419681428171, 35.490961512739794 ], [ -119.277418308906164, 35.491263695110746 ], [ -119.277169752971091, 35.491262936056117 ] ] ] } },
{ "type": "Feature", "properties": { "id": "p-01389", "input_id": "028-584-13", "source": "fd-00800", "demand": 1, "duct_group": 1, "duct_assignment": "2" }, "geometry": { "type": "Polygon", "coordinates": [ [ [ -119.277418308906164, 35.491263695110746 ], [ -119.277419681428171, 35.490961512739794 ], [ -119.277691772633162, 35.490962342985263 ], [ -119.27769060175828, 35.491220565764323 ], [ -119.27763665368299, 35.491264361215414 ], [ -119.277418308906164, 35.491263695110746 ] ] ] } },
{ "type": "Feature", "properties": { "id": "p-01390", "input_id": "028-592-06", "source": "fd-00841", "demand": 1, "duct_group": 7, "duct_assignment": "5" }, "geometry": { "type": "Polygon", "coordinates": [ [ [ -119.276176910774893, 35.490957712407528 ], [ -119.276178294424767, 35.490655527241877 ], [ -119.276426846324256, 35.490656289225946 ], [ -119.276425464675981, 35.490958473481612 ], [ -119.276176910774893, 35.490957712407528 ] ] ] } },
{ "type": "Feature", "properties": { "id": "p-01391", "input_id": "028-592-05", "source": "fd-00841", "demand": 1, "duct_group": 7, "duct_assignment": "6" }, "geometry": { "type": "Polygon", "coordinates": [ [ [ -119.276425464675981, 35.490958473481612 ], [ -119.276426846324256, 35.490656289225946 ], [ -119.276675398214294, 35.490657049806046 ], [ -119.276674018581659, 35.490959234053022 ], [ -119.276425464675981, 35.490958473481612 ] ] ] } },
{ "type": "Feature", "properties": { "id": "p-01392", "input_id": "028-592-04", "source": "fd-00840", "demand": 1, "duct_group": 7, "duct_assignment": "3" }, "geometry": { "type": "Polygon", "coordinates": [ [ [ -119.276674018581659, 35.490959234053022 ], [ -119.276675398214294, 35.490657049806046 ], [ -119.276923950123006, 35.490657810784768 ], [ -119.276922573593851, 35.490959994110263 ], [ -119.276674018581659, 35.490959234053022 ] ] ] } },
{ "type": "Feature", "properties": { "id": "p-01393", "input_id": "028-592-03", "source": "fd-00840", "demand": 1, "duct_group": 7, "duct_assignment": "4" }, "geometry": { "type": "Polygon", "coordinates": [ [ [ -119.276922573593851, 35.490959994110263 ], [ -119.276923950123006, 35.490657810784768 ], [ -119.27717250202231, 35.490658570359635 ], [ -119.277171127508765, 35.490960753676354 ], [ -119.276922573593851, 35.490959994110263 ] ] ] } },
{ "type": "Feature", "properties": { "id": "p-01394", "input_id": "028-592-02", "source": "fd-00839", "demand": 1, "duct_group": 7, "duct_assignment": "1" }, "geometry": { "type": "Polygon", "coordinates": [ [ [ -119.277171127508765, 35.490960753676354 ], [ -119.27717250202231, 35.490658570359635 ], [ -119.277421053926162, 35.490659329431836 ], [ -119.277419681428171, 35.490961512739794 ], [ -119.277171127508765, 35.490960753676354 ] ] ] } },
{ "type": "Feature", "properties": { "id": "p-01395", "input_id": "028-592-01", "source": "fd-00839", "demand": 1, "duct_group": 7, "duct_assignment": "2" }, "geometry": { "type": "Polygon", "coordinates": [ [ [ -119.277419681428171, 35.490961512739794 ], [ -119.277421053926162, 35.490659329431836 ], [ -119.277639394907936, 35.490659996455868 ], [ -119.277692942384675, 35.490704119290257 ], [ -119.277691772633162, 35.490962342985263 ], [ -119.277419681428171, 35.490961512739794 ] ] ] } },
{ "type": "Feature", "properties": { "id": "p-01396", "input_id": "028-592-17", "source": "fd-00823", "demand": 1, "duct_group": 4, "duct_assignment": "7" }, "geometry": { "type": "Polygon", "coordinates": [ [ [ -119.276168872707871, 35.490512645759623 ], [ -119.276170256379814, 35.490210460541434 ], [ -119.276415446386807, 35.490211212375719 ], [ -119.276414064704142, 35.490513396683937 ], [ -119.276168872707871, 35.490512645759623 ] ] ] } },
{ "type": "Feature", "properties": { "id": "p-01397", "input_id": "028-592-18", "source": "fd-00823", "demand": 1, "duct_group": 4, "duct_assignment": "8" }, "geometry": { "type": "Polygon", "coordinates": [ [ [ -119.276414064704142, 35.490513396683937 ], [ -119.276415446386807, 35.490211212375719 ], [ -119.27666063639829, 35.490211963720917 ], [ -119.276659256718787, 35.490514148020345 ], [ -119.276414064704142, 35.490513396683937 ] ] ] } },
{ "type": "Feature", "properties": { "id": "p-01398", "input_id": "028-592-19", "source": "fd-00822", "demand": 1, "duct_group": 4, "duct_assignment": "6" }, "geometry": { "type": "Polygon", "coordinates": [ [ [ -119.276659256718787, 35.490514148020345 ], [ -119.27666063639829, 35.490211963720917 ], [ -119.276667347574417, 35.490211984142626 ], [ -119.276905825312326, 35.490212714588395 ], [ -119.276904448723982, 35.490514897966314 ], [ -119.276659256718787, 35.490514148020345 ] ] ] } },
{ "type": "Feature", "properties": { "id": "p-01399", "input_id": "028-592-20", "source": "fd-00822", "demand": 1, "duct_group": 4, "duct_assignment": "5" }, "geometry": { "type": "Polygon", "coordinates": [ [ [ -119.276904448723982, 35.490514897966314 ], [ -119.276905825312326, 35.490212714588395 ], [ -119.277151015332734, 35.490213464955268 ], [ -119.277149640747638, 35.490515648324411 ], [ -119.276904448723982, 35.490514897966314 ] ] ] } },
{ "type": "Feature", "properties": { "id": "p-01400", "input_id": "028-592-21", "source": "fd-00821", "demand": 1, "duct_group": 4, "duct_assignment": "4" }, "geometry": { "type": "Polygon", "coordinates": [ [ [ -119.277149640747638, 35.490515648324411 ], [ -119.277151015332734, 35.490213464955268 ], [ -119.277224902227715, 35.490213691318857 ], [ -119.277396205357647, 35.490214214832996 ], [ -119.277394832775784, 35.490516398193321 ], [ -119.277149640747638, 35.490515648324411 ] ] ] } },
{ "type": "Feature", "properties": { "id": "p-01401", "input_id": "028-592-22", "source": "fd-00845", "demand": 1, "duct_group": 8, "duct_assignment": "1" }, "geometry": { "type": "Polygon", "coordinates": [ [ [ -119.277394832775784, 35.490516398193321 ], [ -119.277396205357647, 35.490214214832996 ], [ -119.277695159774439, 35.4902151290812 ], [ -119.277693988920831, 35.490473351935883 ], [ -119.277640042425659, 35.4905171464886 ], [ -119.277394832775784, 35.490516398193321 ] ] ] } },
{ "type": "Feature", "properties": { "id": "p-01402", "input_id": "028-585-02", "source": "fd-00819", "demand": 1, "duct_group": 4, "duct_assignment": "1" }, "geometry": { "type": "Polygon", "coordinates": [ [ [ -119.277918811119093, 35.491265220626524 ], [ -119.277865262053652, 35.491221097911776 ], [ -119.277866013783481, 35.49105512833782 ], [ -119.278252311120355, 35.49105630485446 ], [ -119.278250401850144, 35.491211644806732 ], [ -119.278182989576436, 35.491266025709862 ], [ -119.277918811119093, 35.491265220626524 ] ] ] } },
{ "type": "Feature", "properties": { "id": "p-01403", "input_id": "028-585-01", "source": "fd-00820", "demand": 1, "duct_group": 4, "duct_assignment": "3" }, "geometry": { "type": "Polygon", "coordinates": [ [ [ -119.277866013783481, 35.49105512833782 ], [ -119.277866885264316, 35.490862830951635 ], [ -119.278254674072357, 35.49086401267521 ], [ -119.278252311120355, 35.49105630485446 ], [ -119.277866013783481, 35.49105512833782 ] ] ] } },
{ "type": "Feature", "properties": { "id": "p-01404", "input_id": "028-591-05", "source": "fd-00820", "demand": 1, "duct_group": 4, "duct_assignment": "2" }, "geometry": { "type": "Polygon", "coordinates": [ [ [ -119.277866885264316, 35.490862830951635 ], [ -119.27786775563915, 35.490670533562366 ], [ -119.278257035911409, 35.490671720492919 ], [ -119.278254674072357, 35.49086401267521 ], [ -119.277866885264316, 35.490862830951635 ] ] ] } },
{ "type": "Feature", "properties": { "id": "p-01405", "input_id": "028-591-04", "source": "fd-00806", "demand": 1, "duct_group": 2, "duct_assignment": "1" }, "geometry": { "type": "Polygon", "coordinates": [ [ [ -119.27786775563915, 35.490670533562366 ], [ -119.277868626009933, 35.490478236158616 ], [ -119.278259398827331, 35.490479427383391 ], [ -119.278257035911409, 35.490671720492919 ], [ -119.27786775563915, 35.490670533562366 ] ] ] } },
{ "type": "Feature", "properties": { "id": "p-01406", "input_id": "028-591-03", "source": "fd-00806", "demand": 1, "duct_group": 2, "duct_assignment": "2" }, "geometry": { "type": "Polygon", "coordinates": [ [ [ -119.277868626009933, 35.490478236158616 ], [ -119.277869497464536, 35.490285937827743 ], [ -119.27826176174618, 35.490287135160628 ], [ -119.278259398827331, 35.490479427383391 ], [ -119.277868626009933, 35.490478236158616 ] ] ] } },
{ "type": "Feature", "properties": { "id": "p-01407", "input_id": "028-591-02", "source": "fd-00807", "demand": 1, "duct_group": 2, "duct_assignment": "3" }, "geometry": { "type": "Polygon", "coordinates": [ [ [ -119.277869497464536, 35.490285937827743 ], [ -119.277870367827134, 35.490093640395067 ], [ -119.278264124654015, 35.490094842923284 ], [ -119.27826176174618, 35.490287135160628 ], [ -119.277869497464536, 35.490285937827743 ] ] ] } },
{ "type": "Feature", "properties": { "id": "p-01408", "input_id": "028-591-01", "source": "fd-00807", "demand": 1, "duct_group": 2, "duct_assignment": "4" }, "geometry": { "type": "Polygon", "coordinates": [ [ [ -119.277870367827134, 35.490093640395067 ], [ -119.277871101764205, 35.489931561282873 ], [ -119.277925046650054, 35.489887766630218 ], [ -119.278199063146005, 35.489888603638896 ], [ -119.27826597739228, 35.489944092409289 ], [ -119.278264124654015, 35.490094842923284 ], [ -119.277870367827134, 35.490093640395067 ] ] ] } },
{ "type": "Feature", "properties": { "id": "p-01409", "input_id": "028-594-16", "source": "fd-00808", "demand": 1, "duct_group": 2, "duct_assignment": "5" }, "geometry": { "type": "Polygon", "coordinates": [ [ [ -119.27792569367935, 35.489744917519467 ], [ -119.277872146688495, 35.489700793868735 ], [ -119.277872472281302, 35.489629003779108 ], [ -119.277873744607618, 35.489617344647897 ], [ -119.277877419368536, 35.489606031579576 ], [ -119.277883389810654, 35.48959539322091 ], [ -119.277899903503553, 35.489567770135231 ], [ -119.277912193422537, 35.489538711361277 ], [ -119.277920077657114, 35.489508647025893 ], [ -119.27827131544413, 35.489509721051149 ], [ -119.27826908260873, 35.489691381118782 ], [ -119.2782016737698, 35.489745760239146 ], [ -119.27792569367935, 35.489744917519467 ] ] ] } },
{ "type": "Feature", "properties": { "id": "p-01410", "input_id": "028-594-15", "source": "fd-00808", "demand": 1, "duct_group": 2, "duct_assignment": "6" }, "geometry": { "type": "Polygon", "coordinates": [ [ [ -119.277920077657114, 35.489508647025893 ], [ -119.277923558224714, 35.489468543990803 ], [ -119.27791921914698, 35.489428496980857 ], [ -119.277907170241122, 35.489389519436372 ], [ -119.277887716430101, 35.489352597732079 ], [ -119.277861350025489, 35.489318666215986 ], [ -119.277828738267857, 35.489288583564623 ], [ -119.27779070644101, 35.48926311105371 ], [ -119.277748216987021, 35.489242893293572 ], [ -119.277702345150544, 35.489228441916708 ], [ -119.277654251769093, 35.489220122630783 ], [ -119.277605153897028, 35.489218145964124 ], [ -119.277556294007951, 35.48922256193854 ], [ -119.277508908553159, 35.48923325880299 ], [ -119.27746419667271, 35.489249965861859 ], [ -119.277450843375277, 35.489254855878485 ], [ -119.277436654940885, 35.489257775956048 ], [ -119.277438023409346, 35.488956402827107 ], [ -119.278278082529383, 35.4889589486963 ], [ -119.27827131544413, 35.489509721051149 ], [ -119.277920077657114, 35.489508647025893 ] ] ] } },
{ "type": "Feature", "properties": { "id": "p-01411", "input_id": "028-592-23", "source": "fd-00846", "demand": 1, "duct_group": 8, "duct_assignment": "2" }, "geometry": { "type": "Polygon", "coordinates": [ [ [ -119.277396205357647, 35.490214214832996 ], [ -119.277224902227715, 35.490213691318857 ], [ -119.277225802237567, 35.490015898789252 ], [ -119.277696056448903, 35.490017336571185 ], [ -119.277695159774439, 35.4902151290812 ], [ -119.277396205357647, 35.490214214832996 ] ] ] } },
{ "type": "Feature", "properties": { "id": "p-01412", "input_id": "028-592-24", "source": "fd-00846", "demand": 1, "duct_group": 8, "duct_assignment": "3" }, "geometry": { "type": "Polygon", "coordinates": [ [ [ -119.277225802237567, 35.490015898789252 ], [ -119.277226701141075, 35.489818106255825 ], [ -119.277696953133088, 35.489819544947139 ], [ -119.277696056448903, 35.490017336571185 ], [ -119.277225802237567, 35.490015898789252 ] ] ] } },
{ "type": "Feature", "properties": { "id": "p-01413", "input_id": "028-592-25", "source": "fd-00847", "demand": 1, "duct_group": 8, "duct_assignment": "4" }, "geometry": { "type": "Polygon", "coordinates": [ [ [ -119.277226701141075, 35.489818106255825 ], [ -119.277227601142272, 35.489620313695639 ], [ -119.277697849798955, 35.489621752406542 ], [ -119.277696953133088, 35.489819544947139 ], [ -119.277226701141075, 35.489818106255825 ] ] ] } },
{ "type": "Feature", "properties": { "id": "p-01414", "input_id": "028-592-26", "source": "fd-00847", "demand": 1, "duct_group": 8, "duct_assignment": "5" }, "geometry": { "type": "Polygon", "coordinates": [ [ [ -119.277227601142272, 35.489620313695639 ], [ -119.277228599464379, 35.489400901430194 ], [ -119.277614878055488, 35.489402083670463 ], [ -119.27762801014994, 35.489402969560423 ], [ -119.277640811118204, 35.489405524691712 ], [ -119.277652965755692, 35.489409686148136 ], [ -119.277664174772553, 35.489415351459904 ], [ -119.277674162163308, 35.489422381127348 ], [ -119.277682682002961, 35.489430602055307 ], [ -119.277689524502662, 35.489439811815579 ], [ -119.277694521175334, 35.489449783631436 ], [ -119.277697548984619, 35.489460271961526 ], [ -119.277698533374277, 35.489471018545984 ], [ -119.277697849798955, 35.489621752406542 ], [ -119.277227601142272, 35.489620313695639 ] ] ] } },
{ "type": "Feature", "properties": { "id": "p-01415", "input_id": "028-592-27", "source": "fd-00747", "demand": 1, "duct_group": 1, "duct_assignment": "1" }, "geometry": { "type": "Polygon", "coordinates": [ [ [ -119.276757382254445, 35.489618872876363 ], [ -119.276758182866331, 35.489443418413849 ], [ -119.276812129126654, 35.489399624229883 ], [ -119.277228599464379, 35.489400901430194 ], [ -119.277227601142272, 35.489620313695639 ], [ -119.276757382254445, 35.489618872876363 ] ] ] } },
{ "type": "Feature", "properties": { "id": "p-01416", "input_id": "028-592-28", "source": "fd-00849", "demand": 1, "duct_group": 8, "duct_assignment": "8" }, "geometry": { "type": "Polygon", "coordinates": [ [ [ -119.276756480019955, 35.489816665444678 ], [ -119.276757382254445, 35.489618872876363 ], [ -119.277227601142272, 35.489620313695639 ], [ -119.277226701141075, 35.489818106255825 ], [ -119.276756480019955, 35.489816665444678 ] ] ] } },
{ "type": "Feature", "properties": { "id": "p-01417", "input_id": "028-592-29", "source": "fd-00849", "demand": 1, "duct_group": 8, "duct_assignment": "9" }, "geometry": { "type": "Polygon", "coordinates": [ [ [ -119.276836053326065, 35.490014705381114 ], [ -119.276833049991353, 35.48999335751099 ], [ -119.276826012351364, 35.489972653983173 ], [ -119.27681511265574, 35.489953101517528 ], [ -119.276800617677438, 35.489935178661071 ], [ -119.276782882183312, 35.489919324075998 ], [ -119.276773603078283, 35.489910962107309 ], [ -119.276766124798201, 35.489901469604 ], [ -119.276760649513278, 35.48989110319026 ], [ -119.276757325243764, 35.489880143115869 ], [ -119.276756241858365, 35.489868885679648 ], [ -119.276756480019955, 35.489816665444678 ], [ -119.277226701141075, 35.489818106255825 ], [ -119.277225802237567, 35.490015898789252 ], [ -119.276836053326065, 35.490014705381114 ] ] ] } },
{ "type": "Feature", "properties": { "id": "p-01418", "input_id": "028-592-30", "source": "fd-00851", "demand": 1, "duct_group": 8, "duct_assignment": "12" }, "geometry": { "type": "Polygon", "coordinates": [ [ [ -119.277151015332734, 35.490213464955268 ], [ -119.276905825312326, 35.490212714588395 ], [ -119.276667347574417, 35.490211984142626 ], [ -119.276667598621245, 35.49015704161873 ], [ -119.276694541936251, 35.490155345240403 ], [ -119.276720803789189, 35.490150136633908 ], [ -119.276745704236518, 35.490141550654926 ], [ -119.276768598583317, 35.49012980960218 ], [ -119.276788894074997, 35.490115217462296 ], [ -119.276806065244529, 35.490098152038897 ], [ -119.276819667517316, 35.490079055170689 ], [ -119.27682934872125, 35.490058421292197 ], [ -119.276834858204751, 35.490036784631997 ], [ -119.276836053326065, 35.490014705381114 ], [ -119.277225802237567, 35.490015898789252 ], [ -119.277224902227715, 35.490213691318857 ], [ -119.277151015332734, 35.490213464955268 ] ] ] } },
{ "type": "Feature", "properties": { "id": "p-01419", "input_id": "028-592-31", "source": "fd-00851", "demand": 1, "duct_group": 8, "duct_assignment": "11" }, "geometry": { "type": "Polygon", "coordinates": [ [ [ -119.27666063639829, 35.490211963720917 ], [ -119.276415446386807, 35.490211212375719 ], [ -119.276170256379814, 35.490210460541434 ], [ -119.276109794060147, 35.490210275326866 ], [ -119.276110700030713, 35.490012480968375 ], [ -119.276500447819188, 35.490013676688221 ], [ -119.276501441005351, 35.490035762966656 ], [ -119.276506752543824, 35.490057433051902 ], [ -119.276516244917872, 35.490078125888004 ], [ -119.276529672365271, 35.490097305720461 ], [ -119.276546687240611, 35.490114475967253 ], [ -119.276566849016291, 35.490129192076076 ], [ -119.276589635687799, 35.490141073033996 ], [ -119.276614457289071, 35.49014981123252 ], [ -119.276640671167172, 35.490155180431898 ], [ -119.276667598621245, 35.49015704161873 ], [ -119.276667347574417, 35.490211984142626 ], [ -119.27666063639829, 35.490211963720917 ] ] ] } },
{ "type": "Feature", "properties": { "id": "p-01420", "input_id": "028-592-32", "source": "fd-00850", "demand": 1, "duct_group": 8, "duct_assignment": "10" }, "geometry": { "type": "Polygon", "coordinates": [ [ [ -119.276110700030713, 35.490012480968375 ], [ -119.276111607112909, 35.489814687484362 ], [ -119.276581827095441, 35.489816129872992 ], [ -119.276581587734853, 35.489868351020341 ], [ -119.276580401504361, 35.489879601215343 ], [ -119.276576977253342, 35.489890540368052 ], [ -119.276571407551529, 35.489900872751271 ], [ -119.276563842968727, 35.489910319040945 ], [ -119.276554488003953, 35.489918623867567 ], [ -119.27653660843535, 35.489934369520533 ], [ -119.276521950353626, 35.489952203145492 ], [ -119.276510872513782, 35.489971688269051 ], [ -119.276503646045924, 35.489992347997436 ], [ -119.276500447819188, 35.490013676688221 ], [ -119.276110700030713, 35.490012480968375 ] ] ] } },
{ "type": "Feature", "properties": { "id": "p-01421", "input_id": "028-592-33", "source": "fd-00848", "demand": 1, "duct_group": 8, "duct_assignment": "7" }, "geometry": { "type": "Polygon", "coordinates": [ [ [ -119.276111607112909, 35.489814687484362 ], [ -119.276112513074722, 35.489616893095281 ], [ -119.276582729736063, 35.489618336404689 ], [ -119.276581827095441, 35.489816129872992 ], [ -119.276111607112909, 35.489814687484362 ] ] ] } },
{ "type": "Feature", "properties": { "id": "p-01422", "input_id": "028-592-34", "source": "fd-00848", "demand": 1, "duct_group": 8, "duct_assignment": "6" }, "geometry": { "type": "Polygon", "coordinates": [ [ [ -119.276112513074722, 35.489616893095281 ], [ -119.27611351875268, 35.489397478990426 ], [ -119.276529986864816, 35.489398758580947 ], [ -119.276583531836593, 35.489442882833103 ], [ -119.276582729736063, 35.489618336404689 ], [ -119.276112513074722, 35.489616893095281 ] ] ] } },
{ "type": "Feature", "properties": { "id": "p-01423", "input_id": "028-594-14", "source": "fd-00809", "demand": 1, "duct_group": 2, "duct_assignment": "8" }, "geometry": { "type": "Polygon", "coordinates": [ [ [ -119.277423024255498, 35.489258645051841 ], [ -119.277191468659211, 35.489257934739278 ], [ -119.277192843845128, 35.488955659272314 ], [ -119.277438023409346, 35.488956402827107 ], [ -119.277436654940885, 35.489257775956048 ], [ -119.277423024255498, 35.489258645051841 ] ] ] } },
{ "type": "Feature", "properties": { "id": "p-01424", "input_id": "028-594-13", "source": "fd-00809", "demand": 1, "duct_group": 2, "duct_assignment": "7" }, "geometry": { "type": "Polygon", "coordinates": [ [ [ -119.276946285881991, 35.489257183505835 ], [ -119.276947663169395, 35.488954914338727 ], [ -119.277192843845128, 35.488955659272314 ], [ -119.277191468659211, 35.489257934739278 ], [ -119.276946285881991, 35.489257183505835 ] ] ] } },
{ "type": "Feature", "properties": { "id": "p-01425", "input_id": "028-594-12", "source": "fd-00810", "demand": 1, "duct_group": 2, "duct_assignment": "9" }, "geometry": { "type": "Polygon", "coordinates": [ [ [ -119.276701103095363, 35.489256430881952 ], [ -119.276702482512079, 35.488954169817148 ], [ -119.276947663169395, 35.488954914338727 ], [ -119.276946285881991, 35.489257183505835 ], [ -119.276701103095363, 35.489256430881952 ] ] ] } },
{ "type": "Feature", "properties": { "id": "p-01426", "input_id": "028-594-11", "source": "fd-00810", "demand": 1, "duct_group": 2, "duct_assignment": "10" }, "geometry": { "type": "Polygon", "coordinates": [ [ [ -119.276455920327123, 35.48925567867024 ], [ -119.276457302947165, 35.488953423893854 ], [ -119.276702482512079, 35.488954169817148 ], [ -119.276701103095363, 35.489256430881952 ], [ -119.276455920327123, 35.48925567867024 ] ] ] } },
{ "type": "Feature", "properties": { "id": "p-01427", "input_id": "028-594-10", "source": "fd-00811", "demand": 1, "duct_group": 2, "duct_assignment": "11" }, "geometry": { "type": "Polygon", "coordinates": [ [ [ -119.276210738651372, 35.489254925056656 ], [ -119.276212122298816, 35.48895267839405 ], [ -119.276457302947165, 35.488953423893854 ], [ -119.276455920327123, 35.48925567867024 ], [ -119.276210738651372, 35.489254925056656 ] ] ] } },
{ "type": "Feature", "properties": { "id": "p-01428", "input_id": "028-594-09", "source": "fd-00811", "demand": 1, "duct_group": 2, "duct_assignment": "12" }, "geometry": { "type": "Polygon", "coordinates": [ [ [ -119.275965555878201, 35.489254170965488 ], [ -119.27596694164086, 35.488951931503934 ], [ -119.276212122298816, 35.48895267839405 ], [ -119.276210738651372, 35.489254925056656 ], [ -119.275965555878201, 35.489254170965488 ] ] ] } },
{ "type": "Feature", "properties": { "id": "p-01429", "input_id": "028-594-08", "source": "fd-00760", "demand": 1, "duct_group": 3, "duct_assignment": "2" }, "geometry": { "type": "Polygon", "coordinates": [ [ [ -119.275720373123448, 35.489253417286314 ], [ -119.27572176100135, 35.488951185025925 ], [ -119.27596694164086, 35.488951931503934 ], [ -119.275965555878201, 35.489254170965488 ], [ -119.275720373123448, 35.489253417286314 ] ] ] } },
{ "type": "Feature", "properties": { "id": "p-01430", "input_id": "028-594-07", "source": "fd-00760", "demand": 1, "duct_group": 3, "duct_assignment": "1" }, "geometry": { "type": "Polygon", "coordinates": [ [ [ -119.275475190359259, 35.489252662216877 ], [ -119.275476581454257, 35.488950437146144 ], [ -119.27572176100135, 35.488951185025925 ], [ -119.275720373123448, 35.489253417286314 ], [ -119.275475190359259, 35.489252662216877 ] ] ] } },
{ "type": "Feature", "properties": { "id": "p-01431", "input_id": "028-594-06", "source": "fd-00763", "demand": 1, "duct_group": 3, "duct_assignment": "6" }, "geometry": { "type": "Polygon", "coordinates": [ [ [ -119.275230007599575, 35.489251906658268 ], [ -119.275231400823657, 35.488949689689875 ], [ -119.275476581454257, 35.488950437146144 ], [ -119.275475190359259, 35.489252662216877 ], [ -119.275230007599575, 35.489251906658268 ] ] ] } },
{ "type": "Feature", "properties": { "id": "p-01432", "input_id": "028-592-35", "source": "fd-00761", "demand": 1, "duct_group": 3, "duct_assignment": "4" }, "geometry": { "type": "Polygon", "coordinates": [ [ [ -119.275642296430021, 35.489615447986914 ], [ -119.275643102713573, 35.489439992595869 ], [ -119.275697049565679, 35.489396198901268 ], [ -119.27611351875268, 35.489397478990426 ], [ -119.276112513074722, 35.489616893095281 ], [ -119.275642296430021, 35.489615447986914 ] ] ] } },
{ "type": "Feature", "properties": { "id": "p-01433", "input_id": "028-592-36", "source": "fd-00761", "demand": 1, "duct_group": 3, "duct_assignment": "3" }, "geometry": { "type": "Polygon", "coordinates": [ [ [ -119.275641387132836, 35.489813242395492 ], [ -119.275642296430021, 35.489615447986914 ], [ -119.276112513074722, 35.489616893095281 ], [ -119.276111607112909, 35.489814687484362 ], [ -119.275641387132836, 35.489813242395492 ] ] ] } },
{ "type": "Feature", "properties": { "id": "p-01434", "input_id": "028-592-42", "source": "fd-00762", "demand": 1, "duct_group": 3, "duct_assignment": "5" }, "geometry": { "type": "Polygon", "coordinates": [ [ [ -119.274997427318084, 35.489613463256184 ], [ -119.274998440351951, 35.489394047311933 ], [ -119.275414908429227, 35.489395330681077 ], [ -119.27546845169843, 35.489439455430507 ], [ -119.275467643940161, 35.48961491083184 ], [ -119.274997427318084, 35.489613463256184 ] ] ] } },
{ "type": "Feature", "properties": { "id": "p-01435", "input_id": "028-592-41", "source": "fd-00765", "demand": 1, "duct_group": 3, "duct_assignment": "9" }, "geometry": { "type": "Polygon", "coordinates": [ [ [ -119.27499651427955, 35.48981125858429 ], [ -119.274997427318084, 35.489613463256184 ], [ -119.275467643940161, 35.48961491083184 ], [ -119.275466733120908, 35.489812705250642 ], [ -119.27499651427955, 35.48981125858429 ] ] ] } },
{ "type": "Feature", "properties": { "id": "p-01436", "input_id": "028-592-37", "source": "fd-00764", "demand": 1, "duct_group": 3, "duct_assignment": "8" }, "geometry": { "type": "Polygon", "coordinates": [ [ [ -119.275720953355602, 35.490011284001127 ], [ -119.275717950688318, 35.489989936225363 ], [ -119.275710913752434, 35.489969232699636 ], [ -119.275700014777883, 35.489949680136768 ], [ -119.27568552051639, 35.4899317570801 ], [ -119.275667785712727, 35.489915902190617 ], [ -119.275658506959743, 35.489907540062497 ], [ -119.275651029046628, 35.489898047455569 ], [ -119.275645554130932, 35.489887680993469 ], [ -119.275642230221152, 35.489876720923633 ], [ -119.27564114717498, 35.489865463541037 ], [ -119.275641387132836, 35.489813242395492 ], [ -119.276111607112909, 35.489814687484362 ], [ -119.276110700030713, 35.490012480968375 ], [ -119.275720953355602, 35.490011284001127 ] ] ] } },
{ "type": "Feature", "properties": { "id": "p-01437", "input_id": "028-592-38", "source": "fd-00766", "demand": 1, "duct_group": 3, "duct_assignment": "12" }, "geometry": { "type": "Polygon", "coordinates": [ [ [ -119.275925066377241, 35.490209708217932 ], [ -119.275679876379243, 35.490208955405308 ], [ -119.275552240555072, 35.490208563080444 ], [ -119.275552493449197, 35.490153620547296 ], [ -119.275579437263815, 35.490151924536647 ], [ -119.275605699676902, 35.490146716210006 ], [ -119.275630600723588, 35.490138130417087 ], [ -119.275653495686868, 35.490126389454183 ], [ -119.275673791790354, 35.490111797308494 ], [ -119.275690963545898, 35.490094731787615 ], [ -119.275704566359252, 35.490075634737288 ], [ -119.275714248040813, 35.490055000601657 ], [ -119.275719757924094, 35.490033363621279 ], [ -119.275720953355602, 35.490011284001127 ], [ -119.276110700030713, 35.490012480968375 ], [ -119.276109794060147, 35.490210275326866 ], [ -119.275925066377241, 35.490209708217932 ] ] ] } },
{ "type": "Feature", "properties": { "id": "p-01438", "input_id": "028-592-39", "source": "fd-00766", "demand": 1, "duct_group": 3, "duct_assignment": "11" }, "geometry": { "type": "Polygon", "coordinates": [ [ [ -119.275434687487703, 35.490208202092106 ], [ -119.275172703568032, 35.490207396309003 ], [ -119.274994687087329, 35.490206849205961 ], [ -119.274995600134687, 35.490009053908494 ], [ -119.275385347890634, 35.490010253164563 ], [ -119.275386340448676, 35.490032339322141 ], [ -119.275391651336378, 35.490054009371576 ], [ -119.275401143054395, 35.490074702259669 ], [ -119.275414569858199, 35.490093882232308 ], [ -119.27543158412017, 35.490111052705373 ], [ -119.275451745330002, 35.490125769122223 ], [ -119.27547453149954, 35.490137650463076 ], [ -119.275499352677585, 35.490146389110535 ], [ -119.275525566224118, 35.49015175881393 ], [ -119.275552493449197, 35.490153620547296 ], [ -119.275552240555072, 35.490208563080444 ], [ -119.275434687487703, 35.490208202092106 ] ] ] } },
{ "type": "Feature", "properties": { "id": "p-01439", "input_id": "028-592-40", "source": "fd-00765", "demand": 1, "duct_group": 3, "duct_assignment": "10" }, "geometry": { "type": "Polygon", "coordinates": [ [ [ -119.274995600134687, 35.490009053908494 ], [ -119.27499651427955, 35.48981125858429 ], [ -119.275466733120908, 35.489812705250642 ], [ -119.275466493052022, 35.489864926395875 ], [ -119.275465306576834, 35.489876176826286 ], [ -119.275461882015009, 35.489887116173691 ], [ -119.27545631194667, 35.489897448699722 ], [ -119.275448746954339, 35.489906895070803 ], [ -119.27543939155241, 35.489915199909987 ], [ -119.275421511251281, 35.489930945456145 ], [ -119.275406852436021, 35.489948779074957 ], [ -119.275395773881726, 35.489968264290432 ], [ -119.275388546737645, 35.489988924203637 ], [ -119.275385347890634, 35.490010253164563 ], [ -119.274995600134687, 35.490009053908494 ] ] ] } },
{ "type": "Feature", "properties": { "id": "p-01440", "input_id": "028-592-46", "source": "fd-00799", "demand": 1, "duct_group": 0, "duct_assignment": "11" }, "geometry": { "type": "Polygon", "coordinates": [ [ [ -119.274910719667446, 35.490206590868723 ], [ -119.274541255521825, 35.490205452860231 ], [ -119.27454217185003, 35.490007656641971 ], [ -119.274995600134687, 35.490009053908494 ], [ -119.274994687087329, 35.490206849205961 ], [ -119.274910719667446, 35.490206590868723 ] ] ] } },
{ "type": "Feature", "properties": { "id": "p-01441", "input_id": "028-592-45", "source": "fd-00799", "demand": 1, "duct_group": 0, "duct_assignment": "12" }, "geometry": { "type": "Polygon", "coordinates": [ [ [ -119.27454217185003, 35.490007656641971 ], [ -119.274543087085831, 35.489809861321014 ], [ -119.27499651427955, 35.48981125858429 ], [ -119.274995600134687, 35.490009053908494 ], [ -119.27454217185003, 35.490007656641971 ] ] ] } },
{ "type": "Feature", "properties": { "id": "p-01442", "input_id": "028-592-44", "source": "fd-00749", "demand": 1, "duct_group": 1, "duct_assignment": "4" }, "geometry": { "type": "Polygon", "coordinates": [ [ [ -119.274543087085831, 35.489809861321014 ], [ -119.274544003405268, 35.489612065072109 ], [ -119.274997427318084, 35.489613463256184 ], [ -119.27499651427955, 35.48981125858429 ], [ -119.274543087085831, 35.489809861321014 ] ] ] } },
{ "type": "Feature", "properties": { "id": "p-01443", "input_id": "028-592-43", "source": "fd-00749", "demand": 1, "duct_group": 1, "duct_assignment": "5" }, "geometry": { "type": "Polygon", "coordinates": [ [ [ -119.274544003405268, 35.489612065072109 ], [ -119.274544815324703, 35.489436608752563 ], [ -119.274598763847578, 35.489392814627294 ], [ -119.274998440351951, 35.489394047311933 ], [ -119.274997427318084, 35.489613463256184 ], [ -119.274544003405268, 35.489612065072109 ] ] ] } },
{ "type": "Feature", "properties": { "id": "p-01444", "input_id": "028-593-07", "source": "fd-00751", "demand": 1, "duct_group": 1, "duct_assignment": "8" }, "geometry": { "type": "Polygon", "coordinates": [ [ [ -119.27399744950074, 35.489615870761021 ], [ -119.274000897420777, 35.489390969061333 ], [ -119.274316622734418, 35.489391943885813 ], [ -119.274370164323884, 35.48943607002645 ], [ -119.274369324760798, 35.489617018726015 ], [ -119.27399744950074, 35.489615870761021 ] ] ] } },
{ "type": "Feature", "properties": { "id": "p-01445", "input_id": "028-593-06", "source": "fd-00752", "demand": 1, "duct_group": 1, "duct_assignment": "10" }, "geometry": { "type": "Polygon", "coordinates": [ [ [ -119.273994291026909, 35.489821901790769 ], [ -119.27399744950074, 35.489615870761021 ], [ -119.274369324760798, 35.489617018726015 ], [ -119.274368370469233, 35.489823056664299 ], [ -119.273994291026909, 35.489821901790769 ] ] ] } },
{ "type": "Feature", "properties": { "id": "p-01446", "input_id": "028-593-05", "source": "fd-00752", "demand": 1, "duct_group": 1, "duct_assignment": "9" }, "geometry": { "type": "Polygon", "coordinates": [ [ [ -119.273991259412796, 35.490019691990774 ], [ -119.273994291026909, 35.489821901790769 ], [ -119.274368370469233, 35.489823056664299 ], [ -119.274367452608942, 35.49002085200577 ], [ -119.273991259412796, 35.490019691990774 ] ] ] } },
{ "type": "Feature", "properties": { "id": "p-01447", "input_id": "028-593-04", "source": "fd-00753", "demand": 1, "duct_group": 1, "duct_assignment": "11" }, "geometry": { "type": "Polygon", "coordinates": [ [ [ -119.273988226682135, 35.490217482186836 ], [ -119.273991259412796, 35.490019691990774 ], [ -119.274367452608942, 35.49002085200577 ], [ -119.27436653586021, 35.490218648221713 ], [ -119.273988226682135, 35.490217482186836 ] ] ] } },
{ "type": "Feature", "properties": { "id": "p-01448", "input_id": "028-594-05", "source": "fd-00763", "demand": 1, "duct_group": 3, "duct_assignment": "7" }, "geometry": { "type": "Polygon", "coordinates": [ [ [ -119.274984824858308, 35.48925115151178 ], [ -119.27498622018355, 35.488948940843258 ], [ -119.275231400823657, 35.488949689689875 ], [ -119.275230007599575, 35.489251906658268 ], [ -119.274984824858308, 35.48925115151178 ] ] ] } },
{ "type": "Feature", "properties": { "id": "p-01449", "input_id": "028-594-04", "source": "fd-00748", "demand": 1, "duct_group": 1, "duct_assignment": "2" }, "geometry": { "type": "Polygon", "coordinates": [ [ [ -119.274739642107633, 35.489250394974945 ], [ -119.274741039561874, 35.488948192408778 ], [ -119.27498622018355, 35.488948940843258 ], [ -119.274984824858308, 35.48925115151178 ], [ -119.274739642107633, 35.489250394974945 ] ] ] } },
{ "type": "Feature", "properties": { "id": "p-01450", "input_id": "028-594-03", "source": "fd-00748", "demand": 1, "duct_group": 1, "duct_assignment": "3" }, "geometry": { "type": "Polygon", "coordinates": [ [ [ -119.274494460477413, 35.48924963883875 ], [ -119.274495860032616, 35.488947442572531 ], [ -119.274741039561874, 35.488948192408778 ], [ -119.274739642107633, 35.489250394974945 ], [ -119.274494460477413, 35.48924963883875 ] ] ] } },
{ "type": "Feature", "properties": { "id": "p-01451", "input_id": "028-594-02", "source": "fd-00750", "demand": 1, "duct_group": 1, "duct_assignment": "7" }, "geometry": { "type": "Polygon", "coordinates": [ [ [ -119.274249277735692, 35.489248881323661 ], [ -119.274250679419936, 35.488946693159789 ], [ -119.274495860032616, 35.488947442572531 ], [ -119.274494460477413, 35.48924963883875 ], [ -119.274249277735692, 35.489248881323661 ] ] ] } },
{ "type": "Feature", "properties": { "id": "p-01452", "input_id": "028-594-01", "source": "fd-00750", "demand": 1, "duct_group": 1, "duct_assignment": "6" }, "geometry": { "type": "Polygon", "coordinates": [ [ [ -119.27400308651589, 35.489248120253222 ], [ -119.274007718553378, 35.488945949090919 ], [ -119.274250679419936, 35.488946693159789 ], [ -119.274249277735692, 35.489248881323661 ], [ -119.27400308651589, 35.489248120253222 ] ] ] } },
{ "type": "Feature", "properties": { "id": "p-01453", "input_id": "026-733-24", "source": "fd-00612", "demand": 1, "duct_group": 5, "duct_assignment": "2" }, "geometry": { "type": "Polygon", "coordinates": [ [ [ -119.283798630946237, 35.506992700086428 ], [ -119.283732298769209, 35.506937638393183 ], [ -119.283733538305, 35.506811906407016 ], [ -119.284154425383278, 35.506815101553251 ], [ -119.284152720193063, 35.506993605710122 ], [ -119.283798630946237, 35.506992700086428 ] ] ] } },
{ "type": "Feature", "properties": { "id": "p-01454", "input_id": "026-733-23", "source": "fd-00612", "demand": 1, "duct_group": 5, "duct_assignment": "1" }, "geometry": { "type": "Polygon", "coordinates": [ [ [ -119.283733538305, 35.506811906407016 ], [ -119.283735212601044, 35.506647104352055 ], [ -119.284156081130334, 35.506650295170914 ], [ -119.284154425383278, 35.506815101553251 ], [ -119.283733538305, 35.506811906407016 ] ] ] } },
{ "type": "Feature", "properties": { "id": "p-01455", "input_id": "026-733-22", "source": "fd-00613", "demand": 1, "duct_group": 5, "duct_assignment": "3" }, "geometry": { "type": "Polygon", "coordinates": [ [ [ -119.283735212601044, 35.506647104352055 ], [ -119.283736914219347, 35.506482287578955 ], [ -119.28415777084075, 35.506485475803629 ], [ -119.284156081130334, 35.506650295170914 ], [ -119.283735212601044, 35.506647104352055 ] ] ] } },
{ "type": "Feature", "properties": { "id": "p-01456", "input_id": "026-733-21", "source": "fd-00601", "demand": 1, "duct_group": 2, "duct_assignment": "2" }, "geometry": { "type": "Polygon", "coordinates": [ [ [ -119.283736914219347, 35.506482287578955 ], [ -119.283738631162535, 35.506317464325292 ], [ -119.284159479210828, 35.506320651723698 ], [ -119.28415777084075, 35.506485475803629 ], [ -119.283736914219347, 35.506482287578955 ] ] ] } },
{ "type": "Feature", "properties": { "id": "p-01457", "input_id": "026-733-20", "source": "fd-00601", "demand": 1, "duct_group": 2, "duct_assignment": "1" }, "geometry": { "type": "Polygon", "coordinates": [ [ [ -119.283738631162535, 35.506317464325292 ], [ -119.283740359064211, 35.506152637340854 ], [ -119.284161201831793, 35.506155822977128 ], [ -119.284159479210828, 35.506320651723698 ], [ -119.283738631162535, 35.506317464325292 ] ] ] } },
{ "type": "Feature", "properties": { "id": "p-01458", "input_id": "026-733-19", "source": "fd-00602", "demand": 1, "duct_group": 2, "duct_assignment": "4" }, "geometry": { "type": "Polygon", "coordinates": [ [ [ -119.283740359064211, 35.506152637340854 ], [ -119.283742095748082, 35.505987808451103 ], [ -119.284162937657669, 35.505990993180426 ], [ -119.284161201831793, 35.506155822977128 ], [ -119.283740359064211, 35.506152637340854 ] ] ] } },
{ "type": "Feature", "properties": { "id": "p-01459", "input_id": "026-733-18", "source": "fd-00602", "demand": 1, "duct_group": 2, "duct_assignment": "3" }, "geometry": { "type": "Polygon", "coordinates": [ [ [ -119.283742095748082, 35.505987808451103 ], [ -119.283743841214118, 35.505822977656024 ], [ -119.28416468887869, 35.505826161409246 ], [ -119.284162937657669, 35.505990993180426 ], [ -119.283742095748082, 35.505987808451103 ] ] ] } },
{ "type": "Feature", "properties": { "id": "p-01460", "input_id": "026-733-17", "source": "fd-00603", "demand": 1, "duct_group": 2, "duct_assignment": "5" }, "geometry": { "type": "Polygon", "coordinates": [ [ [ -119.283743841214118, 35.505822977656024 ], [ -119.283745596592524, 35.505658146746519 ], [ -119.284166458815207, 35.505661328530337 ], [ -119.28416468887869, 35.505826161409246 ], [ -119.283743841214118, 35.505822977656024 ] ] ] } },
{ "type": "Feature", "properties": { "id": "p-01461", "input_id": "026-733-16", "source": "fd-00604", "demand": 1, "duct_group": 2, "duct_assignment": "6" }, "geometry": { "type": "Polygon", "coordinates": [ [ [ -119.283745596592524, 35.505658146746519 ], [ -119.28374569554353, 35.505648884999346 ], [ -119.28374695866701, 35.505637639305512 ], [ -119.283750458346944, 35.505626714871312 ], [ -119.283756099970049, 35.50561640703431 ], [ -119.283763731016705, 35.505606994462603 ], [ -119.283773145184043, 35.505598731621163 ], [ -119.283791298901718, 35.50558290000415 ], [ -119.28380617674064, 35.505564928077796 ], [ -119.283817407343875, 35.505545264431419 ], [ -119.283824710392139, 35.505524399880301 ], [ -119.283827903600525, 35.505502855214708 ], [ -119.283826907268136, 35.505481168200426 ], [ -119.284168395491776, 35.505483744866915 ], [ -119.284166458815207, 35.505661328530337 ], [ -119.283745596592524, 35.505658146746519 ] ] ] } },
{ "type": "Feature", "properties": { "id": "p-01462", "input_id": "026-733-15", "source": "fd-00604", "demand": 1, "duct_group": 2, "duct_assignment": "7" }, "geometry": { "type": "Polygon", "coordinates": [ [ [ -119.283826907268136, 35.505481168200426 ], [ -119.28382161025911, 35.505459547218898 ], [ -119.283812154524057, 35.505438896678264 ], [ -119.28379878326534, 35.505419747705567 ], [ -119.283781840390944, 35.505402592807776 ], [ -119.283761761669183, 35.505387873204306 ], [ -119.283739063520656, 35.505375967479203 ], [ -119.283714329736128, 35.505367181844335 ], [ -119.283688196461583, 35.505361742263645 ], [ -119.283661335836882, 35.505359788641329 ], [ -119.283661932612475, 35.505304834659654 ], [ -119.283735999066067, 35.505305026530365 ], [ -119.283951329428533, 35.50530557807852 ], [ -119.284166698270667, 35.505306122538016 ], [ -119.284170381306126, 35.505306131833592 ], [ -119.284168395491776, 35.505483744866915 ], [ -119.283826907268136, 35.505481168200426 ] ] ] } },
{ "type": "Feature", "properties": { "id": "p-01463", "input_id": "026-733-14", "source": "fd-00605", "demand": 1, "duct_group": 2, "duct_assignment": "10" }, "geometry": { "type": "Polygon", "coordinates": [ [ [ -119.283174367851629, 35.505488465856878 ], [ -119.283176337603308, 35.5053035437899 ], [ -119.283503872759894, 35.505304421937517 ], [ -119.283661932612475, 35.505304834659654 ], [ -119.283661335836882, 35.505359788641329 ], [ -119.283632796152702, 35.505361555964306 ], [ -119.283605037129917, 35.505367257705039 ], [ -119.283578863928767, 35.505376728482524 ], [ -119.283555035712766, 35.505389693593571 ], [ -119.283534243629177, 35.505405776980382 ], [ -119.283517090762132, 35.505424512138205 ], [ -119.283504074639936, 35.505445355646337 ], [ -119.283495572803915, 35.505467702930162 ], [ -119.283491831857177, 35.505490905796911 ], [ -119.283174367851629, 35.505488465856878 ] ] ] } },
{ "type": "Feature", "properties": { "id": "p-01464", "input_id": "026-733-13", "source": "fd-00605", "demand": 1, "duct_group": 2, "duct_assignment": "9" }, "geometry": { "type": "Polygon", "coordinates": [ [ [ -119.283172500657201, 35.505664282965505 ], [ -119.283174367851629, 35.505488465856878 ], [ -119.283491831857177, 35.505490905796911 ], [ -119.283493024881963, 35.505514469860969 ], [ -119.283499127899191, 35.505537520079812 ], [ -119.283509961149235, 35.505559377512576 ], [ -119.283525205543711, 35.505579398351131 ], [ -119.283544412063335, 35.505596992883639 ], [ -119.283553649767313, 35.505605393793864 ], [ -119.283561079067567, 35.505614918923037 ], [ -119.283566499115679, 35.505625310763477 ], [ -119.283569763382204, 35.505636288376316 ], [ -119.283570783618217, 35.505647554986368 ], [ -119.283570572316947, 35.505667340543141 ], [ -119.283172500657201, 35.505664282965505 ] ] ] } },
{ "type": "Feature", "properties": { "id": "p-01465", "input_id": "026-733-12", "source": "fd-00616", "demand": 1, "duct_group": 5, "duct_assignment": "7" }, "geometry": { "type": "Polygon", "coordinates": [ [ [ -119.283170755108671, 35.505829111047689 ], [ -119.283172500657201, 35.505664282965505 ], [ -119.283570572316947, 35.505667340543141 ], [ -119.283568820995939, 35.505832171403512 ], [ -119.283170755108671, 35.505829111047689 ] ] ] } },
{ "type": "Feature", "properties": { "id": "p-01466", "input_id": "026-733-11", "source": "fd-00616", "demand": 1, "duct_group": 5, "duct_assignment": "8" }, "geometry": { "type": "Polygon", "coordinates": [ [ [ -119.283169012859659, 35.505993939084505 ], [ -119.283170755108671, 35.505829111047689 ], [ -119.283568820995939, 35.505832171403512 ], [ -119.283567077369014, 35.505997001271268 ], [ -119.283169012859659, 35.505993939084505 ] ] ] } },
{ "type": "Feature", "properties": { "id": "p-01467", "input_id": "026-733-10", "source": "fd-00615", "demand": 1, "duct_group": 5, "duct_assignment": "6" }, "geometry": { "type": "Polygon", "coordinates": [ [ [ -119.283167273896055, 35.506158766174806 ], [ -119.283169012859659, 35.505993939084505 ], [ -119.283567077369014, 35.505997001271268 ], [ -119.283565340319868, 35.506161829256733 ], [ -119.283167273896055, 35.506158766174806 ] ] ] } },
{ "type": "Feature", "properties": { "id": "p-01468", "input_id": "026-733-09", "source": "fd-00615", "demand": 1, "duct_group": 5, "duct_assignment": "5" }, "geometry": { "type": "Polygon", "coordinates": [ [ [ -119.283165539320152, 35.506323592307098 ], [ -119.283167273896055, 35.506158766174806 ], [ -119.283565340319868, 35.506161829256733 ], [ -119.28356361096489, 35.506326656249641 ], [ -119.283165539320152, 35.506323592307098 ] ] ] } },
{ "type": "Feature", "properties": { "id": "p-01469", "input_id": "026-733-08", "source": "fd-00614", "demand": 1, "duct_group": 5, "duct_assignment": "4" }, "geometry": { "type": "Polygon", "coordinates": [ [ [ -119.283163666381171, 35.506502150493432 ], [ -119.283165539320152, 35.506323592307098 ], [ -119.28356361096489, 35.506326656249641 ], [ -119.283562341006913, 35.506448268395317 ], [ -119.283494081190341, 35.506503025697562 ], [ -119.283163666381171, 35.506502150493432 ] ] ] } },
{ "type": "Feature", "properties": { "id": "p-01470", "input_id": "026-731-01", "source": "fd-00677", "demand": 1, "duct_group": 4, "duct_assignment": "6" }, "geometry": { "type": "Polygon", "coordinates": [ [ [ -119.283338092877955, 35.506991511310467 ], [ -119.283338972821298, 35.506645466725736 ], [ -119.28349305671874, 35.506645869823252 ], [ -119.283559724901295, 35.506700943462612 ], [ -119.283557349600699, 35.506937134379939 ], [ -119.283489493038132, 35.506991904580097 ], [ -119.283338092877955, 35.506991511310467 ] ] ] } },
{ "type": "Feature", "properties": { "id": "p-01471", "input_id": "026-731-02", "source": "fd-00677", "demand": 1, "duct_group": 4, "duct_assignment": "5" }, "geometry": { "type": "Polygon", "coordinates": [ [ [ -119.283136230338329, 35.506990982108668 ], [ -119.28313714845055, 35.506644927220663 ], [ -119.283338972821298, 35.506645466725736 ], [ -119.283338092877955, 35.506991511310467 ], [ -119.283136230338329, 35.506990982108668 ] ] ] } },
{ "type": "Feature", "properties": { "id": "p-01472", "input_id": "026-731-03", "source": "fd-00676", "demand": 1, "duct_group": 4, "duct_assignment": "4" }, "geometry": { "type": "Polygon", "coordinates": [ [ [ -119.282955972452697, 35.506990498401372 ], [ -119.282936065629286, 35.50667550857117 ], [ -119.282969444092117, 35.506665958702641 ], [ -119.283001271038742, 35.506653355493945 ], [ -119.283014337028177, 35.506648545928194 ], [ -119.283028212177683, 35.50664562078034 ], [ -119.283042493322171, 35.506644665045215 ], [ -119.28313714845055, 35.506644927220663 ], [ -119.283136230338329, 35.506990982108668 ], [ -119.282955972452697, 35.506990498401372 ] ] ] } },
{ "type": "Feature", "properties": { "id": "p-01473", "input_id": "026-731-04", "source": "fd-00675", "demand": 1, "duct_group": 4, "duct_assignment": "3" }, "geometry": { "type": "Polygon", "coordinates": [ [ [ -119.282692344134617, 35.50698970001784 ], [ -119.282681428109299, 35.506989667001413 ], [ -119.282786310487467, 35.506679758460145 ], [ -119.2828362899414, 35.506685033370729 ], [ -119.282886653684002, 35.506683604102186 ], [ -119.282936065629286, 35.50667550857117 ], [ -119.282955972452697, 35.506990498401372 ], [ -119.282692344134617, 35.50698970001784 ] ] ] } },
{ "type": "Feature", "properties": { "id": "p-01474", "input_id": "026-731-05", "source": "fd-00675", "demand": 1, "duct_group": 4, "duct_assignment": "2" }, "geometry": { "type": "Polygon", "coordinates": [ [ [ -119.282680266206285, 35.506989665605026 ], [ -119.282231911583082, 35.50698905042632 ], [ -119.282651654504804, 35.506626106839718 ], [ -119.282682466611391, 35.506644705147487 ], [ -119.282715250840681, 35.506659815986033 ], [ -119.282750037219174, 35.506671558400249 ], [ -119.282786310487467, 35.506679758460145 ], [ -119.282681428109299, 35.506989667001413 ], [ -119.282680266206285, 35.506989665605026 ] ] ] } },
{ "type": "Feature", "properties": { "id": "p-01475", "input_id": "026-731-06", "source": "fd-00674", "demand": 1, "duct_group": 4, "duct_assignment": "1" }, "geometry": { "type": "Polygon", "coordinates": [ [ [ -119.281932851131032, 35.506988444240129 ], [ -119.281936709088441, 35.506630395729694 ], [ -119.281937457133068, 35.506560824452116 ], [ -119.282206552590623, 35.506561044616063 ], [ -119.282584291371194, 35.506561352905798 ], [ -119.282603716084736, 35.506584965785386 ], [ -119.282626265873716, 35.506606642146323 ], [ -119.282651654504804, 35.506626106839718 ], [ -119.282231911583082, 35.50698905042632 ], [ -119.281932851131032, 35.506988444240129 ] ] ] } },
{ "type": "Feature", "properties": { "id": "p-01476", "input_id": "026-731-08", "source": "fd-00667", "demand": 1, "duct_group": 1, "duct_assignment": "3" }, "geometry": { "type": "Polygon", "coordinates": [ [ [ -119.282206552590623, 35.506561044616063 ], [ -119.282210207625511, 35.506217694131784 ], [ -119.28252653019635, 35.506217947345789 ], [ -119.282593149070806, 35.506272468579468 ], [ -119.282591911178386, 35.506284383966097 ], [ -119.282588165042128, 35.506295943291462 ], [ -119.282582024176406, 35.506306796285052 ], [ -119.282561976039133, 35.506341161482922 ], [ -119.282548468881146, 35.506377599332616 ], [ -119.28254180926686, 35.506415282848295 ], [ -119.282542148351112, 35.506453356771679 ], [ -119.282549478447777, 35.506490956982596 ], [ -119.282563633203239, 35.506527230111224 ], [ -119.282584291371194, 35.506561352905798 ], [ -119.282206552590623, 35.506561044616063 ] ] ] } },
{ "type": "Feature", "properties": { "id": "p-01477", "input_id": "026-731-07", "source": "fd-00667", "demand": 1, "duct_group": 1, "duct_assignment": "1" }, "geometry": { "type": "Polygon", "coordinates": [ [ [ -119.281937457133068, 35.506560824452116 ], [ -119.28194103578771, 35.506228265124221 ], [ -119.281941152792953, 35.506217391538911 ], [ -119.282210207625511, 35.506217694131784 ], [ -119.282206552590623, 35.506561044616063 ], [ -119.281937457133068, 35.506560824452116 ] ] ] } },
{ "type": "Feature", "properties": { "id": "p-01478", "input_id": "026-733-07", "source": "fd-00668", "demand": 1, "duct_group": 2, "duct_assignment": "1" }, "geometry": { "type": "Polygon", "coordinates": [ [ [ -119.28286640390489, 35.506501295273566 ], [ -119.28276636159498, 35.506418528720395 ], [ -119.282767396003976, 35.506320382702661 ], [ -119.283165539320152, 35.506323592307098 ], [ -119.283163666381171, 35.506502150493432 ], [ -119.28286640390489, 35.506501295273566 ] ] ] } },
{ "type": "Feature", "properties": { "id": "p-01479", "input_id": "026-733-06", "source": "fd-00668", "demand": 1, "duct_group": 2, "duct_assignment": "4" }, "geometry": { "type": "Polygon", "coordinates": [ [ [ -119.282767396003976, 35.506320382702661 ], [ -119.282769134712922, 35.506155558343714 ], [ -119.283167273896055, 35.506158766174806 ], [ -119.283165539320152, 35.506323592307098 ], [ -119.282767396003976, 35.506320382702661 ] ] ] } },
{ "type": "Feature", "properties": { "id": "p-01480", "input_id": "026-733-05", "source": "fd-00668", "demand": 1, "duct_group": 2, "duct_assignment": "2" }, "geometry": { "type": "Polygon", "coordinates": [ [ [ -119.282769134712922, 35.506155558343714 ], [ -119.282770873414918, 35.505990733974016 ], [ -119.283169012859659, 35.505993939084505 ], [ -119.283167273896055, 35.506158766174806 ], [ -119.282769134712922, 35.506155558343714 ] ] ] } },
{ "type": "Feature", "properties": { "id": "p-01481", "input_id": "026-733-04", "source": "fd-00668", "demand": 1, "duct_group": 2, "duct_assignment": "3" }, "geometry": { "type": "Polygon", "coordinates": [ [ [ -119.282770873414918, 35.505990733974016 ], [ -119.282772612124035, 35.505825910494735 ], [ -119.283170755108671, 35.505829111047689 ], [ -119.283169012859659, 35.505993939084505 ], [ -119.282770873414918, 35.505990733974016 ] ] ] } },
{ "type": "Feature", "properties": { "id": "p-01482", "input_id": "026-733-03", "source": "fd-00605", "demand": 1, "duct_group": 2, "duct_assignment": "11" }, "geometry": { "type": "Polygon", "coordinates": [ [ [ -119.282772612124035, 35.505825910494735 ], [ -119.282774353030405, 35.505661086981696 ], [ -119.283172500657201, 35.505664282965505 ], [ -119.283170755108671, 35.505829111047689 ], [ -119.282772612124035, 35.505825910494735 ] ] ] } },
{ "type": "Feature", "properties": { "id": "p-01483", "input_id": "026-733-02", "source": "fd-00605", "demand": 1, "duct_group": 2, "duct_assignment": "12" }, "geometry": { "type": "Polygon", "coordinates": [ [ [ -119.282774353030405, 35.505661086981696 ], [ -119.282776210139318, 35.505485275401227 ], [ -119.283174367851629, 35.505488465856878 ], [ -119.283172500657201, 35.505664282965505 ], [ -119.282774353030405, 35.505661086981696 ] ] ] } },
{ "type": "Feature", "properties": { "id": "p-01484", "input_id": "026-733-01", "source": "fd-00605", "demand": 1, "duct_group": 2, "duct_assignment": "8" }, "geometry": { "type": "Polygon", "coordinates": [ [ [ -119.282776210139318, 35.505485275401227 ], [ -119.28277814356764, 35.505302347567586 ], [ -119.282791603782613, 35.505302395485295 ], [ -119.28317417915369, 35.505303538379529 ], [ -119.283176337603308, 35.5053035437899 ], [ -119.283174367851629, 35.505488465856878 ], [ -119.282776210139318, 35.505485275401227 ] ] ] } },
{ "type": "Feature", "properties": { "id": "p-01485", "input_id": "026-732-18", "source": "fd-00669", "demand": 1, "duct_group": 3, "duct_assignment": "1" }, "geometry": { "type": "Polygon", "coordinates": [ [ [ -119.282377831464601, 35.505703393011494 ], [ -119.282379121893968, 35.505301586842464 ], [ -119.282564124105846, 35.505301948843311 ], [ -119.28260308361358, 35.505334146820189 ], [ -119.28259917157169, 35.505703656194463 ], [ -119.282377831464601, 35.505703393011494 ] ] ] } },
{ "type": "Feature", "properties": { "id": "p-01486", "input_id": "026-732-17", "source": "fd-00669", "demand": 1, "duct_group": 3, "duct_assignment": "2" }, "geometry": { "type": "Polygon", "coordinates": [ [ [ -119.282150543538151, 35.505703012998019 ], [ -119.282151853643512, 35.505301054305519 ], [ -119.282379121893968, 35.505301586842464 ], [ -119.282377831464601, 35.505703393011494 ], [ -119.282150543538151, 35.505703012998019 ] ] ] } },
{ "type": "Feature", "properties": { "id": "p-01487", "input_id": "026-732-16", "source": "fd-00670", "demand": 1, "duct_group": 3, "duct_assignment": "3" }, "geometry": { "type": "Polygon", "coordinates": [ [ [ -119.281923220842501, 35.505702594167815 ], [ -119.281924545128177, 35.505300483910631 ], [ -119.282151853643512, 35.505301054305519 ], [ -119.282150543538151, 35.505703012998019 ], [ -119.281923220842501, 35.505702594167815 ] ] ] } },
{ "type": "Feature", "properties": { "id": "p-01488", "input_id": "026-732-15", "source": "fd-00671", "demand": 1, "duct_group": 3, "duct_assignment": "4" }, "geometry": { "type": "Polygon", "coordinates": [ [ [ -119.28169587684279, 35.505702151703673 ], [ -119.281697216439923, 35.505299891672848 ], [ -119.281924545128177, 35.505300483910631 ], [ -119.281923220842501, 35.505702594167815 ], [ -119.28169587684279, 35.505702151703673 ] ] ] } },
{ "type": "Feature", "properties": { "id": "p-01489", "input_id": "026-732-14", "source": "fd-00671", "demand": 1, "duct_group": 3, "duct_assignment": "5" }, "geometry": { "type": "Polygon", "coordinates": [ [ [ -119.281468516018094, 35.505701690065749 ], [ -119.281469868737332, 35.505299281185373 ], [ -119.281697216439923, 35.505299891672848 ], [ -119.28169587684279, 35.505702151703673 ], [ -119.281468516018094, 35.505701690065749 ] ] ] } },
{ "type": "Feature", "properties": { "id": "p-01490", "input_id": "026-732-13", "source": "fd-00672", "demand": 1, "duct_group": 3, "duct_assignment": "6" }, "geometry": { "type": "Polygon", "coordinates": [ [ [ -119.281241130611235, 35.505701206630505 ], [ -119.281242498671958, 35.505298649779036 ], [ -119.281469868737332, 35.505299281185373 ], [ -119.281468516018094, 35.505701690065749 ], [ -119.281241130611235, 35.505701206630505 ] ] ] } },
{ "type": "Feature", "properties": { "id": "p-01491", "input_id": "026-732-12", "source": "fd-00672", "demand": 1, "duct_group": 3, "duct_assignment": "7" }, "geometry": { "type": "Polygon", "coordinates": [ [ [ -119.281013708316166, 35.505700689808371 ], [ -119.281015092821491, 35.505297984974298 ], [ -119.281242498671958, 35.505298649779036 ], [ -119.281241130611235, 35.505701206630505 ], [ -119.281013708316166, 35.505700689808371 ] ] ] } },
{ "type": "Feature", "properties": { "id": "p-01492", "input_id": "026-732-11", "source": "fd-00673", "demand": 1, "duct_group": 3, "duct_assignment": "9" }, "geometry": { "type": "Polygon", "coordinates": [ [ [ -119.280786207791536, 35.505700103974839 ], [ -119.280787607640463, 35.505297251169715 ], [ -119.281015092821491, 35.505297984974298 ], [ -119.281013708316166, 35.505700689808371 ], [ -119.280786207791536, 35.505700103974839 ] ] ] } },
{ "type": "Feature", "properties": { "id": "p-01493", "input_id": "026-732-10", "source": "fd-00673", "demand": 1, "duct_group": 3, "duct_assignment": "8" }, "geometry": { "type": "Polygon", "coordinates": [ [ [ -119.280567236733944, 35.505699349541466 ], [ -119.280571332392057, 35.505328516098622 ], [ -119.280611125742524, 35.505296557062621 ], [ -119.280787607640463, 35.505297251169715 ], [ -119.280786207791536, 35.505700103974839 ], [ -119.280567236733944, 35.505699349541466 ] ] ] } },
{ "type": "Feature", "properties": { "id": "p-01494", "input_id": "026-732-09", "source": "fd-00666", "demand": 1, "duct_group": 0, "duct_assignment": "11" }, "geometry": { "type": "Polygon", "coordinates": [ [ [ -119.280630537106333, 35.506072376910069 ], [ -119.280563723067658, 35.506017191443384 ], [ -119.280567236733944, 35.505699349541466 ], [ -119.280786207791536, 35.505700103974839 ], [ -119.280785630542965, 35.506072769266758 ], [ -119.280630537106333, 35.506072376910069 ] ] ] } },
{ "type": "Feature", "properties": { "id": "p-01495", "input_id": "026-732-08", "source": "fd-00666", "demand": 1, "duct_group": 0, "duct_assignment": "10" }, "geometry": { "type": "Polygon", "coordinates": [ [ [ -119.280785630542965, 35.506072769266758 ], [ -119.280786207791536, 35.505700103974839 ], [ -119.281013708316166, 35.505700689808371 ], [ -119.281013143021426, 35.506073207162231 ], [ -119.280785630542965, 35.506072769266758 ] ] ] } },
{ "type": "Feature", "properties": { "id": "p-01496", "input_id": "026-732-07", "source": "fd-00665", "demand": 1, "duct_group": 0, "duct_assignment": "8" }, "geometry": { "type": "Polygon", "coordinates": [ [ [ -119.281013143021426, 35.506073207162231 ], [ -119.281013708316166, 35.505700689808371 ], [ -119.281241130611235, 35.505701206630505 ], [ -119.281240577325249, 35.506073579651243 ], [ -119.281013143021426, 35.506073207162231 ] ] ] } },
{ "type": "Feature", "properties": { "id": "p-01497", "input_id": "026-732-06", "source": "fd-00665", "demand": 1, "duct_group": 0, "duct_assignment": "7" }, "geometry": { "type": "Polygon", "coordinates": [ [ [ -119.281240577325249, 35.506073579651243 ], [ -119.281241130611235, 35.505701206630505 ], [ -119.281468516018094, 35.505701690065749 ], [ -119.281467975813953, 35.506073916939279 ], [ -119.281240577325249, 35.506073579651243 ] ] ] } },
{ "type": "Feature", "properties": { "id": "p-01498", "input_id": "026-732-05", "source": "fd-00664", "demand": 1, "duct_group": 0, "duct_assignment": "4" }, "geometry": { "type": "Polygon", "coordinates": [ [ [ -119.281467975813953, 35.506073916939279 ], [ -119.281468516018094, 35.505701690065749 ], [ -119.28169587684279, 35.505702151703673 ], [ -119.281695352983959, 35.506074229691862 ], [ -119.281467975813953, 35.506073916939279 ] ] ] } },
{ "type": "Feature", "properties": { "id": "p-01499", "input_id": "026-732-04", "source": "fd-00664", "demand": 1, "duct_group": 0, "duct_assignment": "5" }, "geometry": { "type": "Polygon", "coordinates": [ [ [ -119.281695352983959, 35.506074229691862 ], [ -119.28169587684279, 35.505702151703673 ], [ -119.281923220842501, 35.505702594167815 ], [ -119.281922712169631, 35.506074519677142 ], [ -119.281695352983959, 35.506074229691862 ] ] ] } },
{ "type": "Feature", "properties": { "id": "p-01500", "input_id": "026-732-03", "source": "fd-00663", "demand": 1, "duct_group": 0, "duct_assignment": "2" }, "geometry": { "type": "Polygon", "coordinates": [ [ [ -119.281922712169631, 35.506074519677142 ], [ -119.281923220842501, 35.505702594167815 ], [ -119.282150543538151, 35.505703012998019 ], [ -119.2821500544309, 35.506074784179994 ], [ -119.281922712169631, 35.506074519677142 ] ] ] } },
{ "type": "Feature", "properties": { "id": "p-01501", "input_id": "026-732-02", "source": "fd-00663", "demand": 1, "duct_group": 0, "duct_assignment": "3" }, "geometry": { "type": "Polygon", "coordinates": [ [ [ -119.2821500544309, 35.506074784179994 ], [ -119.282150543538151, 35.505703012998019 ], [ -119.282377831464601, 35.505703393011494 ], [ -119.282377363009957, 35.506075008953374 ], [ -119.2821500544309, 35.506074784179994 ] ] ] } },
{ "type": "Feature", "properties": { "id": "p-01502", "input_id": "026-732-01", "source": "fd-00662", "demand": 1, "duct_group": 0, "duct_assignment": "1" }, "geometry": { "type": "Polygon", "coordinates": [ [ [ -119.282377363009957, 35.506075008953374 ], [ -119.282377831464601, 35.505703393011494 ], [ -119.28259917157169, 35.505703656194463 ], [ -119.282595823680651, 35.506020174191185 ], [ -119.282528032617208, 35.506075107248321 ], [ -119.282377363009957, 35.506075008953374 ] ] ] } },
{ "type": "Feature", "properties": { "id": "p-01503", "input_id": "026-711-01", "source": "fd-00550", "demand": 1, "duct_group": 2, "duct_assignment": "12" }, "geometry": { "type": "Polygon", "coordinates": [ [ [ -119.286698758645343, 35.504143883960239 ], [ -119.286664046683057, 35.504127732252201 ], [ -119.286627080575443, 35.504115369328197 ], [ -119.286627786508149, 35.503855353206113 ], [ -119.286628519622852, 35.503580666897733 ], [ -119.286823641442297, 35.503581365406298 ], [ -119.287159982878308, 35.503555425698416 ], [ -119.287157383914618, 35.503828121504057 ], [ -119.287154373326132, 35.504144006451192 ], [ -119.287154353396318, 35.504145971656712 ], [ -119.286698758645343, 35.504143883960239 ] ] ] } },
{ "type": "Feature", "properties": { "id": "p-01504", "input_id": "026-720-01", "source": "fd-00113", "demand": 1, "duct_group": 9, "duct_assignment": "11" }, "geometry": { "type": "Polygon", "coordinates": [ [ [ -119.287340874697904, 35.496237490648305 ], [ -119.287344547447162, 35.495940724097167 ], [ -119.287398744736194, 35.495896995745973 ], [ -119.287530437652734, 35.495897363104881 ], [ -119.287528881431243, 35.49623801360103 ], [ -119.287340874697904, 35.496237490648305 ] ] ] } },
{ "type": "Feature", "properties": { "id": "p-01505", "input_id": "026-720-02", "source": "fd-00113", "demand": 1, "duct_group": 9, "duct_assignment": "10" }, "geometry": { "type": "Polygon", "coordinates": [ [ [ -119.287791049274404, 35.496238745348748 ], [ -119.287589479210169, 35.496238182811396 ], [ -119.287528881431243, 35.49623801360103 ], [ -119.287530437652734, 35.495897363104881 ], [ -119.287849288930218, 35.495898252651799 ], [ -119.287847732942183, 35.496238904064583 ], [ -119.287791049274404, 35.496238745348748 ] ] ] } },
{ "type": "Feature", "properties": { "id": "p-01506", "input_id": "026-720-03", "source": "fd-00112", "demand": 1, "duct_group": 9, "duct_assignment": "9" }, "geometry": { "type": "Polygon", "coordinates": [ [ [ -119.287992619355506, 35.496239308456722 ], [ -119.287847732942183, 35.496238904064583 ], [ -119.287849288930218, 35.495898252651799 ], [ -119.288168140271111, 35.495899144976399 ], [ -119.288166584488209, 35.496239795503477 ], [ -119.287992619355506, 35.496239308456722 ] ] ] } },
{ "type": "Feature", "properties": { "id": "p-01507", "input_id": "026-720-04", "source": "fd-00111", "demand": 1, "duct_group": 9, "duct_assignment": "8" }, "geometry": { "type": "Polygon", "coordinates": [ [ [ -119.288409196135063, 35.496240475807511 ], [ -119.288207626005857, 35.496239910678973 ], [ -119.288166584488209, 35.496239795503477 ], [ -119.288168140271111, 35.495899144976399 ], [ -119.28848699054511, 35.495900038287921 ], [ -119.28848543608359, 35.496240688818887 ], [ -119.288409196135063, 35.496240475807511 ] ] ] } },
{ "type": "Feature", "properties": { "id": "p-01508", "input_id": "026-720-05", "source": "fd-00111", "demand": 1, "duct_group": 9, "duct_assignment": "7" }, "geometry": { "type": "Polygon", "coordinates": [ [ [ -119.288624202805536, 35.496241078202203 ], [ -119.28848543608359, 35.496240688818887 ], [ -119.28848699054511, 35.495900038287921 ], [ -119.288805840854408, 35.49590093257472 ], [ -119.288804286612063, 35.496241583121176 ], [ -119.288624202805536, 35.496241078202203 ] ] ] } },
{ "type": "Feature", "properties": { "id": "p-01509", "input_id": "026-720-06", "source": "fd-00110", "demand": 1, "duct_group": 9, "duct_assignment": "6" }, "geometry": { "type": "Polygon", "coordinates": [ [ [ -119.289027340916505, 35.496242209489189 ], [ -119.288825771852601, 35.496241643560353 ], [ -119.288804286612063, 35.496241583121176 ], [ -119.288805840854408, 35.49590093257472 ], [ -119.289124691184639, 35.495901826935658 ], [ -119.289123137175821, 35.496242478398763 ], [ -119.289027340916505, 35.496242209489189 ] ] ] } },
{ "type": "Feature", "properties": { "id": "p-01510", "input_id": "026-720-07", "source": "fd-00110", "demand": 1, "duct_group": 9, "duct_assignment": "5" }, "geometry": { "type": "Polygon", "coordinates": [ [ [ -119.289282292399406, 35.496242924504067 ], [ -119.289123137175821, 35.496242478398763 ], [ -119.289124691184639, 35.495901826935658 ], [ -119.289443541535988, 35.495902721370662 ], [ -119.289441987746457, 35.49624337284925 ], [ -119.289282292399406, 35.496242924504067 ] ] ] } },
{ "type": "Feature", "properties": { "id": "p-01511", "input_id": "026-720-08", "source": "fd-00109", "demand": 1, "duct_group": 9, "duct_assignment": "4" }, "geometry": { "type": "Polygon", "coordinates": [ [ [ -119.289635038567269, 35.496243914476132 ], [ -119.289441987746457, 35.49624337284925 ], [ -119.289443541535988, 35.495902721370662 ], [ -119.289762390806416, 35.495903615891294 ], [ -119.289760838338168, 35.496244267373811 ], [ -119.289635038567269, 35.496243914476132 ] ] ] } },
{ "type": "Feature", "properties": { "id": "p-01512", "input_id": "026-720-09", "source": "fd-00109", "demand": 1, "duct_group": 9, "duct_assignment": "3" }, "geometry": { "type": "Polygon", "coordinates": [ [ [ -119.289823168898522, 35.496244441636712 ], [ -119.289760838338168, 35.496244267373811 ], [ -119.289762390806416, 35.495903615891294 ], [ -119.290081241185817, 35.495904509573208 ], [ -119.290079687834833, 35.49624516108279 ], [ -119.289823168898522, 35.496244441636712 ] ] ] } },
{ "type": "Feature", "properties": { "id": "p-01513", "input_id": "026-720-10", "source": "fd-00108", "demand": 1, "duct_group": 9, "duct_assignment": "2" }, "geometry": { "type": "Polygon", "coordinates": [ [ [ -119.290264872940796, 35.496245679722456 ], [ -119.290079687834833, 35.49624516108279 ], [ -119.290081241185817, 35.495904509573208 ], [ -119.290400090470072, 35.495905402439632 ], [ -119.290398538440456, 35.496246053953044 ], [ -119.290264872940796, 35.496245679722456 ] ] ] } },
{ "type": "Feature", "properties": { "id": "p-01514", "input_id": "026-720-11", "source": "fd-00108", "demand": 1, "duct_group": 9, "duct_assignment": "1" }, "geometry": { "type": "Polygon", "coordinates": [ [ [ -119.290689846884447, 35.4962468683701 ], [ -119.290488277797721, 35.496246305167681 ], [ -119.290398538440456, 35.496246053953044 ], [ -119.290400090470072, 35.495905402439632 ], [ -119.290718939761263, 35.4959062944789 ], [ -119.29071738795092, 35.49624694600783 ], [ -119.290689846884447, 35.4962468683701 ] ] ] } },
{ "type": "Feature", "properties": { "id": "p-01515", "input_id": "026-720-12", "source": "fd-00079", "demand": 1, "duct_group": 3, "duct_assignment": "6" }, "geometry": { "type": "Polygon", "coordinates": [ [ [ -119.290904852528797, 35.496247469490626 ], [ -119.29071738795092, 35.49624694600783 ], [ -119.290718939761263, 35.4959062944789 ], [ -119.29103779016144, 35.4959071856794 ], [ -119.291036237454222, 35.496247836334192 ], [ -119.290904852528797, 35.496247469490626 ] ] ] } },
{ "type": "Feature", "properties": { "id": "p-01516", "input_id": "026-720-13", "source": "fd-00079", "demand": 1, "duct_group": 3, "duct_assignment": "5" }, "geometry": { "type": "Polygon", "coordinates": [ [ [ -119.291143374870842, 35.496248135068846 ], [ -119.291036237454222, 35.496247836334192 ], [ -119.29103779016144, 35.4959071856794 ], [ -119.291356640554326, 35.495908075151583 ], [ -119.291355086964359, 35.496248725833404 ], [ -119.291143374870842, 35.496248135068846 ] ] ] } },
{ "type": "Feature", "properties": { "id": "p-01517", "input_id": "026-720-14", "source": "fd-00078", "demand": 1, "duct_group": 3, "duct_assignment": "3" }, "geometry": { "type": "Polygon", "coordinates": [ [ [ -119.291551450088122, 35.496249272914874 ], [ -119.291355086964359, 35.496248725833404 ], [ -119.291356640554326, 35.495908075151583 ], [ -119.291678393194218, 35.495908972054828 ], [ -119.291674172358171, 35.496249614730708 ], [ -119.291551450088122, 35.496249272914874 ] ] ] } },
{ "type": "Feature", "properties": { "id": "p-01518", "input_id": "026-742-01", "source": "fd-00077", "demand": 1, "duct_group": 3, "duct_assignment": "2" }, "geometry": { "type": "Polygon", "coordinates": [ [ [ -119.291862135522948, 35.495766540359753 ], [ -119.291795518795269, 35.495711448846457 ], [ -119.291799552724811, 35.495394645002825 ], [ -119.292135447492953, 35.495395795863828 ], [ -119.29213361965914, 35.495767174820841 ], [ -119.291862135522948, 35.495766540359753 ] ] ] } },
{ "type": "Feature", "properties": { "id": "p-01519", "input_id": "026-743-12", "source": "fd-00096", "demand": 1, "duct_group": 7, "duct_assignment": "3" }, "geometry": { "type": "Polygon", "coordinates": [ [ [ -119.291880806335527, 35.493145272897635 ], [ -119.291827557884559, 35.493101132315807 ], [ -119.291831000465322, 35.492805346411011 ], [ -119.291898996615032, 35.492750733702401 ], [ -119.292167964630025, 35.492751728844091 ], [ -119.292165966939052, 35.493146224941931 ], [ -119.291880806335527, 35.493145272897635 ] ] ] } },
{ "type": "Feature", "properties": { "id": "p-01520", "input_id": "026-743-11", "source": "fd-00096", "demand": 1, "duct_group": 7, "duct_assignment": "2" }, "geometry": { "type": "Polygon", "coordinates": [ [ [ -119.292165966939052, 35.493146224941931 ], [ -119.292167964630025, 35.492751728844091 ], [ -119.292470440605115, 35.492752790161454 ], [ -119.292468543636204, 35.493147431243557 ], [ -119.292165966939052, 35.493146224941931 ] ] ] } },
{ "type": "Feature", "properties": { "id": "p-01521", "input_id": "026-743-10", "source": "fd-00101", "demand": 1, "duct_group": 7, "duct_assignment": "11" }, "geometry": { "type": "Polygon", "coordinates": [ [ [ -119.292468543636204, 35.493147431243557 ], [ -119.292470440605115, 35.492752790161454 ], [ -119.292772841001252, 35.492753810066041 ], [ -119.292770986870622, 35.493148559784188 ], [ -119.292468543636204, 35.493147431243557 ] ] ] } },
{ "type": "Feature", "properties": { "id": "p-01522", "input_id": "026-743-09", "source": "fd-00101", "demand": 1, "duct_group": 7, "duct_assignment": "12" }, "geometry": { "type": "Polygon", "coordinates": [ [ [ -119.292770986870622, 35.493148559784188 ], [ -119.292772841001252, 35.492753810066041 ], [ -119.293075186939888, 35.492754800054144 ], [ -119.293073356744145, 35.493149647790453 ], [ -119.292770986870622, 35.493148559784188 ] ] ] } },
{ "type": "Feature", "properties": { "id": "p-01523", "input_id": "026-743-08", "source": "fd-00100", "demand": 1, "duct_group": 7, "duct_assignment": "10" }, "geometry": { "type": "Polygon", "coordinates": [ [ [ -119.293126374069928, 35.493149835413121 ], [ -119.293073356744145, 35.493149647790453 ], [ -119.293075186939888, 35.492754800054144 ], [ -119.293396739800045, 35.492755826935337 ], [ -119.293344428816482, 35.493110208499061 ], [ -119.293298584341301, 35.493109764785338 ], [ -119.293253164102367, 35.493114872890793 ], [ -119.293209167773526, 35.493125420388921 ], [ -119.293167563690176, 35.493141175135172 ], [ -119.293154506414211, 35.493145973723728 ], [ -119.293140642226163, 35.493148888723226 ], [ -119.293126374069928, 35.493149835413121 ] ] ] } },
{ "type": "Feature", "properties": { "id": "p-01524", "input_id": "026-743-07", "source": "fd-00097", "demand": 1, "duct_group": 7, "duct_assignment": "4" }, "geometry": { "type": "Polygon", "coordinates": [ [ [ -119.293344428816482, 35.493110208499061 ], [ -119.293396739800045, 35.492755826935337 ], [ -119.293935004065716, 35.492757511868732 ], [ -119.293931876282102, 35.493015259998614 ], [ -119.293572094247637, 35.493218290022888 ], [ -119.293543684534313, 35.493189453346645 ], [ -119.293510427293171, 35.493164321339485 ], [ -119.293473036505219, 35.49314343354348 ], [ -119.293432314890154, 35.493127238384368 ], [ -119.293389136672971, 35.493116083544422 ], [ -119.293344428816482, 35.493110208499061 ] ] ] } },
{ "type": "Feature", "properties": { "id": "p-01525", "input_id": "026-743-06", "source": "fd-00097", "demand": 1, "duct_group": 7, "duct_assignment": "5" }, "geometry": { "type": "Polygon", "coordinates": [ [ [ -119.293618688554531, 35.493420134001006 ], [ -119.293626324886276, 35.493378340472923 ], [ -119.293625336439732, 35.493336090651617 ], [ -119.293615750882807, 35.493294566600504 ], [ -119.293597836412005, 35.493254930075757 ], [ -119.293572094247637, 35.493218290022888 ], [ -119.293931876282102, 35.493015259998614 ], [ -119.293927581342771, 35.49336844761288 ], [ -119.293910789701556, 35.493368305308124 ], [ -119.293910322392293, 35.493406746842574 ], [ -119.293927112925147, 35.493406888257702 ], [ -119.293926939071298, 35.493421190470016 ], [ -119.293618688554531, 35.493420134001006 ] ] ] } },
{ "type": "Feature", "properties": { "id": "p-01526", "input_id": "026-742-24", "source": "fd-00095", "demand": 1, "duct_group": 7, "duct_assignment": "1" }, "geometry": { "type": "Polygon", "coordinates": [ [ [ -119.291820899933427, 35.493650499072068 ], [ -119.291824773155213, 35.493331897505826 ], [ -119.291879112353186, 35.493288130445698 ], [ -119.292157783231687, 35.493288901949974 ], [ -119.292156328352135, 35.493651604226429 ], [ -119.291820899933427, 35.493650499072068 ] ] ] } },
{ "type": "Feature", "properties": { "id": "p-01527", "input_id": "026-742-23", "source": "fd-00098", "demand": 1, "duct_group": 7, "duct_assignment": "6" }, "geometry": { "type": "Polygon", "coordinates": [ [ [ -119.292156328352135, 35.493651604226429 ], [ -119.292157783231687, 35.493288901949974 ], [ -119.292460460667357, 35.493290173018451 ], [ -119.292458563130594, 35.49365253654198 ], [ -119.292156328352135, 35.493651604226429 ] ] ] } },
{ "type": "Feature", "properties": { "id": "p-01528", "input_id": "026-742-22", "source": "fd-00098", "demand": 1, "duct_group": 7, "duct_assignment": "7" }, "geometry": { "type": "Polygon", "coordinates": [ [ [ -119.292458563130594, 35.49365253654198 ], [ -119.292460460667357, 35.493290173018451 ], [ -119.292762932203289, 35.493291315708795 ], [ -119.292761173866083, 35.493653755305303 ], [ -119.292458563130594, 35.49365253654198 ] ] ] } },
{ "type": "Feature", "properties": { "id": "p-01529", "input_id": "026-742-21", "source": "fd-00099", "demand": 1, "duct_group": 7, "duct_assignment": "9" }, "geometry": { "type": "Polygon", "coordinates": [ [ [ -119.292761173866083, 35.493653755305303 ], [ -119.292762932203289, 35.493291315708795 ], [ -119.293065315910724, 35.493292409003125 ], [ -119.293063606646925, 35.493654870635964 ], [ -119.292761173866083, 35.493653755305303 ] ] ] } },
{ "type": "Feature", "properties": { "id": "p-01530", "input_id": "026-742-20", "source": "fd-00099", "demand": 1, "duct_group": 7, "duct_assignment": "8" }, "geometry": { "type": "Polygon", "coordinates": [ [ [ -119.293063606646925, 35.493654870635964 ], [ -119.293065315910724, 35.493292409003125 ], [ -119.293317266500168, 35.49329329495238 ], [ -119.29333039928261, 35.493294181499941 ], [ -119.293343200796613, 35.493296737285924 ], [ -119.293355355824318, 35.493300899377928 ], [ -119.293366565066691, 35.493306565290837 ], [ -119.293376552512854, 35.493313595510109 ], [ -119.293385072236745, 35.493321816927221 ], [ -119.293391914452613, 35.493331027102208 ], [ -119.293396910680443, 35.493340999248232 ], [ -119.293399937894904, 35.49335148781612 ], [ -119.293400921554593, 35.493362234540413 ], [ -119.293399552237361, 35.493656056193174 ], [ -119.293063606646925, 35.493654870635964 ] ] ] } },
{ "type": "Feature", "properties": { "id": "p-01531", "input_id": "026-743-05", "source": "fd-00094", "demand": 1, "duct_group": 6, "duct_assignment": "11" }, "geometry": { "type": "Polygon", "coordinates": [ [ [ -119.293573971807689, 35.493709921235514 ], [ -119.293574843760979, 35.49352166803731 ], [ -119.293576144056757, 35.493509896484632 ], [ -119.293579894308536, 35.49349848186089 ], [ -119.293585983326324, 35.493487762591371 ], [ -119.293605326359909, 35.493454915533889 ], [ -119.293618688554531, 35.493420134001006 ], [ -119.293926939071298, 35.493421190470016 ], [ -119.293923410707009, 35.493711119281201 ], [ -119.293573971807689, 35.493709921235514 ] ] ] } },
{ "type": "Feature", "properties": { "id": "p-01532", "input_id": "026-743-04", "source": "fd-00094", "demand": 1, "duct_group": 6, "duct_assignment": "12" }, "geometry": { "type": "Polygon", "coordinates": [ [ [ -119.293572647015623, 35.493995817463706 ], [ -119.293573971807689, 35.493709921235514 ], [ -119.293923410707009, 35.493711119281201 ], [ -119.293919933399025, 35.493997011146107 ], [ -119.293572647015623, 35.493995817463706 ] ] ] } },
{ "type": "Feature", "properties": { "id": "p-01533", "input_id": "026-742-16", "source": "fd-00086", "demand": 1, "duct_group": 5, "duct_assignment": "9" }, "geometry": { "type": "Polygon", "coordinates": [ [ [ -119.292236077217041, 35.494014481151915 ], [ -119.292222324512821, 35.494013510620682 ], [ -119.292208952165595, 35.494010710215946 ], [ -119.29219632168116, 35.494006155643362 ], [ -119.292184774509721, 35.493999970030472 ], [ -119.292174622815111, 35.493992320598053 ], [ -119.292154995168033, 35.493977455902993 ], [ -119.292156328352135, 35.493651604226429 ], [ -119.292458563130594, 35.49365253654198 ], [ -119.292456846212318, 35.494015032419888 ], [ -119.292236077217041, 35.494014481151915 ] ] ] } },
{ "type": "Feature", "properties": { "id": "p-01534", "input_id": "026-742-17", "source": "fd-00086", "demand": 1, "duct_group": 5, "duct_assignment": "10" }, "geometry": { "type": "Polygon", "coordinates": [ [ [ -119.292456846212318, 35.494015032419888 ], [ -119.292458563130594, 35.49365253654198 ], [ -119.292761173866083, 35.493653755305303 ], [ -119.292759324100558, 35.49401612910976 ], [ -119.292456846212318, 35.494015032419888 ] ] ] } },
{ "type": "Feature", "properties": { "id": "p-01535", "input_id": "026-742-18", "source": "fd-00093", "demand": 1, "duct_group": 6, "duct_assignment": "9" }, "geometry": { "type": "Polygon", "coordinates": [ [ [ -119.292759324100558, 35.49401612910976 ], [ -119.292761173866083, 35.493653755305303 ], [ -119.293063606646925, 35.493654870635964 ], [ -119.293061871511597, 35.49401730003968 ], [ -119.292759324100558, 35.49401612910976 ] ] ] } },
{ "type": "Feature", "properties": { "id": "p-01536", "input_id": "026-742-19", "source": "fd-00093", "demand": 1, "duct_group": 6, "duct_assignment": "10" }, "geometry": { "type": "Polygon", "coordinates": [ [ [ -119.293061871511597, 35.49401730003968 ], [ -119.293063606646925, 35.493654870635964 ], [ -119.293399552237361, 35.493656056193174 ], [ -119.293398071082535, 35.49397457226668 ], [ -119.293344117613046, 35.494018315199405 ], [ -119.293061871511597, 35.49401730003968 ] ] ] } },
{ "type": "Feature", "properties": { "id": "p-01537", "input_id": "026-742-15", "source": "fd-00087", "demand": 1, "duct_group": 5, "duct_assignment": "11" }, "geometry": { "type": "Polygon", "coordinates": [ [ [ -119.291815606617618, 35.494084440631951 ], [ -119.291820899933427, 35.493650499072068 ], [ -119.292156328352135, 35.493651604226429 ], [ -119.292154995168033, 35.493977455902993 ], [ -119.29213091233423, 35.493964518810827 ], [ -119.292104479900956, 35.49395513874736 ], [ -119.292076475921661, 35.493949591819771 ], [ -119.292047724708326, 35.493948041304741 ], [ -119.292019072567896, 35.493950532842618 ], [ -119.291991362891054, 35.493956993093569 ], [ -119.291965411327084, 35.493967231896768 ], [ -119.291941981774869, 35.493980947867477 ], [ -119.291921763897506, 35.49399773726855 ], [ -119.291905352821772, 35.494017105894464 ], [ -119.291893231620065, 35.494038483618397 ], [ -119.291885757090725, 35.494061241174052 ], [ -119.291883149255085, 35.4940847086785 ], [ -119.291815606617618, 35.494084440631951 ] ] ] } },
{ "type": "Feature", "properties": { "id": "p-01538", "input_id": "026-743-03", "source": "fd-00092", "demand": 1, "duct_group": 6, "duct_assignment": "8" }, "geometry": { "type": "Polygon", "coordinates": [ [ [ -119.293571312771093, 35.494283494883938 ], [ -119.293572647015623, 35.493995817463706 ], [ -119.293919933399025, 35.493997011146107 ], [ -119.293916436727201, 35.494284685208648 ], [ -119.293571312771093, 35.494283494883938 ] ] ] } },
{ "type": "Feature", "properties": { "id": "p-01539", "input_id": "026-742-14", "source": "fd-00087", "demand": 1, "duct_group": 5, "duct_assignment": "12" }, "geometry": { "type": "Polygon", "coordinates": [ [ [ -119.291810309741663, 35.4945183695352 ], [ -119.291815606617618, 35.494084440631951 ], [ -119.291883149255085, 35.4940847086785 ], [ -119.291885387027506, 35.494107715346111 ], [ -119.291892303719038, 35.494130090763434 ], [ -119.291903704029167, 35.494151203123771 ], [ -119.291919266054478, 35.494170456284401 ], [ -119.291938550377523, 35.494187306599734 ], [ -119.291961012474573, 35.494201278272378 ], [ -119.291986018090995, 35.494211976788101 ], [ -119.292012861150596, 35.494219100055766 ], [ -119.292040783693054, 35.494222446937485 ], [ -119.29206899727653, 35.494221922928155 ], [ -119.292096705240951, 35.494217542824174 ], [ -119.292123125203588, 35.494209430305382 ], [ -119.292147511151143, 35.49419781444292 ], [ -119.292146102797233, 35.494519588100985 ], [ -119.291810309741663, 35.4945183695352 ] ] ] } },
{ "type": "Feature", "properties": { "id": "p-01540", "input_id": "026-742-13", "source": "fd-00085", "demand": 1, "duct_group": 5, "duct_assignment": "8" }, "geometry": { "type": "Polygon", "coordinates": [ [ [ -119.292146102797233, 35.494519588100985 ], [ -119.292147511151143, 35.49419781444292 ], [ -119.292161265480246, 35.494189021403557 ], [ -119.292173829318443, 35.494179108152402 ], [ -119.292184050918763, 35.494171521582572 ], [ -119.292195654467278, 35.494165407360576 ], [ -119.292208326270597, 35.494160930779714 ], [ -119.292221723756199, 35.49415821286096 ], [ -119.292235484733325, 35.494157327081034 ], [ -119.292449813691604, 35.494157925345988 ], [ -119.292448395374493, 35.494520558626398 ], [ -119.292146102797233, 35.494519588100985 ] ] ] } },
{ "type": "Feature", "properties": { "id": "p-01541", "input_id": "026-742-12", "source": "fd-00085", "demand": 1, "duct_group": 5, "duct_assignment": "7" }, "geometry": { "type": "Polygon", "coordinates": [ [ [ -119.292448395374493, 35.494520558626398 ], [ -119.292449813691604, 35.494157925345988 ], [ -119.292751980427013, 35.494158827028144 ], [ -119.292750309226705, 35.494521344905181 ], [ -119.292448395374493, 35.494520558626398 ] ] ] } },
{ "type": "Feature", "properties": { "id": "p-01542", "input_id": "026-742-11", "source": "fd-00084", "demand": 1, "duct_group": 5, "duct_assignment": "5" }, "geometry": { "type": "Polygon", "coordinates": [ [ [ -119.292750309226705, 35.494521344905181 ], [ -119.292751980427013, 35.494158827028144 ], [ -119.293054629439126, 35.494160047389897 ], [ -119.293052769907476, 35.494522419440209 ], [ -119.292750309226705, 35.494521344905181 ] ] ] } },
{ "type": "Feature", "properties": { "id": "p-01543", "input_id": "026-742-10", "source": "fd-00084", "demand": 1, "duct_group": 5, "duct_assignment": "6" }, "geometry": { "type": "Polygon", "coordinates": [ [ [ -119.293052769907476, 35.494522419440209 ], [ -119.293054629439126, 35.494160047389897 ], [ -119.293343446689761, 35.494161097080095 ], [ -119.293396990606297, 35.494205216766979 ], [ -119.293395487178813, 35.494523719485322 ], [ -119.293052769907476, 35.494522419440209 ] ] ] } },
{ "type": "Feature", "properties": { "id": "p-01544", "input_id": "026-743-02", "source": "fd-00092", "demand": 1, "duct_group": 6, "duct_assignment": "7" }, "geometry": { "type": "Polygon", "coordinates": [ [ [ -119.293569967720913, 35.494573007592528 ], [ -119.293571312771093, 35.494283494883938 ], [ -119.293916436727201, 35.494284685208648 ], [ -119.293912920468784, 35.494574197356059 ], [ -119.293569967720913, 35.494573007592528 ] ] ] } },
{ "type": "Feature", "properties": { "id": "p-01545", "input_id": "026-742-06", "source": "fd-00082", "demand": 1, "duct_group": 5, "duct_assignment": "2" }, "geometry": { "type": "Polygon", "coordinates": [ [ [ -119.292225787267284, 35.494882384470806 ], [ -119.292212023224877, 35.494881413054536 ], [ -119.29219863986981, 35.494878610285106 ], [ -119.292185999002271, 35.494874051931504 ], [ -119.292174442350259, 35.494867861222446 ], [ -119.292164282331314, 35.494860205514918 ], [ -119.29214465, 35.494845336363497 ], [ -119.292146102797233, 35.494519588100985 ], [ -119.292448395374493, 35.494520558626398 ], [ -119.292446882197737, 35.494883118038089 ], [ -119.292225787267284, 35.494882384470806 ] ] ] } },
{ "type": "Feature", "properties": { "id": "p-01546", "input_id": "026-742-07", "source": "fd-00082", "demand": 1, "duct_group": 5, "duct_assignment": "1" }, "geometry": { "type": "Polygon", "coordinates": [ [ [ -119.292446882197737, 35.494883118038089 ], [ -119.292448395374493, 35.494520558626398 ], [ -119.292750309226705, 35.494521344905181 ], [ -119.292749046570634, 35.494884050426911 ], [ -119.292446882197737, 35.494883118038089 ] ] ] } },
{ "type": "Feature", "properties": { "id": "p-01547", "input_id": "026-742-08", "source": "fd-00083", "demand": 1, "duct_group": 5, "duct_assignment": "4" }, "geometry": { "type": "Polygon", "coordinates": [ [ [ -119.292749046570634, 35.494884050426911 ], [ -119.292750309226705, 35.494521344905181 ], [ -119.293052769907476, 35.494522419440209 ], [ -119.293050657995124, 35.494884723786448 ], [ -119.292749046570634, 35.494884050426911 ] ] ] } },
{ "type": "Feature", "properties": { "id": "p-01548", "input_id": "026-742-09", "source": "fd-00083", "demand": 1, "duct_group": 5, "duct_assignment": "3" }, "geometry": { "type": "Polygon", "coordinates": [ [ [ -119.293050657995124, 35.494884723786448 ], [ -119.293052769907476, 35.494522419440209 ], [ -119.293395487178813, 35.494523719485322 ], [ -119.293393948376135, 35.49484221622636 ], [ -119.293339929018586, 35.49488594090073 ], [ -119.293050657995124, 35.494884723786448 ] ] ] } },
{ "type": "Feature", "properties": { "id": "p-01549", "input_id": "026-743-01", "source": "fd-00091", "demand": 1, "duct_group": 6, "duct_assignment": "6" }, "geometry": { "type": "Polygon", "coordinates": [ [ [ -119.293621720970066, 35.494886972852484 ], [ -119.293568703629703, 35.494843292106786 ], [ -119.293569967720913, 35.494573007592528 ], [ -119.293912920468784, 35.494574197356059 ], [ -119.293909113886301, 35.494887979444997 ], [ -119.293621720970066, 35.494886972852484 ] ] ] } },
{ "type": "Feature", "properties": { "id": "p-01550", "input_id": "026-742-05", "source": "fd-00081", "demand": 1, "duct_group": 4, "duct_assignment": "3" }, "geometry": { "type": "Polygon", "coordinates": [ [ [ -119.291805003781192, 35.494952284938527 ], [ -119.291810309741663, 35.4945183695352 ], [ -119.292146102797233, 35.494519588100985 ], [ -119.29214465, 35.494845336363497 ], [ -119.292120574256927, 35.494832394827554 ], [ -119.292094147517076, 35.494823009988089 ], [ -119.292066147929745, 35.494817458186468 ], [ -119.292037399956882, 35.494815902898175 ], [ -119.292008750096656, 35.494818389919509 ], [ -119.291981041958394, 35.494824846018929 ], [ -119.291955091422253, 35.494835081093264 ], [ -119.291931662615738, 35.494848793765641 ], [ -119.291911445413533, 35.494865580259152 ], [ -119.291895035124156, 35.49488494628654 ], [ -119.291882914960468, 35.494906321604347 ], [ -119.291875441811101, 35.49492907680397 ], [ -119.291872835731354, 35.49495254184496 ], [ -119.291805003781192, 35.494952284938527 ] ] ] } },
{ "type": "Feature", "properties": { "id": "p-01551", "input_id": "026-742-04", "source": "fd-00080", "demand": 1, "duct_group": 4, "duct_assignment": "1" }, "geometry": { "type": "Polygon", "coordinates": [ [ [ -119.291799552724811, 35.495394645002825 ], [ -119.291805003781192, 35.494952284938527 ], [ -119.291872835731354, 35.49495254184496 ], [ -119.291875073981629, 35.494975531438797 ], [ -119.291881985423316, 35.49499789043211 ], [ -119.291893375096848, 35.49501898810513 ], [ -119.291908921716526, 35.495038229318062 ], [ -119.291928186733415, 35.495055071299099 ], [ -119.291950626705969, 35.495069038955798 ], [ -119.291975608629912, 35.495079738276537 ], [ -119.292002427794415, 35.495086867445821 ], [ -119.292030327661578, 35.495090225357856 ], [ -119.292058521207622, 35.495089717289744 ], [ -119.292086213124307, 35.49508535757348 ], [ -119.292112622253939, 35.495077269191739 ], [ -119.292137003625413, 35.495065680308649 ], [ -119.292135447492953, 35.495395795863828 ], [ -119.291799552724811, 35.495394645002825 ] ] ] } },
{ "type": "Feature", "properties": { "id": "p-01552", "input_id": "026-742-03", "source": "fd-00080", "demand": 1, "duct_group": 4, "duct_assignment": "2" }, "geometry": { "type": "Polygon", "coordinates": [ [ [ -119.292135447492953, 35.495395795863828 ], [ -119.292137003625413, 35.495065680308649 ], [ -119.292150817395282, 35.495056876372502 ], [ -119.292163435126966, 35.495046943994062 ], [ -119.292173669301889, 35.49503935896373 ], [ -119.292185284946143, 35.495033247909113 ], [ -119.292197968048114, 35.495028776033429 ], [ -119.2922113757391, 35.495026064227041 ], [ -119.292225145562512, 35.495025185799548 ], [ -119.292419512472321, 35.495025838083066 ], [ -119.292473058405179, 35.495069941912185 ], [ -119.292471624273787, 35.495396935630346 ], [ -119.292135447492953, 35.495395795863828 ] ] ] } },
{ "type": "Feature", "properties": { "id": "p-01553", "input_id": "026-744-07", "source": "fd-00088", "demand": 1, "duct_group": 6, "duct_assignment": "1" }, "geometry": { "type": "Polygon", "coordinates": [ [ [ -119.292646372052729, 35.495397533379553 ], [ -119.292647709146109, 35.495070510927214 ], [ -119.292701593881446, 35.495026745616528 ], [ -119.292983439855547, 35.495027539603043 ], [ -119.292982196269179, 35.495398609657173 ], [ -119.292646372052729, 35.495397533379553 ] ] ] } },
{ "type": "Feature", "properties": { "id": "p-01554", "input_id": "026-744-08", "source": "fd-00089", "demand": 1, "duct_group": 6, "duct_assignment": "3" }, "geometry": { "type": "Polygon", "coordinates": [ [ [ -119.292982196269179, 35.495398609657173 ], [ -119.292983439855547, 35.495027539603043 ], [ -119.293285563877504, 35.495028463891941 ], [ -119.293283873366747, 35.495399413374571 ], [ -119.292982196269179, 35.495398609657173 ] ] ] } },
{ "type": "Feature", "properties": { "id": "p-01555", "input_id": "026-744-09", "source": "fd-00089", "demand": 1, "duct_group": 6, "duct_assignment": "2" }, "geometry": { "type": "Polygon", "coordinates": [ [ [ -119.293285177308917, 35.495399415878452 ], [ -119.293283873366747, 35.495399413374571 ], [ -119.293285563877504, 35.495028463891941 ], [ -119.293480428708804, 35.495029236352863 ], [ -119.29358822851502, 35.495029631430135 ], [ -119.293586401088874, 35.495400478713641 ], [ -119.293285177308917, 35.495399415878452 ] ] ] } },
{ "type": "Feature", "properties": { "id": "p-01556", "input_id": "026-744-10", "source": "fd-00090", "demand": 1, "duct_group": 6, "duct_assignment": "4" }, "geometry": { "type": "Polygon", "coordinates": [ [ [ -119.293723145930414, 35.495400992673062 ], [ -119.293586401088874, 35.495400478713641 ], [ -119.29358822851502, 35.495029631430135 ], [ -119.293907382486296, 35.495030758933993 ], [ -119.293902882002484, 35.495401640687994 ], [ -119.293723145930414, 35.495400992673062 ] ] ] } },
{ "type": "Feature", "properties": { "id": "p-01557", "input_id": "026-742-02", "source": "fd-00077", "demand": 1, "duct_group": 3, "duct_assignment": "1" }, "geometry": { "type": "Polygon", "coordinates": [ [ [ -119.29213361965914, 35.495767174820841 ], [ -119.292135447492953, 35.495395795863828 ], [ -119.292471624273787, 35.495396935630346 ], [ -119.292470211214436, 35.49572400840605 ], [ -119.292416191242751, 35.495767831806134 ], [ -119.29213361965914, 35.495767174820841 ] ] ] } },
{ "type": "Feature", "properties": { "id": "p-01558", "input_id": "026-744-06", "source": "fd-00062", "demand": 1, "duct_group": 1, "duct_assignment": "2" }, "geometry": { "type": "Polygon", "coordinates": [ [ [ -119.29269865153357, 35.495768629927483 ], [ -119.292645035342034, 35.495724510716776 ], [ -119.292646372052729, 35.495397533379553 ], [ -119.292982196269179, 35.495398609657173 ], [ -119.292980908923411, 35.495769561135447 ], [ -119.29269865153357, 35.495768629927483 ] ] ] } },
{ "type": "Feature", "properties": { "id": "p-01559", "input_id": "026-744-05", "source": "fd-00062", "demand": 1, "duct_group": 1, "duct_assignment": "1" }, "geometry": { "type": "Polygon", "coordinates": [ [ [ -119.292998378680281, 35.495769618919773 ], [ -119.292980908923411, 35.495769561135447 ], [ -119.292982196269179, 35.495398609657173 ], [ -119.293283873366747, 35.495399413374571 ], [ -119.293285177308917, 35.495399415878452 ], [ -119.2932311438135, 35.495731321232022 ], [ -119.293181675331169, 35.495729130686755 ], [ -119.293132415298842, 35.495733439074357 ], [ -119.293084632121079, 35.495744135457457 ], [ -119.293039556175543, 35.495760944413028 ], [ -119.293026504110685, 35.495765747538101 ], [ -119.293012643940656, 35.495768667340251 ], [ -119.292998378680281, 35.495769618919773 ] ] ] } },
{ "type": "Feature", "properties": { "id": "p-01560", "input_id": "026-744-04", "source": "fd-00063", "demand": 1, "duct_group": 1, "duct_assignment": "3" }, "geometry": { "type": "Polygon", "coordinates": [ [ [ -119.2932311438135, 35.495731321232022 ], [ -119.293285177308917, 35.495399415878452 ], [ -119.293586401088874, 35.495400478713641 ], [ -119.293723145930414, 35.495400992673062 ], [ -119.29337526654399, 35.495779696859636 ], [ -119.293342371410105, 35.495762042209186 ], [ -119.293306997725395, 35.49574795242507 ], [ -119.293269720036321, 35.495737656355871 ], [ -119.2932311438135, 35.495731321232022 ] ] ] } },
{ "type": "Feature", "properties": { "id": "p-01561", "input_id": "026-744-03", "source": "fd-00063", "demand": 1, "duct_group": 1, "duct_assignment": "4" }, "geometry": { "type": "Polygon", "coordinates": [ [ [ -119.29337526654399, 35.495779696859636 ], [ -119.293723145930414, 35.495400992673062 ], [ -119.293902882002484, 35.495401640687994 ], [ -119.293899554599975, 35.495673537783794 ], [ -119.293462547969639, 35.495863188815235 ], [ -119.293438547383658, 35.495831969518136 ], [ -119.293409245505003, 35.49580393983149 ], [ -119.29337526654399, 35.495779696859636 ] ] ] } },
{ "type": "Feature", "properties": { "id": "p-01562", "input_id": "026-744-02", "source": "fd-00102", "demand": 1, "duct_group": 8, "duct_assignment": "2" }, "geometry": { "type": "Polygon", "coordinates": [ [ [ -119.293497411907595, 35.496007338084048 ], [ -119.293498597605506, 35.495970110455708 ], [ -119.293493078376983, 35.495933144740569 ], [ -119.2934809741582, 35.495897244166393 ], [ -119.293462547969639, 35.495863188815235 ], [ -119.293899554599975, 35.495673537783794 ], [ -119.293895256637086, 35.496008625380341 ], [ -119.293497411907595, 35.496007338084048 ] ] ] } },
{ "type": "Feature", "properties": { "id": "p-01563", "input_id": "026-741-01", "source": "fd-00078", "demand": 1, "duct_group": 3, "duct_assignment": "4" }, "geometry": { "type": "Polygon", "coordinates": [ [ [ -119.291674172358171, 35.496249614730708 ], [ -119.291678393194218, 35.495908972054828 ], [ -119.29199190809571, 35.495909667171993 ], [ -119.291989962620505, 35.496250532931285 ], [ -119.291674172358171, 35.496249614730708 ] ] ] } },
{ "type": "Feature", "properties": { "id": "p-01564", "input_id": "026-741-02", "source": "fd-00114", "demand": 1, "duct_group": 10, "duct_assignment": "2" }, "geometry": { "type": "Polygon", "coordinates": [ [ [ -119.292030443173417, 35.496250650023114 ], [ -119.291989962620505, 35.496250532931285 ], [ -119.29199190809571, 35.495909667171993 ], [ -119.29230554094751, 35.495910362052129 ], [ -119.292303567098301, 35.496251443557604 ], [ -119.292030443173417, 35.496250650023114 ] ] ] } },
{ "type": "Feature", "properties": { "id": "p-01565", "input_id": "026-741-03", "source": "fd-00114", "demand": 1, "duct_group": 10, "duct_assignment": "1" }, "geometry": { "type": "Polygon", "coordinates": [ [ [ -119.292332795771372, 35.496251528327569 ], [ -119.292303567098301, 35.496251443557604 ], [ -119.29230554094751, 35.495910362052129 ], [ -119.292619013025757, 35.495911135341366 ], [ -119.292617170466897, 35.496252352494146 ], [ -119.292332795771372, 35.496251528327569 ] ] ] } },
{ "type": "Feature", "properties": { "id": "p-01566", "input_id": "026-741-04", "source": "fd-00057", "demand": 1, "duct_group": 0, "duct_assignment": "1" }, "geometry": { "type": "Polygon", "coordinates": [ [ [ -119.292635148361597, 35.496252404987075 ], [ -119.292617170466897, 35.496252352494146 ], [ -119.292619013025757, 35.495911135341366 ], [ -119.292932319409957, 35.495912164664368 ], [ -119.292930774944452, 35.496253260619049 ], [ -119.292635148361597, 35.496252404987075 ] ] ] } },
{ "type": "Feature", "properties": { "id": "p-01567", "input_id": "026-741-05", "source": "fd-00057", "demand": 1, "duct_group": 0, "duct_assignment": "2" }, "geometry": { "type": "Polygon", "coordinates": [ [ [ -119.292937500944106, 35.496253280001575 ], [ -119.292930774944452, 35.496253260619049 ], [ -119.292932319409957, 35.495912164664368 ], [ -119.293190440974342, 35.49591301308152 ], [ -119.293203578906699, 35.495913891575924 ], [ -119.293216387040232, 35.495916440017595 ], [ -119.293228549991866, 35.495920595654681 ], [ -119.293239768264982, 35.495926256160146 ], [ -119.293249765624296, 35.49593328215154 ], [ -119.293258295897886, 35.495941500623218 ], [ -119.293265149038476, 35.495950709206056 ], [ -119.293270156295932, 35.495960681150869 ], [ -119.293273194372347, 35.495971170911488 ], [ -119.29327418845827, 35.495981920191106 ], [ -119.293273449369153, 35.496254251456101 ], [ -119.292937500944106, 35.496253280001575 ] ] ] } },
{ "type": "Feature", "properties": { "id": "p-01568", "input_id": "026-744-01", "source": "fd-00102", "demand": 1, "duct_group": 8, "duct_assignment": "1" }, "geometry": { "type": "Polygon", "coordinates": [ [ [ -119.293784089720958, 35.49625572408641 ], [ -119.293448141298057, 35.496254754928771 ], [ -119.293448312385962, 35.496139827405578 ], [ -119.293449550192847, 35.496128182385284 ], [ -119.293453187999461, 35.496116878370664 ], [ -119.293459120144149, 35.496106243688729 ], [ -119.293477419001178, 35.496074823729415 ], [ -119.29349026417249, 35.49604164532397 ], [ -119.293497411907595, 35.496007338084048 ], [ -119.293895256637086, 35.496008625380341 ], [ -119.293891423546, 35.496256032780501 ], [ -119.293784089720958, 35.49625572408641 ] ] ] } },
{ "type": "Feature", "properties": { "id": "p-01569", "input_id": "026-090-33", "source": "fd-00560", "demand": 1, "duct_group": 5, "duct_assignment": "1" }, "geometry": { "type": "Polygon", "coordinates": [ [ [ -119.284152720193063, 35.506993605710122 ], [ -119.284154425383278, 35.506815101553251 ], [ -119.284156081130334, 35.506650295170914 ], [ -119.28415777084075, 35.506485475803629 ], [ -119.284159479210828, 35.506320651723698 ], [ -119.284161201831793, 35.506155822977128 ], [ -119.284162937657669, 35.505990993180426 ], [ -119.28416468887869, 35.505826161409246 ], [ -119.284166458815207, 35.505661328530337 ], [ -119.284168395491776, 35.505483744866915 ], [ -119.284170381306126, 35.505306131833592 ], [ -119.284398960915283, 35.505306702821727 ], [ -119.284614497093145, 35.505307232128935 ], [ -119.284837446596669, 35.505307770101908 ], [ -119.284845593132161, 35.505307789508571 ], [ -119.284826413844087, 35.506939149170336 ], [ -119.284806256471867, 35.506939095756984 ], [ -119.284736085156126, 35.506995095082829 ], [ -119.284152720193063, 35.506993605710122 ] ] ] } },
{ "type": "Feature", "properties": { "id": "p-01570", "input_id": "026-491-18", "source": "fd-00643", "demand": 1, "duct_group": 2, "duct_assignment": "11" }, "geometry": { "type": "Polygon", "coordinates": [ [ [ -119.281113658513149, 35.49075646877094 ], [ -119.280914526482036, 35.490755885335268 ], [ -119.280715396629475, 35.490755299751527 ], [ -119.280657092064658, 35.49075512853625 ], [ -119.28065815812819, 35.490668910470987 ], [ -119.280661346171911, 35.490410737699655 ], [ -119.28066386726519, 35.490206462590855 ], [ -119.280665853512531, 35.49004539252563 ], [ -119.280947964658353, 35.490047713768469 ], [ -119.281230080256023, 35.490050036120223 ], [ -119.281307697810561, 35.490268755054679 ], [ -119.281281360298181, 35.490277462822945 ], [ -119.281257193982739, 35.490289676369748 ], [ -119.28123589025607, 35.49030504626932 ], [ -119.281218058613135, 35.490323132793343 ], [ -119.281204209214579, 35.490343418491463 ], [ -119.281194738291248, 35.490365322995089 ], [ -119.281189916807435, 35.490388219621707 ], [ -119.281189882708759, 35.490411453303658 ], [ -119.281194636974703, 35.490434359329953 ], [ -119.281204043590449, 35.490456282362963 ], [ -119.281217833437751, 35.490476595188028 ], [ -119.281235611993822, 35.490494716657793 ], [ -119.281256870618407, 35.490510128318938 ], [ -119.281281001106052, 35.490522389245299 ], [ -119.281307313086288, 35.490531148652671 ], [ -119.281221334430086, 35.490756784888532 ], [ -119.281113658513149, 35.49075646877094 ] ] ] } },
{ "type": "Feature", "properties": { "id": "p-01571", "input_id": "026-502-06", "source": "fd-00484", "demand": 1, "duct_group": 8, "duct_assignment": "11" }, "geometry": { "type": "Polygon", "coordinates": [ [ [ -119.284969306799724, 35.489664053202546 ], [ -119.284959682543217, 35.489666391095646 ], [ -119.284949785903009, 35.489667772809426 ], [ -119.284939758366136, 35.489668178590264 ], [ -119.284803080347629, 35.48966701518134 ], [ -119.284805509593184, 35.489474729129356 ], [ -119.284807939901143, 35.489282441248974 ], [ -119.2848105084651, 35.489079396645458 ], [ -119.285700546602172, 35.489081959683439 ], [ -119.285694901295315, 35.489532015462011 ], [ -119.285309065233079, 35.489752275175377 ], [ -119.285278616926988, 35.489722066200564 ], [ -119.285242546969911, 35.489696328000861 ], [ -119.285201823220973, 35.489675751201808 ], [ -119.285157538410189, 35.489660887934079 ], [ -119.285110880818323, 35.489652137018645 ], [ -119.285063102392542, 35.489649733265864 ], [ -119.285015485154275, 35.48965374117477 ], [ -119.284969306799724, 35.489664053202546 ] ] ] } },
{ "type": "Feature", "properties": { "id": "p-01572", "input_id": "026-160-32", "source": "fd-00517", "demand": 1, "duct_group": 4, "duct_assignment": "2" }, "geometry": { "type": "Polygon", "coordinates": [ [ [ -119.284342653288633, 35.493976511483893 ], [ -119.284344281606707, 35.493646334123113 ], [ -119.284885639306751, 35.493648026419201 ], [ -119.284896192796651, 35.493648741749475 ], [ -119.284906477452395, 35.493650802942796 ], [ -119.284916237882243, 35.493654159488109 ], [ -119.284925232485136, 35.493658726477626 ], [ -119.2849332379852, 35.493664392672265 ], [ -119.284940054885212, 35.49367101683881 ], [ -119.284945514163525, 35.493678433088228 ], [ -119.28494948070643, 35.49368645895224 ], [ -119.284951855484195, 35.493694893557581 ], [ -119.284952579040251, 35.493703529307524 ], [ -119.284949080123042, 35.493978400570427 ], [ -119.284342653288633, 35.493976511483893 ] ] ] } },
{ "type": "Feature", "properties": { "id": "p-01573", "input_id": "026-603-06", "source": "fd-00213", "demand": 1, "duct_group": 2, "duct_assignment": "5" }, "geometry": { "type": "Polygon", "coordinates": [ [ [ -119.291414434462453, 35.498014665452914 ], [ -119.291344547755386, 35.497935067185971 ], [ -119.29127466008164, 35.497855468888439 ], [ -119.291276104175807, 35.497629627125221 ], [ -119.291277463192927, 35.497417735053048 ], [ -119.291342508895312, 35.497356555708912 ], [ -119.291409605211555, 35.497293448368232 ], [ -119.291661226903585, 35.49729423222859 ], [ -119.291658035902913, 35.497551788435494 ], [ -119.291652675479313, 35.497986088764776 ], [ -119.291652316643308, 35.49801536927275 ], [ -119.291414434462453, 35.498014665452914 ] ] ] } },
{ "type": "Feature", "properties": { "id": "p-01574", "input_id": "026-634-08", "source": "fd-00333", "demand": 1, "duct_group": 0, "duct_assignment": "11" }, "geometry": { "type": "Polygon", "coordinates": [ [ [ -119.291216068857764, 35.504138940131945 ], [ -119.291208548791886, 35.504132761781143 ], [ -119.29120077418311, 35.504126799729626 ], [ -119.291192751729128, 35.504121059315317 ], [ -119.29118449259289, 35.504115549434601 ], [ -119.291176005676377, 35.504110275402113 ], [ -119.291167300997969, 35.504105243422273 ], [ -119.291158389692029, 35.504100460589093 ], [ -119.291149282850895, 35.504095931292795 ], [ -119.291139989390601, 35.504091661749413 ], [ -119.291130521505266, 35.50408765633766 ], [ -119.291120890315383, 35.504083921250306 ], [ -119.291111107986751, 35.504080459063651 ], [ -119.291101185625649, 35.50407727506925 ], [ -119.291091134295712, 35.504074371854983 ], [ -119.291080966205413, 35.504071754700853 ], [ -119.291070694622647, 35.504069426171533 ], [ -119.291060330596963, 35.504067387953818 ], [ -119.291049886294189, 35.504065642623921 ], [ -119.291039374996529, 35.504064193647878 ], [ -119.291028808841418, 35.50406304179954 ], [ -119.291018201082792, 35.504062188742367 ], [ -119.291007562755865, 35.504061635261927 ], [ -119.29099690818839, 35.504061381207684 ], [ -119.290986248429917, 35.504061428266311 ], [ -119.290975596705763, 35.504061776298975 ], [ -119.290964967329657, 35.50406242425386 ], [ -119.29095437020635, 35.504063371125696 ], [ -119.290943820765591, 35.504064616752352 ], [ -119.290933328884194, 35.504066158325998 ], [ -119.290922908875473, 35.504067994794994 ], [ -119.290912572848669, 35.504070125130745 ], [ -119.29090233175431, 35.50407254471142 ], [ -119.290892199891658, 35.504075251584098 ], [ -119.290882187137441, 35.50407824294097 ], [ -119.290872307748486, 35.504081514125517 ], [ -119.290862570513454, 35.504085063242655 ], [ -119.290852989660962, 35.504088883833383 ], [ -119.29084357615568, 35.504092972177126 ], [ -119.290834339846015, 35.504097323663522 ], [ -119.290825292770378, 35.504101932758012 ], [ -119.290822872797762, 35.504103171422138 ], [ -119.290820402139147, 35.504104341212667 ], [ -119.290817884086863, 35.504105441193531 ], [ -119.290815321932953, 35.504106470428852 ], [ -119.290812717867766, 35.504107427994249 ], [ -119.290810075169318, 35.504108312052551 ], [ -119.290807398231934, 35.504109121656107 ], [ -119.290804688157849, 35.504109856793612 ], [ -119.290801949327175, 35.504110515616055 ], [ -119.290799183930162, 35.504111097199178 ], [ -119.290796396375356, 35.50411160149666 ], [ -119.29079358996907, 35.504112028473763 ], [ -119.290790766887355, 35.504112376304953 ], [ -119.290787930436551, 35.504112644955434 ], [ -119.290785085039516, 35.504112835280161 ], [ -119.29078223397417, 35.50411294544196 ], [ -119.290779378342762, 35.504112975429244 ], [ -119.290736942815158, 35.504112857682202 ], [ -119.290739361530683, 35.503909107082983 ], [ -119.29074411977976, 35.503508498581809 ], [ -119.291039000003508, 35.503509306480517 ], [ -119.291447452985238, 35.503510444684999 ], [ -119.291454416592288, 35.503510465263886 ], [ -119.291584020901809, 35.503510839534684 ], [ -119.291576556650668, 35.504139944515828 ], [ -119.291216068857764, 35.504138940131945 ] ] ] } },
{ "type": "Feature", "properties": { "id": "p-01575", "input_id": "026-662-07", "source": "fd-00070", "demand": 1, "duct_group": 2, "duct_assignment": "3" }, "geometry": { "type": "Polygon", "coordinates": [ [ [ -119.295294295716275, 35.496622691466335 ], [ -119.295295862283396, 35.496260048646036 ], [ -119.29597913513939, 35.496261974972306 ], [ -119.295975628001941, 35.496569995836929 ], [ -119.295908207255266, 35.496624432483934 ], [ -119.295294295716275, 35.496622691466335 ] ] ] } }
]
}
